component,mean_ms,std_ms
T_latency_ori,71.33370032534003,0.4636397461022461
