component,mean_ms,std_ms
T_latency_ori,2008.445109485183,0.8334224244160964
