method,image_idx,n_out
plus,0,121
plus,1,576
plus,2,125
plus,3,147
plus,4,83
plus,5,25
plus,6,145
plus,7,227
plus,8,75
plus,9,63
plus,10,323
plus,11,145
plus,12,227
plus,13,174
plus,14,31
plus,15,123
plus,16,230
plus,17,180
plus,18,119
plus,19,147
plus,20,147
plus,21,108
plus,22,121
plus,23,60
plus,24,147
plus,25,95
plus,26,146
plus,27,144
plus,28,105
plus,29,104
plus,30,143
plus,31,125
plus,32,126
plus,33,91
plus,34,229
plus,35,93
plus,36,174
plus,37,226
plus,38,122
plus,39,180
plus,40,37
plus,41,81
plus,42,224
plus,43,144
plus,44,32
plus,45,76
plus,46,238
plus,47,326
plus,48,95
plus,49,237
plus,50,324
plus,51,142
plus,52,41
plus,53,108
plus,54,148
plus,55,122
plus,56,179
plus,57,122
plus,58,146
plus,59,118
plus,60,180
plus,61,33
plus,62,146
plus,63,123
plus,64,74
plus,65,78
plus,66,82
plus,67,179
plus,68,97
plus,69,177
plus,70,146
plus,71,54
plus,72,105
plus,73,93
plus,74,181
plus,75,238
plus,76,122
plus,77,143
plus,78,322
plus,79,230
plus,80,95
plus,81,81
plus,82,225
plus,83,105
plus,84,144
plus,85,180
plus,86,83
plus,87,124
plus,88,109
plus,89,145
plus,90,139
plus,91,171
plus,92,141
plus,93,74
plus,94,145
plus,95,178
plus,96,83
plus,97,103
plus,98,91
plus,99,107
plus,100,145
plus,101,84
plus,102,173
plus,103,229
plus,104,105
plus,105,175
plus,106,226
plus,107,107
plus,108,168
plus,109,79
plus,110,94
plus,111,145
plus,112,232
plus,113,147
plus,114,108
plus,115,229
plus,116,85
plus,117,141
plus,118,91
plus,119,105
plus,120,125
plus,121,65
plus,122,64
plus,123,107
plus,124,145
plus,125,83
plus,126,45
plus,127,106
plus,128,127
plus,129,121
plus,130,60
plus,131,121
plus,132,142
plus,133,235
plus,134,146
plus,135,124
plus,136,58
plus,137,109
plus,138,186
plus,139,108
plus,140,56
plus,141,118
plus,142,124
plus,143,105
plus,144,106
plus,145,322
plus,146,92
plus,147,46
plus,148,229
plus,149,176
plus,150,71
plus,151,228
plus,152,120
plus,153,70
plus,154,174
plus,155,42
plus,156,46
plus,157,77
plus,158,105
plus,159,122
plus,160,146
plus,161,95
plus,162,330
plus,163,29
plus,164,75
plus,165,36
plus,166,103
plus,167,63
plus,168,65
plus,169,94
plus,170,143
plus,171,149
plus,172,135
plus,173,24
plus,174,146
plus,175,65
plus,176,75
plus,177,123
plus,178,122
plus,179,143
plus,180,83
plus,181,148
plus,182,220
plus,183,147
plus,184,186
plus,185,178
plus,186,180
plus,187,71
plus,188,63
plus,189,173
plus,190,144
plus,191,123
plus,192,125
plus,193,78
plus,194,118
plus,195,92
plus,196,93
plus,197,104
plus,198,231
plus,199,222
plus,200,176
plus,201,175
plus,202,107
plus,203,121
plus,204,121
plus,205,174
plus,206,179
plus,207,83
plus,208,326
plus,209,58
plus,210,233
plus,211,65
plus,212,227
plus,213,105
plus,214,174
plus,215,145
plus,216,38
plus,217,95
plus,218,123
plus,219,53
plus,220,123
plus,221,95
plus,222,123
plus,223,143
plus,224,96
plus,225,75
plus,226,107
plus,227,178
plus,228,83
plus,229,150
plus,230,177
plus,231,64
plus,232,139
plus,233,94
plus,234,124
plus,235,123
plus,236,119
plus,237,321
plus,238,122
plus,239,63
plus,240,177
plus,241,227
plus,242,46
plus,243,83
plus,244,177
plus,245,177
plus,246,180
plus,247,122
plus,248,120
plus,249,106
plus,250,173
plus,251,120
plus,252,124
plus,253,70
plus,254,107
plus,255,104
plus,256,177
plus,257,144
plus,258,148
plus,259,121
plus,260,124
plus,261,229
plus,262,177
plus,263,81
plus,264,144
plus,265,226
plus,266,108
plus,267,224
plus,268,76
plus,269,183
plus,270,141
plus,271,41
plus,272,141
plus,273,230
plus,274,96
plus,275,141
plus,276,95
plus,277,146
plus,278,124
plus,279,170
plus,280,105
plus,281,181
plus,282,59
plus,283,173
plus,284,179
plus,285,85
plus,286,60
plus,287,149
plus,288,227
plus,289,121
plus,290,55
plus,291,125
plus,292,94
plus,293,124
plus,294,25
plus,295,38
plus,296,122
plus,297,326
plus,298,123
plus,299,78
plus,300,83
plus,301,123
plus,302,124
plus,303,178
plus,304,62
plus,305,172
plus,306,84
plus,307,122
plus,308,179
plus,309,143
plus,310,178
plus,311,89
plus,312,68
plus,313,227
plus,314,180
plus,315,85
plus,316,147
plus,317,74
plus,318,144
plus,319,228
plus,320,147
plus,321,145
plus,322,108
plus,323,229
plus,324,227
plus,325,235
plus,326,182
plus,327,174
plus,328,75
plus,329,141
plus,330,140
plus,331,56
plus,332,42
plus,333,176
plus,334,64
plus,335,94
plus,336,178
plus,337,228
plus,338,235
plus,339,174
plus,340,123
plus,341,119
plus,342,120
plus,343,124
plus,344,176
plus,345,108
plus,346,75
plus,347,178
plus,348,71
plus,349,92
plus,350,83
plus,351,237
plus,352,145
plus,353,328
plus,354,85
plus,355,230
plus,356,176
plus,357,145
plus,358,122
plus,359,105
plus,360,176
plus,361,237
plus,362,143
plus,363,80
plus,364,61
plus,365,84
plus,366,174
plus,367,145
plus,368,144
plus,369,317
plus,370,225
plus,371,144
plus,372,230
plus,373,233
plus,374,83
plus,375,74
plus,376,107
plus,377,64
plus,378,42
plus,379,139
plus,380,180
plus,381,94
plus,382,238
plus,383,56
plus,384,81
plus,385,77
plus,386,176
plus,387,75
plus,388,93
plus,389,84
plus,390,57
plus,391,145
plus,392,122
plus,393,122
plus,394,84
plus,395,227
plus,396,64
plus,397,30
plus,398,145
plus,399,74
plus,400,176
plus,401,121
plus,402,177
plus,403,233
plus,404,221
plus,405,170
plus,406,183
plus,407,104
plus,408,122
plus,409,227
plus,410,182
plus,411,145
plus,412,91
plus,413,176
plus,414,126
plus,415,124
plus,416,181
plus,417,106
plus,418,234
plus,419,182
plus,420,92
plus,421,174
plus,422,182
plus,423,227
plus,424,82
plus,425,178
plus,426,82
plus,427,83
plus,428,178
plus,429,94
plus,430,147
plus,431,124
plus,432,147
plus,433,82
plus,434,148
plus,435,172
plus,436,229
plus,437,324
plus,438,83
plus,439,82
plus,440,125
plus,441,143
plus,442,146
plus,443,319
plus,444,172
plus,445,122
plus,446,226
plus,447,33
plus,448,64
plus,449,142
plus,450,123
plus,451,146
plus,452,120
plus,453,95
plus,454,330
plus,455,325
plus,456,144
plus,457,121
plus,458,146
plus,459,106
plus,460,174
plus,461,95
plus,462,84
plus,463,223
plus,464,124
plus,465,235
plus,466,95
plus,467,233
plus,468,91
plus,469,94
plus,470,106
plus,471,181
plus,472,121
plus,473,108
plus,474,126
plus,475,172
plus,476,108
plus,477,70
plus,478,123
plus,479,76
plus,480,71
plus,481,93
plus,482,82
plus,483,76
plus,484,92
plus,485,183
plus,486,118
plus,487,107
plus,488,105
plus,489,89
plus,490,228
plus,491,95
plus,492,108
plus,493,117
plus,494,89
plus,495,106
plus,496,179
plus,497,119
plus,498,179
plus,499,84
plus,500,107
plus,501,93
plus,502,92
plus,503,68
plus,504,172
plus,505,75
plus,506,126
plus,507,228
plus,508,143
plus,509,63
plus,510,238
plus,511,225
plus,512,177
plus,513,37
plus,514,83
plus,515,55
plus,516,232
plus,517,178
plus,518,322
plus,519,58
plus,520,122
plus,521,229
plus,522,95
plus,523,77
plus,524,123
plus,525,144
plus,526,95
plus,527,74
plus,528,147
plus,529,48
plus,530,180
plus,531,115
plus,532,95
plus,533,86
plus,534,180
plus,535,93
plus,536,94
plus,537,176
plus,538,149
plus,539,55
plus,540,144
plus,541,239
plus,542,120
plus,543,59
plus,544,123
plus,545,71
plus,546,179
plus,547,181
plus,548,228
plus,549,127
plus,550,125
plus,551,93
plus,552,146
plus,553,147
plus,554,96
plus,555,121
plus,556,141
plus,557,119
plus,558,172
plus,559,146
plus,560,225
plus,561,78
plus,562,143
plus,563,121
plus,564,333
plus,565,107
plus,566,227
plus,567,177
plus,568,63
plus,569,141
plus,570,125
plus,571,125
plus,572,144
plus,573,84
plus,574,225
plus,575,145
plus,576,117
plus,577,124
plus,578,175
plus,579,78
plus,580,323
plus,581,125
plus,582,97
plus,583,178
plus,584,324
plus,585,105
plus,586,121
plus,587,123
plus,588,168
plus,589,94
plus,590,120
plus,591,76
plus,592,93
plus,593,121
plus,594,184
plus,595,78
plus,596,104
plus,597,222
plus,598,122
plus,599,185
plus,600,106
plus,601,122
plus,602,187
plus,603,142
plus,604,121
plus,605,176
plus,606,92
plus,607,107
plus,608,121
plus,609,177
plus,610,234
plus,611,169
plus,612,125
plus,613,65
plus,614,138
plus,615,57
plus,616,181
plus,617,143
plus,618,141
plus,619,119
plus,620,84
plus,621,108
plus,622,143
plus,623,122
plus,624,229
plus,625,60
plus,626,56
plus,627,229
plus,628,181
plus,629,125
plus,630,180
plus,631,68
plus,632,145
plus,633,190
plus,634,120
plus,635,104
plus,636,222
plus,637,119
plus,638,69
plus,639,83
plus,640,83
plus,641,117
plus,642,145
plus,643,144
plus,644,122
plus,645,144
plus,646,143
plus,647,81
plus,648,180
plus,649,182
plus,650,175
plus,651,30
plus,652,38
plus,653,95
plus,654,181
plus,655,225
plus,656,75
plus,657,176
plus,658,77
plus,659,145
plus,660,123
plus,661,146
plus,662,55
plus,663,74
plus,664,144
plus,665,119
plus,666,220
plus,667,231
plus,668,143
plus,669,108
plus,670,181
plus,671,120
plus,672,83
plus,673,177
plus,674,145
plus,675,148
plus,676,174
plus,677,82
plus,678,119
plus,679,239
plus,680,144
plus,681,124
plus,682,108
plus,683,45
plus,684,56
plus,685,82
plus,686,119
plus,687,63
plus,688,92
plus,689,147
plus,690,179
plus,691,172
plus,692,105
plus,693,75
plus,694,118
plus,695,46
plus,696,91
plus,697,75
plus,698,149
plus,699,123
plus,700,174
plus,701,148
plus,702,74
plus,703,174
plus,704,127
plus,705,145
plus,706,118
plus,707,237
plus,708,219
plus,709,76
plus,710,76
plus,711,143
plus,712,116
plus,713,42
plus,714,65
plus,715,62
plus,716,179
plus,717,120
plus,718,48
plus,719,145
plus,720,144
plus,721,228
plus,722,231
plus,723,105
plus,724,64
plus,725,146
plus,726,175
plus,727,175
plus,728,146
plus,729,182
plus,730,121
plus,731,182
plus,732,105
plus,733,115
plus,734,116
plus,735,120
plus,736,94
plus,737,109
plus,738,124
plus,739,96
plus,740,224
plus,741,59
plus,742,94
plus,743,83
plus,744,129
plus,745,148
plus,746,170
plus,747,94
plus,748,74
plus,749,125
plus,750,40
plus,751,231
plus,752,124
plus,753,144
plus,754,85
plus,755,224
plus,756,85
plus,757,92
plus,758,149
plus,759,177
plus,760,105
plus,761,37
plus,762,91
plus,763,122
plus,764,179
plus,765,84
plus,766,49
plus,767,175
plus,768,147
plus,769,108
plus,770,177
plus,771,94
plus,772,175
plus,773,324
plus,774,123
plus,775,108
plus,776,146
plus,777,321
plus,778,178
plus,779,142
plus,780,92
plus,781,176
plus,782,226
plus,783,126
plus,784,228
plus,785,120
plus,786,149
plus,787,70
plus,788,124
plus,789,121
plus,790,141
plus,791,175
plus,792,121
plus,793,143
plus,794,146
plus,795,126
plus,796,84
plus,797,174
plus,798,83
plus,799,33
plus,800,177
plus,801,175
plus,802,142
plus,803,146
plus,804,143
plus,805,317
plus,806,90
plus,807,233
plus,808,330
plus,809,147
plus,810,231
plus,811,143
plus,812,182
plus,813,124
plus,814,109
plus,815,341
plus,816,123
plus,817,105
plus,818,179
plus,819,173
plus,820,234
plus,821,141
plus,822,82
plus,823,92
plus,824,76
plus,825,46
plus,826,45
plus,827,227
plus,828,75
plus,829,315
plus,830,177
plus,831,122
plus,832,321
plus,833,93
plus,834,178
plus,835,177
plus,836,232
plus,837,106
plus,838,175
plus,839,139
plus,840,123
plus,841,181
plus,842,120
plus,843,122
plus,844,63
plus,845,76
plus,846,124
plus,847,82
plus,848,45
plus,849,70
plus,850,109
plus,851,139
plus,852,46
plus,853,106
plus,854,180
plus,855,96
plus,856,105
plus,857,122
plus,858,175
plus,859,108
plus,860,146
plus,861,180
plus,862,117
plus,863,108
plus,864,84
plus,865,227
plus,866,145
plus,867,94
plus,868,180
plus,869,95
plus,870,176
plus,871,91
plus,872,74
plus,873,146
plus,874,61
plus,875,174
plus,876,229
plus,877,123
plus,878,231
plus,879,144
plus,880,76
plus,881,179
plus,882,107
plus,883,123
plus,884,55
plus,885,122
plus,886,121
plus,887,76
plus,888,148
plus,889,185
plus,890,120
plus,891,321
plus,892,179
plus,893,181
plus,894,109
plus,895,121
plus,896,94
plus,897,83
plus,898,64
plus,899,126
plus,900,81
plus,901,179
plus,902,176
plus,903,332
plus,904,234
plus,905,144
plus,906,238
plus,907,176
plus,908,106
plus,909,74
plus,910,64
plus,911,146
plus,912,140
plus,913,179
plus,914,173
plus,915,143
plus,916,146
plus,917,146
plus,918,121
plus,919,81
plus,920,122
plus,921,76
plus,922,65
plus,923,145
plus,924,59
plus,925,233
plus,926,177
plus,927,95
plus,928,141
plus,929,179
plus,930,144
plus,931,143
plus,932,145
plus,933,142
plus,934,146
plus,935,143
plus,936,82
plus,937,143
plus,938,126
plus,939,119
plus,940,69
plus,941,176
plus,942,118
plus,943,176
plus,944,104
plus,945,145
plus,946,143
plus,947,147
plus,948,179
plus,949,146
plus,950,119
plus,951,121
plus,952,119
plus,953,75
plus,954,110
plus,955,105
plus,956,143
plus,957,180
plus,958,82
plus,959,230
plus,960,321
plus,961,95
plus,962,175
plus,963,180
plus,964,177
plus,965,236
plus,966,176
plus,967,229
plus,968,106
plus,969,180
plus,970,229
plus,971,226
plus,972,58
plus,973,173
plus,974,75
plus,975,106
plus,976,184
plus,977,122
plus,978,120
plus,979,122
plus,980,83
plus,981,46
plus,982,143
plus,983,146
plus,984,145
plus,985,173
plus,986,141
plus,987,122
plus,988,109
plus,989,145
plus,990,230
plus,991,141
plus,992,146
plus,993,122
plus,994,174
plus,995,170
plus,996,118
plus,997,143
plus,998,230
plus,999,150
plus,1000,178
plus,1001,121
plus,1002,92
plus,1003,124
plus,1004,95
plus,1005,64
plus,1006,174
plus,1007,62
plus,1008,223
plus,1009,107
plus,1010,141
plus,1011,145
plus,1012,107
plus,1013,87
plus,1014,150
plus,1015,125
plus,1016,146
plus,1017,123
plus,1018,81
plus,1019,83
plus,1020,338
plus,1021,96
plus,1022,95
plus,1023,144
plus,1024,183
plus,1025,106
plus,1026,180
plus,1027,237
plus,1028,84
plus,1029,144
plus,1030,82
plus,1031,84
plus,1032,147
plus,1033,95
plus,1034,142
plus,1035,144
plus,1036,94
plus,1037,62
plus,1038,178
plus,1039,143
plus,1040,227
plus,1041,143
plus,1042,174
plus,1043,59
plus,1044,143
plus,1045,231
plus,1046,125
plus,1047,142
plus,1048,140
plus,1049,147
plus,1050,146
plus,1051,55
plus,1052,82
plus,1053,83
plus,1054,108
plus,1055,106
plus,1056,84
plus,1057,319
plus,1058,146
plus,1059,327
plus,1060,143
plus,1061,325
plus,1062,62
plus,1063,176
plus,1064,232
plus,1065,144
plus,1066,104
plus,1067,64
plus,1068,107
plus,1069,183
plus,1070,76
plus,1071,143
plus,1072,143
plus,1073,93
plus,1074,70
plus,1075,122
plus,1076,63
plus,1077,231
plus,1078,221
plus,1079,172
plus,1080,183
plus,1081,76
plus,1082,143
plus,1083,122
plus,1084,148
plus,1085,177
plus,1086,121
plus,1087,119
plus,1088,226
plus,1089,65
plus,1090,146
plus,1091,178
plus,1092,178
plus,1093,123
plus,1094,85
plus,1095,69
plus,1096,104
plus,1097,93
plus,1098,58
plus,1099,107
plus,1100,183
plus,1101,91
plus,1102,224
plus,1103,119
plus,1104,83
plus,1105,108
plus,1106,70
plus,1107,123
plus,1108,124
plus,1109,142
plus,1110,69
plus,1111,92
plus,1112,173
plus,1113,122
plus,1114,141
plus,1115,83
plus,1116,120
plus,1117,122
plus,1118,95
plus,1119,144
plus,1120,70
plus,1121,105
plus,1122,320
plus,1123,68
plus,1124,148
plus,1125,325
plus,1126,145
plus,1127,29
plus,1128,124
plus,1129,328
plus,1130,77
plus,1131,75
plus,1132,141
plus,1133,63
plus,1134,175
plus,1135,76
plus,1136,175
plus,1137,127
plus,1138,146
plus,1139,62
plus,1140,126
plus,1141,47
plus,1142,124
plus,1143,30
plus,1144,179
plus,1145,119
plus,1146,83
plus,1147,122
plus,1148,96
plus,1149,103
plus,1150,182
plus,1151,124
plus,1152,227
plus,1153,234
plus,1154,170
plus,1155,175
plus,1156,108
plus,1157,92
plus,1158,333
plus,1159,119
plus,1160,180
plus,1161,142
plus,1162,69
plus,1163,93
plus,1164,177
plus,1165,110
plus,1166,92
plus,1167,229
plus,1168,108
plus,1169,142
plus,1170,95
plus,1171,83
plus,1172,143
plus,1173,93
plus,1174,82
plus,1175,181
plus,1176,178
plus,1177,49
plus,1178,179
plus,1179,175
plus,1180,146
plus,1181,125
plus,1182,91
plus,1183,123
plus,1184,124
plus,1185,92
plus,1186,144
plus,1187,106
plus,1188,83
plus,1189,176
plus,1190,125
plus,1191,228
plus,1192,103
plus,1193,177
plus,1194,62
plus,1195,229
plus,1196,121
plus,1197,124
plus,1198,105
plus,1199,85
plus,1200,145
plus,1201,95
plus,1202,122
plus,1203,143
plus,1204,118
plus,1205,144
plus,1206,225
plus,1207,146
plus,1208,69
plus,1209,170
plus,1210,120
plus,1211,140
plus,1212,323
plus,1213,339
plus,1214,332
plus,1215,228
plus,1216,77
plus,1217,89
plus,1218,125
plus,1219,334
plus,1220,228
plus,1221,148
plus,1222,91
plus,1223,233
plus,1224,169
plus,1225,121
plus,1226,63
plus,1227,180
plus,1228,94
plus,1229,225
plus,1230,141
plus,1231,176
plus,1232,224
plus,1233,180
plus,1234,142
plus,1235,119
plus,1236,83
plus,1237,80
plus,1238,228
plus,1239,80
plus,1240,59
plus,1241,124
plus,1242,175
plus,1243,323
plus,1244,174
plus,1245,94
plus,1246,326
plus,1247,147
plus,1248,233
plus,1249,124
plus,1250,77
plus,1251,221
plus,1252,237
plus,1253,145
plus,1254,327
plus,1255,235
plus,1256,62
plus,1257,83
plus,1258,108
plus,1259,82
plus,1260,182
plus,1261,123
plus,1262,84
plus,1263,123
plus,1264,84
plus,1265,224
plus,1266,334
plus,1267,169
plus,1268,75
plus,1269,180
plus,1270,229
plus,1271,77
plus,1272,177
plus,1273,74
plus,1274,145
plus,1275,145
plus,1276,59
plus,1277,48
plus,1278,93
plus,1279,145
plus,1280,123
plus,1281,146
plus,1282,120
plus,1283,105
plus,1284,173
plus,1285,107
plus,1286,55
plus,1287,141
plus,1288,62
plus,1289,225
plus,1290,141
plus,1291,120
plus,1292,146
plus,1293,76
plus,1294,177
plus,1295,68
plus,1296,120
plus,1297,58
plus,1298,141
plus,1299,77
plus,1300,106
plus,1301,121
plus,1302,121
plus,1303,175
plus,1304,96
plus,1305,180
plus,1306,172
plus,1307,144
plus,1308,123
plus,1309,143
plus,1310,143
plus,1311,176
plus,1312,94
plus,1313,92
plus,1314,332
plus,1315,84
plus,1316,174
plus,1317,123
plus,1318,106
plus,1319,76
plus,1320,84
plus,1321,102
plus,1322,337
plus,1323,118
plus,1324,76
plus,1325,230
plus,1326,233
plus,1327,106
plus,1328,323
plus,1329,149
plus,1330,178
plus,1331,173
plus,1332,233
plus,1333,224
plus,1334,120
plus,1335,174
plus,1336,146
plus,1337,58
plus,1338,179
plus,1339,221
plus,1340,180
plus,1341,225
plus,1342,94
plus,1343,178
plus,1344,122
plus,1345,169
plus,1346,126
plus,1347,140
plus,1348,104
plus,1349,228
plus,1350,68
plus,1351,180
plus,1352,140
plus,1353,179
plus,1354,120
plus,1355,179
plus,1356,148
plus,1357,120
plus,1358,122
plus,1359,117
plus,1360,96
plus,1361,233
plus,1362,84
plus,1363,142
plus,1364,145
plus,1365,145
plus,1366,176
plus,1367,144
plus,1368,108
plus,1369,176
plus,1370,227
plus,1371,178
plus,1372,139
plus,1373,175
plus,1374,143
plus,1375,123
plus,1376,84
plus,1377,143
plus,1378,175
plus,1379,321
plus,1380,234
plus,1381,230
plus,1382,176
plus,1383,54
plus,1384,229
plus,1385,120
plus,1386,143
plus,1387,144
plus,1388,174
plus,1389,179
plus,1390,60
plus,1391,236
plus,1392,176
plus,1393,59
plus,1394,147
plus,1395,125
plus,1396,230
plus,1397,93
plus,1398,105
plus,1399,95
plus,1400,147
plus,1401,141
plus,1402,174
plus,1403,86
plus,1404,140
plus,1405,49
plus,1406,327
plus,1407,65
plus,1408,326
plus,1409,140
plus,1410,124
plus,1411,46
plus,1412,150
plus,1413,70
plus,1414,118
plus,1415,105
plus,1416,123
plus,1417,186
plus,1418,148
plus,1419,177
plus,1420,233
plus,1421,148
plus,1422,83
plus,1423,94
plus,1424,55
plus,1425,64
plus,1426,124
plus,1427,127
plus,1428,120
plus,1429,106
plus,1430,82
plus,1431,119
plus,1432,235
plus,1433,91
plus,1434,142
plus,1435,46
plus,1436,76
plus,1437,108
plus,1438,76
plus,1439,145
plus,1440,143
plus,1441,178
plus,1442,226
plus,1443,85
plus,1444,146
plus,1445,143
plus,1446,223
plus,1447,108
plus,1448,176
plus,1449,174
plus,1450,177
plus,1451,25
plus,1452,77
plus,1453,179
plus,1454,91
plus,1455,105
plus,1456,233
plus,1457,123
plus,1458,143
plus,1459,63
plus,1460,180
plus,1461,176
plus,1462,178
plus,1463,91
plus,1464,146
plus,1465,144
plus,1466,104
plus,1467,70
plus,1468,123
plus,1469,175
plus,1470,337
plus,1471,46
plus,1472,178
plus,1473,123
plus,1474,84
plus,1475,227
plus,1476,144
plus,1477,227
plus,1478,146
plus,1479,108
plus,1480,146
plus,1481,151
plus,1482,107
plus,1483,76
plus,1484,78
plus,1485,179
plus,1486,327
plus,1487,222
plus,1488,123
plus,1489,80
plus,1490,169
plus,1491,42
plus,1492,143
plus,1493,179
plus,1494,105
plus,1495,326
plus,1496,125
plus,1497,227
plus,1498,65
plus,1499,239
plus,1500,121
plus,1501,237
plus,1502,123
plus,1503,69
plus,1504,62
plus,1505,223
plus,1506,224
plus,1507,172
plus,1508,121
plus,1509,176
plus,1510,223
plus,1511,178
plus,1512,96
plus,1513,70
plus,1514,138
plus,1515,175
plus,1516,45
plus,1517,46
plus,1518,63
plus,1519,145
plus,1520,109
plus,1521,93
plus,1522,107
plus,1523,223
plus,1524,150
plus,1525,82
plus,1526,49
plus,1527,69
plus,1528,106
plus,1529,173
plus,1530,179
plus,1531,176
plus,1532,178
plus,1533,95
plus,1534,232
plus,1535,119
plus,1536,24
plus,1537,54
plus,1538,83
plus,1539,147
plus,1540,147
plus,1541,62
plus,1542,227
plus,1543,107
plus,1544,107
plus,1545,182
plus,1546,120
plus,1547,179
plus,1548,142
plus,1549,109
plus,1550,120
plus,1551,171
plus,1552,179
plus,1553,97
plus,1554,108
plus,1555,84
plus,1556,180
plus,1557,146
plus,1558,108
plus,1559,109
plus,1560,107
plus,1561,62
plus,1562,180
plus,1563,331
plus,1564,94
plus,1565,53
plus,1566,75
plus,1567,146
plus,1568,228
plus,1569,177
plus,1570,314
plus,1571,225
plus,1572,324
plus,1573,144
plus,1574,67
plus,1575,141
plus,1576,180
plus,1577,77
plus,1578,93
plus,1579,576
plus,1580,119
plus,1581,230
plus,1582,108
plus,1583,176
plus,1584,65
plus,1585,177
plus,1586,229
plus,1587,121
plus,1588,176
plus,1589,176
plus,1590,122
plus,1591,179
plus,1592,146
plus,1593,229
plus,1594,105
plus,1595,86
plus,1596,170
plus,1597,176
plus,1598,179
plus,1599,237
plus,1600,61
plus,1601,38
plus,1602,88
plus,1603,180
plus,1604,178
plus,1605,232
plus,1606,179
plus,1607,108
plus,1608,107
plus,1609,107
plus,1610,228
plus,1611,119
plus,1612,233
plus,1613,97
plus,1614,120
plus,1615,82
plus,1616,95
plus,1617,82
plus,1618,117
plus,1619,229
plus,1620,60
plus,1621,233
plus,1622,65
plus,1623,119
plus,1624,95
plus,1625,107
plus,1626,123
plus,1627,108
plus,1628,89
plus,1629,142
plus,1630,95
plus,1631,125
plus,1632,120
plus,1633,86
plus,1634,122
plus,1635,176
plus,1636,108
plus,1637,180
plus,1638,124
plus,1639,41
plus,1640,179
plus,1641,146
plus,1642,107
plus,1643,122
plus,1644,177
plus,1645,227
plus,1646,234
plus,1647,109
plus,1648,143
plus,1649,121
plus,1650,76
plus,1651,107
plus,1652,81
plus,1653,30
plus,1654,171
plus,1655,181
plus,1656,174
plus,1657,224
plus,1658,107
plus,1659,127
plus,1660,236
plus,1661,76
plus,1662,148
plus,1663,147
plus,1664,323
plus,1665,123
plus,1666,106
plus,1667,126
plus,1668,179
plus,1669,82
plus,1670,96
plus,1671,232
plus,1672,83
plus,1673,83
plus,1674,106
plus,1675,180
plus,1676,93
plus,1677,93
plus,1678,179
plus,1679,84
plus,1680,108
plus,1681,109
plus,1682,122
plus,1683,182
plus,1684,176
plus,1685,145
plus,1686,230
plus,1687,124
plus,1688,93
plus,1689,107
plus,1690,179
plus,1691,125
plus,1692,59
plus,1693,143
plus,1694,77
plus,1695,82
plus,1696,96
plus,1697,174
plus,1698,105
plus,1699,105
plus,1700,180
plus,1701,127
plus,1702,123
plus,1703,174
plus,1704,218
plus,1705,121
plus,1706,120
plus,1707,176
plus,1708,97
plus,1709,183
plus,1710,179
plus,1711,120
plus,1712,176
plus,1713,175
plus,1714,70
plus,1715,121
plus,1716,48
plus,1717,107
plus,1718,93
plus,1719,141
plus,1720,321
plus,1721,171
plus,1722,144
plus,1723,91
plus,1724,174
plus,1725,62
plus,1726,94
plus,1727,231
plus,1728,236
plus,1729,103
plus,1730,117
plus,1731,232
plus,1732,64
plus,1733,120
plus,1734,234
plus,1735,93
plus,1736,176
plus,1737,145
plus,1738,182
plus,1739,92
plus,1740,96
plus,1741,96
plus,1742,145
plus,1743,92
plus,1744,46
plus,1745,125
plus,1746,174
plus,1747,122
plus,1748,145
plus,1749,225
plus,1750,181
plus,1751,321
plus,1752,176
plus,1753,147
plus,1754,147
plus,1755,149
plus,1756,176
plus,1757,119
plus,1758,143
plus,1759,120
plus,1760,55
plus,1761,119
plus,1762,144
plus,1763,126
plus,1764,46
plus,1765,142
plus,1766,125
plus,1767,122
plus,1768,108
plus,1769,143
plus,1770,174
plus,1771,174
plus,1772,181
plus,1773,46
plus,1774,76
plus,1775,140
plus,1776,92
plus,1777,325
plus,1778,94
plus,1779,239
plus,1780,229
plus,1781,94
plus,1782,76
plus,1783,107
plus,1784,182
plus,1785,124
plus,1786,147
plus,1787,332
plus,1788,76
plus,1789,142
plus,1790,229
plus,1791,233
plus,1792,107
plus,1793,144
plus,1794,122
plus,1795,173
plus,1796,121
plus,1797,176
plus,1798,144
plus,1799,121
plus,1800,233
plus,1801,107
plus,1802,96
plus,1803,176
plus,1804,75
plus,1805,106
plus,1806,123
plus,1807,65
plus,1808,176
plus,1809,48
plus,1810,71
plus,1811,174
plus,1812,108
plus,1813,77
plus,1814,145
plus,1815,118
plus,1816,142
plus,1817,181
plus,1818,83
plus,1819,180
plus,1820,237
plus,1821,104
plus,1822,119
plus,1823,76
plus,1824,125
plus,1825,125
plus,1826,58
plus,1827,106
plus,1828,178
plus,1829,91
plus,1830,122
plus,1831,175
plus,1832,178
plus,1833,123
plus,1834,221
plus,1835,121
plus,1836,60
plus,1837,178
plus,1838,83
plus,1839,63
plus,1840,71
plus,1841,119
plus,1842,234
plus,1843,126
plus,1844,120
plus,1845,174
plus,1846,182
plus,1847,90
plus,1848,121
plus,1849,117
plus,1850,184
plus,1851,184
plus,1852,180
plus,1853,121
plus,1854,90
plus,1855,76
plus,1856,107
plus,1857,33
plus,1858,142
plus,1859,232
plus,1860,230
plus,1861,122
plus,1862,174
plus,1863,118
plus,1864,146
plus,1865,121
plus,1866,92
plus,1867,119
plus,1868,41
plus,1869,96
plus,1870,118
plus,1871,237
plus,1872,82
plus,1873,118
plus,1874,118
plus,1875,143
plus,1876,95
plus,1877,77
plus,1878,107
plus,1879,226
plus,1880,95
plus,1881,185
plus,1882,179
plus,1883,146
plus,1884,173
plus,1885,178
plus,1886,46
plus,1887,173
plus,1888,227
plus,1889,76
plus,1890,148
plus,1891,175
plus,1892,146
plus,1893,56
plus,1894,71
plus,1895,142
plus,1896,120
plus,1897,41
plus,1898,69
plus,1899,115
plus,1900,176
plus,1901,149
plus,1902,229
plus,1903,142
plus,1904,176
plus,1905,69
plus,1906,145
plus,1907,143
plus,1908,123
plus,1909,77
plus,1910,140
plus,1911,91
plus,1912,119
plus,1913,119
plus,1914,226
plus,1915,331
plus,1916,61
plus,1917,169
plus,1918,94
plus,1919,226
plus,1920,122
plus,1921,91
plus,1922,145
plus,1923,124
plus,1924,121
plus,1925,182
plus,1926,177
plus,1927,145
plus,1928,58
plus,1929,147
plus,1930,116
plus,1931,97
plus,1932,144
plus,1933,148
plus,1934,125
plus,1935,106
plus,1936,105
plus,1937,223
plus,1938,119
plus,1939,180
plus,1940,231
plus,1941,109
plus,1942,110
plus,1943,142
plus,1944,121
plus,1945,93
plus,1946,33
plus,1947,174
plus,1948,118
plus,1949,84
plus,1950,93
plus,1951,93
plus,1952,56
plus,1953,104
plus,1954,71
plus,1955,120
plus,1956,124
plus,1957,104
plus,1958,146
plus,1959,144
plus,1960,124
plus,1961,235
plus,1962,96
plus,1963,125
plus,1964,121
plus,1965,127
plus,1966,171
plus,1967,83
plus,1968,142
plus,1969,142
plus,1970,107
plus,1971,123
plus,1972,147
plus,1973,226
plus,1974,141
plus,1975,149
plus,1976,121
plus,1977,181
plus,1978,108
plus,1979,56
plus,1980,105
plus,1981,123
plus,1982,227
plus,1983,94
plus,1984,146
plus,1985,228
plus,1986,178
plus,1987,124
plus,1988,184
plus,1989,49
plus,1990,124
plus,1991,105
plus,1992,84
plus,1993,107
plus,1994,38
plus,1995,142
plus,1996,121
plus,1997,76
plus,1998,178
plus,1999,141
plus,2000,120
plus,2001,142
plus,2002,97
plus,2003,75
plus,2004,68
plus,2005,116
plus,2006,222
plus,2007,78
plus,2008,94
plus,2009,233
plus,2010,108
plus,2011,83
plus,2012,182
plus,2013,126
plus,2014,146
plus,2015,236
plus,2016,183
plus,2017,228
plus,2018,125
plus,2019,179
plus,2020,141
plus,2021,70
plus,2022,226
plus,2023,225
plus,2024,337
plus,2025,123
plus,2026,229
plus,2027,141
plus,2028,122
plus,2029,179
plus,2030,124
plus,2031,106
plus,2032,104
plus,2033,83
plus,2034,177
plus,2035,91
plus,2036,63
plus,2037,86
plus,2038,148
plus,2039,95
plus,2040,60
plus,2041,122
plus,2042,104
plus,2043,69
plus,2044,93
plus,2045,22
plus,2046,227
plus,2047,230
plus,2048,182
plus,2049,179
plus,2050,148
plus,2051,225
plus,2052,94
plus,2053,141
plus,2054,121
plus,2055,174
plus,2056,227
plus,2057,109
plus,2058,65
plus,2059,71
plus,2060,229
plus,2061,174
plus,2062,75
plus,2063,74
plus,2064,321
plus,2065,121
plus,2066,236
plus,2067,109
plus,2068,146
plus,2069,148
plus,2070,325
plus,2071,96
plus,2072,49
plus,2073,119
plus,2074,125
plus,2075,177
plus,2076,30
plus,2077,144
plus,2078,121
plus,2079,225
plus,2080,77
plus,2081,69
plus,2082,109
plus,2083,327
plus,2084,320
plus,2085,175
plus,2086,125
plus,2087,176
plus,2088,148
plus,2089,107
plus,2090,147
plus,2091,180
plus,2092,174
plus,2093,77
plus,2094,226
plus,2095,123
plus,2096,328
plus,2097,94
plus,2098,178
plus,2099,228
plus,2100,63
plus,2101,46
plus,2102,127
plus,2103,107
plus,2104,107
plus,2105,41
plus,2106,122
plus,2107,173
plus,2108,183
plus,2109,149
plus,2110,146
plus,2111,177
plus,2112,42
plus,2113,122
plus,2114,228
plus,2115,144
plus,2116,77
plus,2117,142
plus,2118,77
plus,2119,230
plus,2120,56
plus,2121,229
plus,2122,92
plus,2123,125
plus,2124,61
plus,2125,176
plus,2126,221
plus,2127,173
plus,2128,56
plus,2129,147
plus,2130,48
plus,2131,75
plus,2132,107
plus,2133,119
plus,2134,107
plus,2135,118
plus,2136,150
plus,2137,185
plus,2138,123
plus,2139,145
plus,2140,105
plus,2141,70
plus,2142,174
plus,2143,146
plus,2144,143
plus,2145,82
plus,2146,177
plus,2147,232
plus,2148,83
plus,2149,146
plus,2150,93
plus,2151,120
plus,2152,144
plus,2153,123
plus,2154,121
plus,2155,93
plus,2156,182
plus,2157,75
plus,2158,173
plus,2159,149
plus,2160,144
plus,2161,147
plus,2162,123
plus,2163,142
plus,2164,17
plus,2165,327
plus,2166,69
plus,2167,37
plus,2168,105
plus,2169,179
plus,2170,175
plus,2171,119
plus,2172,109
plus,2173,104
plus,2174,172
plus,2175,122
plus,2176,122
plus,2177,58
plus,2178,227
plus,2179,228
plus,2180,176
plus,2181,123
plus,2182,46
plus,2183,146
plus,2184,228
plus,2185,75
plus,2186,232
plus,2187,107
plus,2188,124
plus,2189,179
plus,2190,88
plus,2191,230
plus,2192,173
plus,2193,142
plus,2194,123
plus,2195,42
plus,2196,174
plus,2197,323
plus,2198,144
plus,2199,229
plus,2200,222
plus,2201,93
plus,2202,96
plus,2203,122
plus,2204,182
plus,2205,107
plus,2206,177
plus,2207,108
plus,2208,240
plus,2209,143
plus,2210,142
plus,2211,179
plus,2212,179
plus,2213,122
plus,2214,237
plus,2215,117
plus,2216,331
plus,2217,180
plus,2218,327
plus,2219,140
plus,2220,120
plus,2221,125
plus,2222,143
plus,2223,335
plus,2224,77
plus,2225,232
plus,2226,141
plus,2227,236
plus,2228,180
plus,2229,186
plus,2230,145
plus,2231,75
plus,2232,176
plus,2233,83
plus,2234,145
plus,2235,143
plus,2236,107
plus,2237,65
plus,2238,142
plus,2239,140
plus,2240,121
plus,2241,122
plus,2242,225
plus,2243,65
plus,2244,45
plus,2245,119
plus,2246,145
plus,2247,225
plus,2248,318
plus,2249,236
plus,2250,63
plus,2251,145
plus,2252,144
plus,2253,144
plus,2254,177
plus,2255,38
plus,2256,172
plus,2257,181
plus,2258,146
plus,2259,83
plus,2260,108
plus,2261,109
plus,2262,229
plus,2263,147
plus,2264,144
plus,2265,124
plus,2266,108
plus,2267,61
plus,2268,182
plus,2269,241
plus,2270,147
plus,2271,174
plus,2272,179
plus,2273,145
plus,2274,123
plus,2275,45
plus,2276,106
plus,2277,119
plus,2278,142
plus,2279,233
plus,2280,143
plus,2281,225
plus,2282,119
plus,2283,178
plus,2284,223
plus,2285,123
plus,2286,143
plus,2287,148
plus,2288,107
plus,2289,177
plus,2290,106
plus,2291,82
plus,2292,118
plus,2293,147
plus,2294,65
plus,2295,148
plus,2296,106
plus,2297,92
plus,2298,122
plus,2299,143
plus,2300,74
plus,2301,221
plus,2302,122
plus,2303,171
plus,2304,143
plus,2305,122
plus,2306,172
plus,2307,74
plus,2308,228
plus,2309,80
plus,2310,82
plus,2311,84
plus,2312,180
plus,2313,185
plus,2314,38
plus,2315,173
plus,2316,172
plus,2317,146
plus,2318,180
plus,2319,178
plus,2320,171
plus,2321,139
plus,2322,144
plus,2323,176
plus,2324,226
plus,2325,105
plus,2326,107
plus,2327,93
plus,2328,226
plus,2329,106
plus,2330,76
plus,2331,45
plus,2332,107
plus,2333,146
plus,2334,232
plus,2335,143
plus,2336,49
plus,2337,145
plus,2338,74
plus,2339,140
plus,2340,172
plus,2341,148
plus,2342,94
plus,2343,322
plus,2344,77
plus,2345,93
plus,2346,110
plus,2347,175
plus,2348,85
plus,2349,120
plus,2350,144
plus,2351,225
plus,2352,175
plus,2353,108
plus,2354,145
plus,2355,224
plus,2356,122
plus,2357,107
plus,2358,148
plus,2359,176
plus,2360,176
plus,2361,231
plus,2362,233
plus,2363,105
plus,2364,76
plus,2365,146
plus,2366,122
plus,2367,118
plus,2368,118
plus,2369,176
plus,2370,91
plus,2371,143
plus,2372,121
plus,2373,176
plus,2374,224
plus,2375,75
plus,2376,146
plus,2377,175
plus,2378,66
plus,2379,333
plus,2380,125
plus,2381,105
plus,2382,70
plus,2383,141
plus,2384,121
plus,2385,177
plus,2386,148
plus,2387,146
plus,2388,122
plus,2389,118
plus,2390,75
plus,2391,118
plus,2392,235
plus,2393,182
plus,2394,126
plus,2395,179
plus,2396,234
plus,2397,123
plus,2398,140
plus,2399,173
plus,2400,105
plus,2401,143
plus,2402,123
plus,2403,229
plus,2404,178
plus,2405,38
plus,2406,231
plus,2407,122
plus,2408,229
plus,2409,235
plus,2410,124
plus,2411,145
plus,2412,125
plus,2413,222
plus,2414,236
plus,2415,176
plus,2416,121
plus,2417,120
plus,2418,76
plus,2419,127
plus,2420,93
plus,2421,145
plus,2422,324
plus,2423,85
plus,2424,180
plus,2425,124
plus,2426,139
plus,2427,107
plus,2428,107
plus,2429,122
plus,2430,38
plus,2431,230
plus,2432,176
plus,2433,144
plus,2434,235
plus,2435,146
plus,2436,107
plus,2437,120
plus,2438,93
plus,2439,85
plus,2440,228
plus,2441,237
plus,2442,144
plus,2443,141
plus,2444,144
plus,2445,232
plus,2446,123
plus,2447,231
plus,2448,144
plus,2449,91
plus,2450,106
plus,2451,233
plus,2452,63
plus,2453,180
plus,2454,143
plus,2455,231
plus,2456,85
plus,2457,105
plus,2458,95
plus,2459,83
plus,2460,230
plus,2461,176
plus,2462,45
plus,2463,104
plus,2464,94
plus,2465,74
plus,2466,231
plus,2467,145
plus,2468,76
plus,2469,93
plus,2470,93
plus,2471,118
plus,2472,233
plus,2473,326
plus,2474,108
plus,2475,144
plus,2476,178
plus,2477,91
plus,2478,175
plus,2479,230
plus,2480,81
plus,2481,83
plus,2482,93
plus,2483,145
plus,2484,144
plus,2485,233
plus,2486,179
plus,2487,60
plus,2488,109
plus,2489,95
plus,2490,175
plus,2491,233
plus,2492,144
plus,2493,178
plus,2494,228
plus,2495,56
plus,2496,42
plus,2497,146
plus,2498,144
plus,2499,105
plus,2500,82
plus,2501,62
plus,2502,84
plus,2503,120
plus,2504,235
plus,2505,144
plus,2506,125
plus,2507,83
plus,2508,124
plus,2509,145
plus,2510,232
plus,2511,186
plus,2512,76
plus,2513,107
plus,2514,121
plus,2515,147
plus,2516,324
plus,2517,225
plus,2518,105
plus,2519,147
plus,2520,84
plus,2521,107
plus,2522,70
plus,2523,176
plus,2524,225
plus,2525,72
plus,2526,144
plus,2527,93
plus,2528,36
plus,2529,229
plus,2530,124
plus,2531,122
plus,2532,89
plus,2533,576
plus,2534,176
plus,2535,96
plus,2536,108
plus,2537,229
plus,2538,62
plus,2539,227
plus,2540,181
plus,2541,91
plus,2542,174
plus,2543,170
plus,2544,61
plus,2545,96
plus,2546,105
plus,2547,93
plus,2548,148
plus,2549,84
plus,2550,143
plus,2551,179
plus,2552,148
plus,2553,107
plus,2554,146
plus,2555,176
plus,2556,63
plus,2557,141
plus,2558,144
plus,2559,125
plus,2560,120
plus,2561,106
plus,2562,77
plus,2563,92
plus,2564,30
plus,2565,106
plus,2566,144
plus,2567,91
plus,2568,124
plus,2569,142
plus,2570,58
plus,2571,174
plus,2572,56
plus,2573,181
plus,2574,48
plus,2575,121
plus,2576,239
plus,2577,174
plus,2578,45
plus,2579,176
plus,2580,146
plus,2581,229
plus,2582,123
plus,2583,228
plus,2584,148
plus,2585,92
plus,2586,108
plus,2587,231
plus,2588,106
plus,2589,123
plus,2590,141
plus,2591,121
plus,2592,84
plus,2593,174
plus,2594,107
plus,2595,106
plus,2596,121
plus,2597,120
plus,2598,122
plus,2599,175
plus,2600,177
plus,2601,174
plus,2602,83
plus,2603,106
plus,2604,148
plus,2605,121
plus,2606,180
plus,2607,109
plus,2608,122
plus,2609,330
plus,2610,182
plus,2611,149
plus,2612,92
plus,2613,172
plus,2614,120
plus,2615,176
plus,2616,140
plus,2617,91
plus,2618,93
plus,2619,124
plus,2620,141
plus,2621,105
plus,2622,236
plus,2623,148
plus,2624,230
plus,2625,184
plus,2626,120
plus,2627,145
plus,2628,171
plus,2629,93
plus,2630,126
plus,2631,231
plus,2632,143
plus,2633,144
plus,2634,144
plus,2635,180
plus,2636,63
plus,2637,237
plus,2638,29
plus,2639,229
plus,2640,49
plus,2641,177
plus,2642,75
plus,2643,65
plus,2644,225
plus,2645,227
plus,2646,109
plus,2647,75
plus,2648,237
plus,2649,178
plus,2650,174
plus,2651,121
plus,2652,141
plus,2653,144
plus,2654,175
plus,2655,180
plus,2656,75
plus,2657,122
plus,2658,182
plus,2659,119
plus,2660,124
plus,2661,107
plus,2662,144
plus,2663,323
plus,2664,227
plus,2665,64
plus,2666,77
plus,2667,70
plus,2668,235
plus,2669,233
plus,2670,142
plus,2671,173
plus,2672,83
plus,2673,174
plus,2674,105
plus,2675,144
plus,2676,177
plus,2677,146
plus,2678,146
plus,2679,94
plus,2680,74
plus,2681,181
plus,2682,175
plus,2683,106
plus,2684,143
plus,2685,107
plus,2686,177
plus,2687,183
plus,2688,103
plus,2689,177
plus,2690,83
plus,2691,180
plus,2692,120
plus,2693,122
plus,2694,121
plus,2695,173
plus,2696,94
plus,2697,82
plus,2698,48
plus,2699,76
plus,2700,145
plus,2701,30
plus,2702,93
plus,2703,181
plus,2704,143
plus,2705,144
plus,2706,149
plus,2707,105
plus,2708,145
plus,2709,142
plus,2710,125
plus,2711,122
plus,2712,145
plus,2713,93
plus,2714,178
plus,2715,60
plus,2716,118
plus,2717,142
plus,2718,146
plus,2719,233
plus,2720,314
plus,2721,145
plus,2722,142
plus,2723,231
plus,2724,148
plus,2725,65
plus,2726,60
plus,2727,178
plus,2728,77
plus,2729,178
plus,2730,323
plus,2731,328
plus,2732,76
plus,2733,181
plus,2734,318
plus,2735,227
plus,2736,146
plus,2737,70
plus,2738,65
plus,2739,121
plus,2740,146
plus,2741,121
plus,2742,93
plus,2743,106
plus,2744,122
plus,2745,59
plus,2746,230
plus,2747,85
plus,2748,178
plus,2749,230
plus,2750,238
plus,2751,178
plus,2752,147
plus,2753,84
plus,2754,46
plus,2755,89
plus,2756,93
plus,2757,92
plus,2758,108
plus,2759,108
plus,2760,49
plus,2761,228
plus,2762,96
plus,2763,67
plus,2764,46
plus,2765,107
plus,2766,237
plus,2767,121
plus,2768,144
plus,2769,144
plus,2770,172
plus,2771,178
plus,2772,121
plus,2773,94
plus,2774,141
plus,2775,69
plus,2776,119
plus,2777,178
plus,2778,92
plus,2779,94
plus,2780,33
plus,2781,143
plus,2782,62
plus,2783,77
plus,2784,102
plus,2785,174
plus,2786,81
plus,2787,84
plus,2788,76
plus,2789,124
plus,2790,105
plus,2791,144
plus,2792,122
plus,2793,69
plus,2794,105
plus,2795,181
plus,2796,173
plus,2797,106
plus,2798,141
plus,2799,576
plus,2800,94
plus,2801,182
plus,2802,76
plus,2803,178
plus,2804,76
plus,2805,118
plus,2806,75
plus,2807,142
plus,2808,176
plus,2809,146
plus,2810,227
plus,2811,185
plus,2812,106
plus,2813,235
plus,2814,143
plus,2815,232
plus,2816,81
plus,2817,146
plus,2818,147
plus,2819,42
plus,2820,231
plus,2821,186
plus,2822,84
plus,2823,146
plus,2824,92
plus,2825,230
plus,2826,140
plus,2827,178
plus,2828,142
plus,2829,173
plus,2830,105
plus,2831,143
plus,2832,122
plus,2833,146
plus,2834,141
plus,2835,183
plus,2836,177
plus,2837,145
plus,2838,145
plus,2839,90
plus,2840,176
plus,2841,120
plus,2842,123
plus,2843,76
plus,2844,48
plus,2845,147
plus,2846,122
plus,2847,38
plus,2848,144
plus,2849,146
plus,2850,331
plus,2851,125
plus,2852,83
plus,2853,123
plus,2854,324
plus,2855,143
plus,2856,332
plus,2857,173
plus,2858,223
plus,2859,121
plus,2860,83
plus,2861,231
plus,2862,77
plus,2863,321
plus,2864,126
plus,2865,107
plus,2866,143
plus,2867,95
plus,2868,63
plus,2869,144
plus,2870,316
plus,2871,232
plus,2872,93
plus,2873,125
plus,2874,124
plus,2875,76
plus,2876,107
plus,2877,59
plus,2878,145
plus,2879,105
plus,2880,336
plus,2881,106
plus,2882,146
plus,2883,92
plus,2884,144
plus,2885,171
plus,2886,146
plus,2887,178
plus,2888,121
plus,2889,121
plus,2890,33
plus,2891,142
plus,2892,25
plus,2893,231
plus,2894,144
plus,2895,174
plus,2896,126
plus,2897,62
plus,2898,235
plus,2899,83
plus,2900,144
plus,2901,179
plus,2902,106
plus,2903,92
plus,2904,327
plus,2905,33
plus,2906,83
plus,2907,178
plus,2908,119
plus,2909,116
plus,2910,232
plus,2911,178
plus,2912,145
plus,2913,74
plus,2914,233
plus,2915,182
plus,2916,49
plus,2917,228
plus,2918,145
plus,2919,125
plus,2920,123
plus,2921,106
plus,2922,76
plus,2923,122
plus,2924,49
plus,2925,144
plus,2926,145
plus,2927,94
plus,2928,228
plus,2929,90
plus,2930,146
plus,2931,69
plus,2932,175
plus,2933,176
plus,2934,576
plus,2935,107
plus,2936,230
plus,2937,117
plus,2938,108
plus,2939,45
plus,2940,178
plus,2941,177
plus,2942,70
plus,2943,124
plus,2944,128
plus,2945,48
plus,2946,239
plus,2947,140
plus,2948,143
plus,2949,227
plus,2950,176
plus,2951,109
plus,2952,122
plus,2953,124
plus,2954,232
plus,2955,22
plus,2956,230
plus,2957,95
plus,2958,173
plus,2959,173
plus,2960,119
plus,2961,226
plus,2962,94
plus,2963,175
plus,2964,145
plus,2965,95
plus,2966,142
plus,2967,96
plus,2968,176
plus,2969,121
plus,2970,178
plus,2971,90
plus,2972,176
plus,2973,174
plus,2974,144
plus,2975,121
plus,2976,122
plus,2977,33
plus,2978,173
plus,2979,116
plus,2980,119
plus,2981,84
plus,2982,229
plus,2983,70
plus,2984,104
plus,2985,83
plus,2986,178
plus,2987,108
plus,2988,85
plus,2989,140
plus,2990,105
plus,2991,227
plus,2992,91
plus,2993,105
plus,2994,95
plus,2995,108
plus,2996,94
plus,2997,107
plus,2998,49
plus,2999,173
plus,3000,77
plus,3001,224
plus,3002,105
plus,3003,122
plus,3004,95
plus,3005,122
plus,3006,105
plus,3007,172
plus,3008,125
plus,3009,236
plus,3010,221
plus,3011,143
plus,3012,328
plus,3013,108
plus,3014,76
plus,3015,145
plus,3016,228
plus,3017,226
plus,3018,174
plus,3019,146
plus,3020,76
plus,3021,94
plus,3022,176
plus,3023,76
plus,3024,142
plus,3025,123
plus,3026,123
plus,3027,84
plus,3028,141
plus,3029,179
plus,3030,96
plus,3031,173
plus,3032,105
plus,3033,75
plus,3034,125
plus,3035,147
plus,3036,104
plus,3037,123
plus,3038,185
plus,3039,121
plus,3040,141
plus,3041,180
plus,3042,146
plus,3043,76
plus,3044,109
plus,3045,141
plus,3046,230
plus,3047,58
plus,3048,177
plus,3049,323
plus,3050,46
plus,3051,120
plus,3052,74
plus,3053,105
plus,3054,84
plus,3055,225
plus,3056,123
plus,3057,93
plus,3058,172
plus,3059,122
plus,3060,179
plus,3061,225
plus,3062,148
plus,3063,577
plus,3064,122
plus,3065,233
plus,3066,62
plus,3067,229
plus,3068,231
plus,3069,145
plus,3070,65
plus,3071,146
plus,3072,118
plus,3073,120
plus,3074,179
plus,3075,330
plus,3076,182
plus,3077,107
plus,3078,185
plus,3079,180
plus,3080,325
plus,3081,83
plus,3082,223
plus,3083,121
plus,3084,122
plus,3085,63
plus,3086,122
plus,3087,317
plus,3088,227
plus,3089,124
plus,3090,177
plus,3091,231
plus,3092,124
plus,3093,142
plus,3094,222
plus,3095,147
plus,3096,91
plus,3097,146
plus,3098,183
plus,3099,107
plus,3100,146
plus,3101,124
plus,3102,108
plus,3103,146
plus,3104,122
plus,3105,328
plus,3106,95
plus,3107,106
plus,3108,146
plus,3109,122
plus,3110,95
plus,3111,119
plus,3112,180
plus,3113,224
plus,3114,144
plus,3115,122
plus,3116,122
plus,3117,145
plus,3118,122
plus,3119,126
plus,3120,96
plus,3121,331
plus,3122,93
plus,3123,150
plus,3124,93
plus,3125,182
plus,3126,22
plus,3127,119
plus,3128,103
plus,3129,175
plus,3130,143
plus,3131,60
plus,3132,232
plus,3133,76
plus,3134,230
plus,3135,140
plus,3136,119
plus,3137,222
plus,3138,174
plus,3139,84
plus,3140,149
plus,3141,180
plus,3142,231
plus,3143,143
plus,3144,230
plus,3145,92
plus,3146,106
plus,3147,22
plus,3148,327
plus,3149,177
plus,3150,81
plus,3151,172
plus,3152,95
plus,3153,180
plus,3154,83
plus,3155,58
plus,3156,319
plus,3157,173
plus,3158,145
plus,3159,144
plus,3160,234
plus,3161,95
plus,3162,125
plus,3163,97
plus,3164,180
plus,3165,104
plus,3166,92
plus,3167,94
plus,3168,226
plus,3169,55
plus,3170,107
plus,3171,226
plus,3172,123
plus,3173,84
plus,3174,171
plus,3175,142
plus,3176,229
plus,3177,232
plus,3178,120
plus,3179,175
plus,3180,110
plus,3181,138
plus,3182,25
plus,3183,123
plus,3184,180
plus,3185,120
plus,3186,123
plus,3187,143
plus,3188,38
plus,3189,170
plus,3190,122
plus,3191,91
plus,3192,177
plus,3193,175
plus,3194,145
plus,3195,71
plus,3196,85
plus,3197,84
plus,3198,62
plus,3199,108
plus,3200,106
plus,3201,230
plus,3202,86
plus,3203,76
plus,3204,180
plus,3205,145
plus,3206,180
plus,3207,123
plus,3208,232
plus,3209,95
plus,3210,141
plus,3211,174
plus,3212,93
plus,3213,228
plus,3214,318
plus,3215,183
plus,3216,146
plus,3217,81
plus,3218,123
plus,3219,146
plus,3220,106
plus,3221,143
plus,3222,116
plus,3223,118
plus,3224,105
plus,3225,144
plus,3226,109
plus,3227,106
plus,3228,146
plus,3229,105
plus,3230,63
plus,3231,91
plus,3232,90
plus,3233,96
plus,3234,148
plus,3235,125
plus,3236,126
plus,3237,576
plus,3238,121
plus,3239,92
plus,3240,232
plus,3241,241
plus,3242,122
plus,3243,226
plus,3244,175
plus,3245,75
plus,3246,22
plus,3247,81
plus,3248,122
plus,3249,65
plus,3250,176
plus,3251,122
plus,3252,230
plus,3253,92
plus,3254,145
plus,3255,177
plus,3256,143
plus,3257,145
plus,3258,182
plus,3259,145
plus,3260,76
plus,3261,236
plus,3262,144
plus,3263,145
plus,3264,234
plus,3265,92
plus,3266,336
plus,3267,145
plus,3268,25
plus,3269,320
plus,3270,93
plus,3271,33
plus,3272,76
plus,3273,78
plus,3274,179
plus,3275,108
plus,3276,171
plus,3277,144
plus,3278,230
plus,3279,104
plus,3280,104
plus,3281,184
plus,3282,228
plus,3283,143
plus,3284,229
plus,3285,176
plus,3286,148
plus,3287,120
plus,3288,142
plus,3289,147
plus,3290,121
plus,3291,177
plus,3292,48
plus,3293,143
plus,3294,179
plus,3295,124
plus,3296,119
plus,3297,178
plus,3298,328
plus,3299,144
plus,3300,90
plus,3301,94
plus,3302,326
plus,3303,230
plus,3304,76
plus,3305,60
plus,3306,76
plus,3307,145
plus,3308,147
plus,3309,124
plus,3310,127
plus,3311,125
plus,3312,92
plus,3313,107
plus,3314,124
plus,3315,145
plus,3316,85
plus,3317,122
plus,3318,184
plus,3319,64
plus,3320,106
plus,3321,175
plus,3322,222
plus,3323,94
plus,3324,230
plus,3325,124
plus,3326,81
plus,3327,107
plus,3328,175
plus,3329,117
plus,3330,77
plus,3331,65
plus,3332,124
plus,3333,145
plus,3334,178
plus,3335,173
plus,3336,59
plus,3337,176
plus,3338,326
plus,3339,174
plus,3340,75
plus,3341,59
plus,3342,107
plus,3343,122
plus,3344,121
plus,3345,234
plus,3346,141
plus,3347,176
plus,3348,74
plus,3349,144
plus,3350,95
plus,3351,231
plus,3352,82
plus,3353,119
plus,3354,76
plus,3355,109
plus,3356,74
plus,3357,178
plus,3358,174
plus,3359,147
plus,3360,91
plus,3361,76
plus,3362,124
plus,3363,231
plus,3364,106
plus,3365,179
plus,3366,143
plus,3367,327
plus,3368,230
plus,3369,235
plus,3370,37
plus,3371,65
plus,3372,120
plus,3373,144
plus,3374,180
plus,3375,119
plus,3376,92
plus,3377,171
plus,3378,145
plus,3379,223
plus,3380,146
plus,3381,105
plus,3382,141
plus,3383,94
plus,3384,226
plus,3385,76
plus,3386,71
plus,3387,82
plus,3388,105
plus,3389,237
plus,3390,226
plus,3391,62
plus,3392,84
plus,3393,178
plus,3394,177
plus,3395,94
plus,3396,62
plus,3397,107
plus,3398,576
plus,3399,42
plus,3400,147
plus,3401,146
plus,3402,178
plus,3403,124
plus,3404,91
plus,3405,235
plus,3406,145
plus,3407,109
plus,3408,76
plus,3409,178
plus,3410,178
plus,3411,105
plus,3412,93
plus,3413,61
plus,3414,122
plus,3415,172
plus,3416,124
plus,3417,123
plus,3418,122
plus,3419,60
plus,3420,105
plus,3421,171
plus,3422,121
plus,3423,144
plus,3424,64
plus,3425,231
plus,3426,234
plus,3427,229
plus,3428,121
plus,3429,175
plus,3430,106
plus,3431,180
plus,3432,119
plus,3433,144
plus,3434,91
plus,3435,174
plus,3436,226
plus,3437,64
plus,3438,149
plus,3439,123
plus,3440,145
plus,3441,124
plus,3442,106
plus,3443,227
plus,3444,75
plus,3445,234
plus,3446,228
plus,3447,234
plus,3448,81
plus,3449,120
plus,3450,236
plus,3451,106
plus,3452,146
plus,3453,238
plus,3454,143
plus,3455,234
plus,3456,333
plus,3457,227
plus,3458,176
plus,3459,48
plus,3460,83
plus,3461,121
plus,3462,147
plus,3463,240
plus,3464,182
plus,3465,146
plus,3466,173
plus,3467,177
plus,3468,173
plus,3469,180
plus,3470,123
plus,3471,231
plus,3472,179
plus,3473,226
plus,3474,143
plus,3475,105
plus,3476,88
plus,3477,233
plus,3478,231
plus,3479,225
plus,3480,148
plus,3481,91
plus,3482,177
plus,3483,107
plus,3484,171
plus,3485,78
plus,3486,143
plus,3487,125
plus,3488,233
plus,3489,149
plus,3490,222
plus,3491,106
plus,3492,117
plus,3493,179
plus,3494,227
plus,3495,109
plus,3496,179
plus,3497,180
plus,3498,57
plus,3499,179
plus,3500,228
plus,3501,120
plus,3502,117
plus,3503,146
plus,3504,94
plus,3505,75
plus,3506,120
plus,3507,182
plus,3508,181
plus,3509,30
plus,3510,107
plus,3511,125
plus,3512,123
plus,3513,233
plus,3514,147
plus,3515,119
plus,3516,145
plus,3517,120
plus,3518,226
plus,3519,231
plus,3520,122
plus,3521,177
plus,3522,226
plus,3523,83
plus,3524,125
plus,3525,124
plus,3526,48
plus,3527,145
plus,3528,93
plus,3529,95
plus,3530,107
plus,3531,124
plus,3532,174
plus,3533,107
plus,3534,121
plus,3535,181
plus,3536,37
plus,3537,49
plus,3538,55
plus,3539,327
plus,3540,325
plus,3541,96
plus,3542,77
plus,3543,91
plus,3544,146
plus,3545,179
plus,3546,186
plus,3547,175
plus,3548,175
plus,3549,146
plus,3550,143
plus,3551,146
plus,3552,44
plus,3553,176
plus,3554,75
plus,3555,109
plus,3556,74
plus,3557,107
plus,3558,181
plus,3559,235
plus,3560,45
plus,3561,236
plus,3562,115
plus,3563,107
plus,3564,121
plus,3565,143
plus,3566,91
plus,3567,181
plus,3568,119
plus,3569,55
plus,3570,44
plus,3571,85
plus,3572,175
plus,3573,107
plus,3574,228
plus,3575,119
plus,3576,230
plus,3577,69
plus,3578,146
plus,3579,70
plus,3580,143
plus,3581,71
plus,3582,92
plus,3583,172
plus,3584,123
plus,3585,104
plus,3586,60
plus,3587,38
plus,3588,225
plus,3589,116
plus,3590,223
plus,3591,42
plus,3592,124
plus,3593,338
plus,3594,334
plus,3595,119
plus,3596,58
plus,3597,63
plus,3598,74
plus,3599,317
plus,3600,223
plus,3601,89
plus,3602,108
plus,3603,92
plus,3604,180
plus,3605,83
plus,3606,121
plus,3607,224
plus,3608,229
plus,3609,169
plus,3610,179
plus,3611,82
plus,3612,104
plus,3613,122
plus,3614,122
plus,3615,143
plus,3616,145
plus,3617,145
plus,3618,325
plus,3619,82
plus,3620,328
plus,3621,149
plus,3622,176
plus,3623,232
plus,3624,95
plus,3625,84
plus,3626,145
plus,3627,92
plus,3628,226
plus,3629,121
plus,3630,180
plus,3631,183
plus,3632,102
plus,3633,93
plus,3634,92
plus,3635,174
plus,3636,142
plus,3637,109
plus,3638,103
plus,3639,122
plus,3640,127
plus,3641,92
plus,3642,324
plus,3643,176
plus,3644,70
plus,3645,144
plus,3646,148
plus,3647,82
plus,3648,108
plus,3649,108
plus,3650,178
plus,3651,121
plus,3652,144
plus,3653,122
plus,3654,145
plus,3655,60
plus,3656,178
plus,3657,142
plus,3658,91
plus,3659,143
plus,3660,118
plus,3661,178
plus,3662,141
plus,3663,148
plus,3664,179
plus,3665,44
plus,3666,235
plus,3667,146
plus,3668,179
plus,3669,106
plus,3670,106
plus,3671,119
plus,3672,105
plus,3673,119
plus,3674,229
plus,3675,146
plus,3676,125
plus,3677,180
plus,3678,234
plus,3679,109
plus,3680,180
plus,3681,104
plus,3682,64
plus,3683,63
plus,3684,143
plus,3685,121
plus,3686,84
plus,3687,91
plus,3688,55
plus,3689,325
plus,3690,69
plus,3691,122
plus,3692,224
plus,3693,103
plus,3694,146
plus,3695,125
plus,3696,226
plus,3697,322
plus,3698,143
plus,3699,93
plus,3700,95
plus,3701,108
plus,3702,46
plus,3703,75
plus,3704,82
plus,3705,146
plus,3706,236
plus,3707,93
plus,3708,75
plus,3709,142
plus,3710,125
plus,3711,117
plus,3712,63
plus,3713,122
plus,3714,179
plus,3715,122
plus,3716,106
plus,3717,65
plus,3718,121
plus,3719,141
plus,3720,175
plus,3721,179
plus,3722,324
plus,3723,106
plus,3724,94
plus,3725,94
plus,3726,227
plus,3727,146
plus,3728,58
plus,3729,173
plus,3730,122
plus,3731,320
plus,3732,93
plus,3733,83
plus,3734,86
plus,3735,94
plus,3736,148
plus,3737,77
plus,3738,323
plus,3739,144
plus,3740,46
plus,3741,77
plus,3742,120
plus,3743,174
plus,3744,141
plus,3745,82
plus,3746,64
plus,3747,120
plus,3748,344
plus,3749,177
plus,3750,75
plus,3751,172
plus,3752,56
plus,3753,108
plus,3754,107
plus,3755,141
plus,3756,174
plus,3757,83
plus,3758,108
plus,3759,175
plus,3760,95
plus,3761,181
plus,3762,177
plus,3763,143
plus,3764,241
plus,3765,119
plus,3766,143
plus,3767,182
plus,3768,230
plus,3769,143
plus,3770,177
plus,3771,104
plus,3772,147
plus,3773,70
plus,3774,109
plus,3775,226
plus,3776,94
plus,3777,121
plus,3778,116
plus,3779,109
plus,3780,176
plus,3781,109
plus,3782,175
plus,3783,236
plus,3784,223
plus,3785,42
plus,3786,332
plus,3787,90
plus,3788,123
plus,3789,120
plus,3790,96
plus,3791,178
plus,3792,147
plus,3793,93
plus,3794,122
plus,3795,93
plus,3796,75
plus,3797,122
plus,3798,148
plus,3799,179
plus,3800,147
plus,3801,325
plus,3802,92
plus,3803,230
plus,3804,178
plus,3805,84
plus,3806,75
plus,3807,180
plus,3808,107
plus,3809,122
plus,3810,227
plus,3811,336
plus,3812,187
plus,3813,93
plus,3814,123
plus,3815,175
plus,3816,226
plus,3817,107
plus,3818,146
plus,3819,142
plus,3820,108
plus,3821,239
plus,3822,121
plus,3823,86
plus,3824,85
plus,3825,93
plus,3826,143
plus,3827,146
plus,3828,121
plus,3829,122
plus,3830,70
plus,3831,126
plus,3832,109
plus,3833,63
plus,3834,106
plus,3835,144
plus,3836,121
plus,3837,63
plus,3838,148
plus,3839,175
plus,3840,227
plus,3841,119
plus,3842,127
plus,3843,144
plus,3844,182
plus,3845,42
plus,3846,121
plus,3847,228
plus,3848,143
plus,3849,148
plus,3850,64
plus,3851,144
plus,3852,124
plus,3853,121
plus,3854,104
plus,3855,145
plus,3856,105
plus,3857,46
plus,3858,33
plus,3859,184
plus,3860,76
plus,3861,224
plus,3862,72
plus,3863,177
plus,3864,179
plus,3865,110
plus,3866,70
plus,3867,229
plus,3868,232
plus,3869,181
plus,3870,145
plus,3871,120
plus,3872,120
plus,3873,64
plus,3874,74
plus,3875,145
plus,3876,122
plus,3877,95
plus,3878,105
plus,3879,93
plus,3880,178
plus,3881,231
plus,3882,106
plus,3883,172
plus,3884,33
plus,3885,141
plus,3886,120
plus,3887,91
plus,3888,118
plus,3889,229
plus,3890,178
plus,3891,124
plus,3892,178
plus,3893,316
plus,3894,46
plus,3895,226
plus,3896,121
plus,3897,143
plus,3898,64
plus,3899,235
plus,3900,224
plus,3901,146
plus,3902,122
plus,3903,230
plus,3904,175
plus,3905,231
plus,3906,124
plus,3907,174
plus,3908,180
plus,3909,226
plus,3910,88
plus,3911,120
plus,3912,148
plus,3913,54
plus,3914,105
plus,3915,93
plus,3916,77
plus,3917,96
plus,3918,38
plus,3919,56
plus,3920,180
plus,3921,58
plus,3922,223
plus,3923,141
plus,3924,121
plus,3925,70
plus,3926,178
plus,3927,106
plus,3928,126
plus,3929,576
plus,3930,145
plus,3931,225
plus,3932,172
plus,3933,107
plus,3934,144
plus,3935,145
plus,3936,122
plus,3937,147
plus,3938,233
plus,3939,56
plus,3940,142
plus,3941,121
plus,3942,238
plus,3943,146
plus,3944,42
plus,3945,149
plus,3946,93
plus,3947,145
plus,3948,319
plus,3949,93
plus,3950,142
plus,3951,94
plus,3952,84
plus,3953,121
plus,3954,144
plus,3955,82
plus,3956,227
plus,3957,176
plus,3958,237
plus,3959,145
plus,3960,122
plus,3961,182
plus,3962,180
plus,3963,84
plus,3964,179
plus,3965,83
plus,3966,144
plus,3967,94
plus,3968,126
plus,3969,49
plus,3970,232
plus,3971,234
plus,3972,122
plus,3973,174
plus,3974,319
plus,3975,124
plus,3976,178
plus,3977,118
plus,3978,232
plus,3979,107
plus,3980,145
plus,3981,179
plus,3982,76
plus,3983,69
plus,3984,123
plus,3985,95
plus,3986,235
plus,3987,74
plus,3988,92
plus,3989,229
plus,3990,84
plus,3991,95
plus,3992,90
plus,3993,147
plus,3994,90
plus,3995,95
plus,3996,174
plus,3997,120
plus,3998,106
plus,3999,172
plus,4000,106
plus,4001,103
plus,4002,91
plus,4003,147
plus,4004,120
plus,4005,108
plus,4006,122
plus,4007,75
plus,4008,177
plus,4009,85
plus,4010,226
plus,4011,121
plus,4012,183
plus,4013,105
plus,4014,117
plus,4015,119
plus,4016,63
plus,4017,76
plus,4018,122
plus,4019,125
plus,4020,180
plus,4021,239
plus,4022,84
plus,4023,78
plus,4024,69
plus,4025,145
plus,4026,146
plus,4027,49
plus,4028,93
plus,4029,182
plus,4030,234
plus,4031,185
plus,4032,103
plus,4033,145
plus,4034,143
plus,4035,145
plus,4036,173
plus,4037,106
plus,4038,178
plus,4039,118
plus,4040,107
plus,4041,106
plus,4042,224
plus,4043,93
plus,4044,122
plus,4045,236
plus,4046,104
plus,4047,173
plus,4048,144
plus,4049,107
plus,4050,331
plus,4051,231
plus,4052,108
plus,4053,93
plus,4054,142
plus,4055,143
plus,4056,184
plus,4057,147
plus,4058,242
plus,4059,125
plus,4060,229
plus,4061,123
plus,4062,147
plus,4063,47
plus,4064,95
plus,4065,106
plus,4066,86
plus,4067,172
plus,4068,147
plus,4069,119
plus,4070,81
plus,4071,123
plus,4072,69
plus,4073,92
plus,4074,229
plus,4075,120
plus,4076,229
plus,4077,84
plus,4078,78
plus,4079,223
plus,4080,69
plus,4081,180
plus,4082,94
plus,4083,59
plus,4084,108
plus,4085,232
plus,4086,169
plus,4087,142
plus,4088,180
plus,4089,224
plus,4090,146
plus,4091,108
plus,4092,225
plus,4093,173
plus,4094,183
plus,4095,181
plus,4096,323
plus,4097,176
plus,4098,232
plus,4099,96
plus,4100,91
plus,4101,122
plus,4102,142
plus,4103,105
plus,4104,120
plus,4105,106
plus,4106,176
plus,4107,231
plus,4108,143
plus,4109,226
plus,4110,124
plus,4111,76
plus,4112,76
plus,4113,146
plus,4114,126
plus,4115,95
plus,4116,120
plus,4117,108
plus,4118,175
plus,4119,224
plus,4120,241
plus,4121,143
plus,4122,105
plus,4123,76
plus,4124,230
plus,4125,118
plus,4126,68
plus,4127,144
plus,4128,92
plus,4129,75
plus,4130,103
plus,4131,121
plus,4132,177
plus,4133,225
plus,4134,64
plus,4135,145
plus,4136,179
plus,4137,144
plus,4138,92
plus,4139,120
plus,4140,96
plus,4141,227
plus,4142,107
plus,4143,92
plus,4144,229
plus,4145,182
plus,4146,122
plus,4147,108
plus,4148,173
plus,4149,231
plus,4150,172
plus,4151,175
plus,4152,145
plus,4153,228
plus,4154,123
plus,4155,148
plus,4156,78
plus,4157,225
plus,4158,141
plus,4159,81
plus,4160,178
plus,4161,83
plus,4162,93
plus,4163,75
plus,4164,119
plus,4165,65
plus,4166,125
plus,4167,119
plus,4168,177
plus,4169,177
plus,4170,109
plus,4171,172
plus,4172,107
plus,4173,233
plus,4174,146
plus,4175,326
plus,4176,120
plus,4177,236
plus,4178,121
plus,4179,41
plus,4180,143
plus,4181,76
plus,4182,70
plus,4183,107
plus,4184,106
plus,4185,225
plus,4186,176
plus,4187,123
plus,4188,93
plus,4189,119
plus,4190,106
plus,4191,92
plus,4192,230
plus,4193,140
plus,4194,107
plus,4195,45
plus,4196,107
plus,4197,109
plus,4198,124
plus,4199,120
plus,4200,142
plus,4201,171
plus,4202,58
plus,4203,84
plus,4204,180
plus,4205,149
plus,4206,122
plus,4207,108
plus,4208,124
plus,4209,226
plus,4210,176
plus,4211,123
plus,4212,175
plus,4213,237
plus,4214,317
plus,4215,147
plus,4216,336
plus,4217,92
plus,4218,107
plus,4219,174
plus,4220,122
plus,4221,179
plus,4222,320
plus,4223,124
plus,4224,122
plus,4225,83
plus,4226,60
plus,4227,229
plus,4228,179
plus,4229,226
plus,4230,235
plus,4231,92
plus,4232,230
plus,4233,178
plus,4234,125
plus,4235,146
plus,4236,125
plus,4237,124
plus,4238,107
plus,4239,76
plus,4240,48
plus,4241,179
plus,4242,83
plus,4243,175
plus,4244,63
plus,4245,117
plus,4246,96
plus,4247,109
plus,4248,175
plus,4249,73
plus,4250,180
plus,4251,145
plus,4252,124
plus,4253,91
plus,4254,143
plus,4255,227
plus,4256,83
plus,4257,122
plus,4258,234
plus,4259,111
plus,4260,324
plus,4261,143
plus,4262,142
plus,4263,83
plus,4264,122
plus,4265,69
plus,4266,180
plus,4267,109
plus,4268,179
plus,4269,145
plus,4270,105
plus,4271,144
plus,4272,120
plus,4273,103
plus,4274,96
plus,4275,143
plus,4276,74
plus,4277,105
plus,4278,145
plus,4279,144
plus,4280,97
plus,4281,105
plus,4282,122
plus,4283,95
plus,4284,121
plus,4285,178
plus,4286,119
plus,4287,179
plus,4288,108
plus,4289,179
plus,4290,119
plus,4291,147
plus,4292,77
plus,4293,38
plus,4294,145
plus,4295,71
plus,4296,186
plus,4297,175
plus,4298,179
plus,4299,42
plus,4300,123
plus,4301,177
plus,4302,137
plus,4303,93
plus,4304,180
plus,4305,231
plus,4306,121
plus,4307,107
plus,4308,147
plus,4309,57
plus,4310,119
plus,4311,188
plus,4312,225
plus,4313,122
plus,4314,176
plus,4315,119
plus,4316,107
plus,4317,119
plus,4318,230
plus,4319,176
plus,4320,236
plus,4321,171
plus,4322,226
plus,4323,227
plus,4324,42
plus,4325,146
plus,4326,120
plus,4327,182
plus,4328,105
plus,4329,232
plus,4330,78
plus,4331,96
plus,4332,105
plus,4333,124
plus,4334,107
plus,4335,172
plus,4336,176
plus,4337,82
plus,4338,59
plus,4339,179
plus,4340,337
plus,4341,106
plus,4342,144
plus,4343,123
plus,4344,180
plus,4345,149
plus,4346,337
plus,4347,84
plus,4348,143
plus,4349,109
plus,4350,46
plus,4351,96
plus,4352,90
plus,4353,125
plus,4354,123
plus,4355,147
plus,4356,178
plus,4357,177
plus,4358,181
plus,4359,146
plus,4360,146
plus,4361,145
plus,4362,110
plus,4363,120
plus,4364,92
plus,4365,77
plus,4366,74
plus,4367,120
plus,4368,121
plus,4369,224
plus,4370,105
plus,4371,171
plus,4372,117
plus,4373,177
plus,4374,180
plus,4375,181
plus,4376,183
plus,4377,96
plus,4378,177
plus,4379,122
plus,4380,174
plus,4381,76
plus,4382,97
plus,4383,176
plus,4384,84
plus,4385,238
plus,4386,91
plus,4387,187
plus,4388,82
plus,4389,108
plus,4390,118
plus,4391,327
plus,4392,231
plus,4393,229
plus,4394,95
plus,4395,93
plus,4396,93
plus,4397,96
plus,4398,120
plus,4399,228
plus,4400,221
plus,4401,127
plus,4402,218
plus,4403,183
plus,4404,181
plus,4405,330
plus,4406,333
plus,4407,68
plus,4408,123
plus,4409,121
plus,4410,124
plus,4411,109
plus,4412,144
plus,4413,124
plus,4414,75
plus,4415,69
plus,4416,123
plus,4417,181
plus,4418,91
plus,4419,125
plus,4420,126
plus,4421,120
plus,4422,84
plus,4423,64
plus,4424,228
plus,4425,86
plus,4426,180
plus,4427,84
plus,4428,231
plus,4429,120
plus,4430,180
plus,4431,234
plus,4432,96
plus,4433,144
plus,4434,119
plus,4435,229
plus,4436,177
plus,4437,25
plus,4438,82
plus,4439,104
plus,4440,228
plus,4441,143
plus,4442,83
plus,4443,140
plus,4444,145
plus,4445,84
plus,4446,143
plus,4447,178
plus,4448,97
plus,4449,325
plus,4450,175
plus,4451,178
plus,4452,93
plus,4453,33
plus,4454,122
plus,4455,146
plus,4456,48
plus,4457,108
plus,4458,83
plus,4459,83
plus,4460,230
plus,4461,180
plus,4462,173
plus,4463,126
plus,4464,108
plus,4465,230
plus,4466,231
plus,4467,185
plus,4468,64
plus,4469,178
plus,4470,145
plus,4471,228
plus,4472,107
plus,4473,226
plus,4474,118
plus,4475,140
plus,4476,49
plus,4477,109
plus,4478,186
plus,4479,319
plus,4480,82
plus,4481,333
plus,4482,143
plus,4483,75
plus,4484,226
plus,4485,236
plus,4486,76
plus,4487,129
plus,4488,176
plus,4489,174
plus,4490,75
plus,4491,146
plus,4492,93
plus,4493,64
plus,4494,93
plus,4495,63
plus,4496,180
plus,4497,105
plus,4498,233
plus,4499,108
plus,4500,71
plus,4501,179
plus,4502,95
plus,4503,45
plus,4504,177
plus,4505,143
plus,4506,85
plus,4507,147
plus,4508,110
plus,4509,178
plus,4510,147
plus,4511,146
plus,4512,230
plus,4513,177
plus,4514,121
plus,4515,75
plus,4516,151
plus,4517,179
plus,4518,119
plus,4519,144
plus,4520,180
plus,4521,144
plus,4522,63
plus,4523,178
plus,4524,180
plus,4525,232
plus,4526,185
plus,4527,145
plus,4528,147
plus,4529,122
plus,4530,92
plus,4531,122
plus,4532,124
plus,4533,63
plus,4534,105
plus,4535,143
plus,4536,78
plus,4537,105
plus,4538,109
plus,4539,64
plus,4540,144
plus,4541,45
plus,4542,118
plus,4543,143
plus,4544,126
plus,4545,183
plus,4546,120
plus,4547,75
plus,4548,172
plus,4549,141
plus,4550,320
plus,4551,148
plus,4552,107
plus,4553,125
plus,4554,146
plus,4555,97
plus,4556,179
plus,4557,105
plus,4558,179
plus,4559,103
plus,4560,228
plus,4561,55
plus,4562,122
plus,4563,143
plus,4564,143
plus,4565,69
plus,4566,92
plus,4567,180
plus,4568,174
plus,4569,229
plus,4570,123
plus,4571,123
plus,4572,58
plus,4573,107
plus,4574,177
plus,4575,177
plus,4576,182
plus,4577,333
plus,4578,94
plus,4579,146
plus,4580,229
plus,4581,73
plus,4582,144
plus,4583,180
plus,4584,124
plus,4585,146
plus,4586,48
plus,4587,180
plus,4588,178
plus,4589,226
plus,4590,60
plus,4591,92
plus,4592,231
plus,4593,178
plus,4594,83
plus,4595,230
plus,4596,55
plus,4597,177
plus,4598,176
plus,4599,221
plus,4600,83
plus,4601,108
plus,4602,120
plus,4603,180
plus,4604,144
plus,4605,178
plus,4606,180
plus,4607,96
plus,4608,76
plus,4609,124
plus,4610,177
plus,4611,122
plus,4612,49
plus,4613,56
plus,4614,178
plus,4615,124
plus,4616,231
plus,4617,234
plus,4618,124
plus,4619,94
plus,4620,95
plus,4621,234
plus,4622,54
plus,4623,174
plus,4624,236
plus,4625,95
plus,4626,125
plus,4627,41
plus,4628,143
plus,4629,178
plus,4630,93
plus,4631,107
plus,4632,324
plus,4633,41
plus,4634,172
plus,4635,143
plus,4636,124
plus,4637,78
plus,4638,124
plus,4639,33
plus,4640,70
plus,4641,148
plus,4642,95
plus,4643,142
plus,4644,143
plus,4645,84
plus,4646,183
plus,4647,77
plus,4648,82
plus,4649,180
plus,4650,84
plus,4651,85
plus,4652,62
plus,4653,121
plus,4654,120
plus,4655,147
plus,4656,105
plus,4657,178
plus,4658,108
plus,4659,86
plus,4660,64
plus,4661,84
plus,4662,103
plus,4663,105
plus,4664,120
plus,4665,122
plus,4666,148
plus,4667,177
plus,4668,173
plus,4669,41
plus,4670,120
plus,4671,124
plus,4672,230
plus,4673,94
plus,4674,238
plus,4675,224
plus,4676,92
plus,4677,54
plus,4678,184
plus,4679,122
plus,4680,82
plus,4681,106
plus,4682,147
plus,4683,118
plus,4684,107
plus,4685,172
plus,4686,142
plus,4687,121
plus,4688,140
plus,4689,109
plus,4690,106
plus,4691,92
plus,4692,229
plus,4693,176
plus,4694,107
plus,4695,108
plus,4696,177
plus,4697,178
plus,4698,145
plus,4699,178
plus,4700,107
plus,4701,238
plus,4702,142
plus,4703,178
plus,4704,177
plus,4705,145
plus,4706,225
plus,4707,105
plus,4708,226
plus,4709,231
plus,4710,64
plus,4711,230
plus,4712,146
plus,4713,144
plus,4714,174
plus,4715,121
plus,4716,147
plus,4717,229
plus,4718,143
plus,4719,231
plus,4720,230
plus,4721,230
plus,4722,147
plus,4723,181
plus,4724,147
plus,4725,122
plus,4726,141
plus,4727,119
plus,4728,76
plus,4729,145
plus,4730,107
plus,4731,176
plus,4732,49
plus,4733,221
plus,4734,82
plus,4735,94
plus,4736,70
plus,4737,173
plus,4738,148
plus,4739,177
plus,4740,118
plus,4741,120
plus,4742,230
plus,4743,179
plus,4744,146
plus,4745,330
plus,4746,105
plus,4747,77
plus,4748,227
plus,4749,89
plus,4750,178
plus,4751,228
plus,4752,147
plus,4753,142
plus,4754,148
plus,4755,221
plus,4756,58
plus,4757,142
plus,4758,180
plus,4759,84
plus,4760,143
plus,4761,142
plus,4762,224
plus,4763,121
plus,4764,104
plus,4765,229
plus,4766,120
plus,4767,103
plus,4768,178
plus,4769,59
plus,4770,180
plus,4771,150
plus,4772,118
plus,4773,75
plus,4774,323
plus,4775,41
plus,4776,141
plus,4777,122
plus,4778,123
plus,4779,183
plus,4780,38
plus,4781,121
plus,4782,180
plus,4783,94
plus,4784,145
plus,4785,125
plus,4786,81
plus,4787,323
plus,4788,125
plus,4789,123
plus,4790,144
plus,4791,171
plus,4792,108
plus,4793,77
plus,4794,225
plus,4795,172
plus,4796,63
plus,4797,144
plus,4798,62
plus,4799,145
plus,4800,225
plus,4801,93
plus,4802,33
plus,4803,56
plus,4804,150
plus,4805,224
plus,4806,183
plus,4807,319
plus,4808,104
plus,4809,228
plus,4810,227
plus,4811,106
plus,4812,63
plus,4813,143
plus,4814,95
plus,4815,107
plus,4816,172
plus,4817,173
plus,4818,89
plus,4819,177
plus,4820,177
plus,4821,323
plus,4822,145
plus,4823,176
plus,4824,142
plus,4825,124
plus,4826,104
plus,4827,59
plus,4828,96
plus,4829,94
plus,4830,176
plus,4831,144
plus,4832,89
plus,4833,60
plus,4834,93
plus,4835,44
plus,4836,83
plus,4837,107
plus,4838,121
plus,4839,93
plus,4840,55
plus,4841,125
plus,4842,225
plus,4843,60
plus,4844,71
plus,4845,58
plus,4846,145
plus,4847,176
plus,4848,240
plus,4849,83
plus,4850,175
plus,4851,174
plus,4852,319
plus,4853,116
plus,4854,179
plus,4855,145
plus,4856,176
plus,4857,92
plus,4858,106
plus,4859,121
plus,4860,82
plus,4861,143
plus,4862,63
plus,4863,64
plus,4864,124
plus,4865,178
plus,4866,144
plus,4867,147
plus,4868,123
plus,4869,120
plus,4870,145
plus,4871,120
plus,4872,145
plus,4873,94
plus,4874,143
plus,4875,178
plus,4876,146
plus,4877,123
plus,4878,181
plus,4879,178
plus,4880,121
plus,4881,85
plus,4882,85
plus,4883,60
plus,4884,126
plus,4885,329
plus,4886,175
plus,4887,147
plus,4888,70
plus,4889,63
plus,4890,230
plus,4891,144
plus,4892,69
plus,4893,46
plus,4894,66
plus,4895,231
plus,4896,106
plus,4897,180
plus,4898,319
plus,4899,108
plus,4900,118
plus,4901,122
plus,4902,70
plus,4903,145
plus,4904,120
plus,4905,107
plus,4906,97
plus,4907,107
plus,4908,106
plus,4909,106
plus,4910,105
plus,4911,124
plus,4912,103
plus,4913,334
plus,4914,178
plus,4915,146
plus,4916,120
plus,4917,148
plus,4918,123
plus,4919,145
plus,4920,123
plus,4921,90
plus,4922,140
plus,4923,177
plus,4924,147
plus,4925,107
plus,4926,122
plus,4927,105
plus,4928,55
plus,4929,121
plus,4930,103
plus,4931,119
plus,4932,103
plus,4933,125
plus,4934,119
plus,4935,227
plus,4936,102
plus,4937,178
plus,4938,121
plus,4939,118
plus,4940,173
plus,4941,103
plus,4942,321
plus,4943,121
plus,4944,327
plus,4945,141
plus,4946,147
plus,4947,106
plus,4948,180
plus,4949,184
plus,4950,225
plus,4951,95
plus,4952,177
plus,4953,181
plus,4954,122
plus,4955,85
plus,4956,93
plus,4957,96
plus,4958,179
plus,4959,122
plus,4960,180
plus,4961,144
plus,4962,82
plus,4963,124
plus,4964,221
plus,4965,62
plus,4966,76
plus,4967,95
plus,4968,338
plus,4969,85
plus,4970,120
plus,4971,90
plus,4972,78
plus,4973,145
plus,4974,140
plus,4975,176
plus,4976,85
plus,4977,174
plus,4978,226
plus,4979,176
plus,4980,144
plus,4981,64
plus,4982,177
plus,4983,142
plus,4984,49
plus,4985,120
plus,4986,171
plus,4987,109
plus,4988,173
plus,4989,228
plus,4990,127
plus,4991,85
plus,4992,146
plus,4993,176
plus,4994,64
plus,4995,96
plus,4996,71
plus,4997,229
plus,4998,144
plus,4999,76
plus,5000,175
plus,5001,144
plus,5002,95
plus,5003,82
plus,5004,181
plus,5005,95
plus,5006,174
plus,5007,107
plus,5008,78
plus,5009,92
plus,5010,75
plus,5011,179
plus,5012,227
plus,5013,104
plus,5014,232
plus,5015,76
plus,5016,64
plus,5017,234
plus,5018,143
plus,5019,92
plus,5020,148
plus,5021,42
plus,5022,118
plus,5023,144
plus,5024,324
plus,5025,226
plus,5026,176
plus,5027,108
plus,5028,176
plus,5029,177
plus,5030,120
plus,5031,122
plus,5032,142
plus,5033,81
plus,5034,70
plus,5035,122
plus,5036,123
plus,5037,108
plus,5038,121
plus,5039,224
plus,5040,124
plus,5041,93
plus,5042,63
plus,5043,118
plus,5044,124
plus,5045,140
plus,5046,91
plus,5047,78
plus,5048,105
plus,5049,168
plus,5050,96
plus,5051,146
plus,5052,321
plus,5053,176
plus,5054,128
plus,5055,125
plus,5056,180
plus,5057,125
plus,5058,123
plus,5059,145
plus,5060,145
plus,5061,144
plus,5062,174
plus,5063,179
plus,5064,105
plus,5065,144
plus,5066,108
plus,5067,83
plus,5068,178
plus,5069,176
plus,5070,125
plus,5071,125
plus,5072,183
plus,5073,69
plus,5074,68
plus,5075,54
plus,5076,90
plus,5077,122
plus,5078,145
plus,5079,119
plus,5080,146
plus,5081,103
plus,5082,238
plus,5083,89
plus,5084,55
plus,5085,58
plus,5086,107
plus,5087,234
plus,5088,118
plus,5089,145
plus,5090,121
plus,5091,177
plus,5092,84
plus,5093,95
plus,5094,229
plus,5095,176
plus,5096,94
plus,5097,175
plus,5098,63
plus,5099,124
plus,5100,172
plus,5101,142
plus,5102,119
plus,5103,124
plus,5104,94
plus,5105,107
plus,5106,228
plus,5107,120
plus,5108,320
plus,5109,84
plus,5110,70
plus,5111,178
plus,5112,223
plus,5113,80
plus,5114,177
plus,5115,120
plus,5116,178
plus,5117,81
plus,5118,32
plus,5119,41
plus,5120,120
plus,5121,178
plus,5122,108
plus,5123,144
plus,5124,145
plus,5125,106
plus,5126,146
plus,5127,121
plus,5128,171
plus,5129,231
plus,5130,145
plus,5131,144
plus,5132,176
plus,5133,324
plus,5134,108
plus,5135,124
plus,5136,59
plus,5137,123
plus,5138,110
plus,5139,71
plus,5140,62
plus,5141,127
plus,5142,147
plus,5143,123
plus,5144,120
plus,5145,75
plus,5146,121
plus,5147,232
plus,5148,82
plus,5149,108
plus,5150,118
plus,5151,91
plus,5152,105
plus,5153,70
plus,5154,145
plus,5155,144
plus,5156,234
plus,5157,144
plus,5158,94
plus,5159,70
plus,5160,25
plus,5161,179
plus,5162,177
plus,5163,222
plus,5164,126
plus,5165,145
plus,5166,63
plus,5167,122
plus,5168,124
plus,5169,148
plus,5170,85
plus,5171,93
plus,5172,37
plus,5173,104
plus,5174,236
plus,5175,76
plus,5176,85
plus,5177,121
plus,5178,119
plus,5179,123
plus,5180,176
plus,5181,59
plus,5182,94
plus,5183,223
plus,5184,321
plus,5185,76
plus,5186,83
plus,5187,96
plus,5188,77
plus,5189,120
plus,5190,82
plus,5191,80
plus,5192,181
plus,5193,143
plus,5194,146
plus,5195,68
plus,5196,230
plus,5197,74
plus,5198,118
plus,5199,41
plus,5200,180
plus,5201,142
plus,5202,55
plus,5203,147
plus,5204,126
plus,5205,48
plus,5206,123
plus,5207,91
plus,5208,335
plus,5209,233
plus,5210,175
plus,5211,179
plus,5212,144
plus,5213,226
plus,5214,123
plus,5215,237
plus,5216,148
plus,5217,123
plus,5218,185
plus,5219,147
plus,5220,232
plus,5221,60
plus,5222,120
plus,5223,176
plus,5224,60
plus,5225,121
plus,5226,122
plus,5227,124
plus,5228,143
plus,5229,95
plus,5230,93
plus,5231,226
plus,5232,142
plus,5233,104
plus,5234,122
plus,5235,125
plus,5236,171
plus,5237,182
plus,5238,225
plus,5239,108
plus,5240,94
plus,5241,223
plus,5242,76
plus,5243,148
plus,5244,122
plus,5245,175
plus,5246,229
plus,5247,183
plus,5248,120
plus,5249,179
plus,5250,63
plus,5251,147
plus,5252,321
plus,5253,121
plus,5254,147
plus,5255,77
plus,5256,30
plus,5257,142
plus,5258,122
plus,5259,147
plus,5260,114
plus,5261,328
plus,5262,125
plus,5263,143
plus,5264,178
plus,5265,147
plus,5266,339
plus,5267,54
plus,5268,106
plus,5269,175
plus,5270,106
plus,5271,85
plus,5272,145
plus,5273,80
plus,5274,142
plus,5275,143
plus,5276,144
plus,5277,122
plus,5278,178
plus,5279,107
plus,5280,65
plus,5281,224
plus,5282,177
plus,5283,84
plus,5284,145
plus,5285,177
plus,5286,106
plus,5287,90
plus,5288,122
plus,5289,177
plus,5290,126
plus,5291,42
plus,5292,106
plus,5293,107
plus,5294,91
plus,5295,182
plus,5296,107
plus,5297,174
plus,5298,69
plus,5299,118
plus,5300,143
plus,5301,145
plus,5302,123
plus,5303,94
plus,5304,229
plus,5305,147
plus,5306,317
plus,5307,173
plus,5308,185
plus,5309,118
plus,5310,120
plus,5311,117
plus,5312,150
plus,5313,84
plus,5314,63
plus,5315,224
plus,5316,180
plus,5317,123
plus,5318,173
plus,5319,149
plus,5320,92
plus,5321,147
plus,5322,147
plus,5323,124
plus,5324,103
plus,5325,123
plus,5326,177
plus,5327,94
plus,5328,124
plus,5329,144
plus,5330,107
plus,5331,82
plus,5332,175
plus,5333,173
plus,5334,177
plus,5335,74
plus,5336,179
plus,5337,147
plus,5338,181
plus,5339,107
plus,5340,93
plus,5341,175
plus,5342,121
plus,5343,222
plus,5344,180
plus,5345,174
plus,5346,92
plus,5347,237
plus,5348,76
plus,5349,142
plus,5350,237
plus,5351,80
plus,5352,147
plus,5353,146
plus,5354,49
plus,5355,121
plus,5356,147
plus,5357,228
plus,5358,178
plus,5359,140
plus,5360,95
plus,5361,77
plus,5362,81
plus,5363,180
plus,5364,180
plus,5365,181
plus,5366,144
plus,5367,146
plus,5368,178
plus,5369,146
plus,5370,177
plus,5371,103
plus,5372,230
plus,5373,181
plus,5374,171
plus,5375,121
plus,5376,64
plus,5377,83
plus,5378,147
plus,5379,178
plus,5380,142
plus,5381,118
plus,5382,179
plus,5383,95
plus,5384,122
plus,5385,176
plus,5386,95
plus,5387,109
plus,5388,174
plus,5389,42
plus,5390,85
plus,5391,84
plus,5392,177
plus,5393,328
plus,5394,104
plus,5395,177
plus,5396,119
plus,5397,94
plus,5398,120
plus,5399,107
plus,5400,143
plus,5401,109
plus,5402,65
plus,5403,65
plus,5404,49
plus,5405,22
plus,5406,144
plus,5407,142
plus,5408,142
plus,5409,85
plus,5410,121
plus,5411,176
plus,5412,77
plus,5413,45
plus,5414,121
plus,5415,325
plus,5416,224
plus,5417,122
plus,5418,123
plus,5419,146
plus,5420,103
plus,5421,144
plus,5422,121
plus,5423,142
plus,5424,92
plus,5425,70
plus,5426,124
plus,5427,144
plus,5428,119
plus,5429,180
plus,5430,144
plus,5431,104
plus,5432,64
plus,5433,173
plus,5434,75
plus,5435,176
plus,5436,175
plus,5437,120
plus,5438,229
plus,5439,119
plus,5440,77
plus,5441,149
plus,5442,145
plus,5443,322
plus,5444,147
plus,5445,61
plus,5446,228
plus,5447,177
plus,5448,229
plus,5449,122
plus,5450,105
plus,5451,92
plus,5452,147
plus,5453,176
plus,5454,228
plus,5455,124
plus,5456,61
plus,5457,109
plus,5458,122
plus,5459,107
plus,5460,122
plus,5461,58
plus,5462,142
plus,5463,104
plus,5464,33
plus,5465,176
plus,5466,76
plus,5467,85
plus,5468,148
plus,5469,121
plus,5470,146
plus,5471,177
plus,5472,122
plus,5473,146
plus,5474,62
plus,5475,121
plus,5476,332
plus,5477,233
plus,5478,145
plus,5479,82
plus,5480,102
plus,5481,76
plus,5482,227
plus,5483,107
plus,5484,94
plus,5485,94
plus,5486,326
plus,5487,139
plus,5488,143
plus,5489,146
plus,5490,178
plus,5491,144
plus,5492,176
plus,5493,321
plus,5494,177
plus,5495,93
plus,5496,229
plus,5497,177
plus,5498,178
plus,5499,83
plus,5500,324
plus,5501,92
plus,5502,120
plus,5503,127
plus,5504,178
plus,5505,148
plus,5506,176
plus,5507,178
plus,5508,176
plus,5509,106
plus,5510,123
plus,5511,22
plus,5512,46
plus,5513,64
plus,5514,175
plus,5515,176
plus,5516,178
plus,5517,127
plus,5518,182
plus,5519,96
plus,5520,230
plus,5521,177
plus,5522,77
plus,5523,61
plus,5524,122
plus,5525,74
plus,5526,142
plus,5527,175
plus,5528,147
plus,5529,239
plus,5530,175
plus,5531,124
plus,5532,143
plus,5533,175
plus,5534,235
plus,5535,231
plus,5536,141
plus,5537,174
plus,5538,121
plus,5539,49
plus,5540,141
plus,5541,149
plus,5542,174
plus,5543,75
plus,5544,226
plus,5545,75
plus,5546,106
plus,5547,77
plus,5548,104
plus,5549,121
plus,5550,175
plus,5551,70
plus,5552,139
plus,5553,175
plus,5554,107
plus,5555,78
plus,5556,224
plus,5557,229
plus,5558,226
plus,5559,175
plus,5560,147
plus,5561,227
plus,5562,125
plus,5563,120
plus,5564,230
plus,5565,84
plus,5566,178
plus,5567,82
plus,5568,141
plus,5569,118
plus,5570,236
plus,5571,118
plus,5572,144
plus,5573,173
plus,5574,226
plus,5575,145
plus,5576,149
plus,5577,175
plus,5578,142
plus,5579,232
plus,5580,141
plus,5581,146
plus,5582,121
plus,5583,84
plus,5584,330
plus,5585,178
plus,5586,119
plus,5587,94
plus,5588,105
plus,5589,60
plus,5590,239
plus,5591,110
plus,5592,76
plus,5593,95
plus,5594,147
plus,5595,234
plus,5596,227
plus,5597,37
plus,5598,121
plus,5599,180
plus,5600,173
plus,5601,225
plus,5602,105
plus,5603,91
plus,5604,84
plus,5605,229
plus,5606,55
plus,5607,57
plus,5608,176
plus,5609,73
plus,5610,180
plus,5611,105
plus,5612,225
plus,5613,105
plus,5614,176
plus,5615,92
plus,5616,231
plus,5617,93
plus,5618,148
plus,5619,179
plus,5620,142
plus,5621,181
plus,5622,106
plus,5623,81
plus,5624,182
plus,5625,69
plus,5626,147
plus,5627,144
plus,5628,93
plus,5629,76
plus,5630,38
plus,5631,45
plus,5632,120
plus,5633,227
plus,5634,42
plus,5635,142
plus,5636,176
plus,5637,107
plus,5638,145
plus,5639,76
plus,5640,105
plus,5641,181
plus,5642,85
plus,5643,64
plus,5644,234
plus,5645,233
plus,5646,139
plus,5647,181
plus,5648,125
plus,5649,106
plus,5650,225
plus,5651,123
plus,5652,140
plus,5653,174
plus,5654,226
plus,5655,143
plus,5656,96
plus,5657,123
plus,5658,121
plus,5659,124
plus,5660,172
plus,5661,144
plus,5662,182
plus,5663,144
plus,5664,225
plus,5665,179
plus,5666,123
plus,5667,176
plus,5668,180
plus,5669,110
plus,5670,105
plus,5671,144
plus,5672,106
plus,5673,178
plus,5674,329
plus,5675,186
plus,5676,226
plus,5677,95
plus,5678,125
plus,5679,229
plus,5680,225
plus,5681,177
plus,5682,127
plus,5683,142
plus,5684,45
plus,5685,42
plus,5686,82
plus,5687,143
plus,5688,233
plus,5689,229
plus,5690,76
plus,5691,180
plus,5692,181
plus,5693,83
plus,5694,174
plus,5695,121
plus,5696,83
plus,5697,75
plus,5698,71
plus,5699,231
plus,5700,179
plus,5701,84
plus,5702,122
plus,5703,30
plus,5704,91
plus,5705,223
plus,5706,225
plus,5707,93
plus,5708,231
plus,5709,104
plus,5710,123
plus,5711,122
plus,5712,177
plus,5713,76
plus,5714,231
plus,5715,225
plus,5716,175
plus,5717,142
plus,5718,173
plus,5719,233
plus,5720,142
plus,5721,69
plus,5722,122
plus,5723,92
plus,5724,325
plus,5725,120
plus,5726,175
plus,5727,224
plus,5728,63
plus,5729,120
plus,5730,122
plus,5731,70
plus,5732,145
plus,5733,118
plus,5734,143
plus,5735,170
plus,5736,82
plus,5737,146
plus,5738,105
plus,5739,180
plus,5740,146
plus,5741,237
plus,5742,237
plus,5743,146
plus,5744,224
plus,5745,64
plus,5746,145
plus,5747,123
plus,5748,226
plus,5749,227
plus,5750,120
plus,5751,233
plus,5752,179
plus,5753,37
plus,5754,143
plus,5755,146
plus,5756,229
plus,5757,76
plus,5758,172
plus,5759,329
plus,5760,236
plus,5761,121
plus,5762,178
plus,5763,227
plus,5764,178
plus,5765,178
plus,5766,141
plus,5767,231
plus,5768,144
plus,5769,83
plus,5770,238
plus,5771,76
plus,5772,144
plus,5773,148
plus,5774,108
plus,5775,116
plus,5776,106
plus,5777,120
plus,5778,41
plus,5779,147
plus,5780,144
plus,5781,120
plus,5782,148
plus,5783,77
plus,5784,83
plus,5785,175
plus,5786,92
plus,5787,236
plus,5788,124
plus,5789,110
plus,5790,177
plus,5791,179
plus,5792,123
plus,5793,147
plus,5794,177
plus,5795,173
plus,5796,148
plus,5797,42
plus,5798,143
plus,5799,175
plus,5800,181
plus,5801,107
plus,5802,108
plus,5803,123
plus,5804,178
plus,5805,172
plus,5806,118
plus,5807,60
plus,5808,144
plus,5809,106
plus,5810,94
plus,5811,105
plus,5812,92
plus,5813,147
plus,5814,150
plus,5815,181
plus,5816,173
plus,5817,83
plus,5818,325
plus,5819,149
plus,5820,123
plus,5821,149
plus,5822,91
plus,5823,229
plus,5824,106
plus,5825,92
plus,5826,107
plus,5827,184
plus,5828,147
plus,5829,180
plus,5830,141
plus,5831,64
plus,5832,121
plus,5833,176
plus,5834,142
plus,5835,120
plus,5836,84
plus,5837,180
plus,5838,173
plus,5839,107
plus,5840,124
plus,5841,104
plus,5842,94
plus,5843,175
plus,5844,326
plus,5845,180
plus,5846,147
plus,5847,174
plus,5848,76
plus,5849,145
plus,5850,143
plus,5851,143
plus,5852,121
plus,5853,64
plus,5854,238
plus,5855,123
plus,5856,92
plus,5857,145
plus,5858,145
plus,5859,83
plus,5860,175
plus,5861,105
plus,5862,176
plus,5863,107
plus,5864,107
plus,5865,176
plus,5866,106
plus,5867,82
plus,5868,141
plus,5869,179
plus,5870,173
plus,5871,75
plus,5872,174
plus,5873,231
plus,5874,179
plus,5875,180
plus,5876,142
plus,5877,181
plus,5878,231
plus,5879,92
plus,5880,148
plus,5881,74
plus,5882,76
plus,5883,140
plus,5884,227
plus,5885,121
plus,5886,127
plus,5887,120
plus,5888,173
plus,5889,106
plus,5890,125
plus,5891,49
plus,5892,82
plus,5893,226
plus,5894,91
plus,5895,71
plus,5896,175
plus,5897,142
plus,5898,225
plus,5899,324
plus,5900,179
plus,5901,179
plus,5902,180
plus,5903,124
plus,5904,180
plus,5905,236
plus,5906,60
plus,5907,105
plus,5908,145
plus,5909,121
plus,5910,144
plus,5911,184
plus,5912,143
plus,5913,107
plus,5914,141
plus,5915,238
plus,5916,220
plus,5917,325
plus,5918,144
plus,5919,180
plus,5920,95
plus,5921,95
plus,5922,125
plus,5923,227
plus,5924,321
plus,5925,84
plus,5926,74
plus,5927,30
plus,5928,39
plus,5929,178
plus,5930,147
plus,5931,120
plus,5932,105
plus,5933,78
plus,5934,95
plus,5935,143
plus,5936,45
plus,5937,178
plus,5938,109
plus,5939,228
plus,5940,173
plus,5941,147
plus,5942,179
plus,5943,47
plus,5944,225
plus,5945,175
plus,5946,148
plus,5947,229
plus,5948,121
plus,5949,144
plus,5950,107
plus,5951,94
plus,5952,120
plus,5953,231
plus,5954,232
plus,5955,144
plus,5956,76
plus,5957,228
plus,5958,177
plus,5959,94
plus,5960,77
plus,5961,221
plus,5962,148
plus,5963,120
plus,5964,325
plus,5965,183
plus,5966,185
plus,5967,105
plus,5968,343
plus,5969,106
plus,5970,146
plus,5971,228
plus,5972,93
plus,5973,92
plus,5974,94
plus,5975,177
plus,5976,96
plus,5977,141
plus,5978,146
plus,5979,117
plus,5980,149
plus,5981,327
plus,5982,143
plus,5983,144
plus,5984,175
plus,5985,106
plus,5986,122
plus,5987,141
plus,5988,180
plus,5989,181
plus,5990,126
plus,5991,123
plus,5992,76
plus,5993,84
plus,5994,63
plus,5995,121
plus,5996,122
plus,5997,123
plus,5998,142
plus,5999,106
plus,6000,122
plus,6001,120
plus,6002,106
plus,6003,180
plus,6004,88
plus,6005,106
plus,6006,332
plus,6007,176
plus,6008,120
plus,6009,121
plus,6010,148
plus,6011,85
plus,6012,175
plus,6013,121
plus,6014,85
plus,6015,228
plus,6016,147
plus,6017,124
plus,6018,76
plus,6019,230
plus,6020,149
plus,6021,233
plus,6022,177
plus,6023,122
plus,6024,147
plus,6025,147
plus,6026,240
plus,6027,95
plus,6028,183
plus,6029,181
plus,6030,178
plus,6031,60
plus,6032,185
plus,6033,180
plus,6034,228
plus,6035,106
plus,6036,90
plus,6037,60
plus,6038,178
plus,6039,83
plus,6040,146
plus,6041,233
plus,6042,85
plus,6043,174
plus,6044,107
plus,6045,147
plus,6046,146
plus,6047,227
plus,6048,106
plus,6049,228
plus,6050,121
plus,6051,122
plus,6052,122
plus,6053,174
plus,6054,107
plus,6055,70
plus,6056,68
plus,6057,149
plus,6058,77
plus,6059,77
plus,6060,121
plus,6061,105
plus,6062,95
plus,6063,116
plus,6064,175
plus,6065,229
plus,6066,229
plus,6067,227
plus,6068,106
plus,6069,94
plus,6070,185
plus,6071,179
plus,6072,120
plus,6073,180
plus,6074,223
plus,6075,85
plus,6076,149
plus,6077,123
plus,6078,171
plus,6079,41
plus,6080,178
plus,6081,142
plus,6082,122
plus,6083,82
plus,6084,84
plus,6085,326
plus,6086,124
plus,6087,62
plus,6088,231
plus,6089,232
plus,6090,42
plus,6091,325
plus,6092,146
plus,6093,94
plus,6094,176
plus,6095,176
plus,6096,93
plus,6097,127
plus,6098,146
plus,6099,179
plus,6100,91
plus,6101,108
plus,6102,64
plus,6103,123
plus,6104,70
plus,6105,232
plus,6106,177
plus,6107,224
plus,6108,121
plus,6109,232
plus,6110,146
plus,6111,125
plus,6112,119
plus,6113,149
plus,6114,83
plus,6115,226
plus,6116,226
plus,6117,124
plus,6118,94
plus,6119,225
plus,6120,119
plus,6121,142
plus,6122,180
plus,6123,69
plus,6124,125
plus,6125,179
plus,6126,177
plus,6127,174
plus,6128,56
plus,6129,182
plus,6130,65
plus,6131,63
plus,6132,179
plus,6133,181
plus,6134,83
plus,6135,119
plus,6136,146
plus,6137,33
plus,6138,228
plus,6139,146
plus,6140,106
plus,6141,119
plus,6142,38
plus,6143,227
plus,6144,176
plus,6145,171
plus,6146,179
plus,6147,83
plus,6148,124
plus,6149,145
plus,6150,128
plus,6151,576
plus,6152,146
plus,6153,143
plus,6154,174
plus,6155,177
plus,6156,181
plus,6157,60
plus,6158,146
plus,6159,95
plus,6160,94
plus,6161,324
plus,6162,93
plus,6163,141
plus,6164,95
plus,6165,126
plus,6166,147
plus,6167,178
plus,6168,104
plus,6169,144
plus,6170,82
plus,6171,123
plus,6172,178
plus,6173,123
plus,6174,180
plus,6175,122
plus,6176,142
plus,6177,97
plus,6178,146
plus,6179,182
plus,6180,144
plus,6181,142
plus,6182,182
plus,6183,143
plus,6184,228
plus,6185,178
plus,6186,94
plus,6187,172
plus,6188,143
plus,6189,321
plus,6190,92
plus,6191,147
plus,6192,94
plus,6193,93
plus,6194,105
plus,6195,122
plus,6196,172
plus,6197,29
plus,6198,64
plus,6199,107
plus,6200,106
plus,6201,107
plus,6202,46
plus,6203,222
plus,6204,147
plus,6205,94
plus,6206,234
plus,6207,84
plus,6208,144
plus,6209,122
plus,6210,69
plus,6211,325
plus,6212,94
plus,6213,38
plus,6214,142
plus,6215,64
plus,6216,181
plus,6217,148
plus,6218,126
plus,6219,76
plus,6220,107
plus,6221,151
plus,6222,81
plus,6223,120
plus,6224,92
plus,6225,93
plus,6226,143
plus,6227,108
plus,6228,322
plus,6229,109
plus,6230,232
plus,6231,174
plus,6232,222
plus,6233,121
plus,6234,77
plus,6235,140
plus,6236,228
plus,6237,119
plus,6238,83
plus,6239,106
plus,6240,64
plus,6241,178
plus,6242,120
plus,6243,86
plus,6244,318
plus,6245,119
plus,6246,85
plus,6247,144
plus,6248,140
plus,6249,144
plus,6250,142
plus,6251,103
plus,6252,63
plus,6253,235
plus,6254,56
plus,6255,126
plus,6256,119
plus,6257,184
plus,6258,107
plus,6259,181
plus,6260,91
plus,6261,120
plus,6262,64
plus,6263,142
plus,6264,231
plus,6265,139
plus,6266,179
plus,6267,96
plus,6268,104
plus,6269,63
plus,6270,62
plus,6271,320
plus,6272,38
plus,6273,330
plus,6274,142
plus,6275,183
plus,6276,82
plus,6277,178
plus,6278,122
plus,6279,92
plus,6280,120
plus,6281,58
plus,6282,83
plus,6283,89
plus,6284,106
plus,6285,229
plus,6286,121
plus,6287,176
plus,6288,122
plus,6289,83
plus,6290,58
plus,6291,104
plus,6292,178
plus,6293,143
plus,6294,174
plus,6295,237
plus,6296,177
plus,6297,146
plus,6298,107
plus,6299,334
plus,6300,231
plus,6301,70
plus,6302,139
plus,6303,177
plus,6304,333
plus,6305,109
plus,6306,82
plus,6307,110
plus,6308,109
plus,6309,143
plus,6310,177
plus,6311,59
plus,6312,326
plus,6313,89
plus,6314,90
plus,6315,147
plus,6316,142
plus,6317,149
plus,6318,143
plus,6319,148
plus,6320,145
plus,6321,96
plus,6322,146
plus,6323,108
plus,6324,178
plus,6325,228
plus,6326,176
plus,6327,45
plus,6328,75
plus,6329,121
plus,6330,94
plus,6331,177
plus,6332,105
plus,6333,171
plus,6334,173
plus,6335,107
plus,6336,146
plus,6337,175
plus,6338,141
plus,6339,120
plus,6340,119
plus,6341,146
plus,6342,81
plus,6343,175
plus,6344,230
plus,6345,120
plus,6346,69
plus,6347,76
plus,6348,126
plus,6349,226
plus,6350,225
plus,6351,119
plus,6352,142
plus,6353,336
plus,6354,184
plus,6355,577
plus,6356,147
plus,6357,82
plus,6358,173
plus,6359,143
plus,6360,175
plus,6361,228
plus,6362,229
plus,6363,126
plus,6364,144
plus,6365,107
plus,6366,181
plus,6367,227
plus,6368,181
plus,6369,148
plus,6370,82
plus,6371,228
plus,6372,94
plus,6373,173
plus,6374,83
plus,6375,82
plus,6376,178
plus,6377,65
plus,6378,125
plus,6379,234
plus,6380,144
plus,6381,93
plus,6382,170
plus,6383,107
plus,6384,143
plus,6385,229
plus,6386,103
plus,6387,77
plus,6388,93
plus,6389,144
plus,6390,238
plus,6391,122
plus,6392,323
plus,6393,87
plus,6394,121
plus,6395,63
plus,6396,95
plus,6397,149
plus,6398,144
plus,6399,77
plus,6400,95
plus,6401,234
plus,6402,106
plus,6403,147
plus,6404,108
plus,6405,322
plus,6406,70
plus,6407,94
plus,6408,126
plus,6409,179
plus,6410,105
plus,6411,144
plus,6412,142
plus,6413,92
plus,6414,70
plus,6415,121
plus,6416,71
plus,6417,144
plus,6418,177
plus,6419,123
plus,6420,65
plus,6421,122
plus,6422,180
plus,6423,93
plus,6424,147
plus,6425,119
plus,6426,143
plus,6427,102
plus,6428,122
plus,6429,143
plus,6430,144
plus,6431,90
plus,6432,121
plus,6433,175
plus,6434,178
plus,6435,145
plus,6436,62
plus,6437,122
plus,6438,121
plus,6439,64
plus,6440,85
plus,6441,224
plus,6442,120
plus,6443,62
plus,6444,230
plus,6445,142
plus,6446,143
plus,6447,120
plus,6448,178
plus,6449,95
plus,6450,117
plus,6451,182
plus,6452,92
plus,6453,230
plus,6454,143
plus,6455,180
plus,6456,81
plus,6457,33
plus,6458,179
plus,6459,178
plus,6460,123
plus,6461,225
plus,6462,177
plus,6463,179
plus,6464,83
plus,6465,145
plus,6466,85
plus,6467,178
plus,6468,143
plus,6469,92
plus,6470,70
plus,6471,95
plus,6472,117
plus,6473,106
plus,6474,78
plus,6475,146
plus,6476,144
plus,6477,230
plus,6478,122
plus,6479,105
plus,6480,38
plus,6481,108
plus,6482,178
plus,6483,93
plus,6484,237
plus,6485,125
plus,6486,143
plus,6487,81
plus,6488,107
plus,6489,91
plus,6490,141
plus,6491,120
plus,6492,144
plus,6493,79
plus,6494,126
plus,6495,121
plus,6496,145
plus,6497,122
plus,6498,177
plus,6499,85
plus,6500,143
plus,6501,123
plus,6502,112
plus,6503,222
plus,6504,120
plus,6505,236
plus,6506,85
plus,6507,182
plus,6508,105
plus,6509,180
plus,6510,231
plus,6511,183
plus,6512,148
plus,6513,95
plus,6514,234
plus,6515,143
plus,6516,83
plus,6517,84
plus,6518,227
plus,6519,105
plus,6520,56
plus,6521,145
plus,6522,83
plus,6523,118
plus,6524,171
plus,6525,325
plus,6526,173
plus,6527,123
plus,6528,92
plus,6529,326
plus,6530,64
plus,6531,176
plus,6532,63
plus,6533,81
plus,6534,121
plus,6535,60
plus,6536,64
plus,6537,107
plus,6538,93
plus,6539,123
plus,6540,229
plus,6541,82
plus,6542,237
plus,6543,181
plus,6544,107
plus,6545,92
plus,6546,226
plus,6547,122
plus,6548,108
plus,6549,176
plus,6550,94
plus,6551,179
plus,6552,42
plus,6553,118
plus,6554,122
plus,6555,121
plus,6556,228
plus,6557,126
plus,6558,147
plus,6559,142
plus,6560,108
plus,6561,147
plus,6562,77
plus,6563,95
plus,6564,76
plus,6565,177
plus,6566,180
plus,6567,123
plus,6568,85
plus,6569,221
plus,6570,146
plus,6571,121
plus,6572,72
plus,6573,121
plus,6574,122
plus,6575,227
plus,6576,176
plus,6577,180
plus,6578,168
plus,6579,228
plus,6580,178
plus,6581,75
plus,6582,176
plus,6583,69
plus,6584,182
plus,6585,103
plus,6586,175
plus,6587,123
plus,6588,119
plus,6589,123
plus,6590,227
plus,6591,83
plus,6592,117
plus,6593,146
plus,6594,181
plus,6595,109
plus,6596,117
plus,6597,171
plus,6598,222
plus,6599,125
plus,6600,123
plus,6601,143
plus,6602,232
plus,6603,176
plus,6604,126
plus,6605,45
plus,6606,48
plus,6607,176
plus,6608,148
plus,6609,139
plus,6610,145
plus,6611,95
plus,6612,140
plus,6613,85
plus,6614,145
plus,6615,107
plus,6616,126
plus,6617,77
plus,6618,72
plus,6619,331
plus,6620,108
plus,6621,173
plus,6622,122
plus,6623,83
plus,6624,117
plus,6625,173
plus,6626,70
plus,6627,123
plus,6628,91
plus,6629,144
plus,6630,146
plus,6631,105
plus,6632,145
plus,6633,108
plus,6634,83
plus,6635,230
plus,6636,121
plus,6637,83
plus,6638,177
plus,6639,58
plus,6640,108
plus,6641,148
plus,6642,125
plus,6643,70
plus,6644,143
plus,6645,142
plus,6646,121
plus,6647,143
plus,6648,56
plus,6649,177
plus,6650,77
plus,6651,147
plus,6652,327
plus,6653,174
plus,6654,239
plus,6655,61
plus,6656,147
plus,6657,121
plus,6658,147
plus,6659,124
plus,6660,118
plus,6661,179
plus,6662,109
plus,6663,145
plus,6664,107
plus,6665,109
plus,6666,84
plus,6667,174
plus,6668,38
plus,6669,142
plus,6670,142
plus,6671,179
plus,6672,231
plus,6673,94
plus,6674,121
plus,6675,123
plus,6676,74
plus,6677,107
plus,6678,231
plus,6679,122
plus,6680,233
plus,6681,179
plus,6682,176
plus,6683,70
plus,6684,179
plus,6685,226
plus,6686,96
plus,6687,171
plus,6688,60
plus,6689,63
plus,6690,178
plus,6691,178
plus,6692,223
plus,6693,147
plus,6694,75
plus,6695,106
plus,6696,145
plus,6697,75
plus,6698,141
plus,6699,89
plus,6700,104
plus,6701,33
plus,6702,122
plus,6703,225
plus,6704,181
plus,6705,145
plus,6706,177
plus,6707,93
plus,6708,225
plus,6709,181
plus,6710,144
plus,6711,121
plus,6712,82
plus,6713,229
plus,6714,175
plus,6715,173
plus,6716,147
plus,6717,106
plus,6718,144
plus,6719,176
plus,6720,84
plus,6721,123
plus,6722,182
plus,6723,178
plus,6724,178
plus,6725,65
plus,6726,122
plus,6727,125
plus,6728,176
plus,6729,60
plus,6730,122
plus,6731,76
plus,6732,234
plus,6733,144
plus,6734,175
plus,6735,71
plus,6736,233
plus,6737,124
plus,6738,108
plus,6739,124
plus,6740,172
plus,6741,146
plus,6742,55
plus,6743,84
plus,6744,143
plus,6745,83
plus,6746,178
plus,6747,123
plus,6748,230
plus,6749,227
plus,6750,144
plus,6751,76
plus,6752,42
plus,6753,103
plus,6754,147
plus,6755,233
plus,6756,239
plus,6757,92
plus,6758,176
plus,6759,181
plus,6760,75
plus,6761,95
plus,6762,119
plus,6763,106
plus,6764,178
plus,6765,109
plus,6766,108
plus,6767,147
plus,6768,65
plus,6769,95
plus,6770,146
plus,6771,223
plus,6772,122
plus,6773,85
plus,6774,68
plus,6775,142
plus,6776,140
plus,6777,96
plus,6778,62
plus,6779,173
plus,6780,143
plus,6781,145
plus,6782,95
plus,6783,172
plus,6784,121
plus,6785,176
plus,6786,60
plus,6787,172
plus,6788,107
plus,6789,149
plus,6790,227
plus,6791,118
plus,6792,122
plus,6793,576
plus,6794,177
plus,6795,323
plus,6796,93
plus,6797,30
plus,6798,65
plus,6799,144
plus,6800,120
plus,6801,122
plus,6802,230
plus,6803,179
plus,6804,118
plus,6805,180
plus,6806,110
plus,6807,141
plus,6808,144
plus,6809,323
plus,6810,227
plus,6811,117
plus,6812,65
plus,6813,228
plus,6814,231
plus,6815,179
plus,6816,75
plus,6817,142
plus,6818,231
plus,6819,83
plus,6820,177
plus,6821,175
plus,6822,145
plus,6823,172
plus,6824,180
plus,6825,126
plus,6826,120
plus,6827,54
plus,6828,68
plus,6829,147
plus,6830,119
plus,6831,182
plus,6832,36
plus,6833,94
plus,6834,176
plus,6835,226
plus,6836,230
plus,6837,62
plus,6838,179
plus,6839,145
plus,6840,148
plus,6841,185
plus,6842,174
plus,6843,230
plus,6844,227
plus,6845,70
plus,6846,124
plus,6847,178
plus,6848,77
plus,6849,179
plus,6850,92
plus,6851,74
plus,6852,120
plus,6853,181
plus,6854,175
plus,6855,81
plus,6856,142
plus,6857,176
plus,6858,123
plus,6859,108
plus,6860,62
plus,6861,61
plus,6862,328
plus,6863,144
plus,6864,228
plus,6865,120
plus,6866,225
plus,6867,82
plus,6868,70
plus,6869,146
plus,6870,65
plus,6871,108
plus,6872,178
plus,6873,75
plus,6874,173
plus,6875,123
plus,6876,179
plus,6877,121
plus,6878,106
plus,6879,125
plus,6880,118
plus,6881,126
plus,6882,125
plus,6883,144
plus,6884,142
plus,6885,95
plus,6886,175
plus,6887,68
plus,6888,92
plus,6889,124
plus,6890,231
plus,6891,145
plus,6892,147
plus,6893,82
plus,6894,145
plus,6895,226
plus,6896,181
plus,6897,84
plus,6898,145
plus,6899,124
plus,6900,182
plus,6901,83
plus,6902,146
plus,6903,174
plus,6904,175
plus,6905,78
plus,6906,120
plus,6907,118
plus,6908,122
plus,6909,229
plus,6910,121
plus,6911,141
plus,6912,143
plus,6913,84
plus,6914,71
plus,6915,145
plus,6916,85
plus,6917,107
plus,6918,181
plus,6919,119
plus,6920,120
plus,6921,106
plus,6922,107
plus,6923,181
plus,6924,55
plus,6925,149
plus,6926,122
plus,6927,232
plus,6928,146
plus,6929,119
plus,6930,106
plus,6931,174
plus,6932,105
plus,6933,340
plus,6934,146
plus,6935,47
plus,6936,33
plus,6937,125
plus,6938,84
plus,6939,143
plus,6940,105
plus,6941,73
plus,6942,144
plus,6943,46
plus,6944,124
plus,6945,180
plus,6946,76
plus,6947,147
plus,6948,121
plus,6949,94
plus,6950,146
plus,6951,63
plus,6952,143
plus,6953,74
plus,6954,182
plus,6955,174
plus,6956,179
plus,6957,177
plus,6958,144
plus,6959,126
plus,6960,179
plus,6961,577
plus,6962,94
plus,6963,123
plus,6964,108
plus,6965,143
plus,6966,96
plus,6967,77
plus,6968,85
plus,6969,181
plus,6970,229
plus,6971,65
plus,6972,144
plus,6973,83
plus,6974,145
plus,6975,117
plus,6976,177
plus,6977,94
plus,6978,231
plus,6979,48
plus,6980,225
plus,6981,103
plus,6982,178
plus,6983,55
plus,6984,173
plus,6985,143
plus,6986,178
plus,6987,143
plus,6988,82
plus,6989,124
plus,6990,84
plus,6991,119
plus,6992,119
plus,6993,142
plus,6994,223
plus,6995,321
plus,6996,121
plus,6997,230
plus,6998,178
plus,6999,173
plus,7000,122
plus,7001,92
plus,7002,174
plus,7003,234
plus,7004,106
plus,7005,142
plus,7006,121
plus,7007,175
plus,7008,107
plus,7009,125
plus,7010,105
plus,7011,233
plus,7012,226
plus,7013,60
plus,7014,83
plus,7015,232
plus,7016,175
plus,7017,83
plus,7018,145
plus,7019,97
plus,7020,122
plus,7021,49
plus,7022,120
plus,7023,229
plus,7024,238
plus,7025,147
plus,7026,181
plus,7027,121
plus,7028,232
plus,7029,178
plus,7030,127
plus,7031,119
plus,7032,144
plus,7033,106
plus,7034,121
plus,7035,148
plus,7036,83
plus,7037,180
plus,7038,174
plus,7039,180
plus,7040,233
plus,7041,181
plus,7042,55
plus,7043,147
plus,7044,175
plus,7045,48
plus,7046,76
plus,7047,147
plus,7048,54
plus,7049,91
plus,7050,235
plus,7051,110
plus,7052,38
plus,7053,125
plus,7054,94
plus,7055,124
plus,7056,169
plus,7057,176
plus,7058,106
plus,7059,145
plus,7060,106
plus,7061,55
plus,7062,108
plus,7063,83
plus,7064,175
plus,7065,63
plus,7066,89
plus,7067,179
plus,7068,76
plus,7069,64
plus,7070,326
plus,7071,62
plus,7072,180
plus,7073,124
plus,7074,33
plus,7075,171
plus,7076,174
plus,7077,60
plus,7078,141
plus,7079,56
plus,7080,146
plus,7081,84
plus,7082,174
plus,7083,147
plus,7084,93
plus,7085,144
plus,7086,93
plus,7087,94
plus,7088,63
plus,7089,124
plus,7090,232
plus,7091,145
plus,7092,326
plus,7093,230
plus,7094,29
plus,7095,229
plus,7096,331
plus,7097,173
plus,7098,85
plus,7099,122
plus,7100,227
plus,7101,236
plus,7102,118
plus,7103,76
plus,7104,107
plus,7105,177
plus,7106,62
plus,7107,119
plus,7108,59
plus,7109,107
plus,7110,89
plus,7111,84
plus,7112,145
plus,7113,173
plus,7114,90
plus,7115,116
plus,7116,181
plus,7117,185
plus,7118,94
plus,7119,108
plus,7120,108
plus,7121,335
plus,7122,180
plus,7123,119
plus,7124,122
plus,7125,101
plus,7126,86
plus,7127,179
plus,7128,142
plus,7129,235
plus,7130,176
plus,7131,179
plus,7132,148
plus,7133,75
plus,7134,178
plus,7135,117
plus,7136,144
plus,7137,144
plus,7138,75
plus,7139,77
plus,7140,180
plus,7141,236
plus,7142,108
plus,7143,94
plus,7144,120
plus,7145,86
plus,7146,108
plus,7147,33
plus,7148,143
plus,7149,146
plus,7150,120
plus,7151,145
plus,7152,120
plus,7153,171
plus,7154,105
plus,7155,121
plus,7156,93
plus,7157,181
plus,7158,145
plus,7159,328
plus,7160,122
plus,7161,174
plus,7162,177
plus,7163,38
plus,7164,143
plus,7165,76
plus,7166,123
plus,7167,149
plus,7168,45
plus,7169,109
plus,7170,140
plus,7171,104
plus,7172,104
plus,7173,37
plus,7174,94
plus,7175,65
plus,7176,229
plus,7177,175
plus,7178,177
plus,7179,108
plus,7180,175
plus,7181,180
plus,7182,77
plus,7183,230
plus,7184,83
plus,7185,176
plus,7186,108
plus,7187,94
plus,7188,145
plus,7189,120
plus,7190,237
plus,7191,122
plus,7192,75
plus,7193,93
plus,7194,122
plus,7195,179
plus,7196,145
plus,7197,64
plus,7198,84
plus,7199,173
plus,7200,326
plus,7201,120
plus,7202,172
plus,7203,119
plus,7204,181
plus,7205,232
plus,7206,144
plus,7207,118
plus,7208,76
plus,7209,75
plus,7210,228
plus,7211,119
plus,7212,224
plus,7213,42
plus,7214,142
plus,7215,120
plus,7216,122
plus,7217,95
plus,7218,146
plus,7219,234
plus,7220,175
plus,7221,82
plus,7222,182
plus,7223,142
plus,7224,142
plus,7225,147
plus,7226,184
plus,7227,105
plus,7228,119
plus,7229,314
plus,7230,177
plus,7231,323
plus,7232,183
plus,7233,146
plus,7234,76
plus,7235,77
plus,7236,320
plus,7237,120
plus,7238,175
plus,7239,182
plus,7240,119
plus,7241,123
plus,7242,84
plus,7243,147
plus,7244,226
plus,7245,144
plus,7246,173
plus,7247,68
plus,7248,60
plus,7249,94
plus,7250,173
plus,7251,85
plus,7252,119
plus,7253,143
plus,7254,228
plus,7255,33
plus,7256,105
plus,7257,22
plus,7258,69
plus,7259,124
plus,7260,123
plus,7261,146
plus,7262,119
plus,7263,92
plus,7264,140
plus,7265,93
plus,7266,49
plus,7267,236
plus,7268,121
plus,7269,139
plus,7270,122
plus,7271,176
plus,7272,120
plus,7273,48
plus,7274,73
plus,7275,75
plus,7276,74
plus,7277,121
plus,7278,169
plus,7279,81
plus,7280,146
plus,7281,95
plus,7282,229
plus,7283,107
plus,7284,239
plus,7285,147
plus,7286,105
plus,7287,178
plus,7288,56
plus,7289,144
plus,7290,108
plus,7291,86
plus,7292,226
plus,7293,177
plus,7294,147
plus,7295,120
plus,7296,232
plus,7297,63
plus,7298,122
plus,7299,83
plus,7300,176
plus,7301,76
plus,7302,143
plus,7303,71
plus,7304,62
plus,7305,121
plus,7306,124
plus,7307,46
plus,7308,107
plus,7309,125
plus,7310,180
plus,7311,64
plus,7312,145
plus,7313,41
plus,7314,177
plus,7315,143
plus,7316,145
plus,7317,170
plus,7318,232
plus,7319,179
plus,7320,229
plus,7321,147
plus,7322,48
plus,7323,59
plus,7324,121
plus,7325,323
plus,7326,145
plus,7327,335
plus,7328,177
plus,7329,226
plus,7330,124
plus,7331,178
plus,7332,93
plus,7333,177
plus,7334,175
plus,7335,83
plus,7336,124
plus,7337,142
plus,7338,96
plus,7339,119
plus,7340,94
plus,7341,177
plus,7342,148
plus,7343,46
plus,7344,145
plus,7345,121
plus,7346,149
plus,7347,145
plus,7348,178
plus,7349,45
plus,7350,144
plus,7351,121
plus,7352,143
plus,7353,75
plus,7354,104
plus,7355,123
plus,7356,70
plus,7357,96
plus,7358,227
plus,7359,120
plus,7360,121
plus,7361,141
plus,7362,173
plus,7363,175
plus,7364,124
plus,7365,144
plus,7366,176
plus,7367,231
plus,7368,177
plus,7369,227
plus,7370,75
plus,7371,143
plus,7372,55
plus,7373,146
plus,7374,123
plus,7375,90
plus,7376,103
plus,7377,125
plus,7378,122
plus,7379,145
plus,7380,81
plus,7381,227
plus,7382,145
plus,7383,232
plus,7384,143
plus,7385,229
plus,7386,142
plus,7387,84
plus,7388,179
plus,7389,122
plus,7390,124
plus,7391,171
plus,7392,339
plus,7393,83
plus,7394,48
plus,7395,224
plus,7396,172
plus,7397,123
plus,7398,142
plus,7399,231
plus,7400,144
plus,7401,223
plus,7402,324
plus,7403,147
plus,7404,124
plus,7405,180
plus,7406,42
plus,7407,106
plus,7408,178
plus,7409,323
plus,7410,142
plus,7411,90
plus,7412,83
plus,7413,108
plus,7414,91
plus,7415,107
plus,7416,121
plus,7417,179
plus,7418,145
plus,7419,55
plus,7420,145
plus,7421,235
plus,7422,143
plus,7423,59
plus,7424,225
plus,7425,40
plus,7426,120
plus,7427,142
plus,7428,144
plus,7429,106
plus,7430,144
plus,7431,147
plus,7432,45
plus,7433,122
plus,7434,176
plus,7435,173
plus,7436,64
plus,7437,322
plus,7438,231
plus,7439,95
plus,7440,145
plus,7441,240
plus,7442,141
plus,7443,182
plus,7444,145
plus,7445,179
plus,7446,116
plus,7447,119
plus,7448,227
plus,7449,145
plus,7450,91
plus,7451,118
plus,7452,141
plus,7453,93
plus,7454,124
plus,7455,91
plus,7456,124
plus,7457,173
plus,7458,237
plus,7459,125
plus,7460,226
plus,7461,148
plus,7462,237
plus,7463,56
plus,7464,148
plus,7465,42
plus,7466,119
plus,7467,122
plus,7468,97
plus,7469,38
plus,7470,145
plus,7471,96
plus,7472,81
plus,7473,231
plus,7474,63
plus,7475,143
plus,7476,185
plus,7477,182
plus,7478,108
plus,7479,80
plus,7480,75
plus,7481,233
plus,7482,181
plus,7483,144
plus,7484,177
plus,7485,74
plus,7486,147
plus,7487,94
plus,7488,146
plus,7489,234
plus,7490,97
plus,7491,218
plus,7492,145
plus,7493,118
plus,7494,325
plus,7495,75
plus,7496,85
plus,7497,107
plus,7498,84
plus,7499,145
plus,7500,122
plus,7501,110
plus,7502,232
plus,7503,107
plus,7504,92
plus,7505,325
plus,7506,229
plus,7507,326
plus,7508,233
plus,7509,123
plus,7510,171
plus,7511,143
plus,7512,45
plus,7513,179
plus,7514,69
plus,7515,141
plus,7516,54
plus,7517,142
plus,7518,147
plus,7519,82
plus,7520,64
plus,7521,332
plus,7522,145
plus,7523,172
plus,7524,70
plus,7525,108
plus,7526,104
plus,7527,93
plus,7528,319
plus,7529,142
plus,7530,233
plus,7531,174
plus,7532,175
plus,7533,332
plus,7534,125
plus,7535,225
plus,7536,176
plus,7537,94
plus,7538,172
plus,7539,144
plus,7540,176
plus,7541,126
plus,7542,225
plus,7543,54
plus,7544,120
plus,7545,173
plus,7546,324
plus,7547,143
plus,7548,177
plus,7549,176
plus,7550,95
plus,7551,124
plus,7552,169
plus,7553,226
plus,7554,104
plus,7555,143
plus,7556,82
plus,7557,105
plus,7558,108
plus,7559,82
plus,7560,106
plus,7561,228
plus,7562,227
plus,7563,54
plus,7564,83
plus,7565,92
plus,7566,29
plus,7567,83
plus,7568,233
plus,7569,45
plus,7570,94
plus,7571,121
plus,7572,126
plus,7573,124
plus,7574,229
plus,7575,322
plus,7576,110
plus,7577,174
plus,7578,93
plus,7579,55
plus,7580,38
plus,7581,228
plus,7582,84
plus,7583,177
plus,7584,143
plus,7585,237
plus,7586,124
plus,7587,232
plus,7588,178
plus,7589,106
plus,7590,107
plus,7591,83
plus,7592,95
plus,7593,126
plus,7594,143
plus,7595,74
plus,7596,224
plus,7597,120
plus,7598,121
plus,7599,116
plus,7600,226
plus,7601,60
plus,7602,120
plus,7603,226
plus,7604,142
plus,7605,185
plus,7606,49
plus,7607,122
plus,7608,146
plus,7609,75
plus,7610,180
plus,7611,179
plus,7612,325
plus,7613,122
plus,7614,146
plus,7615,92
plus,7616,143
plus,7617,85
plus,7618,144
plus,7619,142
plus,7620,145
plus,7621,173
plus,7622,80
plus,7623,86
plus,7624,239
plus,7625,226
plus,7626,177
plus,7627,147
plus,7628,46
plus,7629,177
plus,7630,176
plus,7631,33
plus,7632,58
plus,7633,122
plus,7634,225
plus,7635,37
plus,7636,118
plus,7637,229
plus,7638,78
plus,7639,105
plus,7640,57
plus,7641,125
plus,7642,91
plus,7643,121
plus,7644,183
plus,7645,147
plus,7646,92
plus,7647,142
plus,7648,181
plus,7649,104
plus,7650,223
plus,7651,227
plus,7652,64
plus,7653,145
plus,7654,124
plus,7655,173
plus,7656,123
plus,7657,122
plus,7658,143
plus,7659,45
plus,7660,60
plus,7661,226
plus,7662,117
plus,7663,325
plus,7664,42
plus,7665,224
plus,7666,108
plus,7667,146
plus,7668,69
plus,7669,230
plus,7670,175
plus,7671,105
plus,7672,83
plus,7673,76
plus,7674,107
plus,7675,144
plus,7676,236
plus,7677,178
plus,7678,220
plus,7679,176
plus,7680,106
plus,7681,176
plus,7682,140
plus,7683,173
plus,7684,42
plus,7685,174
plus,7686,172
plus,7687,177
plus,7688,178
plus,7689,105
plus,7690,145
plus,7691,234
plus,7692,174
plus,7693,123
plus,7694,146
plus,7695,38
plus,7696,232
plus,7697,96
plus,7698,124
plus,7699,38
plus,7700,33
plus,7701,89
plus,7702,182
plus,7703,175
plus,7704,70
plus,7705,106
plus,7706,122
plus,7707,230
plus,7708,170
plus,7709,104
plus,7710,76
plus,7711,49
plus,7712,179
plus,7713,76
plus,7714,232
plus,7715,230
plus,7716,180
plus,7717,122
plus,7718,171
plus,7719,145
plus,7720,229
plus,7721,176
plus,7722,122
plus,7723,172
plus,7724,180
plus,7725,123
plus,7726,122
plus,7727,232
plus,7728,85
plus,7729,232
plus,7730,231
plus,7731,78
plus,7732,75
plus,7733,147
plus,7734,142
plus,7735,146
plus,7736,179
plus,7737,118
plus,7738,147
plus,7739,95
plus,7740,107
plus,7741,147
plus,7742,74
plus,7743,178
plus,7744,230
plus,7745,335
plus,7746,148
plus,7747,145
plus,7748,119
plus,7749,226
plus,7750,182
plus,7751,150
plus,7752,49
plus,7753,49
plus,7754,124
plus,7755,82
plus,7756,145
plus,7757,178
plus,7758,179
plus,7759,95
plus,7760,64
plus,7761,123
plus,7762,117
plus,7763,177
plus,7764,184
plus,7765,180
plus,7766,145
plus,7767,143
plus,7768,230
plus,7769,233
plus,7770,67
plus,7771,324
plus,7772,147
plus,7773,177
plus,7774,121
plus,7775,106
plus,7776,179
plus,7777,171
plus,7778,231
plus,7779,58
plus,7780,182
plus,7781,92
plus,7782,75
plus,7783,118
plus,7784,232
plus,7785,120
plus,7786,77
plus,7787,84
plus,7788,576
plus,7789,142
plus,7790,229
plus,7791,56
plus,7792,176
plus,7793,122
plus,7794,178
plus,7795,124
plus,7796,84
plus,7797,180
plus,7798,174
plus,7799,180
plus,7800,124
plus,7801,177
plus,7802,218
plus,7803,322
plus,7804,142
plus,7805,93
plus,7806,182
plus,7807,76
plus,7808,147
plus,7809,140
plus,7810,125
plus,7811,121
plus,7812,232
plus,7813,330
plus,7814,123
plus,7815,145
plus,7816,65
plus,7817,143
plus,7818,147
plus,7819,226
plus,7820,125
plus,7821,180
plus,7822,144
plus,7823,63
plus,7824,103
plus,7825,42
plus,7826,143
plus,7827,336
plus,7828,85
plus,7829,178
plus,7830,231
plus,7831,226
plus,7832,125
plus,7833,108
plus,7834,144
plus,7835,185
plus,7836,108
plus,7837,103
plus,7838,142
plus,7839,94
plus,7840,108
plus,7841,120
plus,7842,64
plus,7843,122
plus,7844,143
plus,7845,141
plus,7846,173
plus,7847,118
plus,7848,144
plus,7849,147
plus,7850,47
plus,7851,229
plus,7852,76
plus,7853,143
plus,7854,175
plus,7855,222
plus,7856,77
plus,7857,85
plus,7858,180
plus,7859,82
plus,7860,142
plus,7861,76
plus,7862,175
plus,7863,226
plus,7864,124
plus,7865,93
plus,7866,139
plus,7867,48
plus,7868,123
plus,7869,147
plus,7870,106
plus,7871,123
plus,7872,80
plus,7873,229
plus,7874,179
plus,7875,230
plus,7876,95
plus,7877,91
plus,7878,107
plus,7879,144
plus,7880,93
plus,7881,83
plus,7882,142
plus,7883,181
plus,7884,143
plus,7885,147
plus,7886,222
plus,7887,173
plus,7888,118
plus,7889,144
plus,7890,177
plus,7891,144
plus,7892,64
plus,7893,92
plus,7894,230
plus,7895,125
plus,7896,178
plus,7897,182
plus,7898,123
plus,7899,175
plus,7900,109
plus,7901,181
plus,7902,174
plus,7903,144
plus,7904,223
plus,7905,145
plus,7906,104
plus,7907,105
plus,7908,121
plus,7909,107
plus,7910,135
plus,7911,179
plus,7912,178
plus,7913,175
plus,7914,181
plus,7915,230
plus,7916,234
plus,7917,119
plus,7918,147
plus,7919,182
plus,7920,95
plus,7921,230
plus,7922,143
plus,7923,63
plus,7924,177
plus,7925,180
plus,7926,38
plus,7927,120
plus,7928,109
plus,7929,143
plus,7930,233
plus,7931,123
plus,7932,85
plus,7933,109
plus,7934,144
plus,7935,177
plus,7936,230
plus,7937,180
plus,7938,175
plus,7939,91
plus,7940,90
plus,7941,123
plus,7942,145
plus,7943,143
plus,7944,65
plus,7945,333
plus,7946,123
plus,7947,144
plus,7948,87
plus,7949,146
plus,7950,236
plus,7951,93
plus,7952,147
plus,7953,173
plus,7954,83
plus,7955,177
plus,7956,144
plus,7957,146
plus,7958,176
plus,7959,107
plus,7960,106
plus,7961,120
plus,7962,181
plus,7963,118
plus,7964,147
plus,7965,143
plus,7966,232
plus,7967,145
plus,7968,178
plus,7969,55
plus,7970,171
plus,7971,126
plus,7972,322
plus,7973,29
plus,7974,108
plus,7975,146
plus,7976,178
plus,7977,181
plus,7978,228
plus,7979,233
plus,7980,84
plus,7981,145
plus,7982,148
plus,7983,146
plus,7984,76
plus,7985,122
plus,7986,123
plus,7987,331
plus,7988,232
plus,7989,231
plus,7990,125
plus,7991,180
plus,7992,332
plus,7993,148
plus,7994,121
plus,7995,108
plus,7996,181
plus,7997,175
plus,7998,174
plus,7999,109
plus,8000,120
plus,8001,56
plus,8002,146
plus,8003,179
plus,8004,105
plus,8005,119
plus,8006,183
plus,8007,83
plus,8008,124
plus,8009,144
plus,8010,187
plus,8011,105
plus,8012,122
plus,8013,89
plus,8014,175
plus,8015,104
plus,8016,142
plus,8017,125
plus,8018,178
plus,8019,93
plus,8020,235
plus,8021,77
plus,8022,145
plus,8023,75
plus,8024,181
plus,8025,225
plus,8026,144
plus,8027,62
plus,8028,124
plus,8029,223
plus,8030,180
plus,8031,144
plus,8032,91
plus,8033,172
plus,8034,122
plus,8035,143
plus,8036,176
plus,8037,108
plus,8038,144
plus,8039,146
plus,8040,175
plus,8041,141
plus,8042,144
plus,8043,174
plus,8044,123
plus,8045,75
plus,8046,94
plus,8047,107
plus,8048,68
plus,8049,70
plus,8050,120
plus,8051,175
plus,8052,94
plus,8053,63
plus,8054,179
plus,8055,240
plus,8056,74
plus,8057,179
plus,8058,121
plus,8059,125
plus,8060,107
plus,8061,235
plus,8062,121
plus,8063,124
plus,8064,226
plus,8065,89
plus,8066,49
plus,8067,62
plus,8068,179
plus,8069,144
plus,8070,143
plus,8071,103
plus,8072,181
plus,8073,177
plus,8074,62
plus,8075,54
plus,8076,144
plus,8077,95
plus,8078,141
plus,8079,122
plus,8080,119
plus,8081,145
plus,8082,140
plus,8083,82
plus,8084,62
plus,8085,106
plus,8086,321
plus,8087,144
plus,8088,60
plus,8089,229
plus,8090,144
plus,8091,94
plus,8092,95
plus,8093,230
plus,8094,94
plus,8095,110
plus,8096,120
plus,8097,106
plus,8098,76
plus,8099,230
plus,8100,54
plus,8101,118
plus,8102,83
plus,8103,75
plus,8104,96
plus,8105,140
plus,8106,233
plus,8107,118
plus,8108,120
plus,8109,92
plus,8110,232
plus,8111,143
plus,8112,143
plus,8113,124
plus,8114,225
plus,8115,331
plus,8116,146
plus,8117,145
plus,8118,92
plus,8119,231
plus,8120,227
plus,8121,92
plus,8122,168
plus,8123,123
plus,8124,141
plus,8125,95
plus,8126,104
plus,8127,219
plus,8128,45
plus,8129,83
plus,8130,108
plus,8131,173
plus,8132,62
plus,8133,176
plus,8134,323
plus,8135,143
plus,8136,330
plus,8137,82
plus,8138,123
plus,8139,117
plus,8140,231
plus,8141,93
plus,8142,233
plus,8143,118
plus,8144,177
plus,8145,178
plus,8146,120
plus,8147,141
plus,8148,143
plus,8149,75
plus,8150,176
plus,8151,233
plus,8152,83
plus,8153,108
plus,8154,118
plus,8155,107
plus,8156,145
plus,8157,180
plus,8158,119
plus,8159,124
plus,8160,108
plus,8161,64
plus,8162,118
plus,8163,319
plus,8164,230
plus,8165,104
plus,8166,230
plus,8167,177
plus,8168,144
plus,8169,109
plus,8170,69
plus,8171,120
plus,8172,234
plus,8173,108
plus,8174,143
plus,8175,122
plus,8176,143
plus,8177,148
plus,8178,93
plus,8179,32
plus,8180,142
plus,8181,124
plus,8182,120
plus,8183,108
plus,8184,106
plus,8185,94
plus,8186,180
plus,8187,178
plus,8188,84
plus,8189,59
plus,8190,71
plus,8191,91
plus,8192,175
plus,8193,175
plus,8194,146
plus,8195,148
plus,8196,75
plus,8197,181
plus,8198,178
plus,8199,145
plus,8200,123
plus,8201,69
plus,8202,56
plus,8203,144
plus,8204,76
plus,8205,122
plus,8206,56
plus,8207,127
plus,8208,108
plus,8209,178
plus,8210,94
plus,8211,182
plus,8212,146
plus,8213,179
plus,8214,325
plus,8215,180
plus,8216,228
plus,8217,121
plus,8218,38
plus,8219,81
plus,8220,107
plus,8221,97
plus,8222,82
plus,8223,124
plus,8224,120
plus,8225,186
plus,8226,240
plus,8227,94
plus,8228,117
plus,8229,106
plus,8230,142
plus,8231,232
plus,8232,94
plus,8233,107
plus,8234,236
plus,8235,147
plus,8236,107
plus,8237,325
plus,8238,122
plus,8239,141
plus,8240,226
plus,8241,95
plus,8242,97
plus,8243,127
plus,8244,143
plus,8245,120
plus,8246,147
plus,8247,144
plus,8248,149
plus,8249,92
plus,8250,178
plus,8251,576
plus,8252,177
plus,8253,107
plus,8254,183
plus,8255,120
plus,8256,92
plus,8257,94
plus,8258,175
plus,8259,145
plus,8260,148
plus,8261,325
plus,8262,140
plus,8263,231
plus,8264,92
plus,8265,145
plus,8266,176
plus,8267,145
plus,8268,180
plus,8269,142
plus,8270,144
plus,8271,230
plus,8272,186
plus,8273,181
plus,8274,49
plus,8275,144
plus,8276,146
plus,8277,46
plus,8278,141
plus,8279,221
plus,8280,92
plus,8281,143
plus,8282,144
plus,8283,75
plus,8284,148
plus,8285,84
plus,8286,147
plus,8287,177
plus,8288,233
plus,8289,234
plus,8290,179
plus,8291,85
plus,8292,181
plus,8293,142
plus,8294,144
plus,8295,229
plus,8296,96
plus,8297,225
plus,8298,123
plus,8299,174
plus,8300,105
plus,8301,224
plus,8302,178
plus,8303,94
plus,8304,103
plus,8305,177
plus,8306,174
plus,8307,124
plus,8308,41
plus,8309,107
plus,8310,176
plus,8311,120
plus,8312,104
plus,8313,123
plus,8314,105
plus,8315,106
plus,8316,177
plus,8317,108
plus,8318,76
plus,8319,124
plus,8320,123
plus,8321,56
plus,8322,92
plus,8323,170
plus,8324,143
plus,8325,122
plus,8326,94
plus,8327,110
plus,8328,120
plus,8329,228
plus,8330,87
plus,8331,64
plus,8332,224
plus,8333,229
plus,8334,123
plus,8335,233
plus,8336,143
plus,8337,93
plus,8338,180
plus,8339,75
plus,8340,83
plus,8341,182
plus,8342,93
plus,8343,77
plus,8344,143
plus,8345,144
plus,8346,236
plus,8347,90
plus,8348,123
plus,8349,232
plus,8350,76
plus,8351,65
plus,8352,124
plus,8353,330
plus,8354,180
plus,8355,46
plus,8356,147
plus,8357,173
plus,8358,122
plus,8359,226
plus,8360,122
plus,8361,224
plus,8362,60
plus,8363,122
plus,8364,230
plus,8365,227
plus,8366,181
plus,8367,64
plus,8368,92
plus,8369,140
plus,8370,96
plus,8371,107
plus,8372,179
plus,8373,141
plus,8374,143
plus,8375,84
plus,8376,172
plus,8377,173
plus,8378,177
plus,8379,25
plus,8380,120
plus,8381,174
plus,8382,92
plus,8383,93
plus,8384,174
plus,8385,145
plus,8386,176
plus,8387,171
plus,8388,82
plus,8389,118
plus,8390,145
plus,8391,229
plus,8392,180
plus,8393,122
plus,8394,117
plus,8395,96
plus,8396,233
plus,8397,62
plus,8398,105
plus,8399,180
plus,8400,228
plus,8401,71
plus,8402,146
plus,8403,56
plus,8404,124
plus,8405,178
plus,8406,229
plus,8407,119
plus,8408,107
plus,8409,229
plus,8410,148
plus,8411,233
plus,8412,140
plus,8413,176
plus,8414,55
plus,8415,142
plus,8416,105
plus,8417,85
plus,8418,229
plus,8419,106
plus,8420,75
plus,8421,122
plus,8422,94
plus,8423,96
plus,8424,68
plus,8425,227
plus,8426,102
plus,8427,118
plus,8428,180
plus,8429,176
plus,8430,93
plus,8431,180
plus,8432,33
plus,8433,230
plus,8434,182
plus,8435,120
plus,8436,95
plus,8437,233
plus,8438,106
plus,8439,179
plus,8440,181
plus,8441,64
plus,8442,91
plus,8443,123
plus,8444,146
plus,8445,177
plus,8446,321
plus,8447,328
plus,8448,177
plus,8449,121
plus,8450,234
plus,8451,63
plus,8452,144
plus,8453,178
plus,8454,148
plus,8455,176
plus,8456,91
plus,8457,142
plus,8458,175
plus,8459,227
plus,8460,77
plus,8461,92
plus,8462,123
plus,8463,179
plus,8464,121
plus,8465,77
plus,8466,175
plus,8467,181
plus,8468,228
plus,8469,178
plus,8470,104
plus,8471,144
plus,8472,95
plus,8473,228
plus,8474,226
plus,8475,182
plus,8476,228
plus,8477,108
plus,8478,123
plus,8479,120
plus,8480,103
plus,8481,122
plus,8482,109
plus,8483,105
plus,8484,144
plus,8485,76
plus,8486,102
plus,8487,62
plus,8488,55
plus,8489,144
plus,8490,225
plus,8491,82
plus,8492,143
plus,8493,75
plus,8494,236
plus,8495,144
plus,8496,232
plus,8497,227
plus,8498,179
plus,8499,84
plus,8500,177
plus,8501,175
plus,8502,76
plus,8503,227
plus,8504,76
plus,8505,106
plus,8506,122
plus,8507,179
plus,8508,124
plus,8509,118
plus,8510,123
plus,8511,106
plus,8512,76
plus,8513,232
plus,8514,233
plus,8515,142
plus,8516,180
plus,8517,227
plus,8518,95
plus,8519,123
plus,8520,75
plus,8521,60
plus,8522,120
plus,8523,173
plus,8524,177
plus,8525,108
plus,8526,91
plus,8527,119
plus,8528,120
plus,8529,226
plus,8530,226
plus,8531,83
plus,8532,142
plus,8533,144
plus,8534,145
plus,8535,234
plus,8536,148
plus,8537,235
plus,8538,45
plus,8539,240
plus,8540,56
plus,8541,118
plus,8542,170
plus,8543,144
plus,8544,220
plus,8545,145
plus,8546,176
plus,8547,177
plus,8548,178
plus,8549,122
plus,8550,223
plus,8551,148
plus,8552,107
plus,8553,228
plus,8554,144
plus,8555,147
plus,8556,122
plus,8557,122
plus,8558,105
plus,8559,175
plus,8560,180
plus,8561,91
plus,8562,222
plus,8563,181
plus,8564,84
plus,8565,108
plus,8566,104
plus,8567,64
plus,8568,176
plus,8569,180
plus,8570,175
plus,8571,120
plus,8572,122
plus,8573,75
plus,8574,175
plus,8575,121
plus,8576,107
plus,8577,94
plus,8578,118
plus,8579,182
plus,8580,117
plus,8581,48
plus,8582,121
plus,8583,123
plus,8584,180
plus,8585,142
plus,8586,183
plus,8587,145
plus,8588,144
plus,8589,104
plus,8590,123
plus,8591,46
plus,8592,146
plus,8593,144
plus,8594,93
plus,8595,232
plus,8596,178
plus,8597,147
plus,8598,123
plus,8599,326
plus,8600,224
plus,8601,107
plus,8602,177
plus,8603,123
plus,8604,123
plus,8605,176
plus,8606,231
plus,8607,173
plus,8608,235
plus,8609,332
plus,8610,146
plus,8611,55
plus,8612,108
plus,8613,95
plus,8614,239
plus,8615,147
plus,8616,64
plus,8617,63
plus,8618,75
plus,8619,95
plus,8620,94
plus,8621,107
plus,8622,83
plus,8623,92
plus,8624,175
plus,8625,145
plus,8626,180
plus,8627,63
plus,8628,232
plus,8629,173
plus,8630,144
plus,8631,229
plus,8632,122
plus,8633,180
plus,8634,177
plus,8635,125
plus,8636,179
plus,8637,106
plus,8638,116
plus,8639,93
plus,8640,232
plus,8641,37
plus,8642,123
plus,8643,168
plus,8644,120
plus,8645,147
plus,8646,63
plus,8647,89
plus,8648,147
plus,8649,177
plus,8650,111
plus,8651,76
plus,8652,121
plus,8653,126
plus,8654,123
plus,8655,106
plus,8656,96
plus,8657,55
plus,8658,60
plus,8659,142
plus,8660,147
plus,8661,110
plus,8662,147
plus,8663,144
plus,8664,119
plus,8665,110
plus,8666,97
plus,8667,92
plus,8668,65
plus,8669,22
plus,8670,107
plus,8671,92
plus,8672,121
plus,8673,147
plus,8674,84
plus,8675,176
plus,8676,183
plus,8677,108
plus,8678,122
plus,8679,84
plus,8680,143
plus,8681,121
plus,8682,107
plus,8683,235
plus,8684,75
plus,8685,235
plus,8686,231
plus,8687,56
plus,8688,173
plus,8689,230
plus,8690,178
plus,8691,126
plus,8692,119
plus,8693,94
plus,8694,75
plus,8695,223
plus,8696,174
plus,8697,55
plus,8698,91
plus,8699,121
plus,8700,110
plus,8701,233
plus,8702,54
plus,8703,229
plus,8704,175
plus,8705,179
plus,8706,144
plus,8707,123
plus,8708,177
plus,8709,144
plus,8710,65
plus,8711,183
plus,8712,144
plus,8713,94
plus,8714,121
plus,8715,325
plus,8716,324
plus,8717,122
plus,8718,125
plus,8719,145
plus,8720,70
plus,8721,122
plus,8722,48
plus,8723,232
plus,8724,125
plus,8725,91
plus,8726,121
plus,8727,147
plus,8728,174
plus,8729,145
plus,8730,231
plus,8731,109
plus,8732,232
plus,8733,120
plus,8734,83
plus,8735,41
plus,8736,318
plus,8737,145
plus,8738,225
plus,8739,177
plus,8740,176
plus,8741,95
plus,8742,75
plus,8743,230
plus,8744,235
plus,8745,106
plus,8746,224
plus,8747,58
plus,8748,136
plus,8749,227
plus,8750,73
plus,8751,108
plus,8752,145
plus,8753,125
plus,8754,123
plus,8755,60
plus,8756,177
plus,8757,146
plus,8758,237
plus,8759,174
plus,8760,48
plus,8761,175
plus,8762,89
plus,8763,178
plus,8764,145
plus,8765,91
plus,8766,142
plus,8767,144
plus,8768,105
plus,8769,226
plus,8770,95
plus,8771,144
plus,8772,89
plus,8773,75
plus,8774,104
plus,8775,180
plus,8776,143
plus,8777,179
plus,8778,341
plus,8779,144
plus,8780,123
plus,8781,94
plus,8782,70
plus,8783,178
plus,8784,143
plus,8785,107
plus,8786,106
plus,8787,230
plus,8788,93
plus,8789,228
plus,8790,108
plus,8791,68
plus,8792,141
plus,8793,125
plus,8794,123
plus,8795,107
plus,8796,223
plus,8797,145
plus,8798,145
plus,8799,145
plus,8800,148
plus,8801,77
plus,8802,75
plus,8803,145
plus,8804,33
plus,8805,105
plus,8806,176
plus,8807,230
plus,8808,183
plus,8809,173
plus,8810,62
plus,8811,231
plus,8812,121
plus,8813,174
plus,8814,143
plus,8815,119
plus,8816,139
plus,8817,122
plus,8818,179
plus,8819,228
plus,8820,83
plus,8821,91
plus,8822,105
plus,8823,180
plus,8824,177
plus,8825,178
plus,8826,122
plus,8827,77
plus,8828,106
plus,8829,107
plus,8830,109
plus,8831,59
plus,8832,223
plus,8833,142
plus,8834,175
plus,8835,179
plus,8836,120
plus,8837,83
plus,8838,173
plus,8839,142
plus,8840,144
plus,8841,121
plus,8842,22
plus,8843,96
plus,8844,125
plus,8845,105
plus,8846,148
plus,8847,90
plus,8848,172
plus,8849,147
plus,8850,232
plus,8851,122
plus,8852,144
plus,8853,219
plus,8854,148
plus,8855,124
plus,8856,76
plus,8857,142
plus,8858,119
plus,8859,178
plus,8860,231
plus,8861,122
plus,8862,177
plus,8863,106
plus,8864,228
plus,8865,109
plus,8866,176
plus,8867,178
plus,8868,234
plus,8869,180
plus,8870,142
plus,8871,107
plus,8872,328
plus,8873,121
plus,8874,146
plus,8875,142
plus,8876,120
plus,8877,76
plus,8878,83
plus,8879,146
plus,8880,121
plus,8881,176
plus,8882,108
plus,8883,144
plus,8884,143
plus,8885,126
plus,8886,108
plus,8887,173
plus,8888,121
plus,8889,107
plus,8890,118
plus,8891,142
plus,8892,120
plus,8893,178
plus,8894,142
plus,8895,91
plus,8896,177
plus,8897,174
plus,8898,73
plus,8899,76
plus,8900,144
plus,8901,179
plus,8902,121
plus,8903,93
plus,8904,232
plus,8905,105
plus,8906,92
plus,8907,148
plus,8908,95
plus,8909,62
plus,8910,330
plus,8911,145
plus,8912,141
plus,8913,143
plus,8914,122
plus,8915,180
plus,8916,175
plus,8917,181
plus,8918,76
plus,8919,181
plus,8920,234
plus,8921,145
plus,8922,121
plus,8923,145
plus,8924,176
plus,8925,75
plus,8926,229
plus,8927,120
plus,8928,145
plus,8929,95
plus,8930,44
plus,8931,125
plus,8932,144
plus,8933,182
plus,8934,177
plus,8935,55
plus,8936,33
plus,8937,144
plus,8938,124
plus,8939,81
plus,8940,142
plus,8941,95
plus,8942,118
plus,8943,174
plus,8944,185
plus,8945,121
plus,8946,75
plus,8947,147
plus,8948,77
plus,8949,177
plus,8950,122
plus,8951,105
plus,8952,94
plus,8953,84
plus,8954,92
plus,8955,107
plus,8956,107
plus,8957,106
plus,8958,229
plus,8959,45
plus,8960,94
plus,8961,60
plus,8962,146
plus,8963,175
plus,8964,147
plus,8965,324
plus,8966,221
plus,8967,92
plus,8968,96
plus,8969,75
plus,8970,95
plus,8971,46
plus,8972,143
plus,8973,146
plus,8974,77
plus,8975,231
plus,8976,325
plus,8977,107
plus,8978,142
plus,8979,119
plus,8980,145
plus,8981,144
plus,8982,83
plus,8983,123
plus,8984,147
plus,8985,124
plus,8986,95
plus,8987,144
plus,8988,122
plus,8989,176
plus,8990,94
plus,8991,231
plus,8992,64
plus,8993,72
plus,8994,228
plus,8995,91
plus,8996,106
plus,8997,143
plus,8998,322
plus,8999,74
plus,9000,177
plus,9001,63
plus,9002,95
plus,9003,142
plus,9004,144
plus,9005,119
plus,9006,95
plus,9007,84
plus,9008,226
plus,9009,68
plus,9010,177
plus,9011,122
plus,9012,141
plus,9013,124
plus,9014,145
plus,9015,176
plus,9016,77
plus,9017,143
plus,9018,178
plus,9019,177
plus,9020,221
plus,9021,228
plus,9022,177
plus,9023,108
plus,9024,91
plus,9025,120
plus,9026,123
plus,9027,106
plus,9028,93
plus,9029,231
plus,9030,49
plus,9031,91
plus,9032,232
plus,9033,175
plus,9034,118
plus,9035,179
plus,9036,177
plus,9037,123
plus,9038,146
plus,9039,177
plus,9040,148
plus,9041,332
plus,9042,119
plus,9043,58
plus,9044,105
plus,9045,180
plus,9046,323
plus,9047,179
plus,9048,123
plus,9049,121
plus,9050,61
plus,9051,119
plus,9052,65
plus,9053,232
plus,9054,236
plus,9055,121
plus,9056,63
plus,9057,104
plus,9058,125
plus,9059,93
plus,9060,142
plus,9061,123
plus,9062,176
plus,9063,65
plus,9064,107
plus,9065,106
plus,9066,178
plus,9067,175
plus,9068,172
plus,9069,174
plus,9070,177
plus,9071,85
plus,9072,144
plus,9073,108
plus,9074,145
plus,9075,45
plus,9076,144
plus,9077,25
plus,9078,148
plus,9079,124
plus,9080,85
plus,9081,92
plus,9082,123
plus,9083,234
plus,9084,45
plus,9085,76
plus,9086,107
plus,9087,105
plus,9088,95
plus,9089,144
plus,9090,144
plus,9091,125
plus,9092,183
plus,9093,178
plus,9094,231
plus,9095,173
plus,9096,76
plus,9097,91
plus,9098,60
plus,9099,178
plus,9100,147
plus,9101,145
plus,9102,326
plus,9103,121
plus,9104,177
plus,9105,146
plus,9106,326
plus,9107,179
plus,9108,104
plus,9109,180
plus,9110,124
plus,9111,143
plus,9112,94
plus,9113,236
plus,9114,177
plus,9115,174
plus,9116,184
plus,9117,332
plus,9118,119
plus,9119,188
plus,9120,92
plus,9121,179
plus,9122,75
plus,9123,173
plus,9124,82
plus,9125,179
plus,9126,147
plus,9127,106
plus,9128,82
plus,9129,33
plus,9130,94
plus,9131,123
plus,9132,109
plus,9133,174
plus,9134,182
plus,9135,122
plus,9136,181
plus,9137,148
plus,9138,123
plus,9139,81
plus,9140,120
plus,9141,232
plus,9142,73
plus,9143,182
plus,9144,147
plus,9145,125
plus,9146,120
plus,9147,124
plus,9148,76
plus,9149,109
plus,9150,85
plus,9151,85
plus,9152,124
plus,9153,74
plus,9154,146
plus,9155,103
plus,9156,142
plus,9157,64
plus,9158,64
plus,9159,323
plus,9160,183
plus,9161,181
plus,9162,77
plus,9163,107
plus,9164,46
plus,9165,173
plus,9166,83
plus,9167,123
plus,9168,105
plus,9169,227
plus,9170,46
plus,9171,76
plus,9172,105
plus,9173,180
plus,9174,105
plus,9175,106
plus,9176,180
plus,9177,75
plus,9178,120
plus,9179,177
plus,9180,148
plus,9181,121
plus,9182,120
plus,9183,118
plus,9184,143
plus,9185,182
plus,9186,124
plus,9187,93
plus,9188,82
plus,9189,174
plus,9190,121
plus,9191,180
plus,9192,117
plus,9193,62
plus,9194,228
plus,9195,107
plus,9196,184
plus,9197,143
plus,9198,38
plus,9199,121
plus,9200,105
plus,9201,42
plus,9202,178
plus,9203,93
plus,9204,107
plus,9205,144
plus,9206,170
plus,9207,221
plus,9208,106
plus,9209,226
plus,9210,120
plus,9211,180
plus,9212,92
plus,9213,141
plus,9214,94
plus,9215,576
plus,9216,122
plus,9217,141
plus,9218,94
plus,9219,83
plus,9220,180
plus,9221,322
plus,9222,142
plus,9223,104
plus,9224,144
plus,9225,62
plus,9226,92
plus,9227,119
plus,9228,150
plus,9229,142
plus,9230,175
plus,9231,76
plus,9232,174
plus,9233,41
plus,9234,125
plus,9235,144
plus,9236,63
plus,9237,229
plus,9238,76
plus,9239,146
plus,9240,178
plus,9241,182
plus,9242,94
plus,9243,121
plus,9244,143
plus,9245,144
plus,9246,234
plus,9247,177
plus,9248,121
plus,9249,118
plus,9250,83
plus,9251,179
plus,9252,94
plus,9253,230
plus,9254,120
plus,9255,124
plus,9256,222
plus,9257,83
plus,9258,144
plus,9259,92
plus,9260,122
plus,9261,95
plus,9262,71
plus,9263,120
plus,9264,62
plus,9265,104
plus,9266,142
plus,9267,119
plus,9268,84
plus,9269,229
plus,9270,94
plus,9271,172
plus,9272,120
plus,9273,231
plus,9274,144
plus,9275,105
plus,9276,65
plus,9277,144
plus,9278,116
plus,9279,71
plus,9280,63
plus,9281,141
plus,9282,123
plus,9283,63
plus,9284,117
plus,9285,177
plus,9286,227
plus,9287,89
plus,9288,144
plus,9289,95
plus,9290,179
plus,9291,148
plus,9292,226
plus,9293,107
plus,9294,229
plus,9295,176
plus,9296,108
plus,9297,176
plus,9298,105
plus,9299,224
plus,9300,70
plus,9301,75
plus,9302,107
plus,9303,229
plus,9304,142
plus,9305,145
plus,9306,104
plus,9307,174
plus,9308,178
plus,9309,175
plus,9310,81
plus,9311,82
plus,9312,180
plus,9313,145
plus,9314,94
plus,9315,42
plus,9316,223
plus,9317,120
plus,9318,175
plus,9319,174
plus,9320,181
plus,9321,83
plus,9322,73
plus,9323,125
plus,9324,143
plus,9325,147
plus,9326,124
plus,9327,178
plus,9328,325
plus,9329,119
plus,9330,103
plus,9331,93
plus,9332,141
plus,9333,106
plus,9334,180
plus,9335,44
plus,9336,123
plus,9337,146
plus,9338,177
plus,9339,181
plus,9340,65
plus,9341,95
plus,9342,176
plus,9343,107
plus,9344,230
plus,9345,120
plus,9346,125
plus,9347,146
plus,9348,93
plus,9349,82
plus,9350,107
plus,9351,141
plus,9352,118
plus,9353,126
plus,9354,146
plus,9355,84
plus,9356,176
plus,9357,94
plus,9358,229
plus,9359,319
plus,9360,229
plus,9361,93
plus,9362,124
plus,9363,83
plus,9364,86
plus,9365,123
plus,9366,226
plus,9367,123
plus,9368,70
plus,9369,142
plus,9370,141
plus,9371,320
plus,9372,122
plus,9373,118
plus,9374,179
plus,9375,226
plus,9376,182
plus,9377,144
plus,9378,124
plus,9379,120
plus,9380,85
plus,9381,147
plus,9382,176
plus,9383,106
plus,9384,177
plus,9385,123
plus,9386,68
plus,9387,227
plus,9388,77
plus,9389,141
plus,9390,120
plus,9391,128
plus,9392,179
plus,9393,173
plus,9394,143
plus,9395,108
plus,9396,93
plus,9397,230
plus,9398,232
plus,9399,122
plus,9400,146
plus,9401,104
plus,9402,82
plus,9403,103
plus,9404,182
plus,9405,139
plus,9406,145
plus,9407,176
plus,9408,144
plus,9409,173
plus,9410,331
plus,9411,125
plus,9412,232
plus,9413,25
plus,9414,72
plus,9415,38
plus,9416,142
plus,9417,173
plus,9418,63
plus,9419,123
plus,9420,106
plus,9421,232
plus,9422,150
plus,9423,139
plus,9424,107
plus,9425,121
plus,9426,336
plus,9427,62
plus,9428,144
plus,9429,151
plus,9430,172
plus,9431,122
plus,9432,118
plus,9433,120
plus,9434,118
plus,9435,118
plus,9436,324
plus,9437,228
plus,9438,105
plus,9439,86
plus,9440,146
plus,9441,82
plus,9442,148
plus,9443,226
plus,9444,179
plus,9445,125
plus,9446,234
plus,9447,91
plus,9448,324
plus,9449,124
plus,9450,176
plus,9451,75
plus,9452,177
plus,9453,140
plus,9454,121
plus,9455,174
plus,9456,76
plus,9457,234
plus,9458,176
plus,9459,176
plus,9460,182
plus,9461,327
plus,9462,115
plus,9463,125
plus,9464,176
plus,9465,107
plus,9466,93
plus,9467,180
plus,9468,173
plus,9469,149
plus,9470,144
plus,9471,147
plus,9472,146
plus,9473,120
plus,9474,147
plus,9475,143
plus,9476,225
plus,9477,79
plus,9478,121
plus,9479,81
plus,9480,94
plus,9481,144
plus,9482,106
plus,9483,227
plus,9484,120
plus,9485,141
plus,9486,174
plus,9487,125
plus,9488,180
plus,9489,82
plus,9490,144
plus,9491,123
plus,9492,178
plus,9493,179
plus,9494,144
plus,9495,146
plus,9496,144
plus,9497,145
plus,9498,178
plus,9499,123
plus,9500,145
plus,9501,59
plus,9502,228
plus,9503,92
plus,9504,144
plus,9505,122
plus,9506,329
plus,9507,84
plus,9508,176
plus,9509,119
plus,9510,45
plus,9511,74
plus,9512,120
plus,9513,145
plus,9514,142
plus,9515,121
plus,9516,83
plus,9517,182
plus,9518,171
plus,9519,110
plus,9520,124
plus,9521,121
plus,9522,142
plus,9523,178
plus,9524,182
plus,9525,171
plus,9526,70
plus,9527,85
plus,9528,103
plus,9529,173
plus,9530,85
plus,9531,84
plus,9532,142
plus,9533,150
plus,9534,123
plus,9535,104
plus,9536,94
plus,9537,124
plus,9538,141
plus,9539,105
plus,9540,126
plus,9541,83
plus,9542,143
plus,9543,145
plus,9544,123
plus,9545,120
plus,9546,179
plus,9547,179
plus,9548,108
plus,9549,106
plus,9550,105
plus,9551,108
plus,9552,174
plus,9553,56
plus,9554,144
plus,9555,228
plus,9556,94
plus,9557,178
plus,9558,105
plus,9559,107
plus,9560,178
plus,9561,92
plus,9562,149
plus,9563,144
plus,9564,75
plus,9565,175
plus,9566,120
plus,9567,327
plus,9568,226
plus,9569,140
plus,9570,41
plus,9571,139
plus,9572,93
plus,9573,229
plus,9574,142
plus,9575,122
plus,9576,107
plus,9577,143
plus,9578,54
plus,9579,239
plus,9580,38
plus,9581,91
plus,9582,143
plus,9583,328
plus,9584,145
plus,9585,178
plus,9586,107
plus,9587,93
plus,9588,77
plus,9589,227
plus,9590,139
plus,9591,183
plus,9592,92
plus,9593,147
plus,9594,92
plus,9595,56
plus,9596,232
plus,9597,70
plus,9598,181
plus,9599,146
plus,9600,144
plus,9601,65
plus,9602,103
plus,9603,91
plus,9604,105
plus,9605,105
plus,9606,76
plus,9607,149
plus,9608,75
plus,9609,147
plus,9610,148
plus,9611,182
plus,9612,174
plus,9613,175
plus,9614,140
plus,9615,76
plus,9616,125
plus,9617,230
plus,9618,143
plus,9619,84
plus,9620,177
plus,9621,146
plus,9622,145
plus,9623,145
plus,9624,71
plus,9625,176
plus,9626,147
plus,9627,174
plus,9628,145
plus,9629,145
plus,9630,107
plus,9631,224
plus,9632,235
plus,9633,144
plus,9634,146
plus,9635,224
plus,9636,124
plus,9637,121
plus,9638,146
plus,9639,123
plus,9640,148
plus,9641,327
plus,9642,224
plus,9643,121
plus,9644,142
plus,9645,175
plus,9646,142
plus,9647,225
plus,9648,45
plus,9649,95
plus,9650,83
plus,9651,234
plus,9652,76
plus,9653,228
plus,9654,55
plus,9655,178
plus,9656,83
plus,9657,124
plus,9658,142
plus,9659,229
plus,9660,75
plus,9661,137
plus,9662,184
plus,9663,107
plus,9664,233
plus,9665,127
plus,9666,94
plus,9667,146
plus,9668,177
plus,9669,224
plus,9670,143
plus,9671,176
plus,9672,177
plus,9673,70
plus,9674,96
plus,9675,176
plus,9676,232
plus,9677,178
plus,9678,142
plus,9679,122
plus,9680,142
plus,9681,176
plus,9682,106
plus,9683,227
plus,9684,77
plus,9685,145
plus,9686,91
plus,9687,107
plus,9688,142
plus,9689,108
plus,9690,178
plus,9691,120
plus,9692,74
plus,9693,143
plus,9694,185
plus,9695,184
plus,9696,95
plus,9697,122
plus,9698,125
plus,9699,330
plus,9700,234
plus,9701,178
plus,9702,125
plus,9703,143
plus,9704,85
plus,9705,320
plus,9706,94
plus,9707,177
plus,9708,97
plus,9709,143
plus,9710,83
plus,9711,119
plus,9712,77
plus,9713,95
plus,9714,78
plus,9715,176
plus,9716,174
plus,9717,123
plus,9718,233
plus,9719,125
plus,9720,122
plus,9721,145
plus,9722,225
plus,9723,174
plus,9724,328
plus,9725,326
plus,9726,179
plus,9727,95
plus,9728,145
plus,9729,121
plus,9730,107
plus,9731,171
plus,9732,122
plus,9733,176
plus,9734,146
plus,9735,177
plus,9736,63
plus,9737,94
plus,9738,179
plus,9739,144
plus,9740,122
plus,9741,144
plus,9742,180
plus,9743,58
plus,9744,95
plus,9745,332
plus,9746,62
plus,9747,91
plus,9748,147
plus,9749,120
plus,9750,83
plus,9751,95
plus,9752,67
plus,9753,145
plus,9754,82
plus,9755,106
plus,9756,62
plus,9757,321
plus,9758,145
plus,9759,144
plus,9760,89
plus,9761,86
plus,9762,91
plus,9763,176
plus,9764,124
plus,9765,128
plus,9766,119
plus,9767,146
plus,9768,33
plus,9769,179
plus,9770,106
plus,9771,233
plus,9772,172
plus,9773,180
plus,9774,64
plus,9775,145
plus,9776,233
plus,9777,148
plus,9778,178
plus,9779,123
plus,9780,123
plus,9781,106
plus,9782,239
plus,9783,106
plus,9784,177
plus,9785,64
plus,9786,58
plus,9787,90
plus,9788,144
plus,9789,107
plus,9790,144
plus,9791,64
plus,9792,147
plus,9793,176
plus,9794,107
plus,9795,144
plus,9796,118
plus,9797,60
plus,9798,142
plus,9799,183
plus,9800,120
plus,9801,105
plus,9802,231
plus,9803,225
plus,9804,319
plus,9805,229
plus,9806,178
plus,9807,146
plus,9808,84
plus,9809,237
plus,9810,105
plus,9811,146
plus,9812,175
plus,9813,84
plus,9814,231
plus,9815,83
plus,9816,172
plus,9817,142
plus,9818,122
plus,9819,17
plus,9820,96
plus,9821,143
plus,9822,318
plus,9823,107
plus,9824,232
plus,9825,148
plus,9826,229
plus,9827,41
plus,9828,143
plus,9829,109
plus,9830,324
plus,9831,55
plus,9832,183
plus,9833,226
plus,9834,173
plus,9835,122
plus,9836,173
plus,9837,144
plus,9838,174
plus,9839,106
plus,9840,228
plus,9841,148
plus,9842,105
plus,9843,148
plus,9844,145
plus,9845,108
plus,9846,173
plus,9847,146
plus,9848,122
plus,9849,58
plus,9850,118
plus,9851,122
plus,9852,93
plus,9853,178
plus,9854,175
plus,9855,145
plus,9856,223
plus,9857,64
plus,9858,119
plus,9859,115
plus,9860,150
plus,9861,91
plus,9862,176
plus,9863,230
plus,9864,140
plus,9865,122
plus,9866,83
plus,9867,91
plus,9868,83
plus,9869,94
plus,9870,146
plus,9871,69
plus,9872,228
plus,9873,123
plus,9874,95
plus,9875,45
plus,9876,124
plus,9877,122
plus,9878,178
plus,9879,225
plus,9880,106
plus,9881,144
plus,9882,107
plus,9883,176
plus,9884,178
plus,9885,95
plus,9886,62
plus,9887,319
plus,9888,178
plus,9889,318
plus,9890,106
plus,9891,174
plus,9892,127
plus,9893,174
plus,9894,84
plus,9895,144
plus,9896,93
plus,9897,147
plus,9898,145
plus,9899,81
plus,9900,177
plus,9901,123
plus,9902,171
plus,9903,144
plus,9904,96
plus,9905,93
plus,9906,145
plus,9907,38
plus,9908,85
plus,9909,148
plus,9910,119
plus,9911,145
plus,9912,104
plus,9913,118
plus,9914,81
plus,9915,84
plus,9916,65
plus,9917,227
plus,9918,143
plus,9919,92
plus,9920,232
plus,9921,122
plus,9922,189
plus,9923,173
plus,9924,174
plus,9925,174
plus,9926,105
plus,9927,329
plus,9928,107
plus,9929,229
plus,9930,107
plus,9931,184
plus,9932,104
plus,9933,174
plus,9934,144
plus,9935,108
plus,9936,147
plus,9937,77
plus,9938,95
plus,9939,116
plus,9940,227
plus,9941,177
plus,9942,77
plus,9943,107
plus,9944,228
plus,9945,141
plus,9946,229
plus,9947,125
plus,9948,178
plus,9949,105
plus,9950,54
plus,9951,58
plus,9952,120
plus,9953,84
plus,9954,30
plus,9955,140
plus,9956,83
plus,9957,177
plus,9958,180
plus,9959,71
plus,9960,119
plus,9961,124
plus,9962,93
plus,9963,67
plus,9964,56
plus,9965,84
plus,9966,45
plus,9967,86
plus,9968,173
plus,9969,124
plus,9970,230
plus,9971,125
plus,9972,123
plus,9973,74
plus,9974,32
plus,9975,226
plus,9976,146
plus,9977,175
plus,9978,175
plus,9979,144
plus,9980,225
plus,9981,107
plus,9982,175
plus,9983,180
plus,9984,93
plus,9985,173
plus,9986,77
plus,9987,91
plus,9988,107
plus,9989,124
plus,9990,183
plus,9991,174
plus,9992,142
plus,9993,49
plus,9994,178
plus,9995,175
plus,9996,123
plus,9997,146
plus,9998,70
plus,9999,76
plus,10000,93
plus,10001,105
plus,10002,141
plus,10003,146
plus,10004,176
plus,10005,233
plus,10006,330
plus,10007,152
plus,10008,181
plus,10009,141
plus,10010,179
plus,10011,121
plus,10012,225
plus,10013,171
plus,10014,107
plus,10015,233
plus,10016,124
plus,10017,71
plus,10018,183
plus,10019,123
plus,10020,108
plus,10021,122
plus,10022,144
plus,10023,71
plus,10024,104
plus,10025,152
plus,10026,65
plus,10027,123
plus,10028,146
plus,10029,128
plus,10030,127
plus,10031,223
plus,10032,107
plus,10033,142
plus,10034,69
plus,10035,228
plus,10036,225
plus,10037,143
plus,10038,105
plus,10039,176
plus,10040,64
plus,10041,94
plus,10042,60
plus,10043,122
plus,10044,141
plus,10045,143
plus,10046,107
plus,10047,94
plus,10048,144
plus,10049,64
plus,10050,107
plus,10051,93
plus,10052,70
plus,10053,144
plus,10054,177
plus,10055,225
plus,10056,45
plus,10057,334
plus,10058,49
plus,10059,56
plus,10060,123
plus,10061,335
plus,10062,119
plus,10063,107
plus,10064,95
plus,10065,231
plus,10066,121
plus,10067,230
plus,10068,96
plus,10069,59
plus,10070,141
plus,10071,121
plus,10072,93
plus,10073,63
plus,10074,91
plus,10075,119
plus,10076,181
plus,10077,94
plus,10078,143
plus,10079,181
plus,10080,174
plus,10081,142
plus,10082,75
plus,10083,175
plus,10084,123
plus,10085,60
plus,10086,116
plus,10087,93
plus,10088,176
plus,10089,148
plus,10090,94
plus,10091,93
plus,10092,142
plus,10093,122
plus,10094,179
plus,10095,233
plus,10096,22
plus,10097,92
plus,10098,145
plus,10099,76
plus,10100,64
plus,10101,124
plus,10102,123
plus,10103,121
plus,10104,181
plus,10105,174
plus,10106,83
plus,10107,324
plus,10108,123
plus,10109,144
plus,10110,147
plus,10111,90
plus,10112,107
plus,10113,171
plus,10114,64
plus,10115,144
plus,10116,70
plus,10117,176
plus,10118,228
plus,10119,73
plus,10120,105
plus,10121,139
plus,10122,60
plus,10123,148
plus,10124,95
plus,10125,92
plus,10126,83
plus,10127,75
plus,10128,324
plus,10129,120
plus,10130,81
plus,10131,144
plus,10132,120
plus,10133,145
plus,10134,145
plus,10135,145
plus,10136,181
plus,10137,42
plus,10138,73
plus,10139,237
plus,10140,179
plus,10141,323
plus,10142,107
plus,10143,184
plus,10144,77
plus,10145,323
plus,10146,176
plus,10147,179
plus,10148,126
plus,10149,84
plus,10150,126
plus,10151,123
plus,10152,229
plus,10153,123
plus,10154,121
plus,10155,110
plus,10156,146
plus,10157,230
plus,10158,230
plus,10159,178
plus,10160,90
plus,10161,230
plus,10162,226
plus,10163,95
plus,10164,83
plus,10165,174
plus,10166,121
plus,10167,175
plus,10168,183
plus,10169,174
plus,10170,96
plus,10171,41
plus,10172,148
plus,10173,235
plus,10174,233
plus,10175,95
plus,10176,93
plus,10177,323
plus,10178,94
plus,10179,107
plus,10180,76
plus,10181,224
plus,10182,226
plus,10183,230
plus,10184,96
plus,10185,185
plus,10186,322
plus,10187,63
plus,10188,95
plus,10189,231
plus,10190,121
plus,10191,235
plus,10192,174
plus,10193,101
plus,10194,236
plus,10195,143
plus,10196,174
plus,10197,106
plus,10198,576
plus,10199,120
plus,10200,178
plus,10201,176
plus,10202,140
plus,10203,88
plus,10204,178
plus,10205,126
plus,10206,143
plus,10207,148
plus,10208,180
plus,10209,140
plus,10210,172
plus,10211,224
plus,10212,83
plus,10213,121
plus,10214,107
plus,10215,233
plus,10216,140
plus,10217,181
plus,10218,174
plus,10219,108
plus,10220,179
plus,10221,176
plus,10222,179
plus,10223,90
plus,10224,107
plus,10225,174
plus,10226,75
plus,10227,107
plus,10228,59
plus,10229,119
plus,10230,119
plus,10231,105
plus,10232,230
plus,10233,225
plus,10234,181
plus,10235,232
plus,10236,116
plus,10237,145
plus,10238,119
plus,10239,106
plus,10240,109
plus,10241,117
plus,10242,226
plus,10243,94
plus,10244,175
plus,10245,93
plus,10246,178
plus,10247,326
plus,10248,48
plus,10249,91
plus,10250,64
plus,10251,141
plus,10252,120
plus,10253,146
plus,10254,143
plus,10255,181
plus,10256,146
plus,10257,145
plus,10258,226
plus,10259,175
plus,10260,108
plus,10261,237
plus,10262,56
plus,10263,91
plus,10264,96
plus,10265,85
plus,10266,85
plus,10267,172
plus,10268,178
plus,10269,177
plus,10270,142
plus,10271,145
plus,10272,145
plus,10273,173
plus,10274,140
plus,10275,54
plus,10276,84
plus,10277,107
plus,10278,181
plus,10279,229
plus,10280,71
plus,10281,177
plus,10282,177
plus,10283,177
plus,10284,86
plus,10285,222
plus,10286,235
plus,10287,85
plus,10288,175
plus,10289,94
plus,10290,93
plus,10291,64
plus,10292,227
plus,10293,239
plus,10294,231
plus,10295,235
plus,10296,121
plus,10297,222
plus,10298,323
plus,10299,123
plus,10300,175
plus,10301,328
plus,10302,104
plus,10303,59
plus,10304,125
plus,10305,76
plus,10306,171
plus,10307,228
plus,10308,108
plus,10309,124
plus,10310,76
plus,10311,148
plus,10312,77
plus,10313,94
plus,10314,182
plus,10315,174
plus,10316,182
plus,10317,138
plus,10318,119
plus,10319,119
plus,10320,123
plus,10321,77
plus,10322,144
plus,10323,232
plus,10324,107
plus,10325,137
plus,10326,125
plus,10327,48
plus,10328,108
plus,10329,149
plus,10330,55
plus,10331,83
plus,10332,339
plus,10333,122
plus,10334,145
plus,10335,83
plus,10336,120
plus,10337,108
plus,10338,182
plus,10339,172
plus,10340,41
plus,10341,175
plus,10342,37
plus,10343,142
plus,10344,145
plus,10345,178
plus,10346,146
plus,10347,106
plus,10348,145
plus,10349,106
plus,10350,144
plus,10351,92
plus,10352,117
plus,10353,118
plus,10354,117
plus,10355,326
plus,10356,85
plus,10357,119
plus,10358,236
plus,10359,83
plus,10360,123
plus,10361,227
plus,10362,82
plus,10363,178
plus,10364,106
plus,10365,96
plus,10366,109
plus,10367,105
plus,10368,124
plus,10369,142
plus,10370,179
plus,10371,178
plus,10372,121
plus,10373,120
plus,10374,41
plus,10375,144
plus,10376,62
plus,10377,231
plus,10378,219
plus,10379,94
plus,10380,62
plus,10381,65
plus,10382,33
plus,10383,93
plus,10384,171
plus,10385,221
plus,10386,232
plus,10387,176
plus,10388,147
plus,10389,125
plus,10390,64
plus,10391,124
plus,10392,122
plus,10393,144
plus,10394,141
plus,10395,63
plus,10396,85
plus,10397,84
plus,10398,108
plus,10399,178
plus,10400,115
plus,10401,64
plus,10402,94
plus,10403,121
plus,10404,106
plus,10405,82
plus,10406,103
plus,10407,144
plus,10408,182
plus,10409,143
plus,10410,70
plus,10411,144
plus,10412,92
plus,10413,122
plus,10414,231
plus,10415,145
plus,10416,122
plus,10417,181
plus,10418,95
plus,10419,177
plus,10420,107
plus,10421,70
plus,10422,325
plus,10423,229
plus,10424,233
plus,10425,145
plus,10426,148
plus,10427,144
plus,10428,324
plus,10429,124
plus,10430,238
plus,10431,118
plus,10432,145
plus,10433,124
plus,10434,49
plus,10435,139
plus,10436,232
plus,10437,229
plus,10438,229
plus,10439,120
plus,10440,91
plus,10441,96
plus,10442,95
plus,10443,179
plus,10444,122
plus,10445,82
plus,10446,93
plus,10447,177
plus,10448,143
plus,10449,145
plus,10450,177
plus,10451,144
plus,10452,144
plus,10453,145
plus,10454,126
plus,10455,143
plus,10456,123
plus,10457,234
plus,10458,227
plus,10459,122
plus,10460,124
plus,10461,186
plus,10462,123
plus,10463,124
plus,10464,234
plus,10465,105
plus,10466,231
plus,10467,180
plus,10468,227
plus,10469,75
plus,10470,314
plus,10471,177
plus,10472,68
plus,10473,94
plus,10474,146
plus,10475,106
plus,10476,124
plus,10477,106
plus,10478,55
plus,10479,75
plus,10480,110
plus,10481,327
plus,10482,177
plus,10483,148
plus,10484,125
plus,10485,229
plus,10486,230
plus,10487,46
plus,10488,227
plus,10489,25
plus,10490,141
plus,10491,94
plus,10492,140
plus,10493,105
plus,10494,227
plus,10495,78
plus,10496,123
plus,10497,225
plus,10498,104
plus,10499,176
plus,10500,143
plus,10501,121
plus,10502,122
plus,10503,108
plus,10504,142
plus,10505,229
plus,10506,146
plus,10507,84
plus,10508,108
plus,10509,181
plus,10510,177
plus,10511,177
plus,10512,178
plus,10513,91
plus,10514,187
plus,10515,178
plus,10516,333
plus,10517,93
plus,10518,232
plus,10519,82
plus,10520,144
plus,10521,89
plus,10522,139
plus,10523,88
plus,10524,93
plus,10525,176
plus,10526,91
plus,10527,107
plus,10528,121
plus,10529,326
plus,10530,146
plus,10531,175
plus,10532,30
plus,10533,140
plus,10534,179
plus,10535,76
plus,10536,118
plus,10537,83
plus,10538,105
plus,10539,139
plus,10540,85
plus,10541,146
plus,10542,55
plus,10543,123
plus,10544,68
plus,10545,81
plus,10546,175
plus,10547,143
plus,10548,56
plus,10549,124
plus,10550,176
plus,10551,49
plus,10552,42
plus,10553,227
plus,10554,228
plus,10555,125
plus,10556,85
plus,10557,175
plus,10558,81
plus,10559,91
plus,10560,149
plus,10561,149
plus,10562,226
plus,10563,120
plus,10564,108
plus,10565,103
plus,10566,174
plus,10567,173
plus,10568,181
plus,10569,123
plus,10570,107
plus,10571,92
plus,10572,176
plus,10573,224
plus,10574,147
plus,10575,147
plus,10576,94
plus,10577,85
plus,10578,144
plus,10579,171
plus,10580,179
plus,10581,118
plus,10582,104
plus,10583,576
plus,10584,146
plus,10585,108
plus,10586,148
plus,10587,83
plus,10588,223
plus,10589,123
plus,10590,92
plus,10591,142
plus,10592,124
plus,10593,93
plus,10594,144
plus,10595,76
plus,10596,63
plus,10597,180
plus,10598,122
plus,10599,173
plus,10600,173
plus,10601,150
plus,10602,144
plus,10603,77
plus,10604,118
plus,10605,76
plus,10606,64
plus,10607,144
plus,10608,180
plus,10609,171
plus,10610,74
plus,10611,149
plus,10612,180
plus,10613,147
plus,10614,121
plus,10615,62
plus,10616,143
plus,10617,170
plus,10618,122
plus,10619,94
plus,10620,91
plus,10621,94
plus,10622,38
plus,10623,144
plus,10624,172
plus,10625,178
plus,10626,123
plus,10627,108
plus,10628,92
plus,10629,183
plus,10630,116
plus,10631,146
plus,10632,107
plus,10633,122
plus,10634,119
plus,10635,173
plus,10636,143
plus,10637,177
plus,10638,120
plus,10639,84
plus,10640,83
plus,10641,94
plus,10642,176
plus,10643,91
plus,10644,144
plus,10645,174
plus,10646,144
plus,10647,104
plus,10648,38
plus,10649,179
plus,10650,326
plus,10651,178
plus,10652,118
plus,10653,61
plus,10654,139
plus,10655,103
plus,10656,176
plus,10657,118
plus,10658,179
plus,10659,226
plus,10660,233
plus,10661,331
plus,10662,172
plus,10663,118
plus,10664,92
plus,10665,108
plus,10666,106
plus,10667,92
plus,10668,75
plus,10669,146
plus,10670,83
plus,10671,177
plus,10672,70
plus,10673,235
plus,10674,181
plus,10675,116
plus,10676,148
plus,10677,141
plus,10678,166
plus,10679,85
plus,10680,93
plus,10681,120
plus,10682,121
plus,10683,148
plus,10684,124
plus,10685,225
plus,10686,62
plus,10687,178
plus,10688,229
plus,10689,323
plus,10690,110
plus,10691,142
plus,10692,143
plus,10693,123
plus,10694,121
plus,10695,180
plus,10696,65
plus,10697,176
plus,10698,173
plus,10699,48
plus,10700,114
plus,10701,125
plus,10702,69
plus,10703,119
plus,10704,225
plus,10705,176
plus,10706,93
plus,10707,141
plus,10708,121
plus,10709,144
plus,10710,92
plus,10711,147
plus,10712,70
plus,10713,69
plus,10714,123
plus,10715,174
plus,10716,145
plus,10717,119
plus,10718,122
plus,10719,96
plus,10720,175
plus,10721,123
plus,10722,55
plus,10723,104
plus,10724,119
plus,10725,115
plus,10726,93
plus,10727,120
plus,10728,124
plus,10729,119
plus,10730,145
plus,10731,122
plus,10732,225
plus,10733,76
plus,10734,225
plus,10735,69
plus,10736,143
plus,10737,318
plus,10738,229
plus,10739,105
plus,10740,119
plus,10741,231
plus,10742,41
plus,10743,82
plus,10744,144
plus,10745,97
plus,10746,145
plus,10747,146
plus,10748,185
plus,10749,121
plus,10750,70
plus,10751,96
plus,10752,108
plus,10753,104
plus,10754,327
plus,10755,104
plus,10756,177
plus,10757,144
plus,10758,107
plus,10759,145
plus,10760,148
plus,10761,96
plus,10762,147
plus,10763,144
plus,10764,142
plus,10765,93
plus,10766,65
plus,10767,70
plus,10768,144
plus,10769,121
plus,10770,124
plus,10771,120
plus,10772,75
plus,10773,141
plus,10774,237
plus,10775,144
plus,10776,145
plus,10777,120
plus,10778,67
plus,10779,125
plus,10780,227
plus,10781,144
plus,10782,68
plus,10783,332
plus,10784,177
plus,10785,108
plus,10786,122
plus,10787,151
plus,10788,91
plus,10789,229
plus,10790,176
plus,10791,124
plus,10792,95
plus,10793,228
plus,10794,122
plus,10795,107
plus,10796,220
plus,10797,45
plus,10798,174
plus,10799,145
plus,10800,146
plus,10801,81
plus,10802,121
plus,10803,120
plus,10804,175
plus,10805,120
plus,10806,93
plus,10807,117
plus,10808,118
plus,10809,326
plus,10810,178
plus,10811,69
plus,10812,25
plus,10813,149
plus,10814,139
plus,10815,237
plus,10816,145
plus,10817,120
plus,10818,94
plus,10819,238
plus,10820,69
plus,10821,224
plus,10822,230
plus,10823,124
plus,10824,146
plus,10825,105
plus,10826,179
plus,10827,107
plus,10828,124
plus,10829,142
plus,10830,121
plus,10831,177
plus,10832,108
plus,10833,227
plus,10834,221
plus,10835,149
plus,10836,122
plus,10837,109
plus,10838,122
plus,10839,143
plus,10840,320
plus,10841,85
plus,10842,61
plus,10843,181
plus,10844,95
plus,10845,180
plus,10846,125
plus,10847,128
plus,10848,141
plus,10849,108
plus,10850,85
plus,10851,318
plus,10852,178
plus,10853,178
plus,10854,74
plus,10855,78
plus,10856,119
plus,10857,144
plus,10858,175
plus,10859,109
plus,10860,121
plus,10861,141
plus,10862,143
plus,10863,182
plus,10864,147
plus,10865,143
plus,10866,123
plus,10867,231
plus,10868,82
plus,10869,237
plus,10870,63
plus,10871,120
plus,10872,145
plus,10873,69
plus,10874,176
plus,10875,175
plus,10876,38
plus,10877,178
plus,10878,233
plus,10879,124
plus,10880,60
plus,10881,179
plus,10882,228
plus,10883,93
plus,10884,126
plus,10885,232
plus,10886,135
plus,10887,105
plus,10888,326
plus,10889,144
plus,10890,141
plus,10891,227
plus,10892,108
plus,10893,144
plus,10894,144
plus,10895,82
plus,10896,226
plus,10897,85
plus,10898,147
plus,10899,107
plus,10900,30
plus,10901,180
plus,10902,173
plus,10903,145
plus,10904,147
plus,10905,92
plus,10906,106
plus,10907,95
plus,10908,148
plus,10909,103
plus,10910,93
plus,10911,236
plus,10912,322
plus,10913,179
plus,10914,91
plus,10915,174
plus,10916,86
plus,10917,177
plus,10918,147
plus,10919,147
plus,10920,321
plus,10921,123
plus,10922,48
plus,10923,226
plus,10924,146
plus,10925,172
plus,10926,63
plus,10927,61
plus,10928,226
plus,10929,175
plus,10930,108
plus,10931,42
plus,10932,95
plus,10933,178
plus,10934,95
plus,10935,141
plus,10936,82
plus,10937,124
plus,10938,109
plus,10939,94
plus,10940,118
plus,10941,175
plus,10942,108
plus,10943,116
plus,10944,104
plus,10945,172
plus,10946,233
plus,10947,146
plus,10948,178
plus,10949,176
plus,10950,83
plus,10951,144
plus,10952,173
plus,10953,181
plus,10954,177
plus,10955,122
plus,10956,126
plus,10957,77
plus,10958,232
plus,10959,146
plus,10960,182
plus,10961,227
plus,10962,234
plus,10963,95
plus,10964,63
plus,10965,64
plus,10966,230
plus,10967,325
plus,10968,106
plus,10969,227
plus,10970,106
plus,10971,177
plus,10972,49
plus,10973,74
plus,10974,178
plus,10975,227
plus,10976,176
plus,10977,144
plus,10978,85
plus,10979,179
plus,10980,119
plus,10981,175
plus,10982,117
plus,10983,139
plus,10984,148
plus,10985,120
plus,10986,108
plus,10987,108
plus,10988,123
plus,10989,96
plus,10990,174
plus,10991,229
plus,10992,181
plus,10993,172
plus,10994,144
plus,10995,144
plus,10996,232
plus,10997,180
plus,10998,180
plus,10999,78
plus,11000,178
plus,11001,63
plus,11002,75
plus,11003,147
plus,11004,176
plus,11005,147
plus,11006,93
plus,11007,146
plus,11008,181
plus,11009,179
plus,11010,233
plus,11011,122
plus,11012,30
plus,11013,179
plus,11014,144
plus,11015,174
plus,11016,95
plus,11017,173
plus,11018,229
plus,11019,93
plus,11020,124
plus,11021,235
plus,11022,106
plus,11023,175
plus,11024,123
plus,11025,177
plus,11026,96
plus,11027,110
plus,11028,174
plus,11029,141
plus,11030,147
plus,11031,124
plus,11032,231
plus,11033,173
plus,11034,141
plus,11035,145
plus,11036,83
plus,11037,147
plus,11038,84
plus,11039,180
plus,11040,106
plus,11041,107
plus,11042,92
plus,11043,120
plus,11044,106
plus,11045,121
plus,11046,142
plus,11047,179
plus,11048,140
plus,11049,94
plus,11050,182
plus,11051,178
plus,11052,143
plus,11053,146
plus,11054,147
plus,11055,121
plus,11056,82
plus,11057,120
plus,11058,119
plus,11059,117
plus,11060,178
plus,11061,229
plus,11062,178
plus,11063,89
plus,11064,94
plus,11065,30
plus,11066,49
plus,11067,147
plus,11068,106
plus,11069,146
plus,11070,106
plus,11071,222
plus,11072,228
plus,11073,76
plus,11074,141
plus,11075,227
plus,11076,108
plus,11077,117
plus,11078,176
plus,11079,81
plus,11080,60
plus,11081,232
plus,11082,326
plus,11083,145
plus,11084,106
plus,11085,146
plus,11086,179
plus,11087,222
plus,11088,104
plus,11089,93
plus,11090,119
plus,11091,175
plus,11092,47
plus,11093,76
plus,11094,229
plus,11095,105
plus,11096,228
plus,11097,145
plus,11098,126
plus,11099,144
plus,11100,181
plus,11101,143
plus,11102,145
plus,11103,107
plus,11104,83
plus,11105,93
plus,11106,228
plus,11107,174
plus,11108,104
plus,11109,224
plus,11110,231
plus,11111,124
plus,11112,148
plus,11113,176
plus,11114,94
plus,11115,56
plus,11116,105
plus,11117,174
plus,11118,121
plus,11119,105
plus,11120,107
plus,11121,177
plus,11122,91
plus,11123,181
plus,11124,126
plus,11125,61
plus,11126,74
plus,11127,147
plus,11128,145
plus,11129,108
plus,11130,178
plus,11131,179
plus,11132,180
plus,11133,181
plus,11134,108
plus,11135,92
plus,11136,117
plus,11137,95
plus,11138,180
plus,11139,325
plus,11140,108
plus,11141,95
plus,11142,64
plus,11143,42
plus,11144,46
plus,11145,329
plus,11146,95
plus,11147,180
plus,11148,143
plus,11149,49
plus,11150,106
plus,11151,61
plus,11152,177
plus,11153,123
plus,11154,145
plus,11155,122
plus,11156,143
plus,11157,124
plus,11158,176
plus,11159,173
plus,11160,123
plus,11161,322
plus,11162,174
plus,11163,148
plus,11164,140
plus,11165,96
plus,11166,178
plus,11167,235
plus,11168,92
plus,11169,106
plus,11170,33
plus,11171,175
plus,11172,105
plus,11173,92
plus,11174,228
plus,11175,329
plus,11176,233
plus,11177,177
plus,11178,91
plus,11179,146
plus,11180,320
plus,11181,144
plus,11182,139
plus,11183,179
plus,11184,77
plus,11185,178
plus,11186,174
plus,11187,125
plus,11188,144
plus,11189,76
plus,11190,142
plus,11191,224
plus,11192,230
plus,11193,171
plus,11194,121
plus,11195,108
plus,11196,320
plus,11197,119
plus,11198,176
plus,11199,176
plus,11200,144
plus,11201,125
plus,11202,121
plus,11203,106
plus,11204,170
plus,11205,106
plus,11206,176
plus,11207,123
plus,11208,119
plus,11209,142
plus,11210,178
plus,11211,107
plus,11212,147
plus,11213,93
plus,11214,225
plus,11215,105
plus,11216,94
plus,11217,121
plus,11218,107
plus,11219,173
plus,11220,93
plus,11221,96
plus,11222,122
plus,11223,121
plus,11224,173
plus,11225,91
plus,11226,22
plus,11227,125
plus,11228,146
plus,11229,108
plus,11230,74
plus,11231,143
plus,11232,85
plus,11233,231
plus,11234,143
plus,11235,73
plus,11236,68
plus,11237,91
plus,11238,148
plus,11239,123
plus,11240,182
plus,11241,109
plus,11242,225
plus,11243,95
plus,11244,96
plus,11245,75
plus,11246,105
plus,11247,224
plus,11248,44
plus,11249,146
plus,11250,178
plus,11251,148
plus,11252,146
plus,11253,175
plus,11254,177
plus,11255,328
plus,11256,324
plus,11257,74
plus,11258,181
plus,11259,137
plus,11260,69
plus,11261,228
plus,11262,128
plus,11263,76
plus,11264,119
plus,11265,232
plus,11266,106
plus,11267,76
plus,11268,123
plus,11269,123
plus,11270,144
plus,11271,146
plus,11272,119
plus,11273,176
plus,11274,94
plus,11275,143
plus,11276,120
plus,11277,91
plus,11278,147
plus,11279,232
plus,11280,105
plus,11281,144
plus,11282,122
plus,11283,122
plus,11284,90
plus,11285,147
plus,11286,181
plus,11287,96
plus,11288,176
plus,11289,335
plus,11290,64
plus,11291,95
plus,11292,95
plus,11293,76
plus,11294,122
plus,11295,55
plus,11296,68
plus,11297,330
plus,11298,105
plus,11299,123
plus,11300,76
plus,11301,91
plus,11302,45
plus,11303,172
plus,11304,144
plus,11305,221
plus,11306,178
plus,11307,126
plus,11308,145
plus,11309,106
plus,11310,179
plus,11311,237
plus,11312,225
plus,11313,123
plus,11314,146
plus,11315,105
plus,11316,106
plus,11317,105
plus,11318,233
plus,11319,106
plus,11320,176
plus,11321,120
plus,11322,228
plus,11323,177
plus,11324,145
plus,11325,147
plus,11326,122
plus,11327,181
plus,11328,145
plus,11329,69
plus,11330,144
plus,11331,142
plus,11332,178
plus,11333,235
plus,11334,140
plus,11335,177
plus,11336,235
plus,11337,107
plus,11338,120
plus,11339,145
plus,11340,173
plus,11341,125
plus,11342,145
plus,11343,227
plus,11344,176
plus,11345,178
plus,11346,145
plus,11347,102
plus,11348,179
plus,11349,172
plus,11350,220
plus,11351,117
plus,11352,64
plus,11353,64
plus,11354,119
plus,11355,94
plus,11356,175
plus,11357,122
plus,11358,228
plus,11359,106
plus,11360,178
plus,11361,227
plus,11362,82
plus,11363,123
plus,11364,94
plus,11365,143
plus,11366,91
plus,11367,92
plus,11368,177
plus,11369,120
plus,11370,94
plus,11371,94
plus,11372,176
plus,11373,232
plus,11374,142
plus,11375,105
plus,11376,178
plus,11377,106
plus,11378,222
plus,11379,119
plus,11380,328
plus,11381,76
plus,11382,143
plus,11383,123
plus,11384,48
plus,11385,94
plus,11386,107
plus,11387,122
plus,11388,70
plus,11389,70
plus,11390,122
plus,11391,118
plus,11392,173
plus,11393,233
plus,11394,173
plus,11395,92
plus,11396,107
plus,11397,69
plus,11398,84
plus,11399,84
plus,11400,121
plus,11401,76
plus,11402,65
plus,11403,83
plus,11404,120
plus,11405,44
plus,11406,124
plus,11407,230
plus,11408,119
plus,11409,59
plus,11410,227
plus,11411,227
plus,11412,107
plus,11413,105
plus,11414,144
plus,11415,144
plus,11416,107
plus,11417,144
plus,11418,142
plus,11419,74
plus,11420,224
plus,11421,83
plus,11422,94
plus,11423,75
plus,11424,62
plus,11425,90
plus,11426,64
plus,11427,62
plus,11428,63
plus,11429,83
plus,11430,123
plus,11431,107
plus,11432,174
plus,11433,124
plus,11434,122
plus,11435,121
plus,11436,75
plus,11437,232
plus,11438,122
plus,11439,179
plus,11440,142
plus,11441,223
plus,11442,184
plus,11443,145
plus,11444,85
plus,11445,176
plus,11446,82
plus,11447,142
plus,11448,84
plus,11449,125
plus,11450,234
plus,11451,73
plus,11452,42
plus,11453,106
plus,11454,94
plus,11455,228
plus,11456,182
plus,11457,148
plus,11458,124
plus,11459,94
plus,11460,226
plus,11461,182
plus,11462,49
plus,11463,141
plus,11464,124
plus,11465,84
plus,11466,106
plus,11467,173
plus,11468,124
plus,11469,148
plus,11470,120
plus,11471,180
plus,11472,141
plus,11473,142
plus,11474,105
plus,11475,144
plus,11476,174
plus,11477,145
plus,11478,103
plus,11479,179
plus,11480,85
plus,11481,107
plus,11482,140
plus,11483,138
plus,11484,104
plus,11485,58
plus,11486,38
plus,11487,227
plus,11488,82
plus,11489,139
plus,11490,82
plus,11491,142
plus,11492,56
plus,11493,228
plus,11494,170
plus,11495,227
plus,11496,147
plus,11497,229
plus,11498,76
plus,11499,177
plus,11500,104
plus,11501,226
plus,11502,143
plus,11503,118
plus,11504,177
plus,11505,144
plus,11506,83
plus,11507,124
plus,11508,90
plus,11509,329
plus,11510,145
plus,11511,143
plus,11512,227
plus,11513,108
plus,11514,106
plus,11515,182
plus,11516,224
plus,11517,120
plus,11518,143
plus,11519,60
plus,11520,84
plus,11521,121
plus,11522,176
plus,11523,147
plus,11524,141
plus,11525,93
plus,11526,185
plus,11527,224
plus,11528,86
plus,11529,320
plus,11530,180
plus,11531,172
plus,11532,217
plus,11533,92
plus,11534,103
plus,11535,124
plus,11536,138
plus,11537,91
plus,11538,224
plus,11539,106
plus,11540,141
plus,11541,47
plus,11542,144
plus,11543,174
plus,11544,175
plus,11545,123
plus,11546,224
plus,11547,117
plus,11548,178
plus,11549,118
plus,11550,144
plus,11551,82
plus,11552,125
plus,11553,120
plus,11554,122
plus,11555,143
plus,11556,328
plus,11557,120
plus,11558,143
plus,11559,177
plus,11560,93
plus,11561,92
plus,11562,84
plus,11563,83
plus,11564,77
plus,11565,143
plus,11566,232
plus,11567,148
plus,11568,62
plus,11569,145
plus,11570,123
plus,11571,322
plus,11572,121
plus,11573,94
plus,11574,75
plus,11575,141
plus,11576,145
plus,11577,122
plus,11578,172
plus,11579,104
plus,11580,143
plus,11581,121
plus,11582,69
plus,11583,235
plus,11584,145
plus,11585,179
plus,11586,232
plus,11587,122
plus,11588,173
plus,11589,147
plus,11590,146
plus,11591,179
plus,11592,93
plus,11593,85
plus,11594,64
plus,11595,146
plus,11596,126
plus,11597,94
plus,11598,231
plus,11599,129
plus,11600,187
plus,11601,118
plus,11602,145
plus,11603,226
plus,11604,94
plus,11605,142
plus,11606,144
plus,11607,236
plus,11608,179
plus,11609,95
plus,11610,140
plus,11611,88
plus,11612,84
plus,11613,235
plus,11614,49
plus,11615,224
plus,11616,181
plus,11617,106
plus,11618,124
plus,11619,176
plus,11620,76
plus,11621,229
plus,11622,225
plus,11623,144
plus,11624,91
plus,11625,143
plus,11626,143
plus,11627,107
plus,11628,123
plus,11629,108
plus,11630,107
plus,11631,122
plus,11632,235
plus,11633,327
plus,11634,229
plus,11635,75
plus,11636,172
plus,11637,125
plus,11638,227
plus,11639,238
plus,11640,74
plus,11641,329
plus,11642,176
plus,11643,106
plus,11644,74
plus,11645,175
plus,11646,331
plus,11647,222
plus,11648,228
plus,11649,177
plus,11650,178
plus,11651,91
plus,11652,142
plus,11653,76
plus,11654,106
plus,11655,326
plus,11656,227
plus,11657,179
plus,11658,108
plus,11659,68
plus,11660,181
plus,11661,173
plus,11662,173
plus,11663,107
plus,11664,106
plus,11665,93
plus,11666,107
plus,11667,144
plus,11668,123
plus,11669,142
plus,11670,224
plus,11671,181
plus,11672,94
plus,11673,58
plus,11674,64
plus,11675,82
plus,11676,223
plus,11677,331
plus,11678,143
plus,11679,146
plus,11680,176
plus,11681,226
plus,11682,120
plus,11683,226
plus,11684,233
plus,11685,236
plus,11686,71
plus,11687,147
plus,11688,142
plus,11689,180
plus,11690,123
plus,11691,176
plus,11692,92
plus,11693,175
plus,11694,178
plus,11695,122
plus,11696,127
plus,11697,176
plus,11698,178
plus,11699,109
plus,11700,177
plus,11701,179
plus,11702,119
plus,11703,147
plus,11704,142
plus,11705,90
plus,11706,76
plus,11707,234
plus,11708,143
plus,11709,94
plus,11710,106
plus,11711,33
plus,11712,123
plus,11713,149
plus,11714,119
plus,11715,94
plus,11716,225
plus,11717,225
plus,11718,93
plus,11719,122
plus,11720,122
plus,11721,82
plus,11722,174
plus,11723,178
plus,11724,334
plus,11725,144
plus,11726,75
plus,11727,173
plus,11728,323
plus,11729,239
plus,11730,321
plus,11731,176
plus,11732,86
plus,11733,236
plus,11734,146
plus,11735,117
plus,11736,63
plus,11737,225
plus,11738,85
plus,11739,183
plus,11740,324
plus,11741,80
plus,11742,232
plus,11743,232
plus,11744,120
plus,11745,145
plus,11746,64
plus,11747,71
plus,11748,110
plus,11749,121
plus,11750,106
plus,11751,83
plus,11752,46
plus,11753,232
plus,11754,230
plus,11755,62
plus,11756,108
plus,11757,120
plus,11758,229
plus,11759,142
plus,11760,148
plus,11761,117
plus,11762,85
plus,11763,95
plus,11764,181
plus,11765,174
plus,11766,104
plus,11767,178
plus,11768,94
plus,11769,143
plus,11770,120
plus,11771,144
plus,11772,144
plus,11773,144
plus,11774,104
plus,11775,83
plus,11776,60
plus,11777,75
plus,11778,61
plus,11779,140
plus,11780,174
plus,11781,224
plus,11782,146
plus,11783,104
plus,11784,48
plus,11785,55
plus,11786,141
plus,11787,181
plus,11788,63
plus,11789,185
plus,11790,142
plus,11791,92
plus,11792,106
plus,11793,77
plus,11794,74
plus,11795,76
plus,11796,123
plus,11797,107
plus,11798,228
plus,11799,177
plus,11800,69
plus,11801,149
plus,11802,95
plus,11803,176
plus,11804,324
plus,11805,175
plus,11806,123
plus,11807,108
plus,11808,233
plus,11809,83
plus,11810,107
plus,11811,64
plus,11812,177
plus,11813,326
plus,11814,147
plus,11815,146
plus,11816,147
plus,11817,327
plus,11818,117
plus,11819,127
plus,11820,226
plus,11821,73
plus,11822,108
plus,11823,177
plus,11824,147
plus,11825,145
plus,11826,30
plus,11827,89
plus,11828,40
plus,11829,96
plus,11830,230
plus,11831,124
plus,11832,107
plus,11833,229
plus,11834,103
plus,11835,70
plus,11836,177
plus,11837,147
plus,11838,125
plus,11839,146
plus,11840,184
plus,11841,142
plus,11842,95
plus,11843,82
plus,11844,64
plus,11845,225
plus,11846,177
plus,11847,174
plus,11848,44
plus,11849,49
plus,11850,147
plus,11851,64
plus,11852,232
plus,11853,143
plus,11854,143
plus,11855,175
plus,11856,177
plus,11857,178
plus,11858,178
plus,11859,124
plus,11860,144
plus,11861,140
plus,11862,118
plus,11863,147
plus,11864,107
plus,11865,103
plus,11866,175
plus,11867,330
plus,11868,175
plus,11869,122
plus,11870,122
plus,11871,126
plus,11872,37
plus,11873,103
plus,11874,176
plus,11875,183
plus,11876,93
plus,11877,174
plus,11878,327
plus,11879,231
plus,11880,106
plus,11881,229
plus,11882,94
plus,11883,145
plus,11884,120
plus,11885,178
plus,11886,227
plus,11887,230
plus,11888,127
plus,11889,84
plus,11890,120
plus,11891,93
plus,11892,174
plus,11893,147
plus,11894,82
plus,11895,180
plus,11896,83
plus,11897,225
plus,11898,120
plus,11899,90
plus,11900,320
plus,11901,84
plus,11902,107
plus,11903,177
plus,11904,94
plus,11905,230
plus,11906,151
plus,11907,228
plus,11908,235
plus,11909,141
plus,11910,141
plus,11911,125
plus,11912,179
plus,11913,179
plus,11914,108
plus,11915,142
plus,11916,181
plus,11917,175
plus,11918,184
plus,11919,177
plus,11920,180
plus,11921,123
plus,11922,105
plus,11923,144
plus,11924,146
plus,11925,229
plus,11926,175
plus,11927,108
plus,11928,148
plus,11929,117
plus,11930,142
plus,11931,177
plus,11932,120
plus,11933,137
plus,11934,175
plus,11935,78
plus,11936,182
plus,11937,146
plus,11938,330
plus,11939,124
plus,11940,93
plus,11941,54
plus,11942,183
plus,11943,75
plus,11944,171
plus,11945,55
plus,11946,107
plus,11947,144
plus,11948,177
plus,11949,172
plus,11950,175
plus,11951,175
plus,11952,123
plus,11953,145
plus,11954,145
plus,11955,117
plus,11956,118
plus,11957,320
plus,11958,121
plus,11959,107
plus,11960,178
plus,11961,175
plus,11962,178
plus,11963,234
plus,11964,105
plus,11965,141
plus,11966,228
plus,11967,148
plus,11968,120
plus,11969,125
plus,11970,229
plus,11971,76
plus,11972,42
plus,11973,62
plus,11974,124
plus,11975,83
plus,11976,146
plus,11977,90
plus,11978,64
plus,11979,183
plus,11980,174
plus,11981,323
plus,11982,71
plus,11983,144
plus,11984,230
plus,11985,145
plus,11986,142
plus,11987,120
plus,11988,183
plus,11989,107
plus,11990,147
plus,11991,233
plus,11992,180
plus,11993,91
plus,11994,96
plus,11995,232
plus,11996,123
plus,11997,178
plus,11998,176
plus,11999,82
plus,12000,76
plus,12001,142
plus,12002,122
plus,12003,230
plus,12004,143
plus,12005,65
plus,12006,75
plus,12007,143
plus,12008,83
plus,12009,106
plus,12010,234
plus,12011,326
plus,12012,329
plus,12013,229
plus,12014,177
plus,12015,236
plus,12016,108
plus,12017,116
plus,12018,181
plus,12019,180
plus,12020,84
plus,12021,82
plus,12022,106
plus,12023,64
plus,12024,120
plus,12025,121
plus,12026,148
plus,12027,229
plus,12028,147
plus,12029,84
plus,12030,111
plus,12031,122
plus,12032,105
plus,12033,147
plus,12034,122
plus,12035,147
plus,12036,121
plus,12037,45
plus,12038,178
plus,12039,175
plus,12040,82
plus,12041,84
plus,12042,228
plus,12043,63
plus,12044,182
plus,12045,142
plus,12046,175
plus,12047,84
plus,12048,84
plus,12049,229
plus,12050,107
plus,12051,147
plus,12052,235
plus,12053,144
plus,12054,235
plus,12055,176
plus,12056,326
plus,12057,179
plus,12058,228
plus,12059,322
plus,12060,83
plus,12061,123
plus,12062,91
plus,12063,143
plus,12064,120
plus,12065,233
plus,12066,140
plus,12067,175
plus,12068,124
plus,12069,64
plus,12070,124
plus,12071,174
plus,12072,343
plus,12073,123
plus,12074,64
plus,12075,123
plus,12076,143
plus,12077,149
plus,12078,95
plus,12079,232
plus,12080,93
plus,12081,119
plus,12082,236
plus,12083,68
plus,12084,124
plus,12085,92
plus,12086,124
plus,12087,178
plus,12088,105
plus,12089,140
plus,12090,176
plus,12091,141
plus,12092,177
plus,12093,119
plus,12094,226
plus,12095,175
plus,12096,330
plus,12097,147
plus,12098,148
plus,12099,76
plus,12100,59
plus,12101,89
plus,12102,126
plus,12103,94
plus,12104,148
plus,12105,77
plus,12106,176
plus,12107,76
plus,12108,123
plus,12109,120
plus,12110,64
plus,12111,49
plus,12112,105
plus,12113,142
plus,12114,124
plus,12115,175
plus,12116,181
plus,12117,122
plus,12118,41
plus,12119,49
plus,12120,225
plus,12121,145
plus,12122,123
plus,12123,227
plus,12124,148
plus,12125,30
plus,12126,106
plus,12127,180
plus,12128,330
plus,12129,124
plus,12130,105
plus,12131,106
plus,12132,105
plus,12133,45
plus,12134,125
plus,12135,59
plus,12136,80
plus,12137,149
plus,12138,84
plus,12139,122
plus,12140,142
plus,12141,144
plus,12142,232
plus,12143,122
plus,12144,148
plus,12145,117
plus,12146,143
plus,12147,118
plus,12148,228
plus,12149,124
plus,12150,122
plus,12151,173
plus,12152,181
plus,12153,143
plus,12154,167
plus,12155,125
plus,12156,146
plus,12157,49
plus,12158,62
plus,12159,97
plus,12160,41
plus,12161,177
plus,12162,95
plus,12163,179
plus,12164,174
plus,12165,91
plus,12166,221
plus,12167,228
plus,12168,238
plus,12169,121
plus,12170,147
plus,12171,38
plus,12172,124
plus,12173,229
plus,12174,127
plus,12175,70
plus,12176,146
plus,12177,178
plus,12178,324
plus,12179,232
plus,12180,176
plus,12181,228
plus,12182,322
plus,12183,85
plus,12184,120
plus,12185,44
plus,12186,227
plus,12187,146
plus,12188,171
plus,12189,106
plus,12190,167
plus,12191,148
plus,12192,145
plus,12193,59
plus,12194,237
plus,12195,125
plus,12196,176
plus,12197,143
plus,12198,177
plus,12199,58
plus,12200,179
plus,12201,330
plus,12202,108
plus,12203,121
plus,12204,106
plus,12205,78
plus,12206,108
plus,12207,231
plus,12208,226
plus,12209,145
plus,12210,144
plus,12211,68
plus,12212,225
plus,12213,95
plus,12214,122
plus,12215,106
plus,12216,221
plus,12217,143
plus,12218,144
plus,12219,65
plus,12220,45
plus,12221,179
plus,12222,123
plus,12223,126
plus,12224,70
plus,12225,173
plus,12226,32
plus,12227,38
plus,12228,95
plus,12229,65
plus,12230,182
plus,12231,114
plus,12232,77
plus,12233,63
plus,12234,175
plus,12235,119
plus,12236,93
plus,12237,84
plus,12238,175
plus,12239,174
plus,12240,93
plus,12241,124
plus,12242,323
plus,12243,143
plus,12244,142
plus,12245,83
plus,12246,178
plus,12247,107
plus,12248,145
plus,12249,176
plus,12250,179
plus,12251,123
plus,12252,108
plus,12253,121
plus,12254,146
plus,12255,63
plus,12256,75
plus,12257,226
plus,12258,63
plus,12259,94
plus,12260,145
plus,12261,91
plus,12262,178
plus,12263,84
plus,12264,76
plus,12265,123
plus,12266,182
plus,12267,95
plus,12268,25
plus,12269,92
plus,12270,121
plus,12271,175
plus,12272,148
plus,12273,92
plus,12274,234
plus,12275,228
plus,12276,176
plus,12277,106
plus,12278,170
plus,12279,174
plus,12280,121
plus,12281,321
plus,12282,176
plus,12283,123
plus,12284,180
plus,12285,148
plus,12286,177
plus,12287,178
plus,12288,105
plus,12289,94
plus,12290,106
plus,12291,91
plus,12292,119
plus,12293,107
plus,12294,33
plus,12295,54
plus,12296,232
plus,12297,109
plus,12298,92
plus,12299,119
plus,12300,143
plus,12301,107
plus,12302,33
plus,12303,316
plus,12304,61
plus,12305,121
plus,12306,122
plus,12307,146
plus,12308,92
plus,12309,75
plus,12310,121
plus,12311,180
plus,12312,58
plus,12313,180
plus,12314,83
plus,12315,143
plus,12316,142
plus,12317,124
plus,12318,173
plus,12319,228
plus,12320,147
plus,12321,325
plus,12322,181
plus,12323,139
plus,12324,121
plus,12325,92
plus,12326,328
plus,12327,145
plus,12328,228
plus,12329,223
plus,12330,108
plus,12331,234
plus,12332,93
plus,12333,118
plus,12334,121
plus,12335,83
plus,12336,181
plus,12337,224
plus,12338,108
plus,12339,105
plus,12340,122
plus,12341,127
plus,12342,105
plus,12343,91
plus,12344,125
plus,12345,142
plus,12346,76
plus,12347,107
plus,12348,177
plus,12349,124
plus,12350,121
plus,12351,119
plus,12352,105
plus,12353,178
plus,12354,121
plus,12355,179
plus,12356,227
plus,12357,233
plus,12358,180
plus,12359,84
plus,12360,177
plus,12361,144
plus,12362,144
plus,12363,112
plus,12364,107
plus,12365,108
plus,12366,121
plus,12367,176
plus,12368,84
plus,12369,229
plus,12370,83
plus,12371,118
plus,12372,145
plus,12373,178
plus,12374,140
plus,12375,232
plus,12376,94
plus,12377,171
plus,12378,104
plus,12379,230
plus,12380,56
plus,12381,175
plus,12382,146
plus,12383,103
plus,12384,68
plus,12385,119
plus,12386,184
plus,12387,230
plus,12388,122
plus,12389,179
plus,12390,144
plus,12391,124
plus,12392,121
plus,12393,178
plus,12394,108
plus,12395,224
plus,12396,61
plus,12397,232
plus,12398,75
plus,12399,62
plus,12400,141
plus,12401,182
plus,12402,94
plus,12403,170
plus,12404,229
plus,12405,76
plus,12406,83
plus,12407,107
plus,12408,232
plus,12409,124
plus,12410,179
plus,12411,177
plus,12412,225
plus,12413,76
plus,12414,94
plus,12415,123
plus,12416,92
plus,12417,176
plus,12418,120
plus,12419,85
plus,12420,123
plus,12421,174
plus,12422,232
plus,12423,108
plus,12424,179
plus,12425,69
plus,12426,142
plus,12427,121
plus,12428,143
plus,12429,175
plus,12430,227
plus,12431,83
plus,12432,75
plus,12433,177
plus,12434,95
plus,12435,144
plus,12436,237
plus,12437,179
plus,12438,122
plus,12439,142
plus,12440,121
plus,12441,107
plus,12442,107
plus,12443,37
plus,12444,107
plus,12445,81
plus,12446,123
plus,12447,144
plus,12448,58
plus,12449,121
plus,12450,145
plus,12451,89
plus,12452,85
plus,12453,232
plus,12454,144
plus,12455,32
plus,12456,81
plus,12457,122
plus,12458,60
plus,12459,142
plus,12460,119
plus,12461,218
plus,12462,106
plus,12463,147
plus,12464,231
plus,12465,107
plus,12466,147
plus,12467,92
plus,12468,175
plus,12469,105
plus,12470,54
plus,12471,106
plus,12472,336
plus,12473,176
plus,12474,176
plus,12475,107
plus,12476,70
plus,12477,40
plus,12478,228
plus,12479,228
plus,12480,119
plus,12481,84
plus,12482,221
plus,12483,144
plus,12484,143
plus,12485,226
plus,12486,126
plus,12487,180
plus,12488,177
plus,12489,95
plus,12490,228
plus,12491,122
plus,12492,95
plus,12493,116
plus,12494,125
plus,12495,123
plus,12496,78
plus,12497,106
plus,12498,120
plus,12499,92
plus,12500,83
plus,12501,224
plus,12502,121
plus,12503,126
plus,12504,104
plus,12505,143
plus,12506,170
plus,12507,107
plus,12508,328
plus,12509,92
plus,12510,323
plus,12511,176
plus,12512,149
plus,12513,78
plus,12514,322
plus,12515,76
plus,12516,180
plus,12517,95
plus,12518,84
plus,12519,180
plus,12520,122
plus,12521,120
plus,12522,42
plus,12523,63
plus,12524,95
plus,12525,143
plus,12526,104
plus,12527,226
plus,12528,174
plus,12529,174
plus,12530,94
plus,12531,231
plus,12532,122
plus,12533,83
plus,12534,124
plus,12535,125
plus,12536,140
plus,12537,178
plus,12538,70
plus,12539,107
plus,12540,108
plus,12541,174
plus,12542,180
plus,12543,85
plus,12544,120
plus,12545,145
plus,12546,75
plus,12547,172
plus,12548,120
plus,12549,172
plus,12550,227
plus,12551,45
plus,12552,119
plus,12553,149
plus,12554,229
plus,12555,143
plus,12556,234
plus,12557,70
plus,12558,94
plus,12559,75
plus,12560,90
plus,12561,145
plus,12562,123
plus,12563,123
plus,12564,232
plus,12565,63
plus,12566,82
plus,12567,178
plus,12568,142
plus,12569,231
plus,12570,173
plus,12571,148
plus,12572,224
plus,12573,49
plus,12574,179
plus,12575,123
plus,12576,168
plus,12577,179
plus,12578,120
plus,12579,108
plus,12580,149
plus,12581,108
plus,12582,176
plus,12583,177
plus,12584,84
plus,12585,230
plus,12586,174
plus,12587,123
plus,12588,141
plus,12589,230
plus,12590,149
plus,12591,44
plus,12592,106
plus,12593,74
plus,12594,146
plus,12595,170
plus,12596,322
plus,12597,63
plus,12598,84
plus,12599,177
plus,12600,54
plus,12601,121
plus,12602,108
plus,12603,107
plus,12604,104
plus,12605,123
plus,12606,144
plus,12607,96
plus,12608,124
plus,12609,58
plus,12610,172
plus,12611,69
plus,12612,106
plus,12613,316
plus,12614,147
plus,12615,228
plus,12616,183
plus,12617,145
plus,12618,172
plus,12619,176
plus,12620,124
plus,12621,105
plus,12622,109
plus,12623,123
plus,12624,91
plus,12625,42
plus,12626,143
plus,12627,124
plus,12628,76
plus,12629,142
plus,12630,172
plus,12631,94
plus,12632,221
plus,12633,175
plus,12634,186
plus,12635,76
plus,12636,117
plus,12637,177
plus,12638,181
plus,12639,121
plus,12640,175
plus,12641,140
plus,12642,121
plus,12643,185
plus,12644,182
plus,12645,119
plus,12646,175
plus,12647,217
plus,12648,174
plus,12649,106
plus,12650,106
plus,12651,93
plus,12652,177
plus,12653,172
plus,12654,322
plus,12655,120
plus,12656,144
plus,12657,150
plus,12658,106
plus,12659,77
plus,12660,106
plus,12661,170
plus,12662,124
plus,12663,91
plus,12664,144
plus,12665,123
plus,12666,229
plus,12667,125
plus,12668,107
plus,12669,174
plus,12670,93
plus,12671,179
plus,12672,146
plus,12673,76
plus,12674,119
plus,12675,144
plus,12676,181
plus,12677,122
plus,12678,232
plus,12679,126
plus,12680,179
plus,12681,83
plus,12682,94
plus,12683,123
plus,12684,337
plus,12685,233
plus,12686,141
plus,12687,170
plus,12688,173
plus,12689,143
plus,12690,81
plus,12691,325
plus,12692,84
plus,12693,331
plus,12694,46
plus,12695,174
plus,12696,77
plus,12697,233
plus,12698,223
plus,12699,146
plus,12700,83
plus,12701,180
plus,12702,122
plus,12703,121
plus,12704,85
plus,12705,75
plus,12706,145
plus,12707,121
plus,12708,142
plus,12709,107
plus,12710,227
plus,12711,224
plus,12712,95
plus,12713,85
plus,12714,84
plus,12715,75
plus,12716,225
plus,12717,229
plus,12718,180
plus,12719,138
plus,12720,142
plus,12721,122
plus,12722,178
plus,12723,91
plus,12724,176
plus,12725,179
plus,12726,238
plus,12727,224
plus,12728,96
plus,12729,145
plus,12730,61
plus,12731,121
plus,12732,107
plus,12733,49
plus,12734,61
plus,12735,123
plus,12736,77
plus,12737,77
plus,12738,176
plus,12739,145
plus,12740,329
plus,12741,176
plus,12742,105
plus,12743,179
plus,12744,84
plus,12745,118
plus,12746,122
plus,12747,84
plus,12748,121
plus,12749,324
plus,12750,83
plus,12751,122
plus,12752,182
plus,12753,174
plus,12754,148
plus,12755,93
plus,12756,229
plus,12757,226
plus,12758,174
plus,12759,83
plus,12760,55
plus,12761,106
plus,12762,180
plus,12763,94
plus,12764,179
plus,12765,94
plus,12766,181
plus,12767,177
plus,12768,234
plus,12769,121
plus,12770,91
plus,12771,229
plus,12772,223
plus,12773,126
plus,12774,76
plus,12775,183
plus,12776,177
plus,12777,221
plus,12778,326
plus,12779,94
plus,12780,175
plus,12781,81
plus,12782,230
plus,12783,118
plus,12784,185
plus,12785,85
plus,12786,120
plus,12787,42
plus,12788,181
plus,12789,124
plus,12790,147
plus,12791,107
plus,12792,65
plus,12793,121
plus,12794,175
plus,12795,91
plus,12796,117
plus,12797,122
plus,12798,123
plus,12799,94
plus,12800,83
plus,12801,143
plus,12802,182
plus,12803,104
plus,12804,125
plus,12805,103
plus,12806,324
plus,12807,83
plus,12808,122
plus,12809,120
plus,12810,143
plus,12811,176
plus,12812,48
plus,12813,224
plus,12814,120
plus,12815,119
plus,12816,91
plus,12817,65
plus,12818,95
plus,12819,178
plus,12820,122
plus,12821,74
plus,12822,85
plus,12823,42
plus,12824,149
plus,12825,42
plus,12826,180
plus,12827,230
plus,12828,145
plus,12829,118
plus,12830,231
plus,12831,576
plus,12832,235
plus,12833,76
plus,12834,144
plus,12835,125
plus,12836,230
plus,12837,75
plus,12838,121
plus,12839,181
plus,12840,91
plus,12841,124
plus,12842,176
plus,12843,178
plus,12844,142
plus,12845,180
plus,12846,320
plus,12847,45
plus,12848,65
plus,12849,92
plus,12850,122
plus,12851,173
plus,12852,117
plus,12853,173
plus,12854,109
plus,12855,49
plus,12856,143
plus,12857,222
plus,12858,181
plus,12859,143
plus,12860,148
plus,12861,80
plus,12862,93
plus,12863,144
plus,12864,239
plus,12865,84
plus,12866,83
plus,12867,121
plus,12868,225
plus,12869,42
plus,12870,143
plus,12871,92
plus,12872,123
plus,12873,104
plus,12874,124
plus,12875,82
plus,12876,232
plus,12877,95
plus,12878,222
plus,12879,74
plus,12880,118
plus,12881,144
plus,12882,124
plus,12883,73
plus,12884,178
plus,12885,122
plus,12886,141
plus,12887,91
plus,12888,64
plus,12889,145
plus,12890,76
plus,12891,123
plus,12892,45
plus,12893,173
plus,12894,182
plus,12895,143
plus,12896,233
plus,12897,144
plus,12898,85
plus,12899,38
plus,12900,335
plus,12901,147
plus,12902,119
plus,12903,319
plus,12904,75
plus,12905,74
plus,12906,141
plus,12907,92
plus,12908,174
plus,12909,37
plus,12910,146
plus,12911,143
plus,12912,324
plus,12913,90
plus,12914,223
plus,12915,108
plus,12916,118
plus,12917,121
plus,12918,64
plus,12919,62
plus,12920,123
plus,12921,144
plus,12922,108
plus,12923,141
plus,12924,69
plus,12925,122
plus,12926,179
plus,12927,95
plus,12928,175
plus,12929,340
plus,12930,77
plus,12931,228
plus,12932,95
plus,12933,320
plus,12934,120
plus,12935,108
plus,12936,176
plus,12937,95
plus,12938,122
plus,12939,106
plus,12940,108
plus,12941,176
plus,12942,143
plus,12943,122
plus,12944,119
plus,12945,144
plus,12946,95
plus,12947,122
plus,12948,63
plus,12949,77
plus,12950,228
plus,12951,147
plus,12952,46
plus,12953,75
plus,12954,74
plus,12955,64
plus,12956,176
plus,12957,232
plus,12958,148
plus,12959,335
plus,12960,229
plus,12961,105
plus,12962,106
plus,12963,176
plus,12964,176
plus,12965,83
plus,12966,145
plus,12967,145
plus,12968,55
plus,12969,96
plus,12970,122
plus,12971,176
plus,12972,64
plus,12973,176
plus,12974,175
plus,12975,105
plus,12976,229
plus,12977,177
plus,12978,69
plus,12979,104
plus,12980,231
plus,12981,124
plus,12982,146
plus,12983,145
plus,12984,224
plus,12985,42
plus,12986,147
plus,12987,63
plus,12988,122
plus,12989,64
plus,12990,103
plus,12991,229
plus,12992,76
plus,12993,119
plus,12994,90
plus,12995,145
plus,12996,123
plus,12997,104
plus,12998,55
plus,12999,92
plus,13000,227
plus,13001,37
plus,13002,174
plus,13003,106
plus,13004,70
plus,13005,144
plus,13006,146
plus,13007,119
plus,13008,233
plus,13009,176
plus,13010,228
plus,13011,325
plus,13012,120
plus,13013,323
plus,13014,107
plus,13015,121
plus,13016,93
plus,13017,82
plus,13018,142
plus,13019,183
plus,13020,238
plus,13021,122
plus,13022,143
plus,13023,122
plus,13024,176
plus,13025,95
plus,13026,121
plus,13027,143
plus,13028,83
plus,13029,106
plus,13030,85
plus,13031,62
plus,13032,38
plus,13033,76
plus,13034,146
plus,13035,46
plus,13036,332
plus,13037,83
plus,13038,184
plus,13039,231
plus,13040,30
plus,13041,174
plus,13042,122
plus,13043,142
plus,13044,173
plus,13045,173
plus,13046,180
plus,13047,107
plus,13048,225
plus,13049,95
plus,13050,140
plus,13051,77
plus,13052,231
plus,13053,179
plus,13054,143
plus,13055,185
plus,13056,142
plus,13057,93
plus,13058,226
plus,13059,81
plus,13060,126
plus,13061,328
plus,13062,91
plus,13063,119
plus,13064,220
plus,13065,172
plus,13066,70
plus,13067,107
plus,13068,145
plus,13069,48
plus,13070,143
plus,13071,144
plus,13072,230
plus,13073,229
plus,13074,49
plus,13075,142
plus,13076,94
plus,13077,122
plus,13078,175
plus,13079,178
plus,13080,174
plus,13081,49
plus,13082,235
plus,13083,323
plus,13084,122
plus,13085,55
plus,13086,144
plus,13087,122
plus,13088,107
plus,13089,42
plus,13090,106
plus,13091,177
plus,13092,95
plus,13093,56
plus,13094,126
plus,13095,170
plus,13096,174
plus,13097,144
plus,13098,321
plus,13099,143
plus,13100,144
plus,13101,55
plus,13102,121
plus,13103,73
plus,13104,180
plus,13105,121
plus,13106,225
plus,13107,73
plus,13108,144
plus,13109,108
plus,13110,77
plus,13111,124
plus,13112,120
plus,13113,95
plus,13114,93
plus,13115,142
plus,13116,232
plus,13117,77
plus,13118,64
plus,13119,125
plus,13120,227
plus,13121,75
plus,13122,84
plus,13123,220
plus,13124,68
plus,13125,173
plus,13126,81
plus,13127,144
plus,13128,124
plus,13129,172
plus,13130,229
plus,13131,120
plus,13132,236
plus,13133,63
plus,13134,177
plus,13135,174
plus,13136,228
plus,13137,95
plus,13138,173
plus,13139,118
plus,13140,46
plus,13141,119
plus,13142,145
plus,13143,93
plus,13144,122
plus,13145,121
plus,13146,232
plus,13147,145
plus,13148,143
plus,13149,327
plus,13150,168
plus,13151,235
plus,13152,125
plus,13153,93
plus,13154,143
plus,13155,146
plus,13156,171
plus,13157,95
plus,13158,180
plus,13159,224
plus,13160,104
plus,13161,226
plus,13162,144
plus,13163,236
plus,13164,185
plus,13165,104
plus,13166,180
plus,13167,235
plus,13168,146
plus,13169,141
plus,13170,146
plus,13171,124
plus,13172,229
plus,13173,120
plus,13174,119
plus,13175,145
plus,13176,126
plus,13177,181
plus,13178,122
plus,13179,120
plus,13180,145
plus,13181,182
plus,13182,175
plus,13183,123
plus,13184,143
plus,13185,82
plus,13186,178
plus,13187,149
plus,13188,108
plus,13189,36
plus,13190,107
plus,13191,106
plus,13192,109
plus,13193,104
plus,13194,108
plus,13195,147
plus,13196,120
plus,13197,145
plus,13198,119
plus,13199,229
plus,13200,93
plus,13201,118
plus,13202,107
plus,13203,64
plus,13204,145
plus,13205,176
plus,13206,228
plus,13207,178
plus,13208,145
plus,13209,88
plus,13210,143
plus,13211,227
plus,13212,94
plus,13213,125
plus,13214,323
plus,13215,177
plus,13216,84
plus,13217,45
plus,13218,321
plus,13219,91
plus,13220,176
plus,13221,146
plus,13222,25
plus,13223,177
plus,13224,173
plus,13225,63
plus,13226,178
plus,13227,174
plus,13228,180
plus,13229,142
plus,13230,93
plus,13231,225
plus,13232,229
plus,13233,37
plus,13234,225
plus,13235,48
plus,13236,142
plus,13237,104
plus,13238,122
plus,13239,94
plus,13240,182
plus,13241,82
plus,13242,107
plus,13243,146
plus,13244,106
plus,13245,146
plus,13246,106
plus,13247,71
plus,13248,118
plus,13249,179
plus,13250,177
plus,13251,181
plus,13252,68
plus,13253,330
plus,13254,71
plus,13255,234
plus,13256,171
plus,13257,333
plus,13258,123
plus,13259,184
plus,13260,119
plus,13261,83
plus,13262,144
plus,13263,148
plus,13264,145
plus,13265,177
plus,13266,140
plus,13267,230
plus,13268,172
plus,13269,118
plus,13270,177
plus,13271,95
plus,13272,322
plus,13273,140
plus,13274,142
plus,13275,143
plus,13276,142
plus,13277,57
plus,13278,178
plus,13279,115
plus,13280,148
plus,13281,71
plus,13282,224
plus,13283,229
plus,13284,57
plus,13285,180
plus,13286,71
plus,13287,123
plus,13288,141
plus,13289,122
plus,13290,107
plus,13291,142
plus,13292,121
plus,13293,178
plus,13294,76
plus,13295,175
plus,13296,178
plus,13297,45
plus,13298,77
plus,13299,83
plus,13300,104
plus,13301,58
plus,13302,180
plus,13303,233
plus,13304,178
plus,13305,94
plus,13306,75
plus,13307,174
plus,13308,119
plus,13309,49
plus,13310,143
plus,13311,179
plus,13312,145
plus,13313,106
plus,13314,70
plus,13315,65
plus,13316,123
plus,13317,85
plus,13318,184
plus,13319,75
plus,13320,175
plus,13321,174
plus,13322,106
plus,13323,75
plus,13324,144
plus,13325,229
plus,13326,82
plus,13327,142
plus,13328,95
plus,13329,227
plus,13330,172
plus,13331,333
plus,13332,110
plus,13333,173
plus,13334,176
plus,13335,73
plus,13336,146
plus,13337,123
plus,13338,179
plus,13339,82
plus,13340,183
plus,13341,232
plus,13342,64
plus,13343,178
plus,13344,144
plus,13345,33
plus,13346,106
plus,13347,180
plus,13348,123
plus,13349,121
plus,13350,117
plus,13351,82
plus,13352,147
plus,13353,87
plus,13354,177
plus,13355,142
plus,13356,227
plus,13357,175
plus,13358,120
plus,13359,178
plus,13360,75
plus,13361,91
plus,13362,92
plus,13363,144
plus,13364,87
plus,13365,147
plus,13366,41
plus,13367,180
plus,13368,143
plus,13369,148
plus,13370,143
plus,13371,147
plus,13372,121
plus,13373,71
plus,13374,88
plus,13375,84
plus,13376,105
plus,13377,118
plus,13378,185
plus,13379,91
plus,13380,143
plus,13381,173
plus,13382,325
plus,13383,124
plus,13384,122
plus,13385,95
plus,13386,121
plus,13387,146
plus,13388,58
plus,13389,143
plus,13390,107
plus,13391,174
plus,13392,121
plus,13393,124
plus,13394,148
plus,13395,150
plus,13396,143
plus,13397,176
plus,13398,176
plus,13399,75
plus,13400,108
plus,13401,106
plus,13402,121
plus,13403,143
plus,13404,121
plus,13405,143
plus,13406,92
plus,13407,227
plus,13408,177
plus,13409,70
plus,13410,231
plus,13411,121
plus,13412,179
plus,13413,147
plus,13414,324
plus,13415,106
plus,13416,148
plus,13417,59
plus,13418,106
plus,13419,124
plus,13420,185
plus,13421,143
plus,13422,107
plus,13423,141
plus,13424,122
plus,13425,176
plus,13426,182
plus,13427,138
plus,13428,70
plus,13429,146
plus,13430,122
plus,13431,84
plus,13432,172
plus,13433,233
plus,13434,230
plus,13435,123
plus,13436,172
plus,13437,74
plus,13438,174
plus,13439,74
plus,13440,91
plus,13441,96
plus,13442,173
plus,13443,144
plus,13444,227
plus,13445,146
plus,13446,179
plus,13447,55
plus,13448,92
plus,13449,121
plus,13450,139
plus,13451,177
plus,13452,179
plus,13453,92
plus,13454,121
plus,13455,106
plus,13456,176
plus,13457,176
plus,13458,229
plus,13459,124
plus,13460,120
plus,13461,236
plus,13462,177
plus,13463,234
plus,13464,175
plus,13465,122
plus,13466,128
plus,13467,62
plus,13468,122
plus,13469,181
plus,13470,178
plus,13471,85
plus,13472,107
plus,13473,177
plus,13474,170
plus,13475,125
plus,13476,63
plus,13477,181
plus,13478,107
plus,13479,138
plus,13480,180
plus,13481,56
plus,13482,95
plus,13483,324
plus,13484,176
plus,13485,179
plus,13486,97
plus,13487,49
plus,13488,323
plus,13489,226
plus,13490,121
plus,13491,229
plus,13492,224
plus,13493,108
plus,13494,108
plus,13495,147
plus,13496,144
plus,13497,235
plus,13498,227
plus,13499,102
plus,13500,92
plus,13501,176
plus,13502,176
plus,13503,92
plus,13504,118
plus,13505,145
plus,13506,231
plus,13507,140
plus,13508,175
plus,13509,144
plus,13510,233
plus,13511,149
plus,13512,140
plus,13513,182
plus,13514,226
plus,13515,30
plus,13516,75
plus,13517,144
plus,13518,178
plus,13519,148
plus,13520,85
plus,13521,108
plus,13522,91
plus,13523,68
plus,13524,142
plus,13525,117
plus,13526,123
plus,13527,176
plus,13528,120
plus,13529,125
plus,13530,97
plus,13531,143
plus,13532,96
plus,13533,178
plus,13534,179
plus,13535,124
plus,13536,175
plus,13537,122
plus,13538,122
plus,13539,330
plus,13540,65
plus,13541,226
plus,13542,177
plus,13543,69
plus,13544,106
plus,13545,93
plus,13546,75
plus,13547,231
plus,13548,84
plus,13549,125
plus,13550,96
plus,13551,184
plus,13552,108
plus,13553,145
plus,13554,230
plus,13555,176
plus,13556,176
plus,13557,173
plus,13558,180
plus,13559,105
plus,13560,58
plus,13561,233
plus,13562,106
plus,13563,178
plus,13564,121
plus,13565,121
plus,13566,123
plus,13567,125
plus,13568,143
plus,13569,105
plus,13570,173
plus,13571,107
plus,13572,41
plus,13573,175
plus,13574,137
plus,13575,179
plus,13576,175
plus,13577,92
plus,13578,146
plus,13579,234
plus,13580,147
plus,13581,104
plus,13582,84
plus,13583,123
plus,13584,109
plus,13585,228
plus,13586,123
plus,13587,123
plus,13588,231
plus,13589,30
plus,13590,105
plus,13591,107
plus,13592,94
plus,13593,94
plus,13594,120
plus,13595,145
plus,13596,174
plus,13597,221
plus,13598,179
plus,13599,142
plus,13600,222
plus,13601,181
plus,13602,224
plus,13603,95
plus,13604,143
plus,13605,93
plus,13606,324
plus,13607,142
plus,13608,121
plus,13609,172
plus,13610,94
plus,13611,95
plus,13612,176
plus,13613,145
plus,13614,145
plus,13615,60
plus,13616,84
plus,13617,108
plus,13618,221
plus,13619,180
plus,13620,144
plus,13621,121
plus,13622,84
plus,13623,226
plus,13624,223
plus,13625,84
plus,13626,64
plus,13627,225
plus,13628,173
plus,13629,231
plus,13630,178
plus,13631,94
plus,13632,125
plus,13633,173
plus,13634,33
plus,13635,65
plus,13636,118
plus,13637,171
plus,13638,120
plus,13639,62
plus,13640,231
plus,13641,146
plus,13642,70
plus,13643,55
plus,13644,171
plus,13645,85
plus,13646,49
plus,13647,74
plus,13648,175
plus,13649,109
plus,13650,77
plus,13651,122
plus,13652,145
plus,13653,76
plus,13654,177
plus,13655,122
plus,13656,145
plus,13657,48
plus,13658,108
plus,13659,58
plus,13660,178
plus,13661,107
plus,13662,120
plus,13663,184
plus,13664,323
plus,13665,105
plus,13666,144
plus,13667,146
plus,13668,148
plus,13669,145
plus,13670,94
plus,13671,73
plus,13672,59
plus,13673,227
plus,13674,62
plus,13675,226
plus,13676,120
plus,13677,49
plus,13678,148
plus,13679,94
plus,13680,106
plus,13681,125
plus,13682,228
plus,13683,141
plus,13684,326
plus,13685,125
plus,13686,49
plus,13687,169
plus,13688,145
plus,13689,231
plus,13690,180
plus,13691,97
plus,13692,121
plus,13693,121
plus,13694,176
plus,13695,56
plus,13696,105
plus,13697,226
plus,13698,89
plus,13699,174
plus,13700,140
plus,13701,176
plus,13702,186
plus,13703,108
plus,13704,232
plus,13705,109
plus,13706,83
plus,13707,94
plus,13708,25
plus,13709,147
plus,13710,64
plus,13711,178
plus,13712,146
plus,13713,185
plus,13714,63
plus,13715,180
plus,13716,231
plus,13717,55
plus,13718,234
plus,13719,88
plus,13720,226
plus,13721,227
plus,13722,175
plus,13723,92
plus,13724,148
plus,13725,179
plus,13726,142
plus,13727,94
plus,13728,106
plus,13729,55
plus,13730,181
plus,13731,182
plus,13732,238
plus,13733,121
plus,13734,143
plus,13735,108
plus,13736,174
plus,13737,107
plus,13738,106
plus,13739,231
plus,13740,324
plus,13741,125
plus,13742,144
plus,13743,173
plus,13744,174
plus,13745,124
plus,13746,227
plus,13747,75
plus,13748,81
plus,13749,178
plus,13750,124
plus,13751,120
plus,13752,123
plus,13753,123
plus,13754,143
plus,13755,76
plus,13756,144
plus,13757,228
plus,13758,76
plus,13759,75
plus,13760,123
plus,13761,122
plus,13762,175
plus,13763,119
plus,13764,177
plus,13765,229
plus,13766,93
plus,13767,176
plus,13768,224
plus,13769,335
plus,13770,84
plus,13771,122
plus,13772,219
plus,13773,60
plus,13774,175
plus,13775,181
plus,13776,105
plus,13777,83
plus,13778,120
plus,13779,55
plus,13780,177
plus,13781,148
plus,13782,123
plus,13783,179
plus,13784,225
plus,13785,117
plus,13786,122
plus,13787,82
plus,13788,226
plus,13789,171
plus,13790,104
plus,13791,234
plus,13792,106
plus,13793,146
plus,13794,228
plus,13795,176
plus,13796,83
plus,13797,108
plus,13798,103
plus,13799,74
plus,13800,119
plus,13801,76
plus,13802,123
plus,13803,577
plus,13804,147
plus,13805,123
plus,13806,144
plus,13807,60
plus,13808,231
plus,13809,106
plus,13810,122
plus,13811,124
plus,13812,93
plus,13813,173
plus,13814,147
plus,13815,226
plus,13816,81
plus,13817,144
plus,13818,107
plus,13819,121
plus,13820,182
plus,13821,234
plus,13822,108
plus,13823,124
plus,13824,56
plus,13825,104
plus,13826,122
plus,13827,71
plus,13828,234
plus,13829,145
plus,13830,104
plus,13831,103
plus,13832,147
plus,13833,145
plus,13834,124
plus,13835,80
plus,13836,42
plus,13837,144
plus,13838,92
plus,13839,93
plus,13840,226
plus,13841,147
plus,13842,58
plus,13843,177
plus,13844,122
plus,13845,63
plus,13846,123
plus,13847,177
plus,13848,121
plus,13849,93
plus,13850,231
plus,13851,94
plus,13852,122
plus,13853,226
plus,13854,93
plus,13855,118
plus,13856,56
plus,13857,123
plus,13858,173
plus,13859,142
plus,13860,173
plus,13861,225
plus,13862,230
plus,13863,147
plus,13864,171
plus,13865,177
plus,13866,84
plus,13867,179
plus,13868,141
plus,13869,335
plus,13870,175
plus,13871,121
plus,13872,107
plus,13873,92
plus,13874,325
plus,13875,231
plus,13876,96
plus,13877,183
plus,13878,96
plus,13879,65
plus,13880,176
plus,13881,231
plus,13882,91
plus,13883,107
plus,13884,81
plus,13885,145
plus,13886,177
plus,13887,95
plus,13888,141
plus,13889,174
plus,13890,235
plus,13891,180
plus,13892,176
plus,13893,92
plus,13894,121
plus,13895,105
plus,13896,70
plus,13897,122
plus,13898,33
plus,13899,121
plus,13900,85
plus,13901,183
plus,13902,148
plus,13903,123
plus,13904,68
plus,13905,45
plus,13906,70
plus,13907,145
plus,13908,143
plus,13909,105
plus,13910,226
plus,13911,63
plus,13912,121
plus,13913,174
plus,13914,228
plus,13915,96
plus,13916,117
plus,13917,335
plus,13918,174
plus,13919,175
plus,13920,61
plus,13921,176
plus,13922,123
plus,13923,185
plus,13924,74
plus,13925,107
plus,13926,223
plus,13927,144
plus,13928,78
plus,13929,42
plus,13930,180
plus,13931,172
plus,13932,120
plus,13933,174
plus,13934,121
plus,13935,176
plus,13936,95
plus,13937,174
plus,13938,235
plus,13939,144
plus,13940,122
plus,13941,105
plus,13942,119
plus,13943,121
plus,13944,179
plus,13945,169
plus,13946,147
plus,13947,93
plus,13948,228
plus,13949,82
plus,13950,142
plus,13951,181
plus,13952,148
plus,13953,184
plus,13954,106
plus,13955,120
plus,13956,232
plus,13957,144
plus,13958,146
plus,13959,25
plus,13960,320
plus,13961,91
plus,13962,142
plus,13963,179
plus,13964,148
plus,13965,178
plus,13966,225
plus,13967,115
plus,13968,120
plus,13969,123
plus,13970,176
plus,13971,144
plus,13972,64
plus,13973,181
plus,13974,318
plus,13975,69
plus,13976,85
plus,13977,119
plus,13978,122
plus,13979,93
plus,13980,147
plus,13981,144
plus,13982,70
plus,13983,126
plus,13984,115
plus,13985,93
plus,13986,122
plus,13987,119
plus,13988,64
plus,13989,92
plus,13990,180
plus,13991,83
plus,13992,232
plus,13993,94
plus,13994,124
plus,13995,180
plus,13996,181
plus,13997,33
plus,13998,142
plus,13999,91
plus,14000,179
plus,14001,332
plus,14002,236
plus,14003,235
plus,14004,146
plus,14005,123
plus,14006,109
plus,14007,226
plus,14008,93
plus,14009,171
plus,14010,119
plus,14011,109
plus,14012,75
plus,14013,93
plus,14014,146
plus,14015,150
plus,14016,182
plus,14017,83
plus,14018,94
plus,14019,229
plus,14020,75
plus,14021,119
plus,14022,126
plus,14023,71
plus,14024,121
plus,14025,49
plus,14026,180
plus,14027,69
plus,14028,124
plus,14029,145
plus,14030,94
plus,14031,89
plus,14032,230
plus,14033,83
plus,14034,120
plus,14035,84
plus,14036,68
plus,14037,84
plus,14038,173
plus,14039,109
plus,14040,123
plus,14041,224
plus,14042,95
plus,14043,229
plus,14044,179
plus,14045,105
plus,14046,123
plus,14047,322
plus,14048,42
plus,14049,146
plus,14050,92
plus,14051,128
plus,14052,84
plus,14053,92
plus,14054,122
plus,14055,118
plus,14056,94
plus,14057,122
plus,14058,65
plus,14059,63
plus,14060,180
plus,14061,124
plus,14062,174
plus,14063,146
plus,14064,140
plus,14065,122
plus,14066,184
plus,14067,330
plus,14068,229
plus,14069,233
plus,14070,77
plus,14071,228
plus,14072,124
plus,14073,175
plus,14074,175
plus,14075,142
plus,14076,147
plus,14077,96
plus,14078,63
plus,14079,81
plus,14080,123
plus,14081,93
plus,14082,122
plus,14083,81
plus,14084,56
plus,14085,143
plus,14086,97
plus,14087,68
plus,14088,92
plus,14089,81
plus,14090,169
plus,14091,97
plus,14092,230
plus,14093,177
plus,14094,123
plus,14095,126
plus,14096,145
plus,14097,143
plus,14098,149
plus,14099,142
plus,14100,139
plus,14101,226
plus,14102,142
plus,14103,174
plus,14104,126
plus,14105,46
plus,14106,106
plus,14107,174
plus,14108,107
plus,14109,179
plus,14110,41
plus,14111,228
plus,14112,143
plus,14113,181
plus,14114,38
plus,14115,232
plus,14116,174
plus,14117,233
plus,14118,226
plus,14119,94
plus,14120,123
plus,14121,149
plus,14122,93
plus,14123,175
plus,14124,119
plus,14125,25
plus,14126,83
plus,14127,175
plus,14128,46
plus,14129,85
plus,14130,116
plus,14131,107
plus,14132,148
plus,14133,122
plus,14134,229
plus,14135,141
plus,14136,222
plus,14137,326
plus,14138,176
plus,14139,120
plus,14140,64
plus,14141,228
plus,14142,71
plus,14143,178
plus,14144,93
plus,14145,185
plus,14146,123
plus,14147,173
plus,14148,177
plus,14149,122
plus,14150,82
plus,14151,105
plus,14152,122
plus,14153,234
plus,14154,334
plus,14155,332
plus,14156,342
plus,14157,83
plus,14158,124
plus,14159,147
plus,14160,124
plus,14161,77
plus,14162,173
plus,14163,119
plus,14164,125
plus,14165,117
plus,14166,76
plus,14167,177
plus,14168,183
plus,14169,55
plus,14170,90
plus,14171,179
plus,14172,78
plus,14173,231
plus,14174,117
plus,14175,93
plus,14176,125
plus,14177,121
plus,14178,146
plus,14179,226
plus,14180,151
plus,14181,177
plus,14182,122
plus,14183,59
plus,14184,178
plus,14185,233
plus,14186,85
plus,14187,146
plus,14188,148
plus,14189,173
plus,14190,172
plus,14191,145
plus,14192,107
plus,14193,177
plus,14194,125
plus,14195,180
plus,14196,146
plus,14197,144
plus,14198,71
plus,14199,106
plus,14200,122
plus,14201,122
plus,14202,94
plus,14203,178
plus,14204,178
plus,14205,180
plus,14206,118
plus,14207,63
plus,14208,121
plus,14209,180
plus,14210,141
plus,14211,124
plus,14212,143
plus,14213,124
plus,14214,125
plus,14215,171
plus,14216,219
plus,14217,225
plus,14218,319
plus,14219,95
plus,14220,140
plus,14221,70
plus,14222,42
plus,14223,95
plus,14224,69
plus,14225,75
plus,14226,184
plus,14227,323
plus,14228,63
plus,14229,108
plus,14230,182
plus,14231,64
plus,14232,65
plus,14233,121
plus,14234,231
plus,14235,106
plus,14236,178
plus,14237,123
plus,14238,108
plus,14239,177
plus,14240,176
plus,14241,93
plus,14242,146
plus,14243,178
plus,14244,126
plus,14245,118
plus,14246,143
plus,14247,179
plus,14248,122
plus,14249,233
plus,14250,82
plus,14251,576
plus,14252,124
plus,14253,145
plus,14254,227
plus,14255,106
plus,14256,221
plus,14257,63
plus,14258,120
plus,14259,237
plus,14260,221
plus,14261,174
plus,14262,46
plus,14263,120
plus,14264,140
plus,14265,125
plus,14266,56
plus,14267,233
plus,14268,231
plus,14269,45
plus,14270,330
plus,14271,38
plus,14272,104
plus,14273,42
plus,14274,106
plus,14275,48
plus,14276,74
plus,14277,120
plus,14278,121
plus,14279,220
plus,14280,119
plus,14281,330
plus,14282,85
plus,14283,49
plus,14284,119
plus,14285,143
plus,14286,93
plus,14287,106
plus,14288,73
plus,14289,231
plus,14290,230
plus,14291,176
plus,14292,143
plus,14293,142
plus,14294,179
plus,14295,95
plus,14296,231
plus,14297,125
plus,14298,178
plus,14299,141
plus,14300,141
plus,14301,175
plus,14302,172
plus,14303,108
plus,14304,172
plus,14305,145
plus,14306,177
plus,14307,122
plus,14308,176
plus,14309,175
plus,14310,143
plus,14311,234
plus,14312,59
plus,14313,141
plus,14314,92
plus,14315,182
plus,14316,123
plus,14317,93
plus,14318,106
plus,14319,176
plus,14320,85
plus,14321,145
plus,14322,76
plus,14323,122
plus,14324,143
plus,14325,228
plus,14326,142
plus,14327,74
plus,14328,121
plus,14329,92
plus,14330,121
plus,14331,326
plus,14332,182
plus,14333,106
plus,14334,176
plus,14335,179
plus,14336,120
plus,14337,119
plus,14338,64
plus,14339,106
plus,14340,232
plus,14341,180
plus,14342,175
plus,14343,232
plus,14344,105
plus,14345,107
plus,14346,175
plus,14347,33
plus,14348,146
plus,14349,81
plus,14350,78
plus,14351,175
plus,14352,241
plus,14353,181
plus,14354,121
plus,14355,105
plus,14356,237
plus,14357,121
plus,14358,106
plus,14359,174
plus,14360,149
plus,14361,226
plus,14362,122
plus,14363,109
plus,14364,171
plus,14365,95
plus,14366,84
plus,14367,147
plus,14368,144
plus,14369,149
plus,14370,104
plus,14371,229
plus,14372,105
plus,14373,144
plus,14374,144
plus,14375,104
plus,14376,180
plus,14377,145
plus,14378,179
plus,14379,120
plus,14380,58
plus,14381,232
plus,14382,91
plus,14383,172
plus,14384,83
plus,14385,225
plus,14386,177
plus,14387,145
plus,14388,109
plus,14389,42
plus,14390,231
plus,14391,106
plus,14392,184
plus,14393,147
plus,14394,234
plus,14395,228
plus,14396,224
plus,14397,126
plus,14398,144
plus,14399,93
plus,14400,106
plus,14401,146
plus,14402,86
plus,14403,94
plus,14404,105
plus,14405,179
plus,14406,148
plus,14407,95
plus,14408,49
plus,14409,64
plus,14410,175
plus,14411,75
plus,14412,91
plus,14413,40
plus,14414,65
plus,14415,146
plus,14416,79
plus,14417,180
plus,14418,576
plus,14419,177
plus,14420,104
plus,14421,121
plus,14422,142
plus,14423,177
plus,14424,175
plus,14425,93
plus,14426,106
plus,14427,137
plus,14428,141
plus,14429,126
plus,14430,147
plus,14431,62
plus,14432,119
plus,14433,145
plus,14434,183
plus,14435,82
plus,14436,148
plus,14437,117
plus,14438,82
plus,14439,121
plus,14440,94
plus,14441,230
plus,14442,143
plus,14443,85
plus,14444,82
plus,14445,63
plus,14446,229
plus,14447,147
plus,14448,142
plus,14449,82
plus,14450,184
plus,14451,323
plus,14452,145
plus,14453,147
plus,14454,227
plus,14455,107
plus,14456,60
plus,14457,146
plus,14458,83
plus,14459,173
plus,14460,106
plus,14461,183
plus,14462,229
plus,14463,149
plus,14464,230
plus,14465,144
plus,14466,147
plus,14467,120
plus,14468,222
plus,14469,141
plus,14470,229
plus,14471,225
plus,14472,236
plus,14473,123
plus,14474,69
plus,14475,64
plus,14476,44
plus,14477,328
plus,14478,105
plus,14479,144
plus,14480,179
plus,14481,95
plus,14482,233
plus,14483,143
plus,14484,123
plus,14485,68
plus,14486,109
plus,14487,124
plus,14488,121
plus,14489,63
plus,14490,228
plus,14491,119
plus,14492,175
plus,14493,121
plus,14494,121
plus,14495,146
plus,14496,145
plus,14497,227
plus,14498,148
plus,14499,228
plus,14500,108
plus,14501,145
plus,14502,144
plus,14503,84
plus,14504,122
plus,14505,125
plus,14506,142
plus,14507,120
plus,14508,108
plus,14509,142
plus,14510,108
plus,14511,41
plus,14512,94
plus,14513,142
plus,14514,95
plus,14515,147
plus,14516,172
plus,14517,75
plus,14518,94
plus,14519,119
plus,14520,63
plus,14521,142
plus,14522,122
plus,14523,64
plus,14524,228
plus,14525,108
plus,14526,224
plus,14527,49
plus,14528,180
plus,14529,93
plus,14530,333
plus,14531,70
plus,14532,85
plus,14533,237
plus,14534,140
plus,14535,59
plus,14536,142
plus,14537,77
plus,14538,102
plus,14539,82
plus,14540,63
plus,14541,177
plus,14542,139
plus,14543,173
plus,14544,123
plus,14545,228
plus,14546,123
plus,14547,77
plus,14548,142
plus,14549,176
plus,14550,175
plus,14551,146
plus,14552,123
plus,14553,108
plus,14554,107
plus,14555,144
plus,14556,143
plus,14557,176
plus,14558,227
plus,14559,91
plus,14560,70
plus,14561,178
plus,14562,82
plus,14563,175
plus,14564,143
plus,14565,142
plus,14566,227
plus,14567,92
plus,14568,121
plus,14569,93
plus,14570,76
plus,14571,176
plus,14572,144
plus,14573,226
plus,14574,177
plus,14575,93
plus,14576,221
plus,14577,105
plus,14578,144
plus,14579,126
plus,14580,177
plus,14581,176
plus,14582,172
plus,14583,126
plus,14584,123
plus,14585,142
plus,14586,148
plus,14587,141
plus,14588,83
plus,14589,109
plus,14590,172
plus,14591,120
plus,14592,94
plus,14593,186
plus,14594,122
plus,14595,142
plus,14596,233
plus,14597,104
plus,14598,106
plus,14599,576
plus,14600,107
plus,14601,143
plus,14602,180
plus,14603,76
plus,14604,64
plus,14605,121
plus,14606,55
plus,14607,119
plus,14608,181
plus,14609,121
plus,14610,144
plus,14611,174
plus,14612,178
plus,14613,123
plus,14614,184
plus,14615,107
plus,14616,148
plus,14617,70
plus,14618,95
plus,14619,107
plus,14620,122
plus,14621,173
plus,14622,230
plus,14623,176
plus,14624,317
plus,14625,49
plus,14626,78
plus,14627,144
plus,14628,75
plus,14629,184
plus,14630,326
plus,14631,122
plus,14632,176
plus,14633,329
plus,14634,228
plus,14635,122
plus,14636,123
plus,14637,92
plus,14638,174
plus,14639,108
plus,14640,145
plus,14641,122
plus,14642,146
plus,14643,175
plus,14644,104
plus,14645,229
plus,14646,235
plus,14647,143
plus,14648,69
plus,14649,183
plus,14650,85
plus,14651,145
plus,14652,229
plus,14653,228
plus,14654,92
plus,14655,93
plus,14656,82
plus,14657,62
plus,14658,74
plus,14659,146
plus,14660,145
plus,14661,177
plus,14662,142
plus,14663,76
plus,14664,84
plus,14665,82
plus,14666,178
plus,14667,230
plus,14668,178
plus,14669,48
plus,14670,106
plus,14671,145
plus,14672,119
plus,14673,177
plus,14674,224
plus,14675,69
plus,14676,225
plus,14677,90
plus,14678,60
plus,14679,175
plus,14680,143
plus,14681,144
plus,14682,228
plus,14683,142
plus,14684,176
plus,14685,177
plus,14686,59
plus,14687,123
plus,14688,220
plus,14689,76
plus,14690,141
plus,14691,145
plus,14692,109
plus,14693,126
plus,14694,82
plus,14695,120
plus,14696,93
plus,14697,145
plus,14698,141
plus,14699,94
plus,14700,63
plus,14701,146
plus,14702,121
plus,14703,184
plus,14704,108
plus,14705,86
plus,14706,144
plus,14707,178
plus,14708,174
plus,14709,37
plus,14710,228
plus,14711,181
plus,14712,148
plus,14713,172
plus,14714,233
plus,14715,69
plus,14716,174
plus,14717,181
plus,14718,83
plus,14719,41
plus,14720,126
plus,14721,105
plus,14722,120
plus,14723,124
plus,14724,176
plus,14725,230
plus,14726,84
plus,14727,230
plus,14728,64
plus,14729,179
plus,14730,85
plus,14731,228
plus,14732,337
plus,14733,117
plus,14734,179
plus,14735,146
plus,14736,175
plus,14737,321
plus,14738,97
plus,14739,93
plus,14740,146
plus,14741,145
plus,14742,119
plus,14743,139
plus,14744,182
plus,14745,82
plus,14746,106
plus,14747,120
plus,14748,145
plus,14749,143
plus,14750,148
plus,14751,107
plus,14752,145
plus,14753,182
plus,14754,83
plus,14755,63
plus,14756,172
plus,14757,177
plus,14758,177
plus,14759,83
plus,14760,238
plus,14761,120
plus,14762,183
plus,14763,83
plus,14764,122
plus,14765,148
plus,14766,186
plus,14767,146
plus,14768,184
plus,14769,238
plus,14770,142
plus,14771,117
plus,14772,106
plus,14773,119
plus,14774,81
plus,14775,328
plus,14776,122
plus,14777,84
plus,14778,141
plus,14779,179
plus,14780,229
plus,14781,92
plus,14782,108
plus,14783,147
plus,14784,85
plus,14785,93
plus,14786,234
plus,14787,171
plus,14788,110
plus,14789,122
plus,14790,64
plus,14791,107
plus,14792,172
plus,14793,183
plus,14794,93
plus,14795,178
plus,14796,237
plus,14797,176
plus,14798,176
plus,14799,222
plus,14800,82
plus,14801,63
plus,14802,178
plus,14803,174
plus,14804,76
plus,14805,120
plus,14806,108
plus,14807,120
plus,14808,121
plus,14809,145
plus,14810,232
plus,14811,121
plus,14812,139
plus,14813,177
plus,14814,49
plus,14815,234
plus,14816,90
plus,14817,234
plus,14818,76
plus,14819,233
plus,14820,80
plus,14821,119
plus,14822,93
plus,14823,234
plus,14824,63
plus,14825,142
plus,14826,142
plus,14827,179
plus,14828,105
plus,14829,172
plus,14830,175
plus,14831,95
plus,14832,178
plus,14833,121
plus,14834,122
plus,14835,121
plus,14836,55
plus,14837,78
plus,14838,228
plus,14839,142
plus,14840,121
plus,14841,146
plus,14842,68
plus,14843,120
plus,14844,141
plus,14845,146
plus,14846,144
plus,14847,144
plus,14848,105
plus,14849,223
plus,14850,177
plus,14851,105
plus,14852,84
plus,14853,147
plus,14854,123
plus,14855,96
plus,14856,145
plus,14857,231
plus,14858,120
plus,14859,144
plus,14860,173
plus,14861,175
plus,14862,59
plus,14863,179
plus,14864,228
plus,14865,326
plus,14866,105
plus,14867,93
plus,14868,93
plus,14869,179
plus,14870,80
plus,14871,120
plus,14872,228
plus,14873,226
plus,14874,122
plus,14875,125
plus,14876,177
plus,14877,229
plus,14878,84
plus,14879,121
plus,14880,146
plus,14881,323
plus,14882,175
plus,14883,337
plus,14884,223
plus,14885,145
plus,14886,106
plus,14887,108
plus,14888,92
plus,14889,576
plus,14890,124
plus,14891,142
plus,14892,178
plus,14893,76
plus,14894,105
plus,14895,176
plus,14896,122
plus,14897,91
plus,14898,107
plus,14899,182
plus,14900,224
plus,14901,65
plus,14902,146
plus,14903,93
plus,14904,85
plus,14905,71
plus,14906,69
plus,14907,63
plus,14908,125
plus,14909,184
plus,14910,123
plus,14911,323
plus,14912,143
plus,14913,143
plus,14914,227
plus,14915,92
plus,14916,33
plus,14917,144
plus,14918,93
plus,14919,172
plus,14920,122
plus,14921,105
plus,14922,182
plus,14923,322
plus,14924,222
plus,14925,140
plus,14926,178
plus,14927,77
plus,14928,177
plus,14929,149
plus,14930,62
plus,14931,106
plus,14932,175
plus,14933,176
plus,14934,86
plus,14935,144
plus,14936,103
plus,14937,84
plus,14938,123
plus,14939,106
plus,14940,228
plus,14941,145
plus,14942,144
plus,14943,144
plus,14944,105
plus,14945,95
plus,14946,37
plus,14947,175
plus,14948,180
plus,14949,120
plus,14950,180
plus,14951,90
plus,14952,141
plus,14953,179
plus,14954,176
plus,14955,75
plus,14956,144
plus,14957,170
plus,14958,173
plus,14959,145
plus,14960,227
plus,14961,142
plus,14962,178
plus,14963,118
plus,14964,108
plus,14965,119
plus,14966,171
plus,14967,48
plus,14968,114
plus,14969,122
plus,14970,172
plus,14971,105
plus,14972,238
plus,14973,83
plus,14974,181
plus,14975,177
plus,14976,181
plus,14977,229
plus,14978,70
plus,14979,230
plus,14980,123
plus,14981,108
plus,14982,122
plus,14983,146
plus,14984,147
plus,14985,106
plus,14986,122
plus,14987,175
plus,14988,122
plus,14989,93
plus,14990,184
plus,14991,143
plus,14992,141
plus,14993,326
plus,14994,176
plus,14995,147
plus,14996,173
plus,14997,177
plus,14998,174
plus,14999,180
plus,15000,60
plus,15001,139
plus,15002,48
plus,15003,117
plus,15004,146
plus,15005,141
plus,15006,107
plus,15007,107
plus,15008,83
plus,15009,29
plus,15010,138
plus,15011,235
plus,15012,173
plus,15013,109
plus,15014,42
plus,15015,121
plus,15016,108
plus,15017,82
plus,15018,143
plus,15019,82
plus,15020,125
plus,15021,126
plus,15022,174
plus,15023,139
plus,15024,325
plus,15025,83
plus,15026,178
plus,15027,223
plus,15028,83
plus,15029,147
plus,15030,230
plus,15031,180
plus,15032,124
plus,15033,84
plus,15034,223
plus,15035,186
plus,15036,65
plus,15037,45
plus,15038,107
plus,15039,64
plus,15040,94
plus,15041,145
plus,15042,107
plus,15043,124
plus,15044,173
plus,15045,140
plus,15046,92
plus,15047,146
plus,15048,38
plus,15049,55
plus,15050,144
plus,15051,83
plus,15052,126
plus,15053,144
plus,15054,95
plus,15055,141
plus,15056,75
plus,15057,148
plus,15058,92
plus,15059,121
plus,15060,118
plus,15061,124
plus,15062,179
plus,15063,331
plus,15064,82
plus,15065,65
plus,15066,228
plus,15067,173
plus,15068,122
plus,15069,124
plus,15070,108
plus,15071,146
plus,15072,225
plus,15073,83
plus,15074,94
plus,15075,92
plus,15076,75
plus,15077,147
plus,15078,180
plus,15079,119
plus,15080,180
plus,15081,233
plus,15082,144
plus,15083,77
plus,15084,82
plus,15085,94
plus,15086,38
plus,15087,93
plus,15088,120
plus,15089,178
plus,15090,177
plus,15091,147
plus,15092,84
plus,15093,145
plus,15094,145
plus,15095,121
plus,15096,65
plus,15097,123
plus,15098,236
plus,15099,233
plus,15100,83
plus,15101,73
plus,15102,143
plus,15103,181
plus,15104,146
plus,15105,105
plus,15106,147
plus,15107,220
plus,15108,175
plus,15109,139
plus,15110,226
plus,15111,95
plus,15112,117
plus,15113,110
plus,15114,147
plus,15115,144
plus,15116,172
plus,15117,53
plus,15118,69
plus,15119,84
plus,15120,76
plus,15121,123
plus,15122,49
plus,15123,58
plus,15124,178
plus,15125,171
plus,15126,82
plus,15127,65
plus,15128,83
plus,15129,108
plus,15130,180
plus,15131,109
plus,15132,108
plus,15133,65
plus,15134,104
plus,15135,183
plus,15136,138
plus,15137,107
plus,15138,120
plus,15139,224
plus,15140,124
plus,15141,180
plus,15142,96
plus,15143,145
plus,15144,123
plus,15145,174
plus,15146,143
plus,15147,179
plus,15148,180
plus,15149,109
plus,15150,85
plus,15151,64
plus,15152,123
plus,15153,75
plus,15154,177
plus,15155,144
plus,15156,108
plus,15157,180
plus,15158,83
plus,15159,85
plus,15160,226
plus,15161,144
plus,15162,82
plus,15163,169
plus,15164,146
plus,15165,56
plus,15166,95
plus,15167,63
plus,15168,30
plus,15169,142
plus,15170,141
plus,15171,176
plus,15172,144
plus,15173,182
plus,15174,148
plus,15175,177
plus,15176,229
plus,15177,124
plus,15178,174
plus,15179,140
plus,15180,229
plus,15181,222
plus,15182,121
plus,15183,230
plus,15184,94
plus,15185,69
plus,15186,323
plus,15187,219
plus,15188,121
plus,15189,107
plus,15190,124
plus,15191,179
plus,15192,181
plus,15193,58
plus,15194,179
plus,15195,141
plus,15196,150
plus,15197,142
plus,15198,85
plus,15199,143
plus,15200,231
plus,15201,124
plus,15202,93
plus,15203,75
plus,15204,331
plus,15205,148
plus,15206,97
plus,15207,180
plus,15208,108
plus,15209,83
plus,15210,82
plus,15211,94
plus,15212,83
plus,15213,119
plus,15214,70
plus,15215,79
plus,15216,53
plus,15217,176
plus,15218,124
plus,15219,144
plus,15220,324
plus,15221,119
plus,15222,96
plus,15223,89
plus,15224,146
plus,15225,178
plus,15226,330
plus,15227,77
plus,15228,226
plus,15229,228
plus,15230,149
plus,15231,322
plus,15232,234
plus,15233,92
plus,15234,147
plus,15235,221
plus,15236,231
plus,15237,184
plus,15238,107
plus,15239,123
plus,15240,231
plus,15241,330
plus,15242,63
plus,15243,174
plus,15244,225
plus,15245,146
plus,15246,65
plus,15247,151
plus,15248,95
plus,15249,179
plus,15250,143
plus,15251,60
plus,15252,171
plus,15253,145
plus,15254,124
plus,15255,329
plus,15256,64
plus,15257,85
plus,15258,95
plus,15259,179
plus,15260,147
plus,15261,93
plus,15262,184
plus,15263,120
plus,15264,226
plus,15265,177
plus,15266,177
plus,15267,225
plus,15268,109
plus,15269,119
plus,15270,91
plus,15271,181
plus,15272,76
plus,15273,338
plus,15274,224
plus,15275,177
plus,15276,85
plus,15277,77
plus,15278,126
plus,15279,44
plus,15280,229
plus,15281,82
plus,15282,105
plus,15283,145
plus,15284,141
plus,15285,95
plus,15286,145
plus,15287,230
plus,15288,144
plus,15289,68
plus,15290,175
plus,15291,221
plus,15292,175
plus,15293,147
plus,15294,144
plus,15295,81
plus,15296,175
plus,15297,175
plus,15298,122
plus,15299,95
plus,15300,69
plus,15301,56
plus,15302,106
plus,15303,123
plus,15304,178
plus,15305,146
plus,15306,225
plus,15307,174
plus,15308,122
plus,15309,180
plus,15310,96
plus,15311,93
plus,15312,147
plus,15313,328
plus,15314,41
plus,15315,145
plus,15316,54
plus,15317,179
plus,15318,179
plus,15319,179
plus,15320,145
plus,15321,120
plus,15322,103
plus,15323,221
plus,15324,126
plus,15325,106
plus,15326,178
plus,15327,120
plus,15328,142
plus,15329,120
plus,15330,237
plus,15331,230
plus,15332,229
plus,15333,181
plus,15334,71
plus,15335,146
plus,15336,85
plus,15337,95
plus,15338,229
plus,15339,83
plus,15340,94
plus,15341,183
plus,15342,174
plus,15343,105
plus,15344,147
plus,15345,126
plus,15346,172
plus,15347,141
plus,15348,233
plus,15349,58
plus,15350,231
plus,15351,124
plus,15352,224
plus,15353,57
plus,15354,226
plus,15355,171
plus,15356,145
plus,15357,329
plus,15358,124
plus,15359,179
plus,15360,33
plus,15361,103
plus,15362,175
plus,15363,145
plus,15364,107
plus,15365,140
plus,15366,229
plus,15367,224
plus,15368,143
plus,15369,49
plus,15370,83
plus,15371,142
plus,15372,142
plus,15373,106
plus,15374,84
plus,15375,176
plus,15376,175
plus,15377,145
plus,15378,124
plus,15379,94
plus,15380,329
plus,15381,106
plus,15382,171
plus,15383,145
plus,15384,180
plus,15385,108
plus,15386,576
plus,15387,177
plus,15388,145
plus,15389,55
plus,15390,122
plus,15391,232
plus,15392,120
plus,15393,95
plus,15394,145
plus,15395,179
plus,15396,124
plus,15397,228
plus,15398,228
plus,15399,183
plus,15400,179
plus,15401,147
plus,15402,175
plus,15403,92
plus,15404,108
plus,15405,94
plus,15406,74
plus,15407,58
plus,15408,122
plus,15409,120
plus,15410,121
plus,15411,147
plus,15412,63
plus,15413,77
plus,15414,104
plus,15415,233
plus,15416,95
plus,15417,80
plus,15418,106
plus,15419,222
plus,15420,95
plus,15421,91
plus,15422,105
plus,15423,117
plus,15424,69
plus,15425,181
plus,15426,107
plus,15427,225
plus,15428,178
plus,15429,105
plus,15430,42
plus,15431,228
plus,15432,173
plus,15433,181
plus,15434,62
plus,15435,122
plus,15436,181
plus,15437,338
plus,15438,91
plus,15439,230
plus,15440,143
plus,15441,125
plus,15442,124
plus,15443,121
plus,15444,228
plus,15445,175
plus,15446,142
plus,15447,122
plus,15448,142
plus,15449,107
plus,15450,122
plus,15451,576
plus,15452,323
plus,15453,107
plus,15454,123
plus,15455,59
plus,15456,123
plus,15457,121
plus,15458,103
plus,15459,108
plus,15460,177
plus,15461,144
plus,15462,64
plus,15463,73
plus,15464,119
plus,15465,108
plus,15466,91
plus,15467,141
plus,15468,95
plus,15469,141
plus,15470,107
plus,15471,148
plus,15472,178
plus,15473,230
plus,15474,146
plus,15475,177
plus,15476,185
plus,15477,139
plus,15478,227
plus,15479,144
plus,15480,89
plus,15481,174
plus,15482,83
plus,15483,326
plus,15484,188
plus,15485,143
plus,15486,105
plus,15487,75
plus,15488,119
plus,15489,327
plus,15490,142
plus,15491,124
plus,15492,148
plus,15493,86
plus,15494,106
plus,15495,141
plus,15496,144
plus,15497,95
plus,15498,144
plus,15499,122
plus,15500,223
plus,15501,175
plus,15502,176
plus,15503,182
plus,15504,127
plus,15505,121
plus,15506,94
plus,15507,180
plus,15508,175
plus,15509,74
plus,15510,128
plus,15511,145
plus,15512,63
plus,15513,170
plus,15514,226
plus,15515,86
plus,15516,182
plus,15517,122
plus,15518,224
plus,15519,144
plus,15520,147
plus,15521,174
plus,15522,124
plus,15523,142
plus,15524,109
plus,15525,108
plus,15526,30
plus,15527,121
plus,15528,142
plus,15529,143
plus,15530,175
plus,15531,120
plus,15532,178
plus,15533,118
plus,15534,178
plus,15535,229
plus,15536,123
plus,15537,183
plus,15538,145
plus,15539,95
plus,15540,103
plus,15541,183
plus,15542,84
plus,15543,177
plus,15544,49
plus,15545,94
plus,15546,65
plus,15547,143
plus,15548,121
plus,15549,326
plus,15550,95
plus,15551,175
plus,15552,118
plus,15553,93
plus,15554,177
plus,15555,333
plus,15556,143
plus,15557,125
plus,15558,95
plus,15559,142
plus,15560,92
plus,15561,96
plus,15562,108
plus,15563,228
plus,15564,180
plus,15565,231
plus,15566,70
plus,15567,142
plus,15568,138
plus,15569,123
plus,15570,84
plus,15571,145
plus,15572,109
plus,15573,89
plus,15574,144
plus,15575,228
plus,15576,109
plus,15577,179
plus,15578,223
plus,15579,225
plus,15580,145
plus,15581,229
plus,15582,142
plus,15583,109
plus,15584,223
plus,15585,120
plus,15586,106
plus,15587,143
plus,15588,120
plus,15589,120
plus,15590,180
plus,15591,141
plus,15592,64
plus,15593,143
plus,15594,228
plus,15595,70
plus,15596,141
plus,15597,174
plus,15598,123
plus,15599,144
plus,15600,178
plus,15601,117
plus,15602,143
plus,15603,238
plus,15604,175
plus,15605,233
plus,15606,231
plus,15607,118
plus,15608,84
plus,15609,175
plus,15610,145
plus,15611,60
plus,15612,232
plus,15613,179
plus,15614,77
plus,15615,179
plus,15616,83
plus,15617,83
plus,15618,227
plus,15619,231
plus,15620,56
plus,15621,181
plus,15622,121
plus,15623,91
plus,15624,107
plus,15625,142
plus,15626,120
plus,15627,141
plus,15628,169
plus,15629,144
plus,15630,231
plus,15631,180
plus,15632,126
plus,15633,109
plus,15634,185
plus,15635,109
plus,15636,69
plus,15637,240
plus,15638,84
plus,15639,179
plus,15640,108
plus,15641,94
plus,15642,120
plus,15643,171
plus,15644,172
plus,15645,38
plus,15646,174
plus,15647,181
plus,15648,142
plus,15649,82
plus,15650,84
plus,15651,177
plus,15652,145
plus,15653,91
plus,15654,88
plus,15655,94
plus,15656,142
plus,15657,63
plus,15658,59
plus,15659,122
plus,15660,181
plus,15661,96
plus,15662,176
plus,15663,76
plus,15664,95
plus,15665,77
plus,15666,177
plus,15667,174
plus,15668,123
plus,15669,180
plus,15670,125
plus,15671,77
plus,15672,120
plus,15673,124
plus,15674,228
plus,15675,122
plus,15676,140
plus,15677,176
plus,15678,326
plus,15679,123
plus,15680,65
plus,15681,92
plus,15682,181
plus,15683,181
plus,15684,141
plus,15685,175
plus,15686,174
plus,15687,180
plus,15688,180
plus,15689,120
plus,15690,220
plus,15691,109
plus,15692,322
plus,15693,77
plus,15694,93
plus,15695,105
plus,15696,120
plus,15697,122
plus,15698,120
plus,15699,328
plus,15700,175
plus,15701,180
plus,15702,121
plus,15703,78
plus,15704,234
plus,15705,106
plus,15706,125
plus,15707,122
plus,15708,121
plus,15709,143
plus,15710,227
plus,15711,95
plus,15712,92
plus,15713,108
plus,15714,106
plus,15715,175
plus,15716,121
plus,15717,172
plus,15718,178
plus,15719,40
plus,15720,116
plus,15721,62
plus,15722,97
plus,15723,142
plus,15724,224
plus,15725,61
plus,15726,225
plus,15727,146
plus,15728,332
plus,15729,110
plus,15730,93
plus,15731,145
plus,15732,61
plus,15733,145
plus,15734,225
plus,15735,105
plus,15736,149
plus,15737,144
plus,15738,42
plus,15739,179
plus,15740,142
plus,15741,126
plus,15742,84
plus,15743,146
plus,15744,70
plus,15745,147
plus,15746,180
plus,15747,84
plus,15748,147
plus,15749,94
plus,15750,140
plus,15751,178
plus,15752,58
plus,15753,175
plus,15754,58
plus,15755,85
plus,15756,120
plus,15757,142
plus,15758,323
plus,15759,95
plus,15760,109
plus,15761,94
plus,15762,142
plus,15763,175
plus,15764,142
plus,15765,176
plus,15766,146
plus,15767,174
plus,15768,85
plus,15769,230
plus,15770,119
plus,15771,92
plus,15772,125
plus,15773,42
plus,15774,174
plus,15775,94
plus,15776,76
plus,15777,94
plus,15778,122
plus,15779,178
plus,15780,124
plus,15781,142
plus,15782,120
plus,15783,145
plus,15784,94
plus,15785,174
plus,15786,147
plus,15787,180
plus,15788,146
plus,15789,95
plus,15790,120
plus,15791,140
plus,15792,183
plus,15793,233
plus,15794,140
plus,15795,178
plus,15796,226
plus,15797,124
plus,15798,226
plus,15799,33
plus,15800,123
plus,15801,107
plus,15802,59
plus,15803,110
plus,15804,138
plus,15805,120
plus,15806,224
plus,15807,104
plus,15808,58
plus,15809,123
plus,15810,228
plus,15811,96
plus,15812,142
plus,15813,71
plus,15814,123
plus,15815,122
plus,15816,145
plus,15817,125
plus,15818,144
plus,15819,46
plus,15820,167
plus,15821,145
plus,15822,46
plus,15823,123
plus,15824,144
plus,15825,148
plus,15826,241
plus,15827,146
plus,15828,76
plus,15829,86
plus,15830,323
plus,15831,177
plus,15832,121
plus,15833,95
plus,15834,173
plus,15835,85
plus,15836,149
plus,15837,322
plus,15838,224
plus,15839,124
plus,15840,178
plus,15841,93
plus,15842,67
plus,15843,239
plus,15844,122
plus,15845,231
plus,15846,147
plus,15847,106
plus,15848,144
plus,15849,83
plus,15850,30
plus,15851,181
plus,15852,85
plus,15853,173
plus,15854,183
plus,15855,173
plus,15856,233
plus,15857,93
plus,15858,121
plus,15859,315
plus,15860,144
plus,15861,117
plus,15862,174
plus,15863,139
plus,15864,95
plus,15865,176
plus,15866,150
plus,15867,123
plus,15868,107
plus,15869,108
plus,15870,106
plus,15871,123
plus,15872,63
plus,15873,59
plus,15874,173
plus,15875,95
plus,15876,108
plus,15877,33
plus,15878,55
plus,15879,231
plus,15880,120
plus,15881,146
plus,15882,119
plus,15883,119
plus,15884,144
plus,15885,181
plus,15886,177
plus,15887,236
plus,15888,122
plus,15889,174
plus,15890,94
plus,15891,121
plus,15892,143
plus,15893,84
plus,15894,144
plus,15895,225
plus,15896,148
plus,15897,146
plus,15898,79
plus,15899,122
plus,15900,174
plus,15901,238
plus,15902,107
plus,15903,109
plus,15904,175
plus,15905,143
plus,15906,59
plus,15907,146
plus,15908,181
plus,15909,143
plus,15910,178
plus,15911,124
plus,15912,172
plus,15913,83
plus,15914,174
plus,15915,147
plus,15916,40
plus,15917,174
plus,15918,175
plus,15919,146
plus,15920,107
plus,15921,230
plus,15922,71
plus,15923,144
plus,15924,145
plus,15925,175
plus,15926,86
plus,15927,123
plus,15928,178
plus,15929,92
plus,15930,123
plus,15931,177
plus,15932,92
plus,15933,149
plus,15934,230
plus,15935,178
plus,15936,122
plus,15937,70
plus,15938,173
plus,15939,226
plus,15940,106
plus,15941,230
plus,15942,94
plus,15943,177
plus,15944,236
plus,15945,241
plus,15946,178
plus,15947,104
plus,15948,334
plus,15949,104
plus,15950,64
plus,15951,145
plus,15952,106
plus,15953,175
plus,15954,227
plus,15955,177
plus,15956,121
plus,15957,120
plus,15958,173
plus,15959,143
plus,15960,176
plus,15961,65
plus,15962,124
plus,15963,77
plus,15964,81
plus,15965,61
plus,15966,218
plus,15967,107
plus,15968,93
plus,15969,106
plus,15970,179
plus,15971,96
plus,15972,109
plus,15973,226
plus,15974,147
plus,15975,144
plus,15976,75
plus,15977,172
plus,15978,142
plus,15979,69
plus,15980,178
plus,15981,175
plus,15982,146
plus,15983,148
plus,15984,177
plus,15985,121
plus,15986,81
plus,15987,322
plus,15988,123
plus,15989,234
plus,15990,83
plus,15991,106
plus,15992,141
plus,15993,224
plus,15994,185
plus,15995,122
plus,15996,124
plus,15997,146
plus,15998,143
plus,15999,173
plus,16000,94
plus,16001,180
plus,16002,146
plus,16003,125
plus,16004,177
plus,16005,95
plus,16006,184
plus,16007,177
plus,16008,102
plus,16009,222
plus,16010,181
plus,16011,118
plus,16012,95
plus,16013,144
plus,16014,92
plus,16015,139
plus,16016,107
plus,16017,83
plus,16018,127
plus,16019,146
plus,16020,122
plus,16021,76
plus,16022,104
plus,16023,124
plus,16024,145
plus,16025,143
plus,16026,94
plus,16027,119
plus,16028,179
plus,16029,107
plus,16030,92
plus,16031,107
plus,16032,118
plus,16033,77
plus,16034,145
plus,16035,230
plus,16036,125
plus,16037,144
plus,16038,107
plus,16039,76
plus,16040,229
plus,16041,177
plus,16042,92
plus,16043,37
plus,16044,179
plus,16045,69
plus,16046,124
plus,16047,175
plus,16048,81
plus,16049,226
plus,16050,93
plus,16051,59
plus,16052,175
plus,16053,93
plus,16054,146
plus,16055,147
plus,16056,104
plus,16057,111
plus,16058,141
plus,16059,124
plus,16060,144
plus,16061,175
plus,16062,104
plus,16063,140
plus,16064,185
plus,16065,118
plus,16066,75
plus,16067,144
plus,16068,176
plus,16069,179
plus,16070,60
plus,16071,77
plus,16072,84
plus,16073,223
plus,16074,178
plus,16075,175
plus,16076,120
plus,16077,93
plus,16078,177
plus,16079,227
plus,16080,122
plus,16081,122
plus,16082,173
plus,16083,150
plus,16084,147
plus,16085,178
plus,16086,236
plus,16087,109
plus,16088,176
plus,16089,120
plus,16090,174
plus,16091,225
plus,16092,85
plus,16093,93
plus,16094,224
plus,16095,107
plus,16096,40
plus,16097,124
plus,16098,65
plus,16099,177
plus,16100,225
plus,16101,105
plus,16102,142
plus,16103,173
plus,16104,228
plus,16105,76
plus,16106,139
plus,16107,121
plus,16108,110
plus,16109,59
plus,16110,109
plus,16111,143
plus,16112,121
plus,16113,236
plus,16114,230
plus,16115,95
plus,16116,143
plus,16117,328
plus,16118,145
plus,16119,151
plus,16120,91
plus,16121,184
plus,16122,96
plus,16123,92
plus,16124,232
plus,16125,83
plus,16126,150
plus,16127,145
plus,16128,171
plus,16129,177
plus,16130,117
plus,16131,106
plus,16132,143
plus,16133,179
plus,16134,83
plus,16135,58
plus,16136,181
plus,16137,222
plus,16138,181
plus,16139,141
plus,16140,110
plus,16141,146
plus,16142,105
plus,16143,110
plus,16144,36
plus,16145,108
plus,16146,93
plus,16147,96
plus,16148,92
plus,16149,124
plus,16150,85
plus,16151,178
plus,16152,146
plus,16153,174
plus,16154,104
plus,16155,175
plus,16156,141
plus,16157,180
plus,16158,58
plus,16159,106
plus,16160,94
plus,16161,143
plus,16162,225
plus,16163,143
plus,16164,77
plus,16165,149
plus,16166,235
plus,16167,232
plus,16168,184
plus,16169,33
plus,16170,120
plus,16171,142
plus,16172,144
plus,16173,145
plus,16174,325
plus,16175,120
plus,16176,333
plus,16177,77
plus,16178,120
plus,16179,123
plus,16180,147
plus,16181,75
plus,16182,95
plus,16183,144
plus,16184,227
plus,16185,181
plus,16186,234
plus,16187,179
plus,16188,93
plus,16189,120
plus,16190,175
plus,16191,127
plus,16192,180
plus,16193,118
plus,16194,175
plus,16195,143
plus,16196,77
plus,16197,179
plus,16198,95
plus,16199,328
plus,16200,127
plus,16201,120
plus,16202,177
plus,16203,127
plus,16204,174
plus,16205,146
plus,16206,126
plus,16207,119
plus,16208,75
plus,16209,231
plus,16210,148
plus,16211,230
plus,16212,105
plus,16213,176
plus,16214,94
plus,16215,176
plus,16216,121
plus,16217,173
plus,16218,122
plus,16219,81
plus,16220,143
plus,16221,118
plus,16222,183
plus,16223,173
plus,16224,106
plus,16225,181
plus,16226,148
plus,16227,329
plus,16228,70
plus,16229,108
plus,16230,186
plus,16231,227
plus,16232,76
plus,16233,177
plus,16234,108
plus,16235,223
plus,16236,105
plus,16237,229
plus,16238,96
plus,16239,177
plus,16240,148
plus,16241,145
plus,16242,119
plus,16243,124
plus,16244,106
plus,16245,77
plus,16246,322
plus,16247,171
plus,16248,232
plus,16249,145
plus,16250,177
plus,16251,144
plus,16252,141
plus,16253,183
plus,16254,143
plus,16255,125
plus,16256,176
plus,16257,141
plus,16258,231
plus,16259,76
plus,16260,136
plus,16261,121
plus,16262,142
plus,16263,123
plus,16264,178
plus,16265,177
plus,16266,125
plus,16267,169
plus,16268,108
plus,16269,81
plus,16270,325
plus,16271,236
plus,16272,182
plus,16273,108
plus,16274,121
plus,16275,41
plus,16276,142
plus,16277,63
plus,16278,109
plus,16279,67
plus,16280,74
plus,16281,70
plus,16282,145
plus,16283,126
plus,16284,176
plus,16285,106
plus,16286,142
plus,16287,147
plus,16288,81
plus,16289,108
plus,16290,106
plus,16291,107
plus,16292,45
plus,16293,230
plus,16294,182
plus,16295,142
plus,16296,174
plus,16297,173
plus,16298,184
plus,16299,120
plus,16300,121
plus,16301,83
plus,16302,142
plus,16303,25
plus,16304,173
plus,16305,122
plus,16306,32
plus,16307,172
plus,16308,55
plus,16309,173
plus,16310,84
plus,16311,121
plus,16312,84
plus,16313,71
plus,16314,108
plus,16315,146
plus,16316,84
plus,16317,228
plus,16318,125
plus,16319,176
plus,16320,37
plus,16321,141
plus,16322,146
plus,16323,179
plus,16324,109
plus,16325,104
plus,16326,92
plus,16327,143
plus,16328,118
plus,16329,90
plus,16330,140
plus,16331,138
plus,16332,144
plus,16333,77
plus,16334,118
plus,16335,125
plus,16336,123
plus,16337,102
plus,16338,121
plus,16339,177
plus,16340,123
plus,16341,123
plus,16342,177
plus,16343,94
plus,16344,225
plus,16345,177
plus,16346,55
plus,16347,176
plus,16348,140
plus,16349,123
plus,16350,170
plus,16351,178
plus,16352,180
plus,16353,144
plus,16354,325
plus,16355,179
plus,16356,107
plus,16357,139
plus,16358,97
plus,16359,142
plus,16360,95
plus,16361,96
plus,16362,331
plus,16363,146
plus,16364,96
plus,16365,232
plus,16366,103
plus,16367,144
plus,16368,169
plus,16369,180
plus,16370,178
plus,16371,174
plus,16372,95
plus,16373,91
plus,16374,176
plus,16375,57
plus,16376,46
plus,16377,228
plus,16378,55
plus,16379,175
plus,16380,333
plus,16381,176
plus,16382,119
plus,16383,172
plus,16384,123
plus,16385,83
plus,16386,183
plus,16387,145
plus,16388,148
plus,16389,83
plus,16390,83
plus,16391,94
plus,16392,108
plus,16393,180
plus,16394,225
plus,16395,177
plus,16396,76
plus,16397,184
plus,16398,119
plus,16399,151
plus,16400,146
plus,16401,177
plus,16402,178
plus,16403,177
plus,16404,231
plus,16405,83
plus,16406,174
plus,16407,183
plus,16408,124
plus,16409,83
plus,16410,82
plus,16411,76
plus,16412,118
plus,16413,120
plus,16414,233
plus,16415,147
plus,16416,67
plus,16417,108
plus,16418,576
plus,16419,228
plus,16420,83
plus,16421,316
plus,16422,145
plus,16423,144
plus,16424,122
plus,16425,176
plus,16426,141
plus,16427,177
plus,16428,95
plus,16429,145
plus,16430,81
plus,16431,149
plus,16432,179
plus,16433,122
plus,16434,142
plus,16435,321
plus,16436,120
plus,16437,184
plus,16438,227
plus,16439,122
plus,16440,126
plus,16441,121
plus,16442,123
plus,16443,142
plus,16444,176
plus,16445,147
plus,16446,45
plus,16447,82
plus,16448,104
plus,16449,180
plus,16450,177
plus,16451,144
plus,16452,173
plus,16453,121
plus,16454,124
plus,16455,231
plus,16456,63
plus,16457,128
plus,16458,229
plus,16459,119
plus,16460,94
plus,16461,137
plus,16462,107
plus,16463,123
plus,16464,77
plus,16465,229
plus,16466,124
plus,16467,144
plus,16468,29
plus,16469,84
plus,16470,174
plus,16471,144
plus,16472,96
plus,16473,184
plus,16474,119
plus,16475,93
plus,16476,180
plus,16477,124
plus,16478,175
plus,16479,119
plus,16480,234
plus,16481,175
plus,16482,123
plus,16483,106
plus,16484,37
plus,16485,93
plus,16486,173
plus,16487,231
plus,16488,68
plus,16489,118
plus,16490,106
plus,16491,83
plus,16492,83
plus,16493,228
plus,16494,106
plus,16495,127
plus,16496,107
plus,16497,231
plus,16498,42
plus,16499,143
plus,16500,576
plus,16501,181
plus,16502,94
plus,16503,144
plus,16504,17
plus,16505,140
plus,16506,169
plus,16507,122
plus,16508,181
plus,16509,108
plus,16510,83
plus,16511,65
plus,16512,324
plus,16513,119
plus,16514,171
plus,16515,144
plus,16516,107
plus,16517,227
plus,16518,170
plus,16519,120
plus,16520,169
plus,16521,46
plus,16522,122
plus,16523,95
plus,16524,85
plus,16525,122
plus,16526,96
plus,16527,176
plus,16528,96
plus,16529,64
plus,16530,182
plus,16531,176
plus,16532,121
plus,16533,175
plus,16534,145
plus,16535,124
plus,16536,107
plus,16537,178
plus,16538,77
plus,16539,181
plus,16540,176
plus,16541,145
plus,16542,48
plus,16543,120
plus,16544,179
plus,16545,225
plus,16546,178
plus,16547,90
plus,16548,175
plus,16549,178
plus,16550,148
plus,16551,141
plus,16552,177
plus,16553,145
plus,16554,143
plus,16555,174
plus,16556,124
plus,16557,227
plus,16558,232
plus,16559,107
plus,16560,180
plus,16561,123
plus,16562,106
plus,16563,229
plus,16564,145
plus,16565,175
plus,16566,232
plus,16567,95
plus,16568,180
plus,16569,93
plus,16570,173
plus,16571,230
plus,16572,109
plus,16573,82
plus,16574,171
plus,16575,107
plus,16576,145
plus,16577,122
plus,16578,143
plus,16579,107
plus,16580,121
plus,16581,175
plus,16582,106
plus,16583,180
plus,16584,108
plus,16585,106
plus,16586,107
plus,16587,124
plus,16588,84
plus,16589,76
plus,16590,120
plus,16591,96
plus,16592,101
plus,16593,104
plus,16594,323
plus,16595,128
plus,16596,175
plus,16597,94
plus,16598,178
plus,16599,226
plus,16600,145
plus,16601,178
plus,16602,75
plus,16603,143
plus,16604,121
plus,16605,93
plus,16606,76
plus,16607,232
plus,16608,141
plus,16609,179
plus,16610,107
plus,16611,142
plus,16612,120
plus,16613,107
plus,16614,94
plus,16615,144
plus,16616,117
plus,16617,121
plus,16618,55
plus,16619,178
plus,16620,55
plus,16621,121
plus,16622,122
plus,16623,177
plus,16624,230
plus,16625,327
plus,16626,70
plus,16627,56
plus,16628,230
plus,16629,92
plus,16630,227
plus,16631,146
plus,16632,221
plus,16633,94
plus,16634,146
plus,16635,118
plus,16636,77
plus,16637,142
plus,16638,123
plus,16639,121
plus,16640,122
plus,16641,143
plus,16642,93
plus,16643,82
plus,16644,122
plus,16645,177
plus,16646,84
plus,16647,106
plus,16648,224
plus,16649,78
plus,16650,63
plus,16651,123
plus,16652,119
plus,16653,146
plus,16654,180
plus,16655,92
plus,16656,147
plus,16657,183
plus,16658,84
plus,16659,123
plus,16660,120
plus,16661,59
plus,16662,46
plus,16663,322
plus,16664,225
plus,16665,121
plus,16666,176
plus,16667,144
plus,16668,84
plus,16669,145
plus,16670,141
plus,16671,180
plus,16672,174
plus,16673,148
plus,16674,80
plus,16675,104
plus,16676,143
plus,16677,91
plus,16678,91
plus,16679,146
plus,16680,178
plus,16681,184
plus,16682,146
plus,16683,48
plus,16684,169
plus,16685,179
plus,16686,59
plus,16687,175
plus,16688,94
plus,16689,32
plus,16690,232
plus,16691,123
plus,16692,105
plus,16693,177
plus,16694,233
plus,16695,119
plus,16696,75
plus,16697,121
plus,16698,144
plus,16699,106
plus,16700,222
plus,16701,147
plus,16702,176
plus,16703,180
plus,16704,185
plus,16705,77
plus,16706,118
plus,16707,231
plus,16708,94
plus,16709,123
plus,16710,146
plus,16711,171
plus,16712,94
plus,16713,233
plus,16714,174
plus,16715,229
plus,16716,124
plus,16717,175
plus,16718,232
plus,16719,120
plus,16720,327
plus,16721,48
plus,16722,144
plus,16723,77
plus,16724,108
plus,16725,323
plus,16726,123
plus,16727,75
plus,16728,93
plus,16729,76
plus,16730,143
plus,16731,177
plus,16732,95
plus,16733,177
plus,16734,183
plus,16735,173
plus,16736,121
plus,16737,177
plus,16738,328
plus,16739,119
plus,16740,77
plus,16741,179
plus,16742,178
plus,16743,236
plus,16744,104
plus,16745,125
plus,16746,69
plus,16747,105
plus,16748,177
plus,16749,177
plus,16750,184
plus,16751,42
plus,16752,224
plus,16753,105
plus,16754,122
plus,16755,178
plus,16756,93
plus,16757,57
plus,16758,123
plus,16759,57
plus,16760,93
plus,16761,177
plus,16762,184
plus,16763,235
plus,16764,94
plus,16765,174
plus,16766,220
plus,16767,175
plus,16768,233
plus,16769,144
plus,16770,95
plus,16771,182
plus,16772,145
plus,16773,142
plus,16774,149
plus,16775,123
plus,16776,227
plus,16777,104
plus,16778,106
plus,16779,181
plus,16780,126
plus,16781,123
plus,16782,108
plus,16783,329
plus,16784,77
plus,16785,92
plus,16786,63
plus,16787,124
plus,16788,82
plus,16789,221
plus,16790,109
plus,16791,120
plus,16792,118
plus,16793,227
plus,16794,108
plus,16795,106
plus,16796,174
plus,16797,231
plus,16798,121
plus,16799,143
plus,16800,82
plus,16801,122
plus,16802,83
plus,16803,146
plus,16804,326
plus,16805,171
plus,16806,125
plus,16807,141
plus,16808,119
plus,16809,175
plus,16810,125
plus,16811,108
plus,16812,145
plus,16813,182
plus,16814,84
plus,16815,174
plus,16816,179
plus,16817,177
plus,16818,59
plus,16819,38
plus,16820,178
plus,16821,106
plus,16822,124
plus,16823,229
plus,16824,75
plus,16825,121
plus,16826,123
plus,16827,124
plus,16828,90
plus,16829,124
plus,16830,144
plus,16831,178
plus,16832,84
plus,16833,174
plus,16834,69
plus,16835,118
plus,16836,94
plus,16837,231
plus,16838,76
plus,16839,142
plus,16840,45
plus,16841,222
plus,16842,182
plus,16843,110
plus,16844,93
plus,16845,144
plus,16846,125
plus,16847,145
plus,16848,175
plus,16849,106
plus,16850,223
plus,16851,75
plus,16852,124
plus,16853,121
plus,16854,143
plus,16855,122
plus,16856,332
plus,16857,180
plus,16858,180
plus,16859,234
plus,16860,95
plus,16861,143
plus,16862,147
plus,16863,106
plus,16864,68
plus,16865,38
plus,16866,76
plus,16867,324
plus,16868,91
plus,16869,122
plus,16870,122
plus,16871,226
plus,16872,173
plus,16873,61
plus,16874,104
plus,16875,45
plus,16876,332
plus,16877,119
plus,16878,144
plus,16879,312
plus,16880,84
plus,16881,68
plus,16882,74
plus,16883,106
plus,16884,76
plus,16885,110
plus,16886,147
plus,16887,233
plus,16888,77
plus,16889,38
plus,16890,41
plus,16891,75
plus,16892,122
plus,16893,149
plus,16894,144
plus,16895,143
plus,16896,44
plus,16897,145
plus,16898,172
plus,16899,125
plus,16900,153
plus,16901,234
plus,16902,104
plus,16903,121
plus,16904,70
plus,16905,75
plus,16906,83
plus,16907,94
plus,16908,96
plus,16909,141
plus,16910,224
plus,16911,118
plus,16912,143
plus,16913,81
plus,16914,70
plus,16915,107
plus,16916,95
plus,16917,225
plus,16918,145
plus,16919,107
plus,16920,93
plus,16921,117
plus,16922,144
plus,16923,94
plus,16924,106
plus,16925,122
plus,16926,145
plus,16927,141
plus,16928,233
plus,16929,91
plus,16930,95
plus,16931,83
plus,16932,148
plus,16933,227
plus,16934,144
plus,16935,181
plus,16936,119
plus,16937,109
plus,16938,121
plus,16939,105
plus,16940,95
plus,16941,76
plus,16942,229
plus,16943,123
plus,16944,39
plus,16945,122
plus,16946,142
plus,16947,180
plus,16948,120
plus,16949,230
plus,16950,105
plus,16951,141
plus,16952,182
plus,16953,81
plus,16954,176
plus,16955,95
plus,16956,329
plus,16957,107
plus,16958,121
plus,16959,121
plus,16960,235
plus,16961,178
plus,16962,140
plus,16963,227
plus,16964,121
plus,16965,120
plus,16966,103
plus,16967,84
plus,16968,105
plus,16969,125
plus,16970,59
plus,16971,42
plus,16972,105
plus,16973,143
plus,16974,121
plus,16975,141
plus,16976,147
plus,16977,119
plus,16978,108
plus,16979,125
plus,16980,63
plus,16981,55
plus,16982,233
plus,16983,173
plus,16984,82
plus,16985,172
plus,16986,60
plus,16987,84
plus,16988,91
plus,16989,231
plus,16990,93
plus,16991,142
plus,16992,94
plus,16993,180
plus,16994,141
plus,16995,95
plus,16996,33
plus,16997,78
plus,16998,122
plus,16999,230
plus,17000,123
plus,17001,178
plus,17002,143
plus,17003,231
plus,17004,143
plus,17005,33
plus,17006,182
plus,17007,144
plus,17008,145
plus,17009,144
plus,17010,125
plus,17011,97
plus,17012,324
plus,17013,95
plus,17014,59
plus,17015,177
plus,17016,96
plus,17017,82
plus,17018,182
plus,17019,183
plus,17020,64
plus,17021,177
plus,17022,174
plus,17023,181
plus,17024,224
plus,17025,64
plus,17026,82
plus,17027,175
plus,17028,110
plus,17029,225
plus,17030,108
plus,17031,121
plus,17032,60
plus,17033,108
plus,17034,240
plus,17035,121
plus,17036,108
plus,17037,177
plus,17038,119
plus,17039,106
plus,17040,59
plus,17041,81
plus,17042,75
plus,17043,144
plus,17044,84
plus,17045,325
plus,17046,230
plus,17047,124
plus,17048,145
plus,17049,121
plus,17050,333
plus,17051,174
plus,17052,147
plus,17053,121
plus,17054,224
plus,17055,77
plus,17056,107
plus,17057,94
plus,17058,108
plus,17059,46
plus,17060,231
plus,17061,109
plus,17062,327
plus,17063,180
plus,17064,120
plus,17065,48
plus,17066,175
plus,17067,64
plus,17068,124
plus,17069,76
plus,17070,229
plus,17071,143
plus,17072,121
plus,17073,143
plus,17074,46
plus,17075,107
plus,17076,69
plus,17077,184
plus,17078,108
plus,17079,56
plus,17080,93
plus,17081,145
plus,17082,145
plus,17083,122
plus,17084,144
plus,17085,229
plus,17086,73
plus,17087,230
plus,17088,83
plus,17089,64
plus,17090,69
plus,17091,143
plus,17092,143
plus,17093,105
plus,17094,326
plus,17095,124
plus,17096,178
plus,17097,108
plus,17098,123
plus,17099,143
plus,17100,106
plus,17101,92
plus,17102,147
plus,17103,118
plus,17104,85
plus,17105,122
plus,17106,175
plus,17107,333
plus,17108,125
plus,17109,95
plus,17110,178
plus,17111,229
plus,17112,84
plus,17113,142
plus,17114,122
plus,17115,83
plus,17116,178
plus,17117,105
plus,17118,148
plus,17119,143
plus,17120,121
plus,17121,223
plus,17122,74
plus,17123,109
plus,17124,146
plus,17125,122
plus,17126,179
plus,17127,144
plus,17128,176
plus,17129,146
plus,17130,94
plus,17131,176
plus,17132,42
plus,17133,178
plus,17134,122
plus,17135,328
plus,17136,175
plus,17137,117
plus,17138,123
plus,17139,142
plus,17140,142
plus,17141,177
plus,17142,229
plus,17143,238
plus,17144,226
plus,17145,175
plus,17146,179
plus,17147,106
plus,17148,148
plus,17149,216
plus,17150,119
plus,17151,142
plus,17152,69
plus,17153,224
plus,17154,232
plus,17155,150
plus,17156,178
plus,17157,126
plus,17158,107
plus,17159,181
plus,17160,144
plus,17161,173
plus,17162,123
plus,17163,105
plus,17164,143
plus,17165,174
plus,17166,97
plus,17167,125
plus,17168,84
plus,17169,144
plus,17170,233
plus,17171,175
plus,17172,30
plus,17173,142
plus,17174,328
plus,17175,177
plus,17176,105
plus,17177,96
plus,17178,124
plus,17179,119
plus,17180,177
plus,17181,77
plus,17182,140
plus,17183,119
plus,17184,141
plus,17185,91
plus,17186,149
plus,17187,72
plus,17188,180
plus,17189,69
plus,17190,42
plus,17191,141
plus,17192,105
plus,17193,124
plus,17194,138
plus,17195,173
plus,17196,124
plus,17197,82
plus,17198,143
plus,17199,142
plus,17200,235
plus,17201,227
plus,17202,326
plus,17203,324
plus,17204,42
plus,17205,45
plus,17206,233
plus,17207,120
plus,17208,95
plus,17209,122
plus,17210,182
plus,17211,90
plus,17212,173
plus,17213,141
plus,17214,85
plus,17215,171
plus,17216,325
plus,17217,232
plus,17218,174
plus,17219,327
plus,17220,84
plus,17221,324
plus,17222,105
plus,17223,123
plus,17224,229
plus,17225,145
plus,17226,94
plus,17227,229
plus,17228,181
plus,17229,174
plus,17230,96
plus,17231,105
plus,17232,92
plus,17233,187
plus,17234,124
plus,17235,123
plus,17236,55
plus,17237,233
plus,17238,143
plus,17239,109
plus,17240,64
plus,17241,126
plus,17242,73
plus,17243,146
plus,17244,118
plus,17245,64
plus,17246,64
plus,17247,179
plus,17248,44
plus,17249,104
plus,17250,33
plus,17251,76
plus,17252,108
plus,17253,146
plus,17254,122
plus,17255,91
plus,17256,178
plus,17257,145
plus,17258,146
plus,17259,144
plus,17260,107
plus,17261,143
plus,17262,233
plus,17263,178
plus,17264,114
plus,17265,58
plus,17266,227
plus,17267,106
plus,17268,96
plus,17269,80
plus,17270,96
plus,17271,173
plus,17272,176
plus,17273,144
plus,17274,125
plus,17275,233
plus,17276,122
plus,17277,176
plus,17278,122
plus,17279,121
plus,17280,122
plus,17281,177
plus,17282,84
plus,17283,70
plus,17284,63
plus,17285,122
plus,17286,47
plus,17287,90
plus,17288,146
plus,17289,119
plus,17290,226
plus,17291,64
plus,17292,65
plus,17293,84
plus,17294,95
plus,17295,86
plus,17296,230
plus,17297,122
plus,17298,103
plus,17299,67
plus,17300,90
plus,17301,120
plus,17302,325
plus,17303,105
plus,17304,126
plus,17305,177
plus,17306,107
plus,17307,115
plus,17308,174
plus,17309,177
plus,17310,175
plus,17311,49
plus,17312,180
plus,17313,141
plus,17314,94
plus,17315,227
plus,17316,124
plus,17317,84
plus,17318,118
plus,17319,146
plus,17320,106
plus,17321,229
plus,17322,92
plus,17323,95
plus,17324,145
plus,17325,229
plus,17326,122
plus,17327,76
plus,17328,146
plus,17329,106
plus,17330,123
plus,17331,124
plus,17332,175
plus,17333,120
plus,17334,144
plus,17335,122
plus,17336,121
plus,17337,117
plus,17338,142
plus,17339,121
plus,17340,120
plus,17341,63
plus,17342,122
plus,17343,180
plus,17344,64
plus,17345,224
plus,17346,93
plus,17347,146
plus,17348,55
plus,17349,233
plus,17350,142
plus,17351,32
plus,17352,232
plus,17353,226
plus,17354,76
plus,17355,143
plus,17356,179
plus,17357,147
plus,17358,85
plus,17359,108
plus,17360,148
plus,17361,59
plus,17362,148
plus,17363,143
plus,17364,147
plus,17365,176
plus,17366,93
plus,17367,144
plus,17368,172
plus,17369,124
plus,17370,70
plus,17371,94
plus,17372,230
plus,17373,126
plus,17374,230
plus,17375,75
plus,17376,147
plus,17377,84
plus,17378,227
plus,17379,176
plus,17380,77
plus,17381,230
plus,17382,138
plus,17383,177
plus,17384,182
plus,17385,225
plus,17386,120
plus,17387,94
plus,17388,93
plus,17389,181
plus,17390,174
plus,17391,143
plus,17392,232
plus,17393,54
plus,17394,180
plus,17395,175
plus,17396,174
plus,17397,142
plus,17398,86
plus,17399,181
plus,17400,93
plus,17401,140
plus,17402,118
plus,17403,38
plus,17404,106
plus,17405,178
plus,17406,95
plus,17407,140
plus,17408,37
plus,17409,76
plus,17410,83
plus,17411,122
plus,17412,48
plus,17413,121
plus,17414,107
plus,17415,141
plus,17416,223
plus,17417,72
plus,17418,105
plus,17419,76
plus,17420,63
plus,17421,95
plus,17422,177
plus,17423,121
plus,17424,222
plus,17425,225
plus,17426,120
plus,17427,76
plus,17428,82
plus,17429,65
plus,17430,186
plus,17431,324
plus,17432,108
plus,17433,145
plus,17434,83
plus,17435,111
plus,17436,229
plus,17437,179
plus,17438,236
plus,17439,118
plus,17440,324
plus,17441,104
plus,17442,180
plus,17443,63
plus,17444,118
plus,17445,232
plus,17446,121
plus,17447,94
plus,17448,178
plus,17449,121
plus,17450,180
plus,17451,181
plus,17452,122
plus,17453,88
plus,17454,145
plus,17455,93
plus,17456,92
plus,17457,106
plus,17458,186
plus,17459,170
plus,17460,121
plus,17461,119
plus,17462,63
plus,17463,118
plus,17464,126
plus,17465,107
plus,17466,175
plus,17467,121
plus,17468,55
plus,17469,145
plus,17470,106
plus,17471,144
plus,17472,318
plus,17473,179
plus,17474,180
plus,17475,176
plus,17476,331
plus,17477,178
plus,17478,77
plus,17479,143
plus,17480,122
plus,17481,89
plus,17482,176
plus,17483,83
plus,17484,183
plus,17485,231
plus,17486,83
plus,17487,324
plus,17488,221
plus,17489,144
plus,17490,93
plus,17491,143
plus,17492,143
plus,17493,226
plus,17494,105
plus,17495,107
plus,17496,122
plus,17497,238
plus,17498,45
plus,17499,121
plus,17500,83
plus,17501,94
plus,17502,324
plus,17503,233
plus,17504,232
plus,17505,89
plus,17506,178
plus,17507,120
plus,17508,106
plus,17509,42
plus,17510,145
plus,17511,145
plus,17512,336
plus,17513,77
plus,17514,180
plus,17515,145
plus,17516,90
plus,17517,174
plus,17518,145
plus,17519,122
plus,17520,183
plus,17521,83
plus,17522,123
plus,17523,92
plus,17524,123
plus,17525,150
plus,17526,234
plus,17527,69
plus,17528,64
plus,17529,22
plus,17530,104
plus,17531,84
plus,17532,179
plus,17533,146
plus,17534,142
plus,17535,104
plus,17536,68
plus,17537,120
plus,17538,42
plus,17539,143
plus,17540,121
plus,17541,80
plus,17542,105
plus,17543,176
plus,17544,83
plus,17545,77
plus,17546,143
plus,17547,181
plus,17548,82
plus,17549,122
plus,17550,146
plus,17551,177
plus,17552,105
plus,17553,128
plus,17554,229
plus,17555,148
plus,17556,108
plus,17557,144
plus,17558,227
plus,17559,70
plus,17560,235
plus,17561,77
plus,17562,121
plus,17563,85
plus,17564,331
plus,17565,106
plus,17566,83
plus,17567,46
plus,17568,49
plus,17569,107
plus,17570,60
plus,17571,120
plus,17572,148
plus,17573,56
plus,17574,144
plus,17575,145
plus,17576,94
plus,17577,82
plus,17578,89
plus,17579,76
plus,17580,49
plus,17581,75
plus,17582,92
plus,17583,92
plus,17584,140
plus,17585,124
plus,17586,140
plus,17587,121
plus,17588,180
plus,17589,177
plus,17590,144
plus,17591,172
plus,17592,141
plus,17593,178
plus,17594,225
plus,17595,576
plus,17596,105
plus,17597,143
plus,17598,90
plus,17599,123
plus,17600,42
plus,17601,125
plus,17602,121
plus,17603,175
plus,17604,177
plus,17605,145
plus,17606,85
plus,17607,63
plus,17608,95
plus,17609,142
plus,17610,144
plus,17611,174
plus,17612,321
plus,17613,121
plus,17614,71
plus,17615,231
plus,17616,141
plus,17617,148
plus,17618,75
plus,17619,176
plus,17620,181
plus,17621,146
plus,17622,187
plus,17623,142
plus,17624,233
plus,17625,33
plus,17626,117
plus,17627,145
plus,17628,120
plus,17629,224
plus,17630,92
plus,17631,149
plus,17632,124
plus,17633,231
plus,17634,93
plus,17635,120
plus,17636,105
plus,17637,64
plus,17638,174
plus,17639,103
plus,17640,105
plus,17641,147
plus,17642,76
plus,17643,124
plus,17644,94
plus,17645,76
plus,17646,64
plus,17647,228
plus,17648,145
plus,17649,42
plus,17650,124
plus,17651,182
plus,17652,180
plus,17653,76
plus,17654,93
plus,17655,85
plus,17656,176
plus,17657,64
plus,17658,82
plus,17659,124
plus,17660,107
plus,17661,181
plus,17662,94
plus,17663,180
plus,17664,92
plus,17665,178
plus,17666,80
plus,17667,118
plus,17668,143
plus,17669,230
plus,17670,145
plus,17671,177
plus,17672,107
plus,17673,229
plus,17674,104
plus,17675,182
plus,17676,146
plus,17677,225
plus,17678,120
plus,17679,225
plus,17680,125
plus,17681,176
plus,17682,172
plus,17683,178
plus,17684,125
plus,17685,227
plus,17686,183
plus,17687,107
plus,17688,125
plus,17689,143
plus,17690,141
plus,17691,234
plus,17692,85
plus,17693,144
plus,17694,224
plus,17695,174
plus,17696,178
plus,17697,58
plus,17698,120
plus,17699,144
plus,17700,176
plus,17701,92
plus,17702,108
plus,17703,124
plus,17704,323
plus,17705,94
plus,17706,54
plus,17707,321
plus,17708,95
plus,17709,95
plus,17710,96
plus,17711,229
plus,17712,228
plus,17713,218
plus,17714,230
plus,17715,178
plus,17716,180
plus,17717,121
plus,17718,144
plus,17719,48
plus,17720,121
plus,17721,178
plus,17722,233
plus,17723,235
plus,17724,105
plus,17725,96
plus,17726,141
plus,17727,63
plus,17728,222
plus,17729,83
plus,17730,227
plus,17731,143
plus,17732,94
plus,17733,120
plus,17734,37
plus,17735,121
plus,17736,125
plus,17737,230
plus,17738,107
plus,17739,106
plus,17740,186
plus,17741,228
plus,17742,63
plus,17743,145
plus,17744,147
plus,17745,178
plus,17746,76
plus,17747,231
plus,17748,172
plus,17749,106
plus,17750,177
plus,17751,106
plus,17752,106
plus,17753,232
plus,17754,88
plus,17755,125
plus,17756,105
plus,17757,103
plus,17758,106
plus,17759,83
plus,17760,145
plus,17761,179
plus,17762,147
plus,17763,145
plus,17764,225
plus,17765,123
plus,17766,81
plus,17767,229
plus,17768,103
plus,17769,175
plus,17770,108
plus,17771,140
plus,17772,123
plus,17773,73
plus,17774,103
plus,17775,230
plus,17776,119
plus,17777,122
plus,17778,143
plus,17779,177
plus,17780,59
plus,17781,181
plus,17782,124
plus,17783,90
plus,17784,95
plus,17785,147
plus,17786,122
plus,17787,68
plus,17788,144
plus,17789,182
plus,17790,89
plus,17791,141
plus,17792,329
plus,17793,59
plus,17794,55
plus,17795,120
plus,17796,49
plus,17797,103
plus,17798,108
plus,17799,223
plus,17800,75
plus,17801,139
plus,17802,120
plus,17803,147
plus,17804,94
plus,17805,84
plus,17806,95
plus,17807,74
plus,17808,180
plus,17809,63
plus,17810,146
plus,17811,118
plus,17812,33
plus,17813,41
plus,17814,108
plus,17815,123
plus,17816,175
plus,17817,234
plus,17818,121
plus,17819,229
plus,17820,223
plus,17821,91
plus,17822,104
plus,17823,121
plus,17824,145
plus,17825,179
plus,17826,105
plus,17827,104
plus,17828,228
plus,17829,142
plus,17830,171
plus,17831,104
plus,17832,145
plus,17833,108
plus,17834,118
plus,17835,116
plus,17836,122
plus,17837,178
plus,17838,142
plus,17839,85
plus,17840,180
plus,17841,122
plus,17842,63
plus,17843,236
plus,17844,68
plus,17845,65
plus,17846,106
plus,17847,96
plus,17848,119
plus,17849,108
plus,17850,231
plus,17851,231
plus,17852,78
plus,17853,176
plus,17854,180
plus,17855,65
plus,17856,175
plus,17857,148
plus,17858,121
plus,17859,145
plus,17860,76
plus,17861,105
plus,17862,78
plus,17863,229
plus,17864,63
plus,17865,175
plus,17866,232
plus,17867,120
plus,17868,107
plus,17869,123
plus,17870,223
plus,17871,223
plus,17872,96
plus,17873,177
plus,17874,75
plus,17875,120
plus,17876,47
plus,17877,320
plus,17878,176
plus,17879,235
plus,17880,143
plus,17881,92
plus,17882,122
plus,17883,77
plus,17884,120
plus,17885,95
plus,17886,221
plus,17887,92
plus,17888,171
plus,17889,107
plus,17890,83
plus,17891,106
plus,17892,123
plus,17893,106
plus,17894,144
plus,17895,228
plus,17896,56
plus,17897,59
plus,17898,183
plus,17899,178
plus,17900,93
plus,17901,183
plus,17902,144
plus,17903,62
plus,17904,63
plus,17905,106
plus,17906,75
plus,17907,106
plus,17908,119
plus,17909,175
plus,17910,82
plus,17911,177
plus,17912,149
plus,17913,144
plus,17914,90
plus,17915,147
plus,17916,120
plus,17917,94
plus,17918,107
plus,17919,223
plus,17920,144
plus,17921,60
plus,17922,105
plus,17923,60
plus,17924,175
plus,17925,123
plus,17926,94
plus,17927,146
plus,17928,119
plus,17929,126
plus,17930,91
plus,17931,145
plus,17932,145
plus,17933,122
plus,17934,226
plus,17935,108
plus,17936,82
plus,17937,75
plus,17938,88
plus,17939,325
plus,17940,106
plus,17941,229
plus,17942,232
plus,17943,146
plus,17944,232
plus,17945,233
plus,17946,225
plus,17947,124
plus,17948,105
plus,17949,106
plus,17950,41
plus,17951,70
plus,17952,105
plus,17953,82
plus,17954,75
plus,17955,103
plus,17956,147
plus,17957,143
plus,17958,42
plus,17959,142
plus,17960,227
plus,17961,235
plus,17962,108
plus,17963,125
plus,17964,105
plus,17965,83
plus,17966,174
plus,17967,229
plus,17968,225
plus,17969,107
plus,17970,129
plus,17971,106
plus,17972,176
plus,17973,229
plus,17974,223
plus,17975,146
plus,17976,85
plus,17977,146
plus,17978,176
plus,17979,103
plus,17980,173
plus,17981,77
plus,17982,145
plus,17983,175
plus,17984,107
plus,17985,234
plus,17986,186
plus,17987,125
plus,17988,38
plus,17989,123
plus,17990,121
plus,17991,104
plus,17992,176
plus,17993,231
plus,17994,143
plus,17995,176
plus,17996,149
plus,17997,146
plus,17998,121
plus,17999,144
plus,18000,74
plus,18001,105
plus,18002,146
plus,18003,147
plus,18004,123
plus,18005,231
plus,18006,96
plus,18007,182
plus,18008,318
plus,18009,150
plus,18010,109
plus,18011,106
plus,18012,124
plus,18013,140
plus,18014,176
plus,18015,229
plus,18016,107
plus,18017,104
plus,18018,126
plus,18019,224
plus,18020,84
plus,18021,94
plus,18022,176
plus,18023,76
plus,18024,125
plus,18025,125
plus,18026,64
plus,18027,147
plus,18028,174
plus,18029,106
plus,18030,144
plus,18031,177
plus,18032,49
plus,18033,227
plus,18034,141
plus,18035,103
plus,18036,121
plus,18037,124
plus,18038,143
plus,18039,92
plus,18040,84
plus,18041,115
plus,18042,172
plus,18043,120
plus,18044,55
plus,18045,237
plus,18046,83
plus,18047,119
plus,18048,229
plus,18049,223
plus,18050,144
plus,18051,232
plus,18052,143
plus,18053,144
plus,18054,226
plus,18055,145
plus,18056,124
plus,18057,123
plus,18058,110
plus,18059,336
plus,18060,184
plus,18061,181
plus,18062,120
plus,18063,233
plus,18064,228
plus,18065,178
plus,18066,177
plus,18067,35
plus,18068,173
plus,18069,178
plus,18070,93
plus,18071,142
plus,18072,326
plus,18073,148
plus,18074,94
plus,18075,225
plus,18076,148
plus,18077,177
plus,18078,146
plus,18079,237
plus,18080,182
plus,18081,175
plus,18082,180
plus,18083,94
plus,18084,176
plus,18085,178
plus,18086,232
plus,18087,106
plus,18088,177
plus,18089,143
plus,18090,148
plus,18091,75
plus,18092,143
plus,18093,227
plus,18094,107
plus,18095,181
plus,18096,225
plus,18097,229
plus,18098,76
plus,18099,123
plus,18100,77
plus,18101,125
plus,18102,123
plus,18103,63
plus,18104,236
plus,18105,225
plus,18106,120
plus,18107,85
plus,18108,125
plus,18109,148
plus,18110,180
plus,18111,145
plus,18112,103
plus,18113,108
plus,18114,107
plus,18115,125
plus,18116,143
plus,18117,58
plus,18118,227
plus,18119,106
plus,18120,145
plus,18121,123
plus,18122,149
plus,18123,77
plus,18124,228
plus,18125,180
plus,18126,232
plus,18127,142
plus,18128,145
plus,18129,122
plus,18130,109
plus,18131,143
plus,18132,105
plus,18133,65
plus,18134,236
plus,18135,73
plus,18136,180
plus,18137,120
plus,18138,81
plus,18139,225
plus,18140,120
plus,18141,144
plus,18142,174
plus,18143,105
plus,18144,63
plus,18145,176
plus,18146,330
plus,18147,69
plus,18148,232
plus,18149,140
plus,18150,326
plus,18151,118
plus,18152,176
plus,18153,76
plus,18154,143
plus,18155,181
plus,18156,146
plus,18157,185
plus,18158,120
plus,18159,232
plus,18160,179
plus,18161,75
plus,18162,109
plus,18163,108
plus,18164,107
plus,18165,94
plus,18166,233
plus,18167,93
plus,18168,179
plus,18169,121
plus,18170,84
plus,18171,181
plus,18172,144
plus,18173,94
plus,18174,144
plus,18175,183
plus,18176,122
plus,18177,83
plus,18178,230
plus,18179,142
plus,18180,118
plus,18181,177
plus,18182,59
plus,18183,84
plus,18184,174
plus,18185,142
plus,18186,226
plus,18187,144
plus,18188,121
plus,18189,121
plus,18190,144
plus,18191,142
plus,18192,325
plus,18193,121
plus,18194,144
plus,18195,224
plus,18196,177
plus,18197,146
plus,18198,179
plus,18199,234
plus,18200,75
plus,18201,148
plus,18202,106
plus,18203,108
plus,18204,141
plus,18205,121
plus,18206,124
plus,18207,237
plus,18208,33
plus,18209,224
plus,18210,139
plus,18211,226
plus,18212,182
plus,18213,107
plus,18214,97
plus,18215,178
plus,18216,230
plus,18217,224
plus,18218,227
plus,18219,122
plus,18220,172
plus,18221,93
plus,18222,176
plus,18223,236
plus,18224,150
plus,18225,176
plus,18226,178
plus,18227,121
plus,18228,229
plus,18229,123
plus,18230,76
plus,18231,95
plus,18232,227
plus,18233,230
plus,18234,149
plus,18235,94
plus,18236,176
plus,18237,145
plus,18238,63
plus,18239,325
plus,18240,84
plus,18241,92
plus,18242,108
plus,18243,144
plus,18244,225
plus,18245,95
plus,18246,145
plus,18247,146
plus,18248,335
plus,18249,119
plus,18250,85
plus,18251,33
plus,18252,180
plus,18253,171
plus,18254,124
plus,18255,93
plus,18256,104
plus,18257,176
plus,18258,175
plus,18259,76
plus,18260,123
plus,18261,176
plus,18262,126
plus,18263,326
plus,18264,180
plus,18265,56
plus,18266,174
plus,18267,234
plus,18268,123
plus,18269,174
plus,18270,106
plus,18271,145
plus,18272,94
plus,18273,85
plus,18274,228
plus,18275,146
plus,18276,93
plus,18277,92
plus,18278,95
plus,18279,145
plus,18280,120
plus,18281,30
plus,18282,71
plus,18283,123
plus,18284,96
plus,18285,124
plus,18286,120
plus,18287,125
plus,18288,76
plus,18289,316
plus,18290,48
plus,18291,121
plus,18292,178
plus,18293,178
plus,18294,229
plus,18295,235
plus,18296,170
plus,18297,125
plus,18298,107
plus,18299,124
plus,18300,107
plus,18301,82
plus,18302,74
plus,18303,84
plus,18304,75
plus,18305,143
plus,18306,222
plus,18307,144
plus,18308,95
plus,18309,123
plus,18310,145
plus,18311,106
plus,18312,77
plus,18313,318
plus,18314,69
plus,18315,142
plus,18316,122
plus,18317,150
plus,18318,176
plus,18319,149
plus,18320,178
plus,18321,94
plus,18322,327
plus,18323,178
plus,18324,143
plus,18325,105
plus,18326,56
plus,18327,145
plus,18328,122
plus,18329,49
plus,18330,184
plus,18331,226
plus,18332,225
plus,18333,95
plus,18334,83
plus,18335,95
plus,18336,144
plus,18337,120
plus,18338,147
plus,18339,150
plus,18340,64
plus,18341,94
plus,18342,146
plus,18343,58
plus,18344,77
plus,18345,62
plus,18346,176
plus,18347,54
plus,18348,83
plus,18349,176
plus,18350,180
plus,18351,148
plus,18352,225
plus,18353,172
plus,18354,144
plus,18355,123
plus,18356,107
plus,18357,172
plus,18358,178
plus,18359,106
plus,18360,69
plus,18361,175
plus,18362,229
plus,18363,222
plus,18364,175
plus,18365,141
plus,18366,117
plus,18367,173
plus,18368,76
plus,18369,322
plus,18370,85
plus,18371,85
plus,18372,224
plus,18373,334
plus,18374,123
plus,18375,63
plus,18376,176
plus,18377,180
plus,18378,104
plus,18379,96
plus,18380,106
plus,18381,147
plus,18382,82
plus,18383,231
plus,18384,120
plus,18385,104
plus,18386,119
plus,18387,96
plus,18388,181
plus,18389,179
plus,18390,179
plus,18391,64
plus,18392,62
plus,18393,84
plus,18394,177
plus,18395,146
plus,18396,176
plus,18397,147
plus,18398,146
plus,18399,228
plus,18400,144
plus,18401,177
plus,18402,84
plus,18403,60
plus,18404,178
plus,18405,64
plus,18406,174
plus,18407,122
plus,18408,178
plus,18409,94
plus,18410,179
plus,18411,106
plus,18412,93
plus,18413,92
plus,18414,230
plus,18415,175
plus,18416,107
plus,18417,176
plus,18418,233
plus,18419,108
plus,18420,177
plus,18421,175
plus,18422,124
plus,18423,103
plus,18424,105
plus,18425,326
plus,18426,232
plus,18427,138
plus,18428,118
plus,18429,118
plus,18430,184
plus,18431,123
plus,18432,126
plus,18433,124
plus,18434,177
plus,18435,83
plus,18436,120
plus,18437,63
plus,18438,140
plus,18439,89
plus,18440,176
plus,18441,235
plus,18442,175
plus,18443,116
plus,18444,125
plus,18445,120
plus,18446,123
plus,18447,75
plus,18448,142
plus,18449,120
plus,18450,123
plus,18451,175
plus,18452,335
plus,18453,172
plus,18454,142
plus,18455,176
plus,18456,76
plus,18457,147
plus,18458,229
plus,18459,141
plus,18460,142
plus,18461,181
plus,18462,122
plus,18463,84
plus,18464,97
plus,18465,93
plus,18466,94
plus,18467,175
plus,18468,95
plus,18469,64
plus,18470,179
plus,18471,119
plus,18472,104
plus,18473,181
plus,18474,172
plus,18475,84
plus,18476,61
plus,18477,83
plus,18478,148
plus,18479,123
plus,18480,121
plus,18481,179
plus,18482,46
plus,18483,147
plus,18484,122
plus,18485,94
plus,18486,123
plus,18487,176
plus,18488,146
plus,18489,46
plus,18490,119
plus,18491,175
plus,18492,177
plus,18493,175
plus,18494,146
plus,18495,124
plus,18496,145
plus,18497,119
plus,18498,94
plus,18499,74
plus,18500,178
plus,18501,226
plus,18502,124
plus,18503,178
plus,18504,177
plus,18505,120
plus,18506,93
plus,18507,227
plus,18508,125
plus,18509,176
plus,18510,95
plus,18511,118
plus,18512,44
plus,18513,108
plus,18514,65
plus,18515,148
plus,18516,119
plus,18517,321
plus,18518,232
plus,18519,232
plus,18520,184
plus,18521,236
plus,18522,229
plus,18523,144
plus,18524,144
plus,18525,345
plus,18526,124
plus,18527,140
plus,18528,143
plus,18529,175
plus,18530,124
plus,18531,88
plus,18532,108
plus,18533,94
plus,18534,49
plus,18535,93
plus,18536,94
plus,18537,148
plus,18538,96
plus,18539,145
plus,18540,124
plus,18541,38
plus,18542,116
plus,18543,90
plus,18544,143
plus,18545,109
plus,18546,120
plus,18547,145
plus,18548,232
plus,18549,177
plus,18550,84
plus,18551,179
plus,18552,231
plus,18553,107
plus,18554,176
plus,18555,233
plus,18556,124
plus,18557,84
plus,18558,122
plus,18559,230
plus,18560,174
plus,18561,80
plus,18562,95
plus,18563,82
plus,18564,105
plus,18565,145
plus,18566,147
plus,18567,235
plus,18568,143
plus,18569,119
plus,18570,235
plus,18571,233
plus,18572,120
plus,18573,75
plus,18574,226
plus,18575,124
plus,18576,106
plus,18577,181
plus,18578,177
plus,18579,76
plus,18580,144
plus,18581,91
plus,18582,108
plus,18583,75
plus,18584,95
plus,18585,145
plus,18586,228
plus,18587,146
plus,18588,125
plus,18589,336
plus,18590,123
plus,18591,91
plus,18592,230
plus,18593,326
plus,18594,107
plus,18595,69
plus,18596,148
plus,18597,145
plus,18598,76
plus,18599,224
plus,18600,181
plus,18601,181
plus,18602,122
plus,18603,240
plus,18604,105
plus,18605,142
plus,18606,144
plus,18607,92
plus,18608,230
plus,18609,148
plus,18610,184
plus,18611,332
plus,18612,93
plus,18613,119
plus,18614,145
plus,18615,121
plus,18616,117
plus,18617,231
plus,18618,123
plus,18619,322
plus,18620,235
plus,18621,180
plus,18622,107
plus,18623,92
plus,18624,123
plus,18625,176
plus,18626,174
plus,18627,177
plus,18628,180
plus,18629,231
plus,18630,92
plus,18631,107
plus,18632,77
plus,18633,75
plus,18634,93
plus,18635,230
plus,18636,107
plus,18637,227
plus,18638,176
plus,18639,106
plus,18640,179
plus,18641,82
plus,18642,144
plus,18643,142
plus,18644,123
plus,18645,144
plus,18646,225
plus,18647,227
plus,18648,179
plus,18649,83
plus,18650,222
plus,18651,335
plus,18652,176
plus,18653,178
plus,18654,120
plus,18655,187
plus,18656,143
plus,18657,94
plus,18658,62
plus,18659,173
plus,18660,235
plus,18661,41
plus,18662,84
plus,18663,237
plus,18664,84
plus,18665,171
plus,18666,176
plus,18667,319
plus,18668,58
plus,18669,73
plus,18670,226
plus,18671,175
plus,18672,121
plus,18673,90
plus,18674,95
plus,18675,146
plus,18676,146
plus,18677,105
plus,18678,222
plus,18679,59
plus,18680,180
plus,18681,42
plus,18682,144
plus,18683,107
plus,18684,227
plus,18685,177
plus,18686,121
plus,18687,65
plus,18688,175
plus,18689,63
plus,18690,146
plus,18691,121
plus,18692,119
plus,18693,330
plus,18694,91
plus,18695,108
plus,18696,144
plus,18697,120
plus,18698,55
plus,18699,120
plus,18700,224
plus,18701,144
plus,18702,235
plus,18703,121
plus,18704,144
plus,18705,176
plus,18706,117
plus,18707,173
plus,18708,143
plus,18709,123
plus,18710,223
plus,18711,121
plus,18712,57
plus,18713,183
plus,18714,126
plus,18715,168
plus,18716,121
plus,18717,84
plus,18718,180
plus,18719,75
plus,18720,90
plus,18721,126
plus,18722,145
plus,18723,177
plus,18724,228
plus,18725,120
plus,18726,106
plus,18727,184
plus,18728,147
plus,18729,144
plus,18730,122
plus,18731,125
plus,18732,122
plus,18733,45
plus,18734,74
plus,18735,93
plus,18736,144
plus,18737,147
plus,18738,177
plus,18739,76
plus,18740,146
plus,18741,231
plus,18742,142
plus,18743,240
plus,18744,93
plus,18745,144
plus,18746,86
plus,18747,85
plus,18748,60
plus,18749,231
plus,18750,91
plus,18751,180
plus,18752,177
plus,18753,121
plus,18754,69
plus,18755,176
plus,18756,176
plus,18757,69
plus,18758,228
plus,18759,176
plus,18760,175
plus,18761,232
plus,18762,116
plus,18763,105
plus,18764,143
plus,18765,105
plus,18766,120
plus,18767,140
plus,18768,49
plus,18769,93
plus,18770,232
plus,18771,142
plus,18772,144
plus,18773,107
plus,18774,142
plus,18775,173
plus,18776,121
plus,18777,147
plus,18778,62
plus,18779,145
plus,18780,104
plus,18781,124
plus,18782,228
plus,18783,181
plus,18784,119
plus,18785,75
plus,18786,148
plus,18787,139
plus,18788,106
plus,18789,226
plus,18790,232
plus,18791,180
plus,18792,225
plus,18793,227
plus,18794,142
plus,18795,145
plus,18796,179
plus,18797,232
plus,18798,235
plus,18799,174
plus,18800,109
plus,18801,145
plus,18802,75
plus,18803,146
plus,18804,145
plus,18805,71
plus,18806,177
plus,18807,178
plus,18808,145
plus,18809,108
plus,18810,63
plus,18811,104
plus,18812,85
plus,18813,326
plus,18814,122
plus,18815,225
plus,18816,326
plus,18817,143
plus,18818,177
plus,18819,229
plus,18820,173
plus,18821,149
plus,18822,229
plus,18823,223
plus,18824,144
plus,18825,42
plus,18826,70
plus,18827,76
plus,18828,94
plus,18829,56
plus,18830,63
plus,18831,175
plus,18832,119
plus,18833,183
plus,18834,94
plus,18835,106
plus,18836,120
plus,18837,94
plus,18838,176
plus,18839,143
plus,18840,176
plus,18841,108
plus,18842,122
plus,18843,180
plus,18844,42
plus,18845,124
plus,18846,125
plus,18847,179
plus,18848,178
plus,18849,145
plus,18850,49
plus,18851,94
plus,18852,178
plus,18853,142
plus,18854,141
plus,18855,108
plus,18856,181
plus,18857,93
plus,18858,57
plus,18859,144
plus,18860,123
plus,18861,88
plus,18862,182
plus,18863,229
plus,18864,92
plus,18865,178
plus,18866,105
plus,18867,36
plus,18868,106
plus,18869,174
plus,18870,76
plus,18871,225
plus,18872,106
plus,18873,77
plus,18874,122
plus,18875,146
plus,18876,93
plus,18877,109
plus,18878,177
plus,18879,64
plus,18880,108
plus,18881,121
plus,18882,140
plus,18883,175
plus,18884,107
plus,18885,108
plus,18886,108
plus,18887,122
plus,18888,181
plus,18889,230
plus,18890,83
plus,18891,230
plus,18892,146
plus,18893,106
plus,18894,180
plus,18895,181
plus,18896,110
plus,18897,120
plus,18898,105
plus,18899,94
plus,18900,106
plus,18901,178
plus,18902,105
plus,18903,107
plus,18904,84
plus,18905,175
plus,18906,178
plus,18907,84
plus,18908,73
plus,18909,142
plus,18910,103
plus,18911,232
plus,18912,95
plus,18913,82
plus,18914,229
plus,18915,240
plus,18916,141
plus,18917,45
plus,18918,227
plus,18919,147
plus,18920,117
plus,18921,123
plus,18922,234
plus,18923,84
plus,18924,230
plus,18925,121
plus,18926,234
plus,18927,176
plus,18928,331
plus,18929,326
plus,18930,177
plus,18931,125
plus,18932,122
plus,18933,121
plus,18934,125
plus,18935,179
plus,18936,123
plus,18937,124
plus,18938,49
plus,18939,123
plus,18940,177
plus,18941,183
plus,18942,179
plus,18943,101
plus,18944,176
plus,18945,64
plus,18946,94
plus,18947,148
plus,18948,179
plus,18949,243
plus,18950,124
plus,18951,141
plus,18952,141
plus,18953,144
plus,18954,145
plus,18955,95
plus,18956,107
plus,18957,107
plus,18958,176
plus,18959,107
plus,18960,141
plus,18961,177
plus,18962,142
plus,18963,227
plus,18964,118
plus,18965,108
plus,18966,96
plus,18967,176
plus,18968,33
plus,18969,123
plus,18970,123
plus,18971,108
plus,18972,326
plus,18973,145
plus,18974,88
plus,18975,93
plus,18976,226
plus,18977,94
plus,18978,148
plus,18979,326
plus,18980,230
plus,18981,174
plus,18982,141
plus,18983,335
plus,18984,102
plus,18985,58
plus,18986,173
plus,18987,171
plus,18988,105
plus,18989,172
plus,18990,177
plus,18991,120
plus,18992,48
plus,18993,146
plus,18994,145
plus,18995,231
plus,18996,230
plus,18997,229
plus,18998,126
plus,18999,37
plus,19000,81
plus,19001,178
plus,19002,65
plus,19003,122
plus,19004,105
plus,19005,106
plus,19006,175
plus,19007,25
plus,19008,109
plus,19009,55
plus,19010,181
plus,19011,109
plus,19012,69
plus,19013,229
plus,19014,49
plus,19015,146
plus,19016,92
plus,19017,122
plus,19018,231
plus,19019,124
plus,19020,172
plus,19021,145
plus,19022,118
plus,19023,94
plus,19024,179
plus,19025,328
plus,19026,145
plus,19027,147
plus,19028,172
plus,19029,104
plus,19030,180
plus,19031,142
plus,19032,148
plus,19033,49
plus,19034,178
plus,19035,49
plus,19036,122
plus,19037,120
plus,19038,92
plus,19039,125
plus,19040,175
plus,19041,122
plus,19042,74
plus,19043,145
plus,19044,230
plus,19045,121
plus,19046,177
plus,19047,177
plus,19048,60
plus,19049,226
plus,19050,145
plus,19051,77
plus,19052,186
plus,19053,93
plus,19054,121
plus,19055,85
plus,19056,181
plus,19057,59
plus,19058,95
plus,19059,74
plus,19060,106
plus,19061,172
plus,19062,176
plus,19063,177
plus,19064,148
plus,19065,226
plus,19066,94
plus,19067,121
plus,19068,144
plus,19069,144
plus,19070,94
plus,19071,106
plus,19072,107
plus,19073,77
plus,19074,231
plus,19075,177
plus,19076,141
plus,19077,122
plus,19078,323
plus,19079,83
plus,19080,321
plus,19081,109
plus,19082,329
plus,19083,96
plus,19084,108
plus,19085,126
plus,19086,81
plus,19087,77
plus,19088,84
plus,19089,144
plus,19090,179
plus,19091,96
plus,19092,55
plus,19093,180
plus,19094,107
plus,19095,169
plus,19096,141
plus,19097,175
plus,19098,178
plus,19099,55
plus,19100,93
plus,19101,118
plus,19102,174
plus,19103,94
plus,19104,171
plus,19105,106
plus,19106,76
plus,19107,235
plus,19108,70
plus,19109,576
plus,19110,145
plus,19111,83
plus,19112,105
plus,19113,105
plus,19114,25
plus,19115,63
plus,19116,141
plus,19117,105
plus,19118,49
plus,19119,143
plus,19120,179
plus,19121,91
plus,19122,105
plus,19123,230
plus,19124,146
plus,19125,144
plus,19126,183
plus,19127,143
plus,19128,141
plus,19129,123
plus,19130,172
plus,19131,121
plus,19132,179
plus,19133,94
plus,19134,83
plus,19135,124
plus,19136,174
plus,19137,45
plus,19138,175
plus,19139,323
plus,19140,96
plus,19141,224
plus,19142,144
plus,19143,320
plus,19144,96
plus,19145,123
plus,19146,80
plus,19147,108
plus,19148,179
plus,19149,83
plus,19150,332
plus,19151,108
plus,19152,140
plus,19153,148
plus,19154,140
plus,19155,102
plus,19156,233
plus,19157,185
plus,19158,145
plus,19159,147
plus,19160,141
plus,19161,85
plus,19162,121
plus,19163,84
plus,19164,147
plus,19165,233
plus,19166,167
plus,19167,64
plus,19168,224
plus,19169,107
plus,19170,231
plus,19171,223
plus,19172,576
plus,19173,83
plus,19174,183
plus,19175,175
plus,19176,182
plus,19177,92
plus,19178,170
plus,19179,106
plus,19180,233
plus,19181,148
plus,19182,183
plus,19183,90
plus,19184,125
plus,19185,144
plus,19186,106
plus,19187,176
plus,19188,145
plus,19189,64
plus,19190,143
plus,19191,122
plus,19192,146
plus,19193,176
plus,19194,97
plus,19195,173
plus,19196,225
plus,19197,105
plus,19198,223
plus,19199,141
plus,19200,232
plus,19201,45
plus,19202,179
plus,19203,118
plus,19204,61
plus,19205,122
plus,19206,147
plus,19207,141
plus,19208,175
plus,19209,234
plus,19210,46
plus,19211,223
plus,19212,146
plus,19213,145
plus,19214,96
plus,19215,122
plus,19216,81
plus,19217,93
plus,19218,123
plus,19219,108
plus,19220,173
plus,19221,49
plus,19222,107
plus,19223,75
plus,19224,109
plus,19225,117
plus,19226,145
plus,19227,179
plus,19228,93
plus,19229,145
plus,19230,147
plus,19231,176
plus,19232,168
plus,19233,121
plus,19234,146
plus,19235,93
plus,19236,104
plus,19237,120
plus,19238,96
plus,19239,177
plus,19240,108
plus,19241,121
plus,19242,146
plus,19243,143
plus,19244,234
plus,19245,91
plus,19246,146
plus,19247,59
plus,19248,109
plus,19249,181
plus,19250,178
plus,19251,144
plus,19252,64
plus,19253,180
plus,19254,95
plus,19255,82
plus,19256,145
plus,19257,180
plus,19258,228
plus,19259,142
plus,19260,224
plus,19261,148
plus,19262,317
plus,19263,146
plus,19264,104
plus,19265,128
plus,19266,119
plus,19267,122
plus,19268,37
plus,19269,143
plus,19270,76
plus,19271,144
plus,19272,77
plus,19273,127
plus,19274,105
plus,19275,220
plus,19276,118
plus,19277,84
plus,19278,178
plus,19279,226
plus,19280,106
plus,19281,226
plus,19282,119
plus,19283,220
plus,19284,145
plus,19285,94
plus,19286,94
plus,19287,69
plus,19288,176
plus,19289,223
plus,19290,74
plus,19291,146
plus,19292,179
plus,19293,123
plus,19294,176
plus,19295,120
plus,19296,148
plus,19297,324
plus,19298,106
plus,19299,139
plus,19300,121
plus,19301,118
plus,19302,105
plus,19303,65
plus,19304,81
plus,19305,122
plus,19306,146
plus,19307,104
plus,19308,92
plus,19309,117
plus,19310,94
plus,19311,324
plus,19312,323
plus,19313,148
plus,19314,238
plus,19315,124
plus,19316,174
plus,19317,64
plus,19318,240
plus,19319,93
plus,19320,124
plus,19321,92
plus,19322,179
plus,19323,108
plus,19324,126
plus,19325,124
plus,19326,92
plus,19327,124
plus,19328,325
plus,19329,55
plus,19330,149
plus,19331,107
plus,19332,121
plus,19333,147
plus,19334,70
plus,19335,74
plus,19336,22
plus,19337,145
plus,19338,77
plus,19339,83
plus,19340,148
plus,19341,178
plus,19342,174
plus,19343,230
plus,19344,59
plus,19345,75
plus,19346,180
plus,19347,124
plus,19348,120
plus,19349,143
plus,19350,96
plus,19351,59
plus,19352,225
plus,19353,145
plus,19354,76
plus,19355,227
plus,19356,183
plus,19357,229
plus,19358,178
plus,19359,105
plus,19360,144
plus,19361,75
plus,19362,95
plus,19363,68
plus,19364,120
plus,19365,231
plus,19366,104
plus,19367,122
plus,19368,142
plus,19369,148
plus,19370,179
plus,19371,120
plus,19372,175
plus,19373,334
plus,19374,146
plus,19375,326
plus,19376,108
plus,19377,241
plus,19378,122
plus,19379,172
plus,19380,143
plus,19381,76
plus,19382,70
plus,19383,177
plus,19384,181
plus,19385,233
plus,19386,321
plus,19387,180
plus,19388,177
plus,19389,328
plus,19390,144
plus,19391,122
plus,19392,104
plus,19393,45
plus,19394,121
plus,19395,224
plus,19396,95
plus,19397,106
plus,19398,173
plus,19399,226
plus,19400,145
plus,19401,146
plus,19402,121
plus,19403,181
plus,19404,224
plus,19405,68
plus,19406,84
plus,19407,94
plus,19408,125
plus,19409,147
plus,19410,82
plus,19411,48
plus,19412,230
plus,19413,181
plus,19414,232
plus,19415,94
plus,19416,227
plus,19417,143
plus,19418,144
plus,19419,332
plus,19420,123
plus,19421,84
plus,19422,62
plus,19423,229
plus,19424,121
plus,19425,121
plus,19426,122
plus,19427,85
plus,19428,221
plus,19429,175
plus,19430,180
plus,19431,175
plus,19432,179
plus,19433,146
plus,19434,139
plus,19435,121
plus,19436,236
plus,19437,180
plus,19438,236
plus,19439,33
plus,19440,172
plus,19441,84
plus,19442,141
plus,19443,228
plus,19444,96
plus,19445,82
plus,19446,75
plus,19447,141
plus,19448,227
plus,19449,146
plus,19450,230
plus,19451,226
plus,19452,125
plus,19453,180
plus,19454,56
plus,19455,56
plus,19456,180
plus,19457,320
plus,19458,73
plus,19459,119
plus,19460,177
plus,19461,174
plus,19462,95
plus,19463,69
plus,19464,108
plus,19465,25
plus,19466,178
plus,19467,147
plus,19468,49
plus,19469,124
plus,19470,108
plus,19471,77
plus,19472,76
plus,19473,173
plus,19474,177
plus,19475,59
plus,19476,142
plus,19477,181
plus,19478,105
plus,19479,62
plus,19480,125
plus,19481,83
plus,19482,145
plus,19483,74
plus,19484,120
plus,19485,175
plus,19486,177
plus,19487,123
plus,19488,89
plus,19489,109
plus,19490,101
plus,19491,175
plus,19492,124
plus,19493,70
plus,19494,183
plus,19495,237
plus,19496,86
plus,19497,123
plus,19498,120
plus,19499,104
plus,19500,117
plus,19501,237
plus,19502,64
plus,19503,123
plus,19504,229
plus,19505,227
plus,19506,62
plus,19507,62
plus,19508,178
plus,19509,49
plus,19510,56
plus,19511,107
plus,19512,146
plus,19513,183
plus,19514,122
plus,19515,225
plus,19516,179
plus,19517,30
plus,19518,224
plus,19519,221
plus,19520,178
plus,19521,175
plus,19522,140
plus,19523,127
plus,19524,94
plus,19525,227
plus,19526,94
plus,19527,179
plus,19528,93
plus,19529,328
plus,19530,123
plus,19531,95
plus,19532,146
plus,19533,178
plus,19534,119
plus,19535,106
plus,19536,124
plus,19537,122
plus,19538,231
plus,19539,185
plus,19540,143
plus,19541,145
plus,19542,177
plus,19543,181
plus,19544,142
plus,19545,175
plus,19546,177
plus,19547,181
plus,19548,30
plus,19549,117
plus,19550,119
plus,19551,148
plus,19552,93
plus,19553,148
plus,19554,140
plus,19555,144
plus,19556,170
plus,19557,141
plus,19558,171
plus,19559,92
plus,19560,83
plus,19561,140
plus,19562,59
plus,19563,144
plus,19564,123
plus,19565,74
plus,19566,146
plus,19567,93
plus,19568,144
plus,19569,95
plus,19570,43
plus,19571,181
plus,19572,176
plus,19573,120
plus,19574,124
plus,19575,178
plus,19576,142
plus,19577,326
plus,19578,121
plus,19579,110
plus,19580,232
plus,19581,94
plus,19582,178
plus,19583,123
plus,19584,140
plus,19585,126
plus,19586,144
plus,19587,143
plus,19588,86
plus,19589,108
plus,19590,139
plus,19591,145
plus,19592,321
plus,19593,142
plus,19594,119
plus,19595,90
plus,19596,237
plus,19597,141
plus,19598,232
plus,19599,144
plus,19600,120
plus,19601,63
plus,19602,104
plus,19603,82
plus,19604,140
plus,19605,143
plus,19606,227
plus,19607,141
plus,19608,59
plus,19609,139
plus,19610,84
plus,19611,77
plus,19612,121
plus,19613,174
plus,19614,143
plus,19615,120
plus,19616,83
plus,19617,106
plus,19618,106
plus,19619,233
plus,19620,83
plus,19621,222
plus,19622,145
plus,19623,120
plus,19624,229
plus,19625,145
plus,19626,182
plus,19627,227
plus,19628,121
plus,19629,59
plus,19630,77
plus,19631,179
plus,19632,230
plus,19633,123
plus,19634,144
plus,19635,42
plus,19636,178
plus,19637,126
plus,19638,84
plus,19639,179
plus,19640,174
plus,19641,91
plus,19642,69
plus,19643,143
plus,19644,232
plus,19645,60
plus,19646,32
plus,19647,120
plus,19648,225
plus,19649,148
plus,19650,108
plus,19651,84
plus,19652,139
plus,19653,225
plus,19654,48
plus,19655,123
plus,19656,84
plus,19657,224
plus,19658,175
plus,19659,97
plus,19660,33
plus,19661,93
plus,19662,236
plus,19663,143
plus,19664,233
plus,19665,105
plus,19666,86
plus,19667,120
plus,19668,122
plus,19669,180
plus,19670,123
plus,19671,123
plus,19672,121
plus,19673,178
plus,19674,121
plus,19675,172
plus,19676,46
plus,19677,230
plus,19678,108
plus,19679,143
plus,19680,145
plus,19681,226
plus,19682,93
plus,19683,180
plus,19684,95
plus,19685,145
plus,19686,144
plus,19687,96
plus,19688,126
plus,19689,329
plus,19690,331
plus,19691,108
plus,19692,94
plus,19693,125
plus,19694,82
plus,19695,93
plus,19696,123
plus,19697,228
plus,19698,119
plus,19699,176
plus,19700,228
plus,19701,174
plus,19702,185
plus,19703,143
plus,19704,142
plus,19705,176
plus,19706,108
plus,19707,106
plus,19708,108
plus,19709,226
plus,19710,147
plus,19711,182
plus,19712,90
plus,19713,76
plus,19714,121
plus,19715,223
plus,19716,83
plus,19717,118
plus,19718,122
plus,19719,176
plus,19720,64
plus,19721,323
plus,19722,106
plus,19723,110
plus,19724,126
plus,19725,148
plus,19726,105
plus,19727,224
plus,19728,173
plus,19729,176
plus,19730,92
plus,19731,92
plus,19732,330
plus,19733,174
plus,19734,179
plus,19735,106
plus,19736,124
plus,19737,33
plus,19738,227
plus,19739,126
plus,19740,239
plus,19741,147
plus,19742,176
plus,19743,180
plus,19744,94
plus,19745,231
plus,19746,120
plus,19747,106
plus,19748,64
plus,19749,121
plus,19750,146
plus,19751,107
plus,19752,64
plus,19753,76
plus,19754,181
plus,19755,148
plus,19756,121
plus,19757,122
plus,19758,178
plus,19759,107
plus,19760,225
plus,19761,122
plus,19762,178
plus,19763,120
plus,19764,84
plus,19765,146
plus,19766,175
plus,19767,178
plus,19768,121
plus,19769,175
plus,19770,38
plus,19771,143
plus,19772,120
plus,19773,179
plus,19774,172
plus,19775,73
plus,19776,124
plus,19777,180
plus,19778,180
plus,19779,105
plus,19780,140
plus,19781,137
plus,19782,122
plus,19783,68
plus,19784,325
plus,19785,172
plus,19786,123
plus,19787,68
plus,19788,145
plus,19789,181
plus,19790,144
plus,19791,234
plus,19792,147
plus,19793,121
plus,19794,92
plus,19795,103
plus,19796,179
plus,19797,181
plus,19798,225
plus,19799,144
plus,19800,84
plus,19801,145
plus,19802,183
plus,19803,93
plus,19804,176
plus,19805,227
plus,19806,127
plus,19807,76
plus,19808,180
plus,19809,229
plus,19810,138
plus,19811,142
plus,19812,143
plus,19813,148
plus,19814,96
plus,19815,124
plus,19816,104
plus,19817,142
plus,19818,107
plus,19819,75
plus,19820,91
plus,19821,77
plus,19822,146
plus,19823,76
plus,19824,143
plus,19825,106
plus,19826,237
plus,19827,181
plus,19828,94
plus,19829,228
plus,19830,143
plus,19831,71
plus,19832,224
plus,19833,124
plus,19834,123
plus,19835,123
plus,19836,38
plus,19837,143
plus,19838,124
plus,19839,181
plus,19840,232
plus,19841,108
plus,19842,107
plus,19843,107
plus,19844,105
plus,19845,33
plus,19846,182
plus,19847,220
plus,19848,75
plus,19849,106
plus,19850,186
plus,19851,228
plus,19852,76
plus,19853,73
plus,19854,576
plus,19855,33
plus,19856,170
plus,19857,231
plus,19858,124
plus,19859,63
plus,19860,121
plus,19861,83
plus,19862,183
plus,19863,119
plus,19864,94
plus,19865,144
plus,19866,95
plus,19867,228
plus,19868,125
plus,19869,177
plus,19870,145
plus,19871,84
plus,19872,178
plus,19873,107
plus,19874,106
plus,19875,146
plus,19876,148
plus,19877,75
plus,19878,105
plus,19879,141
plus,19880,173
plus,19881,122
plus,19882,94
plus,19883,94
plus,19884,175
plus,19885,142
plus,19886,106
plus,19887,64
plus,19888,177
plus,19889,177
plus,19890,122
plus,19891,233
plus,19892,87
plus,19893,95
plus,19894,331
plus,19895,179
plus,19896,181
plus,19897,107
plus,19898,228
plus,19899,147
plus,19900,119
plus,19901,123
plus,19902,175
plus,19903,85
plus,19904,336
plus,19905,225
plus,19906,120
plus,19907,76
plus,19908,224
plus,19909,123
plus,19910,240
plus,19911,179
plus,19912,120
plus,19913,62
plus,19914,91
plus,19915,97
plus,19916,120
plus,19917,125
plus,19918,142
plus,19919,83
plus,19920,172
plus,19921,231
plus,19922,144
plus,19923,118
plus,19924,144
plus,19925,120
plus,19926,121
plus,19927,108
plus,19928,107
plus,19929,123
plus,19930,181
plus,19931,63
plus,19932,145
plus,19933,179
plus,19934,328
plus,19935,144
plus,19936,76
plus,19937,122
plus,19938,234
plus,19939,96
plus,19940,127
plus,19941,178
plus,19942,231
plus,19943,122
plus,19944,176
plus,19945,172
plus,19946,122
plus,19947,84
plus,19948,82
plus,19949,106
plus,19950,63
plus,19951,33
plus,19952,95
plus,19953,225
plus,19954,148
plus,19955,94
plus,19956,83
plus,19957,142
plus,19958,33
plus,19959,120
plus,19960,107
plus,19961,229
plus,19962,124
plus,19963,120
plus,19964,105
plus,19965,146
plus,19966,230
plus,19967,126
plus,19968,146
plus,19969,235
plus,19970,106
plus,19971,177
plus,19972,95
plus,19973,145
plus,19974,83
plus,19975,330
plus,19976,143
plus,19977,33
plus,19978,91
plus,19979,95
plus,19980,172
plus,19981,141
plus,19982,227
plus,19983,70
plus,19984,323
plus,19985,64
plus,19986,148
plus,19987,229
plus,19988,96
plus,19989,122
plus,19990,147
plus,19991,329
plus,19992,329
plus,19993,74
plus,19994,226
plus,19995,327
plus,19996,177
plus,19997,236
plus,19998,148
plus,19999,92
plus,20000,137
plus,20001,122
plus,20002,134
plus,20003,146
plus,20004,232
plus,20005,93
plus,20006,238
plus,20007,140
plus,20008,178
plus,20009,224
plus,20010,177
plus,20011,126
plus,20012,76
plus,20013,231
plus,20014,225
plus,20015,46
plus,20016,83
plus,20017,122
plus,20018,69
plus,20019,122
plus,20020,123
plus,20021,174
plus,20022,179
plus,20023,234
plus,20024,122
plus,20025,174
plus,20026,119
plus,20027,228
plus,20028,179
plus,20029,41
plus,20030,230
plus,20031,139
plus,20032,144
plus,20033,55
plus,20034,143
plus,20035,119
plus,20036,85
plus,20037,78
plus,20038,225
plus,20039,107
plus,20040,107
plus,20041,138
plus,20042,125
plus,20043,119
plus,20044,144
plus,20045,117
plus,20046,227
plus,20047,144
plus,20048,184
plus,20049,317
plus,20050,106
plus,20051,146
plus,20052,106
plus,20053,106
plus,20054,143
plus,20055,38
plus,20056,142
plus,20057,175
plus,20058,174
plus,20059,146
plus,20060,146
plus,20061,176
plus,20062,233
plus,20063,174
plus,20064,225
plus,20065,147
plus,20066,235
plus,20067,177
plus,20068,180
plus,20069,222
plus,20070,322
plus,20071,120
plus,20072,118
plus,20073,219
plus,20074,326
plus,20075,119
plus,20076,122
plus,20077,181
plus,20078,124
plus,20079,178
plus,20080,144
plus,20081,229
plus,20082,91
plus,20083,182
plus,20084,104
plus,20085,49
plus,20086,332
plus,20087,93
plus,20088,77
plus,20089,75
plus,20090,48
plus,20091,106
plus,20092,101
plus,20093,125
plus,20094,106
plus,20095,92
plus,20096,235
plus,20097,171
plus,20098,180
plus,20099,123
plus,20100,222
plus,20101,121
plus,20102,226
plus,20103,332
plus,20104,224
plus,20105,173
plus,20106,108
plus,20107,121
plus,20108,109
plus,20109,178
plus,20110,144
plus,20111,76
plus,20112,176
plus,20113,140
plus,20114,120
plus,20115,77
plus,20116,146
plus,20117,106
plus,20118,147
plus,20119,141
plus,20120,121
plus,20121,144
plus,20122,173
plus,20123,91
plus,20124,70
plus,20125,106
plus,20126,30
plus,20127,91
plus,20128,76
plus,20129,147
plus,20130,225
plus,20131,175
plus,20132,173
plus,20133,122
plus,20134,84
plus,20135,84
plus,20136,105
plus,20137,141
plus,20138,225
plus,20139,147
plus,20140,45
plus,20141,180
plus,20142,331
plus,20143,180
plus,20144,63
plus,20145,70
plus,20146,226
plus,20147,228
plus,20148,334
plus,20149,236
plus,20150,122
plus,20151,82
plus,20152,119
plus,20153,180
plus,20154,145
plus,20155,94
plus,20156,228
plus,20157,69
plus,20158,46
plus,20159,119
plus,20160,145
plus,20161,85
plus,20162,172
plus,20163,179
plus,20164,121
plus,20165,171
plus,20166,142
plus,20167,122
plus,20168,106
plus,20169,182
plus,20170,76
plus,20171,82
plus,20172,173
plus,20173,93
plus,20174,58
plus,20175,122
plus,20176,124
plus,20177,121
plus,20178,41
plus,20179,65
plus,20180,333
plus,20181,231
plus,20182,109
plus,20183,55
plus,20184,49
plus,20185,70
plus,20186,120
plus,20187,228
plus,20188,95
plus,20189,95
plus,20190,230
plus,20191,53
plus,20192,95
plus,20193,85
plus,20194,142
plus,20195,227
plus,20196,58
plus,20197,122
plus,20198,106
plus,20199,108
plus,20200,75
plus,20201,64
plus,20202,230
plus,20203,91
plus,20204,178
plus,20205,92
plus,20206,107
plus,20207,142
plus,20208,145
plus,20209,143
plus,20210,175
plus,20211,105
plus,20212,143
plus,20213,117
plus,20214,181
plus,20215,106
plus,20216,91
plus,20217,123
plus,20218,230
plus,20219,121
plus,20220,143
plus,20221,117
plus,20222,223
plus,20223,82
plus,20224,146
plus,20225,180
plus,20226,148
plus,20227,146
plus,20228,106
plus,20229,117
plus,20230,121
plus,20231,122
plus,20232,108
plus,20233,176
plus,20234,115
plus,20235,122
plus,20236,145
plus,20237,105
plus,20238,227
plus,20239,85
plus,20240,175
plus,20241,122
plus,20242,174
plus,20243,107
plus,20244,142
plus,20245,85
plus,20246,185
plus,20247,222
plus,20248,232
plus,20249,173
plus,20250,64
plus,20251,77
plus,20252,104
plus,20253,33
plus,20254,106
plus,20255,103
plus,20256,55
plus,20257,124
plus,20258,64
plus,20259,93
plus,20260,145
plus,20261,64
plus,20262,81
plus,20263,93
plus,20264,145
plus,20265,180
plus,20266,142
plus,20267,183
plus,20268,57
plus,20269,77
plus,20270,326
plus,20271,148
plus,20272,173
plus,20273,103
plus,20274,118
plus,20275,144
plus,20276,169
plus,20277,175
plus,20278,227
plus,20279,37
plus,20280,59
plus,20281,221
plus,20282,91
plus,20283,230
plus,20284,37
plus,20285,224
plus,20286,124
plus,20287,62
plus,20288,84
plus,20289,142
plus,20290,127
plus,20291,81
plus,20292,17
plus,20293,95
plus,20294,142
plus,20295,109
plus,20296,147
plus,20297,123
plus,20298,125
plus,20299,176
plus,20300,148
plus,20301,146
plus,20302,92
plus,20303,147
plus,20304,223
plus,20305,176
plus,20306,226
plus,20307,63
plus,20308,83
plus,20309,140
plus,20310,179
plus,20311,63
plus,20312,177
plus,20313,77
plus,20314,75
plus,20315,107
plus,20316,95
plus,20317,93
plus,20318,46
plus,20319,143
plus,20320,230
plus,20321,120
plus,20322,64
plus,20323,237
plus,20324,224
plus,20325,143
plus,20326,118
plus,20327,184
plus,20328,84
plus,20329,143
plus,20330,118
plus,20331,122
plus,20332,94
plus,20333,178
plus,20334,142
plus,20335,126
plus,20336,227
plus,20337,142
plus,20338,127
plus,20339,92
plus,20340,123
plus,20341,125
plus,20342,118
plus,20343,232
plus,20344,122
plus,20345,177
plus,20346,75
plus,20347,124
plus,20348,177
plus,20349,108
plus,20350,123
plus,20351,175
plus,20352,181
plus,20353,123
plus,20354,83
plus,20355,178
plus,20356,140
plus,20357,234
plus,20358,144
plus,20359,230
plus,20360,124
plus,20361,146
plus,20362,181
plus,20363,224
plus,20364,110
plus,20365,174
plus,20366,234
plus,20367,172
plus,20368,107
plus,20369,325
plus,20370,236
plus,20371,181
plus,20372,172
plus,20373,122
plus,20374,175
plus,20375,228
plus,20376,174
plus,20377,48
plus,20378,126
plus,20379,122
plus,20380,106
plus,20381,177
plus,20382,63
plus,20383,126
plus,20384,145
plus,20385,236
plus,20386,120
plus,20387,123
plus,20388,94
plus,20389,76
plus,20390,226
plus,20391,120
plus,20392,146
plus,20393,236
plus,20394,103
plus,20395,182
plus,20396,183
plus,20397,226
plus,20398,173
plus,20399,59
plus,20400,124
plus,20401,143
plus,20402,175
plus,20403,176
plus,20404,143
plus,20405,145
plus,20406,83
plus,20407,123
plus,20408,48
plus,20409,96
plus,20410,76
plus,20411,146
plus,20412,124
plus,20413,49
plus,20414,59
plus,20415,147
plus,20416,177
plus,20417,147
plus,20418,84
plus,20419,144
plus,20420,321
plus,20421,326
plus,20422,122
plus,20423,170
plus,20424,176
plus,20425,77
plus,20426,328
plus,20427,225
plus,20428,121
plus,20429,145
plus,20430,181
plus,20431,107
plus,20432,22
plus,20433,220
plus,20434,63
plus,20435,231
plus,20436,120
plus,20437,63
plus,20438,174
plus,20439,123
plus,20440,82
plus,20441,122
plus,20442,128
plus,20443,149
plus,20444,173
plus,20445,226
plus,20446,171
plus,20447,178
plus,20448,178
plus,20449,91
plus,20450,30
plus,20451,146
plus,20452,58
plus,20453,75
plus,20454,183
plus,20455,123
plus,20456,70
plus,20457,63
plus,20458,331
plus,20459,63
plus,20460,325
plus,20461,105
plus,20462,145
plus,20463,141
plus,20464,94
plus,20465,143
plus,20466,122
plus,20467,83
plus,20468,69
plus,20469,85
plus,20470,231
plus,20471,106
plus,20472,84
plus,20473,228
plus,20474,171
plus,20475,182
plus,20476,122
plus,20477,119
plus,20478,321
plus,20479,83
plus,20480,83
plus,20481,175
plus,20482,180
plus,20483,118
plus,20484,181
plus,20485,103
plus,20486,120
plus,20487,122
plus,20488,110
plus,20489,141
plus,20490,106
plus,20491,107
plus,20492,108
plus,20493,323
plus,20494,181
plus,20495,84
plus,20496,174
plus,20497,49
plus,20498,121
plus,20499,145
plus,20500,145
plus,20501,62
plus,20502,109
plus,20503,90
plus,20504,122
plus,20505,93
plus,20506,178
plus,20507,178
plus,20508,94
plus,20509,76
plus,20510,141
plus,20511,125
plus,20512,109
plus,20513,175
plus,20514,123
plus,20515,176
plus,20516,147
plus,20517,140
plus,20518,231
plus,20519,105
plus,20520,121
plus,20521,177
plus,20522,181
plus,20523,225
plus,20524,338
plus,20525,227
plus,20526,94
plus,20527,120
plus,20528,322
plus,20529,125
plus,20530,176
plus,20531,173
plus,20532,230
plus,20533,229
plus,20534,90
plus,20535,118
plus,20536,119
plus,20537,84
plus,20538,324
plus,20539,227
plus,20540,146
plus,20541,44
plus,20542,142
plus,20543,122
plus,20544,178
plus,20545,49
plus,20546,123
plus,20547,76
plus,20548,95
plus,20549,176
plus,20550,106
plus,20551,58
plus,20552,104
plus,20553,77
plus,20554,104
plus,20555,42
plus,20556,180
plus,20557,230
plus,20558,182
plus,20559,142
plus,20560,145
plus,20561,227
plus,20562,65
plus,20563,144
plus,20564,84
plus,20565,120
plus,20566,225
plus,20567,68
plus,20568,105
plus,20569,80
plus,20570,94
plus,20571,75
plus,20572,103
plus,20573,33
plus,20574,105
plus,20575,181
plus,20576,223
plus,20577,77
plus,20578,181
plus,20579,151
plus,20580,63
plus,20581,96
plus,20582,64
plus,20583,178
plus,20584,126
plus,20585,171
plus,20586,90
plus,20587,77
plus,20588,145
plus,20589,175
plus,20590,233
plus,20591,125
plus,20592,147
plus,20593,122
plus,20594,144
plus,20595,180
plus,20596,92
plus,20597,238
plus,20598,107
plus,20599,323
plus,20600,120
plus,20601,122
plus,20602,225
plus,20603,95
plus,20604,180
plus,20605,226
plus,20606,109
plus,20607,108
plus,20608,174
plus,20609,149
plus,20610,229
plus,20611,141
plus,20612,179
plus,20613,104
plus,20614,124
plus,20615,90
plus,20616,176
plus,20617,146
plus,20618,107
plus,20619,319
plus,20620,70
plus,20621,93
plus,20622,77
plus,20623,150
plus,20624,142
plus,20625,146
plus,20626,70
plus,20627,83
plus,20628,144
plus,20629,145
plus,20630,224
plus,20631,229
plus,20632,181
plus,20633,125
plus,20634,230
plus,20635,104
plus,20636,173
plus,20637,55
plus,20638,124
plus,20639,120
plus,20640,78
plus,20641,180
plus,20642,108
plus,20643,146
plus,20644,175
plus,20645,181
plus,20646,145
plus,20647,120
plus,20648,121
plus,20649,120
plus,20650,143
plus,20651,122
plus,20652,148
plus,20653,64
plus,20654,106
plus,20655,77
plus,20656,235
plus,20657,229
plus,20658,143
plus,20659,233
plus,20660,176
plus,20661,73
plus,20662,230
plus,20663,223
plus,20664,84
plus,20665,124
plus,20666,226
plus,20667,123
plus,20668,64
plus,20669,324
plus,20670,123
plus,20671,90
plus,20672,145
plus,20673,65
plus,20674,172
plus,20675,67
plus,20676,140
plus,20677,122
plus,20678,145
plus,20679,121
plus,20680,92
plus,20681,331
plus,20682,96
plus,20683,94
plus,20684,124
plus,20685,142
plus,20686,93
plus,20687,63
plus,20688,108
plus,20689,144
plus,20690,94
plus,20691,95
plus,20692,120
plus,20693,78
plus,20694,128
plus,20695,55
plus,20696,45
plus,20697,182
plus,20698,177
plus,20699,140
plus,20700,144
plus,20701,324
plus,20702,115
plus,20703,177
plus,20704,68
plus,20705,122
plus,20706,141
plus,20707,228
plus,20708,92
plus,20709,95
plus,20710,146
plus,20711,93
plus,20712,176
plus,20713,142
plus,20714,107
plus,20715,107
plus,20716,147
plus,20717,97
plus,20718,172
plus,20719,230
plus,20720,227
plus,20721,83
plus,20722,231
plus,20723,182
plus,20724,41
plus,20725,230
plus,20726,143
plus,20727,142
plus,20728,141
plus,20729,93
plus,20730,95
plus,20731,144
plus,20732,77
plus,20733,175
plus,20734,176
plus,20735,92
plus,20736,175
plus,20737,82
plus,20738,108
plus,20739,178
plus,20740,175
plus,20741,139
plus,20742,94
plus,20743,231
plus,20744,123
plus,20745,178
plus,20746,145
plus,20747,25
plus,20748,145
plus,20749,178
plus,20750,54
plus,20751,235
plus,20752,144
plus,20753,83
plus,20754,55
plus,20755,147
plus,20756,123
plus,20757,93
plus,20758,77
plus,20759,145
plus,20760,85
plus,20761,145
plus,20762,123
plus,20763,65
plus,20764,143
plus,20765,70
plus,20766,90
plus,20767,106
plus,20768,102
plus,20769,93
plus,20770,125
plus,20771,60
plus,20772,123
plus,20773,230
plus,20774,37
plus,20775,227
plus,20776,117
plus,20777,76
plus,20778,107
plus,20779,226
plus,20780,106
plus,20781,84
plus,20782,142
plus,20783,323
plus,20784,37
plus,20785,122
plus,20786,84
plus,20787,145
plus,20788,228
plus,20789,183
plus,20790,144
plus,20791,125
plus,20792,94
plus,20793,119
plus,20794,123
plus,20795,174
plus,20796,121
plus,20797,179
plus,20798,122
plus,20799,82
plus,20800,234
plus,20801,125
plus,20802,58
plus,20803,234
plus,20804,119
plus,20805,174
plus,20806,176
plus,20807,70
plus,20808,174
plus,20809,76
plus,20810,177
plus,20811,107
plus,20812,174
plus,20813,149
plus,20814,175
plus,20815,63
plus,20816,180
plus,20817,175
plus,20818,226
plus,20819,325
plus,20820,38
plus,20821,95
plus,20822,321
plus,20823,95
plus,20824,140
plus,20825,148
plus,20826,236
plus,20827,59
plus,20828,78
plus,20829,142
plus,20830,85
plus,20831,95
plus,20832,173
plus,20833,177
plus,20834,93
plus,20835,178
plus,20836,144
plus,20837,181
plus,20838,181
plus,20839,178
plus,20840,85
plus,20841,325
plus,20842,97
plus,20843,64
plus,20844,237
plus,20845,64
plus,20846,108
plus,20847,141
plus,20848,120
plus,20849,95
plus,20850,112
plus,20851,105
plus,20852,174
plus,20853,235
plus,20854,233
plus,20855,91
plus,20856,59
plus,20857,83
plus,20858,139
plus,20859,124
plus,20860,143
plus,20861,74
plus,20862,108
plus,20863,175
plus,20864,236
plus,20865,183
plus,20866,221
plus,20867,108
plus,20868,145
plus,20869,175
plus,20870,321
plus,20871,229
plus,20872,119
plus,20873,106
plus,20874,236
plus,20875,180
plus,20876,121
plus,20877,121
plus,20878,60
plus,20879,223
plus,20880,119
plus,20881,325
plus,20882,141
plus,20883,143
plus,20884,127
plus,20885,180
plus,20886,92
plus,20887,107
plus,20888,91
plus,20889,95
plus,20890,108
plus,20891,143
plus,20892,85
plus,20893,82
plus,20894,175
plus,20895,96
plus,20896,105
plus,20897,107
plus,20898,175
plus,20899,118
plus,20900,330
plus,20901,90
plus,20902,179
plus,20903,229
plus,20904,179
plus,20905,94
plus,20906,229
plus,20907,124
plus,20908,81
plus,20909,178
plus,20910,142
plus,20911,83
plus,20912,97
plus,20913,121
plus,20914,75
plus,20915,330
plus,20916,125
plus,20917,107
plus,20918,125
plus,20919,229
plus,20920,174
plus,20921,224
plus,20922,123
plus,20923,109
plus,20924,176
plus,20925,145
plus,20926,224
plus,20927,175
plus,20928,141
plus,20929,120
plus,20930,226
plus,20931,106
plus,20932,228
plus,20933,173
plus,20934,239
plus,20935,120
plus,20936,95
plus,20937,94
plus,20938,123
plus,20939,104
plus,20940,54
plus,20941,83
plus,20942,180
plus,20943,81
plus,20944,182
plus,20945,144
plus,20946,142
plus,20947,59
plus,20948,177
plus,20949,109
plus,20950,80
plus,20951,182
plus,20952,84
plus,20953,322
plus,20954,71
plus,20955,177
plus,20956,180
plus,20957,172
plus,20958,122
plus,20959,142
plus,20960,176
plus,20961,104
plus,20962,239
plus,20963,150
plus,20964,224
plus,20965,232
plus,20966,108
plus,20967,110
plus,20968,183
plus,20969,63
plus,20970,140
plus,20971,124
plus,20972,123
plus,20973,42
plus,20974,147
plus,20975,91
plus,20976,144
plus,20977,121
plus,20978,229
plus,20979,181
plus,20980,145
plus,20981,141
plus,20982,144
plus,20983,81
plus,20984,124
plus,20985,81
plus,20986,226
plus,20987,226
plus,20988,146
plus,20989,120
plus,20990,228
plus,20991,105
plus,20992,109
plus,20993,138
plus,20994,178
plus,20995,226
plus,20996,59
plus,20997,147
plus,20998,142
plus,20999,231
plus,21000,81
plus,21001,94
plus,21002,145
plus,21003,175
plus,21004,94
plus,21005,64
plus,21006,74
plus,21007,229
plus,21008,107
plus,21009,234
plus,21010,123
plus,21011,231
plus,21012,173
plus,21013,181
plus,21014,142
plus,21015,65
plus,21016,95
plus,21017,227
plus,21018,171
plus,21019,235
plus,21020,60
plus,21021,139
plus,21022,184
plus,21023,121
plus,21024,105
plus,21025,144
plus,21026,103
plus,21027,57
plus,21028,144
plus,21029,22
plus,21030,227
plus,21031,320
plus,21032,70
plus,21033,228
plus,21034,77
plus,21035,231
plus,21036,139
plus,21037,323
plus,21038,117
plus,21039,82
plus,21040,145
plus,21041,62
plus,21042,124
plus,21043,181
plus,21044,235
plus,21045,84
plus,21046,122
plus,21047,123
plus,21048,228
plus,21049,146
plus,21050,229
plus,21051,182
plus,21052,58
plus,21053,171
plus,21054,108
plus,21055,123
plus,21056,82
plus,21057,228
plus,21058,76
plus,21059,91
plus,21060,84
plus,21061,96
plus,21062,227
plus,21063,145
plus,21064,93
plus,21065,173
plus,21066,173
plus,21067,238
plus,21068,85
plus,21069,178
plus,21070,71
plus,21071,76
plus,21072,141
plus,21073,227
plus,21074,147
plus,21075,179
plus,21076,83
plus,21077,229
plus,21078,147
plus,21079,150
plus,21080,174
plus,21081,105
plus,21082,141
plus,21083,68
plus,21084,235
plus,21085,95
plus,21086,119
plus,21087,229
plus,21088,177
plus,21089,103
plus,21090,142
plus,21091,61
plus,21092,92
plus,21093,150
plus,21094,178
plus,21095,41
plus,21096,143
plus,21097,59
plus,21098,120
plus,21099,121
plus,21100,106
plus,21101,42
plus,21102,93
plus,21103,71
plus,21104,149
plus,21105,235
plus,21106,122
plus,21107,148
plus,21108,85
plus,21109,46
plus,21110,177
plus,21111,63
plus,21112,68
plus,21113,105
plus,21114,147
plus,21115,324
plus,21116,181
plus,21117,83
plus,21118,107
plus,21119,106
plus,21120,121
plus,21121,61
plus,21122,232
plus,21123,178
plus,21124,226
plus,21125,179
plus,21126,178
plus,21127,240
plus,21128,95
plus,21129,146
plus,21130,139
plus,21131,119
plus,21132,108
plus,21133,121
plus,21134,175
plus,21135,326
plus,21136,85
plus,21137,90
plus,21138,229
plus,21139,175
plus,21140,240
plus,21141,76
plus,21142,144
plus,21143,143
plus,21144,225
plus,21145,83
plus,21146,173
plus,21147,178
plus,21148,174
plus,21149,172
plus,21150,179
plus,21151,41
plus,21152,108
plus,21153,141
plus,21154,178
plus,21155,91
plus,21156,125
plus,21157,125
plus,21158,231
plus,21159,125
plus,21160,179
plus,21161,94
plus,21162,228
plus,21163,179
plus,21164,125
plus,21165,320
plus,21166,105
plus,21167,180
plus,21168,42
plus,21169,141
plus,21170,57
plus,21171,124
plus,21172,144
plus,21173,106
plus,21174,179
plus,21175,64
plus,21176,237
plus,21177,46
plus,21178,143
plus,21179,93
plus,21180,107
plus,21181,141
plus,21182,179
plus,21183,227
plus,21184,177
plus,21185,76
plus,21186,173
plus,21187,230
plus,21188,224
plus,21189,70
plus,21190,235
plus,21191,107
plus,21192,58
plus,21193,58
plus,21194,230
plus,21195,108
plus,21196,75
plus,21197,232
plus,21198,181
plus,21199,172
plus,21200,105
plus,21201,144
plus,21202,230
plus,21203,95
plus,21204,182
plus,21205,92
plus,21206,121
plus,21207,126
plus,21208,145
plus,21209,54
plus,21210,147
plus,21211,54
plus,21212,143
plus,21213,94
plus,21214,144
plus,21215,175
plus,21216,179
plus,21217,179
plus,21218,95
plus,21219,145
plus,21220,226
plus,21221,143
plus,21222,123
plus,21223,56
plus,21224,184
plus,21225,124
plus,21226,85
plus,21227,93
plus,21228,177
plus,21229,125
plus,21230,76
plus,21231,143
plus,21232,332
plus,21233,120
plus,21234,83
plus,21235,180
plus,21236,125
plus,21237,68
plus,21238,147
plus,21239,102
plus,21240,92
plus,21241,238
plus,21242,83
plus,21243,144
plus,21244,121
plus,21245,123
plus,21246,175
plus,21247,83
plus,21248,83
plus,21249,140
plus,21250,95
plus,21251,175
plus,21252,228
plus,21253,172
plus,21254,146
plus,21255,119
plus,21256,172
plus,21257,119
plus,21258,118
plus,21259,174
plus,21260,104
plus,21261,179
plus,21262,121
plus,21263,109
plus,21264,120
plus,21265,146
plus,21266,124
plus,21267,139
plus,21268,177
plus,21269,120
plus,21270,92
plus,21271,225
plus,21272,102
plus,21273,108
plus,21274,55
plus,21275,70
plus,21276,124
plus,21277,95
plus,21278,232
plus,21279,95
plus,21280,122
plus,21281,62
plus,21282,106
plus,21283,185
plus,21284,64
plus,21285,83
plus,21286,127
plus,21287,180
plus,21288,108
plus,21289,178
plus,21290,120
plus,21291,76
plus,21292,69
plus,21293,175
plus,21294,321
plus,21295,114
plus,21296,231
plus,21297,71
plus,21298,93
plus,21299,126
plus,21300,225
plus,21301,144
plus,21302,146
plus,21303,123
plus,21304,181
plus,21305,226
plus,21306,231
plus,21307,176
plus,21308,144
plus,21309,94
plus,21310,120
plus,21311,174
plus,21312,178
plus,21313,122
plus,21314,48
plus,21315,107
plus,21316,172
plus,21317,120
plus,21318,141
plus,21319,144
plus,21320,176
plus,21321,30
plus,21322,224
plus,21323,176
plus,21324,230
plus,21325,96
plus,21326,145
plus,21327,106
plus,21328,104
plus,21329,176
plus,21330,85
plus,21331,120
plus,21332,183
plus,21333,146
plus,21334,140
plus,21335,145
plus,21336,94
plus,21337,144
plus,21338,122
plus,21339,140
plus,21340,229
plus,21341,90
plus,21342,104
plus,21343,123
plus,21344,83
plus,21345,240
plus,21346,172
plus,21347,95
plus,21348,64
plus,21349,179
plus,21350,105
plus,21351,117
plus,21352,104
plus,21353,145
plus,21354,142
plus,21355,141
plus,21356,85
plus,21357,120
plus,21358,105
plus,21359,96
plus,21360,124
plus,21361,179
plus,21362,176
plus,21363,226
plus,21364,114
plus,21365,124
plus,21366,177
plus,21367,143
plus,21368,146
plus,21369,122
plus,21370,142
plus,21371,323
plus,21372,171
plus,21373,56
plus,21374,93
plus,21375,138
plus,21376,114
plus,21377,85
plus,21378,144
plus,21379,107
plus,21380,127
plus,21381,95
plus,21382,101
plus,21383,148
plus,21384,75
plus,21385,123
plus,21386,222
plus,21387,96
plus,21388,43
plus,21389,223
plus,21390,229
plus,21391,49
plus,21392,82
plus,21393,230
plus,21394,84
plus,21395,148
plus,21396,85
plus,21397,223
plus,21398,125
plus,21399,108
plus,21400,92
plus,21401,228
plus,21402,83
plus,21403,38
plus,21404,182
plus,21405,186
plus,21406,121
plus,21407,83
plus,21408,84
plus,21409,178
plus,21410,141
plus,21411,125
plus,21412,177
plus,21413,322
plus,21414,137
plus,21415,183
plus,21416,144
plus,21417,121
plus,21418,228
plus,21419,141
plus,21420,46
plus,21421,122
plus,21422,59
plus,21423,106
plus,21424,104
plus,21425,104
plus,21426,177
plus,21427,125
plus,21428,146
plus,21429,74
plus,21430,176
plus,21431,82
plus,21432,177
plus,21433,145
plus,21434,126
plus,21435,175
plus,21436,75
plus,21437,170
plus,21438,227
plus,21439,145
plus,21440,121
plus,21441,229
plus,21442,224
plus,21443,147
plus,21444,146
plus,21445,174
plus,21446,146
plus,21447,180
plus,21448,74
plus,21449,177
plus,21450,81
plus,21451,232
plus,21452,70
plus,21453,125
plus,21454,64
plus,21455,41
plus,21456,173
plus,21457,81
plus,21458,172
plus,21459,123
plus,21460,149
plus,21461,63
plus,21462,177
plus,21463,120
plus,21464,141
plus,21465,183
plus,21466,322
plus,21467,321
plus,21468,93
plus,21469,175
plus,21470,37
plus,21471,120
plus,21472,119
plus,21473,182
plus,21474,179
plus,21475,69
plus,21476,231
plus,21477,146
plus,21478,126
plus,21479,121
plus,21480,224
plus,21481,106
plus,21482,116
plus,21483,179
plus,21484,179
plus,21485,183
plus,21486,95
plus,21487,143
plus,21488,104
plus,21489,144
plus,21490,145
plus,21491,38
plus,21492,77
plus,21493,329
plus,21494,327
plus,21495,177
plus,21496,103
plus,21497,174
plus,21498,331
plus,21499,95
plus,21500,223
plus,21501,120
plus,21502,173
plus,21503,75
plus,21504,145
plus,21505,65
plus,21506,76
plus,21507,179
plus,21508,122
plus,21509,105
plus,21510,123
plus,21511,177
plus,21512,170
plus,21513,227
plus,21514,178
plus,21515,83
plus,21516,176
plus,21517,125
plus,21518,181
plus,21519,143
plus,21520,94
plus,21521,141
plus,21522,146
plus,21523,105
plus,21524,323
plus,21525,76
plus,21526,180
plus,21527,93
plus,21528,103
plus,21529,144
plus,21530,116
plus,21531,137
plus,21532,62
plus,21533,148
plus,21534,76
plus,21535,63
plus,21536,169
plus,21537,125
plus,21538,142
plus,21539,91
plus,21540,105
plus,21541,145
plus,21542,146
plus,21543,222
plus,21544,171
plus,21545,180
plus,21546,337
plus,21547,142
plus,21548,176
plus,21549,140
plus,21550,93
plus,21551,97
plus,21552,179
plus,21553,177
plus,21554,177
plus,21555,121
plus,21556,322
plus,21557,47
plus,21558,183
plus,21559,144
plus,21560,84
plus,21561,107
plus,21562,235
plus,21563,176
plus,21564,120
plus,21565,179
plus,21566,145
plus,21567,122
plus,21568,54
plus,21569,144
plus,21570,139
plus,21571,177
plus,21572,49
plus,21573,173
plus,21574,179
plus,21575,229
plus,21576,81
plus,21577,182
plus,21578,145
plus,21579,232
plus,21580,176
plus,21581,107
plus,21582,178
plus,21583,121
plus,21584,142
plus,21585,143
plus,21586,149
plus,21587,93
plus,21588,228
plus,21589,184
plus,21590,176
plus,21591,118
plus,21592,107
plus,21593,82
plus,21594,106
plus,21595,177
plus,21596,177
plus,21597,41
plus,21598,151
plus,21599,104
plus,21600,146
plus,21601,58
plus,21602,94
plus,21603,319
plus,21604,232
plus,21605,147
plus,21606,178
plus,21607,230
plus,21608,146
plus,21609,123
plus,21610,84
plus,21611,46
plus,21612,322
plus,21613,76
plus,21614,120
plus,21615,44
plus,21616,229
plus,21617,123
plus,21618,119
plus,21619,146
plus,21620,236
plus,21621,146
plus,21622,123
plus,21623,91
plus,21624,95
plus,21625,94
plus,21626,179
plus,21627,230
plus,21628,37
plus,21629,92
plus,21630,142
plus,21631,178
plus,21632,226
plus,21633,61
plus,21634,47
plus,21635,173
plus,21636,106
plus,21637,174
plus,21638,150
plus,21639,173
plus,21640,181
plus,21641,146
plus,21642,123
plus,21643,179
plus,21644,145
plus,21645,107
plus,21646,145
plus,21647,172
plus,21648,226
plus,21649,59
plus,21650,108
plus,21651,141
plus,21652,77
plus,21653,228
plus,21654,179
plus,21655,119
plus,21656,76
plus,21657,123
plus,21658,232
plus,21659,143
plus,21660,225
plus,21661,93
plus,21662,181
plus,21663,94
plus,21664,146
plus,21665,143
plus,21666,123
plus,21667,91
plus,21668,93
plus,21669,122
plus,21670,46
plus,21671,109
plus,21672,110
plus,21673,141
plus,21674,228
plus,21675,105
plus,21676,231
plus,21677,78
plus,21678,82
plus,21679,120
plus,21680,124
plus,21681,69
plus,21682,94
plus,21683,175
plus,21684,64
plus,21685,77
plus,21686,144
plus,21687,234
plus,21688,120
plus,21689,94
plus,21690,65
plus,21691,102
plus,21692,143
plus,21693,83
plus,21694,178
plus,21695,228
plus,21696,105
plus,21697,106
plus,21698,125
plus,21699,227
plus,21700,64
plus,21701,76
plus,21702,107
plus,21703,138
plus,21704,60
plus,21705,94
plus,21706,146
plus,21707,178
plus,21708,147
plus,21709,180
plus,21710,33
plus,21711,235
plus,21712,53
plus,21713,174
plus,21714,229
plus,21715,144
plus,21716,127
plus,21717,120
plus,21718,93
plus,21719,76
plus,21720,189
plus,21721,42
plus,21722,63
plus,21723,95
plus,21724,223
plus,21725,178
plus,21726,109
plus,21727,235
plus,21728,97
plus,21729,106
plus,21730,103
plus,21731,82
plus,21732,70
plus,21733,55
plus,21734,125
plus,21735,96
plus,21736,95
plus,21737,143
plus,21738,105
plus,21739,63
plus,21740,175
plus,21741,117
plus,21742,95
plus,21743,94
plus,21744,235
plus,21745,45
plus,21746,230
plus,21747,122
plus,21748,118
plus,21749,323
plus,21750,103
plus,21751,178
plus,21752,146
plus,21753,172
plus,21754,183
plus,21755,123
plus,21756,95
plus,21757,42
plus,21758,22
plus,21759,180
plus,21760,48
plus,21761,105
plus,21762,148
plus,21763,149
plus,21764,142
plus,21765,59
plus,21766,181
plus,21767,143
plus,21768,123
plus,21769,178
plus,21770,233
plus,21771,122
plus,21772,59
plus,21773,77
plus,21774,180
plus,21775,147
plus,21776,232
plus,21777,175
plus,21778,148
plus,21779,123
plus,21780,121
plus,21781,143
plus,21782,83
plus,21783,60
plus,21784,109
plus,21785,148
plus,21786,175
plus,21787,182
plus,21788,107
plus,21789,121
plus,21790,230
plus,21791,65
plus,21792,147
plus,21793,239
plus,21794,76
plus,21795,142
plus,21796,237
plus,21797,144
plus,21798,177
plus,21799,177
plus,21800,38
plus,21801,142
plus,21802,42
plus,21803,108
plus,21804,108
plus,21805,64
plus,21806,177
plus,21807,78
plus,21808,40
plus,21809,146
plus,21810,95
plus,21811,126
plus,21812,124
plus,21813,107
plus,21814,59
plus,21815,179
plus,21816,76
plus,21817,106
plus,21818,90
plus,21819,144
plus,21820,173
plus,21821,105
plus,21822,83
plus,21823,122
plus,21824,105
plus,21825,183
plus,21826,94
plus,21827,181
plus,21828,120
plus,21829,120
plus,21830,229
plus,21831,184
plus,21832,81
plus,21833,145
plus,21834,46
plus,21835,123
plus,21836,147
plus,21837,89
plus,21838,177
plus,21839,176
plus,21840,181
plus,21841,121
plus,21842,173
plus,21843,84
plus,21844,177
plus,21845,89
plus,21846,146
plus,21847,179
plus,21848,232
plus,21849,176
plus,21850,69
plus,21851,106
plus,21852,176
plus,21853,104
plus,21854,171
plus,21855,76
plus,21856,124
plus,21857,70
plus,21858,224
plus,21859,173
plus,21860,140
plus,21861,177
plus,21862,179
plus,21863,230
plus,21864,218
plus,21865,144
plus,21866,94
plus,21867,177
plus,21868,64
plus,21869,94
plus,21870,84
plus,21871,85
plus,21872,77
plus,21873,48
plus,21874,227
plus,21875,48
plus,21876,147
plus,21877,122
plus,21878,92
plus,21879,175
plus,21880,141
plus,21881,116
plus,21882,228
plus,21883,123
plus,21884,136
plus,21885,69
plus,21886,84
plus,21887,324
plus,21888,145
plus,21889,106
plus,21890,94
plus,21891,180
plus,21892,69
plus,21893,120
plus,21894,109
plus,21895,150
plus,21896,105
plus,21897,91
plus,21898,119
plus,21899,175
plus,21900,145
plus,21901,63
plus,21902,123
plus,21903,143
plus,21904,146
plus,21905,228
plus,21906,76
plus,21907,327
plus,21908,176
plus,21909,119
plus,21910,82
plus,21911,119
plus,21912,180
plus,21913,231
plus,21914,121
plus,21915,121
plus,21916,331
plus,21917,104
plus,21918,72
plus,21919,175
plus,21920,230
plus,21921,92
plus,21922,227
plus,21923,173
plus,21924,144
plus,21925,76
plus,21926,142
plus,21927,93
plus,21928,77
plus,21929,183
plus,21930,229
plus,21931,335
plus,21932,123
plus,21933,124
plus,21934,220
plus,21935,141
plus,21936,119
plus,21937,95
plus,21938,68
plus,21939,172
plus,21940,119
plus,21941,181
plus,21942,233
plus,21943,105
plus,21944,70
plus,21945,127
plus,21946,117
plus,21947,180
plus,21948,144
plus,21949,324
plus,21950,124
plus,21951,46
plus,21952,124
plus,21953,95
plus,21954,142
plus,21955,174
plus,21956,175
plus,21957,180
plus,21958,576
plus,21959,224
plus,21960,141
plus,21961,104
plus,21962,119
plus,21963,76
plus,21964,122
plus,21965,146
plus,21966,124
plus,21967,143
plus,21968,142
plus,21969,104
plus,21970,141
plus,21971,48
plus,21972,55
plus,21973,146
plus,21974,123
plus,21975,233
plus,21976,82
plus,21977,94
plus,21978,93
plus,21979,181
plus,21980,75
plus,21981,124
plus,21982,107
plus,21983,121
plus,21984,75
plus,21985,143
plus,21986,126
plus,21987,93
plus,21988,322
plus,21989,145
plus,21990,150
plus,21991,121
plus,21992,93
plus,21993,108
plus,21994,141
plus,21995,115
plus,21996,229
plus,21997,147
plus,21998,180
plus,21999,122
plus,22000,107
plus,22001,120
plus,22002,178
plus,22003,147
plus,22004,142
plus,22005,73
plus,22006,143
plus,22007,94
plus,22008,94
plus,22009,78
plus,22010,143
plus,22011,49
plus,22012,120
plus,22013,94
plus,22014,96
plus,22015,178
plus,22016,184
plus,22017,104
plus,22018,145
plus,22019,143
plus,22020,229
plus,22021,141
plus,22022,73
plus,22023,120
plus,22024,77
plus,22025,183
plus,22026,124
plus,22027,174
plus,22028,81
plus,22029,142
plus,22030,122
plus,22031,85
plus,22032,145
plus,22033,62
plus,22034,55
plus,22035,176
plus,22036,182
plus,22037,126
plus,22038,45
plus,22039,147
plus,22040,177
plus,22041,67
plus,22042,75
plus,22043,148
plus,22044,104
plus,22045,120
plus,22046,148
plus,22047,102
plus,22048,121
plus,22049,83
plus,22050,122
plus,22051,122
plus,22052,144
plus,22053,76
plus,22054,178
plus,22055,142
plus,22056,105
plus,22057,228
plus,22058,93
plus,22059,144
plus,22060,119
plus,22061,174
plus,22062,68
plus,22063,226
plus,22064,105
plus,22065,122
plus,22066,184
plus,22067,81
plus,22068,120
plus,22069,174
plus,22070,321
plus,22071,175
plus,22072,108
plus,22073,323
plus,22074,237
plus,22075,75
plus,22076,95
plus,22077,224
plus,22078,142
plus,22079,223
plus,22080,122
plus,22081,63
plus,22082,148
plus,22083,126
plus,22084,93
plus,22085,123
plus,22086,95
plus,22087,231
plus,22088,95
plus,22089,185
plus,22090,142
plus,22091,147
plus,22092,48
plus,22093,174
plus,22094,146
plus,22095,145
plus,22096,177
plus,22097,46
plus,22098,235
plus,22099,83
plus,22100,105
plus,22101,235
plus,22102,124
plus,22103,179
plus,22104,42
plus,22105,177
plus,22106,106
plus,22107,177
plus,22108,58
plus,22109,232
plus,22110,48
plus,22111,123
plus,22112,173
plus,22113,175
plus,22114,121
plus,22115,142
plus,22116,94
plus,22117,126
plus,22118,184
plus,22119,46
plus,22120,179
plus,22121,234
plus,22122,120
plus,22123,226
plus,22124,125
plus,22125,106
plus,22126,233
plus,22127,148
plus,22128,141
plus,22129,326
plus,22130,93
plus,22131,90
plus,22132,181
plus,22133,319
plus,22134,180
plus,22135,179
plus,22136,148
plus,22137,148
plus,22138,179
plus,22139,33
plus,22140,322
plus,22141,235
plus,22142,143
plus,22143,135
plus,22144,174
plus,22145,180
plus,22146,181
plus,22147,62
plus,22148,146
plus,22149,92
plus,22150,122
plus,22151,170
plus,22152,178
plus,22153,231
plus,22154,238
plus,22155,242
plus,22156,45
plus,22157,93
plus,22158,125
plus,22159,107
plus,22160,120
plus,22161,95
plus,22162,109
plus,22163,175
plus,22164,177
plus,22165,231
plus,22166,73
plus,22167,120
plus,22168,104
plus,22169,229
plus,22170,231
plus,22171,126
plus,22172,229
plus,22173,144
plus,22174,230
plus,22175,224
plus,22176,105
plus,22177,226
plus,22178,106
plus,22179,148
plus,22180,327
plus,22181,144
plus,22182,181
plus,22183,119
plus,22184,227
plus,22185,175
plus,22186,120
plus,22187,108
plus,22188,125
plus,22189,124
plus,22190,104
plus,22191,143
plus,22192,333
plus,22193,119
plus,22194,144
plus,22195,144
plus,22196,81
plus,22197,123
plus,22198,123
plus,22199,143
plus,22200,70
plus,22201,228
plus,22202,228
plus,22203,95
plus,22204,84
plus,22205,176
plus,22206,321
plus,22207,118
plus,22208,82
plus,22209,84
plus,22210,92
plus,22211,38
plus,22212,120
plus,22213,104
plus,22214,142
plus,22215,78
plus,22216,93
plus,22217,144
plus,22218,144
plus,22219,228
plus,22220,144
plus,22221,94
plus,22222,92
plus,22223,174
plus,22224,182
plus,22225,181
plus,22226,178
plus,22227,146
plus,22228,65
plus,22229,146
plus,22230,93
plus,22231,48
plus,22232,226
plus,22233,179
plus,22234,107
plus,22235,122
plus,22236,233
plus,22237,123
plus,22238,228
plus,22239,107
plus,22240,141
plus,22241,125
plus,22242,147
plus,22243,181
plus,22244,143
plus,22245,226
plus,22246,120
plus,22247,92
plus,22248,125
plus,22249,123
plus,22250,76
plus,22251,231
plus,22252,326
plus,22253,82
plus,22254,240
plus,22255,83
plus,22256,123
plus,22257,118
plus,22258,175
plus,22259,55
plus,22260,106
plus,22261,118
plus,22262,146
plus,22263,84
plus,22264,58
plus,22265,122
plus,22266,174
plus,22267,232
plus,22268,150
plus,22269,332
plus,22270,231
plus,22271,227
plus,22272,94
plus,22273,179
plus,22274,225
plus,22275,121
plus,22276,65
plus,22277,320
plus,22278,178
plus,22279,93
plus,22280,77
plus,22281,76
plus,22282,118
plus,22283,226
plus,22284,144
plus,22285,55
plus,22286,95
plus,22287,71
plus,22288,121
plus,22289,104
plus,22290,117
plus,22291,119
plus,22292,106
plus,22293,92
plus,22294,125
plus,22295,230
plus,22296,126
plus,22297,63
plus,22298,142
plus,22299,106
plus,22300,107
plus,22301,181
plus,22302,122
plus,22303,179
plus,22304,141
plus,22305,57
plus,22306,229
plus,22307,92
plus,22308,236
plus,22309,117
plus,22310,228
plus,22311,95
plus,22312,108
plus,22313,147
plus,22314,142
plus,22315,97
plus,22316,144
plus,22317,118
plus,22318,142
plus,22319,142
plus,22320,175
plus,22321,94
plus,22322,324
plus,22323,183
plus,22324,54
plus,22325,175
plus,22326,172
plus,22327,226
plus,22328,94
plus,22329,231
plus,22330,121
plus,22331,176
plus,22332,81
plus,22333,108
plus,22334,146
plus,22335,183
plus,22336,127
plus,22337,84
plus,22338,33
plus,22339,147
plus,22340,173
plus,22341,108
plus,22342,106
plus,22343,126
plus,22344,65
plus,22345,146
plus,22346,105
plus,22347,119
plus,22348,142
plus,22349,122
plus,22350,63
plus,22351,93
plus,22352,105
plus,22353,123
plus,22354,64
plus,22355,177
plus,22356,95
plus,22357,106
plus,22358,147
plus,22359,119
plus,22360,91
plus,22361,145
plus,22362,107
plus,22363,230
plus,22364,118
plus,22365,230
plus,22366,76
plus,22367,107
plus,22368,181
plus,22369,231
plus,22370,122
plus,22371,175
plus,22372,331
plus,22373,122
plus,22374,182
plus,22375,70
plus,22376,95
plus,22377,122
plus,22378,124
plus,22379,147
plus,22380,147
plus,22381,142
plus,22382,235
plus,22383,107
plus,22384,119
plus,22385,225
plus,22386,121
plus,22387,142
plus,22388,49
plus,22389,145
plus,22390,147
plus,22391,49
plus,22392,95
plus,22393,119
plus,22394,146
plus,22395,149
plus,22396,236
plus,22397,122
plus,22398,144
plus,22399,176
plus,22400,230
plus,22401,69
plus,22402,127
plus,22403,142
plus,22404,141
plus,22405,122
plus,22406,177
plus,22407,108
plus,22408,124
plus,22409,142
plus,22410,126
plus,22411,322
plus,22412,121
plus,22413,174
plus,22414,183
plus,22415,89
plus,22416,83
plus,22417,124
plus,22418,176
plus,22419,124
plus,22420,55
plus,22421,58
plus,22422,179
plus,22423,111
plus,22424,122
plus,22425,180
plus,22426,102
plus,22427,122
plus,22428,96
plus,22429,124
plus,22430,229
plus,22431,76
plus,22432,147
plus,22433,176
plus,22434,320
plus,22435,172
plus,22436,180
plus,22437,120
plus,22438,177
plus,22439,121
plus,22440,126
plus,22441,123
plus,22442,94
plus,22443,122
plus,22444,146
plus,22445,179
plus,22446,178
plus,22447,93
plus,22448,122
plus,22449,237
plus,22450,171
plus,22451,227
plus,22452,122
plus,22453,176
plus,22454,105
plus,22455,94
plus,22456,109
plus,22457,76
plus,22458,84
plus,22459,143
plus,22460,226
plus,22461,222
plus,22462,179
plus,22463,93
plus,22464,76
plus,22465,177
plus,22466,169
plus,22467,148
plus,22468,147
plus,22469,227
plus,22470,57
plus,22471,219
plus,22472,178
plus,22473,223
plus,22474,69
plus,22475,325
plus,22476,145
plus,22477,185
plus,22478,171
plus,22479,324
plus,22480,140
plus,22481,148
plus,22482,236
plus,22483,180
plus,22484,119
plus,22485,145
plus,22486,145
plus,22487,179
plus,22488,97
plus,22489,147
plus,22490,325
plus,22491,105
plus,22492,105
plus,22493,145
plus,22494,93
plus,22495,68
plus,22496,76
plus,22497,225
plus,22498,145
plus,22499,106
plus,22500,180
plus,22501,224
plus,22502,108
plus,22503,123
plus,22504,149
plus,22505,93
plus,22506,80
plus,22507,142
plus,22508,169
plus,22509,338
plus,22510,80
plus,22511,91
plus,22512,179
plus,22513,121
plus,22514,175
plus,22515,183
plus,22516,144
plus,22517,124
plus,22518,49
plus,22519,107
plus,22520,172
plus,22521,120
plus,22522,227
plus,22523,233
plus,22524,174
plus,22525,94
plus,22526,118
plus,22527,118
plus,22528,142
plus,22529,142
plus,22530,146
plus,22531,121
plus,22532,94
plus,22533,106
plus,22534,33
plus,22535,56
plus,22536,142
plus,22537,64
plus,22538,181
plus,22539,142
plus,22540,123
plus,22541,144
plus,22542,123
plus,22543,230
plus,22544,107
plus,22545,59
plus,22546,176
plus,22547,75
plus,22548,117
plus,22549,178
plus,22550,229
plus,22551,118
plus,22552,146
plus,22553,221
plus,22554,100
plus,22555,120
plus,22556,175
plus,22557,106
plus,22558,228
plus,22559,223
plus,22560,107
plus,22561,145
plus,22562,75
plus,22563,182
plus,22564,176
plus,22565,224
plus,22566,146
plus,22567,96
plus,22568,225
plus,22569,124
plus,22570,234
plus,22571,107
plus,22572,329
plus,22573,107
plus,22574,139
plus,22575,228
plus,22576,122
plus,22577,179
plus,22578,93
plus,22579,76
plus,22580,172
plus,22581,224
plus,22582,76
plus,22583,143
plus,22584,181
plus,22585,107
plus,22586,107
plus,22587,175
plus,22588,143
plus,22589,85
plus,22590,143
plus,22591,49
plus,22592,122
plus,22593,140
plus,22594,228
plus,22595,231
plus,22596,89
plus,22597,117
plus,22598,122
plus,22599,148
plus,22600,178
plus,22601,107
plus,22602,143
plus,22603,148
plus,22604,175
plus,22605,108
plus,22606,174
plus,22607,144
plus,22608,177
plus,22609,237
plus,22610,61
plus,22611,139
plus,22612,178
plus,22613,174
plus,22614,178
plus,22615,140
plus,22616,122
plus,22617,77
plus,22618,178
plus,22619,177
plus,22620,88
plus,22621,144
plus,22622,120
plus,22623,120
plus,22624,76
plus,22625,118
plus,22626,69
plus,22627,106
plus,22628,71
plus,22629,76
plus,22630,147
plus,22631,239
plus,22632,125
plus,22633,144
plus,22634,147
plus,22635,65
plus,22636,68
plus,22637,96
plus,22638,225
plus,22639,76
plus,22640,143
plus,22641,85
plus,22642,144
plus,22643,77
plus,22644,175
plus,22645,103
plus,22646,232
plus,22647,144
plus,22648,85
plus,22649,93
plus,22650,229
plus,22651,93
plus,22652,113
plus,22653,144
plus,22654,118
plus,22655,76
plus,22656,119
plus,22657,225
plus,22658,124
plus,22659,146
plus,22660,107
plus,22661,93
plus,22662,146
plus,22663,81
plus,22664,325
plus,22665,176
plus,22666,178
plus,22667,74
plus,22668,76
plus,22669,142
plus,22670,177
plus,22671,93
plus,22672,174
plus,22673,175
plus,22674,65
plus,22675,55
plus,22676,181
plus,22677,225
plus,22678,224
plus,22679,171
plus,22680,176
plus,22681,94
plus,22682,123
plus,22683,117
plus,22684,89
plus,22685,144
plus,22686,145
plus,22687,122
plus,22688,63
plus,22689,141
plus,22690,222
plus,22691,106
plus,22692,172
plus,22693,46
plus,22694,175
plus,22695,234
plus,22696,145
plus,22697,124
plus,22698,319
plus,22699,142
plus,22700,25
plus,22701,65
plus,22702,93
plus,22703,142
plus,22704,229
plus,22705,71
plus,22706,145
plus,22707,178
plus,22708,55
plus,22709,317
plus,22710,118
plus,22711,107
plus,22712,223
plus,22713,65
plus,22714,94
plus,22715,121
plus,22716,95
plus,22717,126
plus,22718,177
plus,22719,94
plus,22720,147
plus,22721,119
plus,22722,123
plus,22723,180
plus,22724,147
plus,22725,110
plus,22726,105
plus,22727,175
plus,22728,227
plus,22729,97
plus,22730,106
plus,22731,144
plus,22732,144
plus,22733,144
plus,22734,122
plus,22735,106
plus,22736,171
plus,22737,177
plus,22738,94
plus,22739,73
plus,22740,222
plus,22741,140
plus,22742,147
plus,22743,143
plus,22744,60
plus,22745,177
plus,22746,145
plus,22747,143
plus,22748,124
plus,22749,176
plus,22750,149
plus,22751,119
plus,22752,232
plus,22753,143
plus,22754,175
plus,22755,141
plus,22756,93
plus,22757,142
plus,22758,176
plus,22759,108
plus,22760,140
plus,22761,177
plus,22762,233
plus,22763,143
plus,22764,125
plus,22765,122
plus,22766,121
plus,22767,105
plus,22768,177
plus,22769,108
plus,22770,172
plus,22771,108
plus,22772,139
plus,22773,330
plus,22774,107
plus,22775,106
plus,22776,142
plus,22777,179
plus,22778,184
plus,22779,173
plus,22780,328
plus,22781,178
plus,22782,146
plus,22783,144
plus,22784,142
plus,22785,96
plus,22786,180
plus,22787,322
plus,22788,176
plus,22789,82
plus,22790,225
plus,22791,121
plus,22792,45
plus,22793,106
plus,22794,173
plus,22795,104
plus,22796,93
plus,22797,108
plus,22798,33
plus,22799,151
plus,22800,178
plus,22801,142
plus,22802,83
plus,22803,108
plus,22804,91
plus,22805,65
plus,22806,142
plus,22807,125
plus,22808,117
plus,22809,72
plus,22810,146
plus,22811,121
plus,22812,145
plus,22813,177
plus,22814,175
plus,22815,142
plus,22816,179
plus,22817,177
plus,22818,147
plus,22819,122
plus,22820,123
plus,22821,224
plus,22822,186
plus,22823,180
plus,22824,143
plus,22825,122
plus,22826,173
plus,22827,144
plus,22828,125
plus,22829,108
plus,22830,60
plus,22831,177
plus,22832,124
plus,22833,182
plus,22834,77
plus,22835,106
plus,22836,119
plus,22837,65
plus,22838,146
plus,22839,145
plus,22840,76
plus,22841,116
plus,22842,106
plus,22843,70
plus,22844,106
plus,22845,142
plus,22846,105
plus,22847,123
plus,22848,181
plus,22849,144
plus,22850,177
plus,22851,83
plus,22852,231
plus,22853,242
plus,22854,175
plus,22855,143
plus,22856,122
plus,22857,176
plus,22858,223
plus,22859,83
plus,22860,81
plus,22861,175
plus,22862,76
plus,22863,222
plus,22864,229
plus,22865,93
plus,22866,118
plus,22867,105
plus,22868,230
plus,22869,179
plus,22870,140
plus,22871,186
plus,22872,239
plus,22873,126
plus,22874,107
plus,22875,144
plus,22876,144
plus,22877,336
plus,22878,179
plus,22879,93
plus,22880,119
plus,22881,93
plus,22882,122
plus,22883,176
plus,22884,142
plus,22885,184
plus,22886,86
plus,22887,92
plus,22888,120
plus,22889,108
plus,22890,71
plus,22891,120
plus,22892,69
plus,22893,44
plus,22894,141
plus,22895,228
plus,22896,84
plus,22897,229
plus,22898,327
plus,22899,185
plus,22900,105
plus,22901,33
plus,22902,93
plus,22903,96
plus,22904,94
plus,22905,174
plus,22906,147
plus,22907,174
plus,22908,178
plus,22909,82
plus,22910,240
plus,22911,181
plus,22912,94
plus,22913,233
plus,22914,105
plus,22915,120
plus,22916,122
plus,22917,176
plus,22918,226
plus,22919,576
plus,22920,140
plus,22921,70
plus,22922,116
plus,22923,58
plus,22924,145
plus,22925,232
plus,22926,74
plus,22927,122
plus,22928,182
plus,22929,45
plus,22930,93
plus,22931,142
plus,22932,230
plus,22933,226
plus,22934,120
plus,22935,179
plus,22936,97
plus,22937,123
plus,22938,106
plus,22939,124
plus,22940,125
plus,22941,179
plus,22942,329
plus,22943,105
plus,22944,325
plus,22945,325
plus,22946,176
plus,22947,64
plus,22948,45
plus,22949,184
plus,22950,182
plus,22951,235
plus,22952,84
plus,22953,145
plus,22954,145
plus,22955,43
plus,22956,339
plus,22957,121
plus,22958,60
plus,22959,147
plus,22960,78
plus,22961,171
plus,22962,108
plus,22963,106
plus,22964,109
plus,22965,121
plus,22966,176
plus,22967,63
plus,22968,104
plus,22969,143
plus,22970,176
plus,22971,234
plus,22972,84
plus,22973,48
plus,22974,94
plus,22975,340
plus,22976,108
plus,22977,49
plus,22978,122
plus,22979,123
plus,22980,143
plus,22981,230
plus,22982,120
plus,22983,121
plus,22984,107
plus,22985,181
plus,22986,178
plus,22987,149
plus,22988,120
plus,22989,121
plus,22990,83
plus,22991,94
plus,22992,145
plus,22993,144
plus,22994,76
plus,22995,59
plus,22996,37
plus,22997,178
plus,22998,105
plus,22999,59
plus,23000,178
plus,23001,148
plus,23002,76
plus,23003,339
plus,23004,145
plus,23005,106
plus,23006,176
plus,23007,225
plus,23008,172
plus,23009,82
plus,23010,221
plus,23011,182
plus,23012,120
plus,23013,182
plus,23014,181
plus,23015,179
plus,23016,174
plus,23017,142
plus,23018,123
plus,23019,105
plus,23020,172
plus,23021,76
plus,23022,174
plus,23023,321
plus,23024,227
plus,23025,82
plus,23026,148
plus,23027,146
plus,23028,229
plus,23029,95
plus,23030,55
plus,23031,147
plus,23032,142
plus,23033,46
plus,23034,179
plus,23035,181
plus,23036,71
plus,23037,84
plus,23038,320
plus,23039,58
plus,23040,96
plus,23041,328
plus,23042,32
plus,23043,53
plus,23044,69
plus,23045,178
plus,23046,38
plus,23047,235
plus,23048,121
plus,23049,84
plus,23050,179
plus,23051,83
plus,23052,104
plus,23053,226
plus,23054,85
plus,23055,175
plus,23056,108
plus,23057,83
plus,23058,143
plus,23059,122
plus,23060,177
plus,23061,171
plus,23062,176
plus,23063,175
plus,23064,123
plus,23065,104
plus,23066,178
plus,23067,93
plus,23068,41
plus,23069,123
plus,23070,227
plus,23071,175
plus,23072,142
plus,23073,321
plus,23074,64
plus,23075,140
plus,23076,141
plus,23077,119
plus,23078,149
plus,23079,318
plus,23080,90
plus,23081,144
plus,23082,179
plus,23083,80
plus,23084,95
plus,23085,176
plus,23086,176
plus,23087,78
plus,23088,149
plus,23089,122
plus,23090,33
plus,23091,225
plus,23092,45
plus,23093,145
plus,23094,116
plus,23095,65
plus,23096,48
plus,23097,118
plus,23098,106
plus,23099,177
plus,23100,77
plus,23101,120
plus,23102,231
plus,23103,171
plus,23104,93
plus,23105,145
plus,23106,82
plus,23107,177
plus,23108,180
plus,23109,176
plus,23110,233
plus,23111,42
plus,23112,42
plus,23113,144
plus,23114,171
plus,23115,229
plus,23116,104
plus,23117,143
plus,23118,180
plus,23119,182
plus,23120,49
plus,23121,45
plus,23122,125
plus,23123,227
plus,23124,63
plus,23125,91
plus,23126,177
plus,23127,180
plus,23128,105
plus,23129,143
plus,23130,146
plus,23131,236
plus,23132,120
plus,23133,124
plus,23134,123
plus,23135,141
plus,23136,224
plus,23137,172
plus,23138,90
plus,23139,179
plus,23140,108
plus,23141,329
plus,23142,122
plus,23143,179
plus,23144,117
plus,23145,75
plus,23146,117
plus,23147,125
plus,23148,64
plus,23149,121
plus,23150,74
plus,23151,232
plus,23152,74
plus,23153,106
plus,23154,94
plus,23155,75
plus,23156,175
plus,23157,94
plus,23158,104
plus,23159,146
plus,23160,119
plus,23161,64
plus,23162,231
plus,23163,85
plus,23164,105
plus,23165,106
plus,23166,126
plus,23167,75
plus,23168,181
plus,23169,185
plus,23170,234
plus,23171,76
plus,23172,119
plus,23173,94
plus,23174,75
plus,23175,238
plus,23176,109
plus,23177,126
plus,23178,141
plus,23179,138
plus,23180,146
plus,23181,86
plus,23182,181
plus,23183,145
plus,23184,107
plus,23185,60
plus,23186,121
plus,23187,119
plus,23188,76
plus,23189,63
plus,23190,175
plus,23191,173
plus,23192,105
plus,23193,173
plus,23194,146
plus,23195,122
plus,23196,137
plus,23197,108
plus,23198,107
plus,23199,75
plus,23200,108
plus,23201,143
plus,23202,145
plus,23203,182
plus,23204,105
plus,23205,179
plus,23206,172
plus,23207,177
plus,23208,121
plus,23209,180
plus,23210,69
plus,23211,179
plus,23212,102
plus,23213,235
plus,23214,185
plus,23215,58
plus,23216,90
plus,23217,229
plus,23218,183
plus,23219,123
plus,23220,143
plus,23221,229
plus,23222,124
plus,23223,106
plus,23224,110
plus,23225,124
plus,23226,172
plus,23227,224
plus,23228,141
plus,23229,92
plus,23230,181
plus,23231,182
plus,23232,328
plus,23233,105
plus,23234,239
plus,23235,576
plus,23236,116
plus,23237,142
plus,23238,95
plus,23239,123
plus,23240,177
plus,23241,178
plus,23242,183
plus,23243,46
plus,23244,107
plus,23245,144
plus,23246,93
plus,23247,177
plus,23248,70
plus,23249,120
plus,23250,321
plus,23251,59
plus,23252,180
plus,23253,42
plus,23254,148
plus,23255,175
plus,23256,56
plus,23257,92
plus,23258,105
plus,23259,74
plus,23260,234
plus,23261,229
plus,23262,86
plus,23263,76
plus,23264,185
plus,23265,107
plus,23266,230
plus,23267,49
plus,23268,123
plus,23269,104
plus,23270,145
plus,23271,177
plus,23272,228
plus,23273,228
plus,23274,232
plus,23275,170
plus,23276,178
plus,23277,179
plus,23278,176
plus,23279,235
plus,23280,84
plus,23281,172
plus,23282,73
plus,23283,120
plus,23284,225
plus,23285,123
plus,23286,178
plus,23287,95
plus,23288,147
plus,23289,143
plus,23290,177
plus,23291,175
plus,23292,55
plus,23293,175
plus,23294,74
plus,23295,142
plus,23296,75
plus,23297,83
plus,23298,107
plus,23299,145
plus,23300,225
plus,23301,327
plus,23302,183
plus,23303,179
plus,23304,179
plus,23305,78
plus,23306,121
plus,23307,330
plus,23308,106
plus,23309,68
plus,23310,228
plus,23311,124
plus,23312,36
plus,23313,119
plus,23314,55
plus,23315,142
plus,23316,90
plus,23317,94
plus,23318,334
plus,23319,145
plus,23320,127
plus,23321,124
plus,23322,59
plus,23323,63
plus,23324,106
plus,23325,231
plus,23326,139
plus,23327,93
plus,23328,108
plus,23329,95
plus,23330,55
plus,23331,180
plus,23332,180
plus,23333,92
plus,23334,83
plus,23335,215
plus,23336,222
plus,23337,95
plus,23338,107
plus,23339,145
plus,23340,54
plus,23341,144
plus,23342,120
plus,23343,147
plus,23344,106
plus,23345,145
plus,23346,122
plus,23347,322
plus,23348,147
plus,23349,83
plus,23350,70
plus,23351,227
plus,23352,227
plus,23353,177
plus,23354,94
plus,23355,84
plus,23356,93
plus,23357,140
plus,23358,37
plus,23359,119
plus,23360,75
plus,23361,96
plus,23362,181
plus,23363,38
plus,23364,120
plus,23365,142
plus,23366,120
plus,23367,177
plus,23368,76
plus,23369,177
plus,23370,108
plus,23371,124
plus,23372,145
plus,23373,123
plus,23374,95
plus,23375,145
plus,23376,148
plus,23377,64
plus,23378,124
plus,23379,119
plus,23380,107
plus,23381,147
plus,23382,122
plus,23383,175
plus,23384,126
plus,23385,329
plus,23386,68
plus,23387,107
plus,23388,226
plus,23389,125
plus,23390,118
plus,23391,96
plus,23392,185
plus,23393,92
plus,23394,321
plus,23395,143
plus,23396,179
plus,23397,117
plus,23398,143
plus,23399,126
plus,23400,106
plus,23401,90
plus,23402,175
plus,23403,143
plus,23404,107
plus,23405,234
plus,23406,147
plus,23407,106
plus,23408,121
plus,23409,105
plus,23410,121
plus,23411,145
plus,23412,49
plus,23413,32
plus,23414,94
plus,23415,145
plus,23416,181
plus,23417,230
plus,23418,172
plus,23419,123
plus,23420,70
plus,23421,96
plus,23422,177
plus,23423,142
plus,23424,233
plus,23425,106
plus,23426,177
plus,23427,228
plus,23428,179
plus,23429,83
plus,23430,143
plus,23431,116
plus,23432,105
plus,23433,105
plus,23434,226
plus,23435,65
plus,23436,145
plus,23437,122
plus,23438,147
plus,23439,91
plus,23440,54
plus,23441,173
plus,23442,48
plus,23443,48
plus,23444,230
plus,23445,105
plus,23446,84
plus,23447,176
plus,23448,121
plus,23449,145
plus,23450,33
plus,23451,146
plus,23452,170
plus,23453,177
plus,23454,148
plus,23455,48
plus,23456,85
plus,23457,85
plus,23458,174
plus,23459,93
plus,23460,143
plus,23461,225
plus,23462,109
plus,23463,120
plus,23464,145
plus,23465,64
plus,23466,143
plus,23467,177
plus,23468,125
plus,23469,42
plus,23470,56
plus,23471,109
plus,23472,171
plus,23473,176
plus,23474,175
plus,23475,76
plus,23476,49
plus,23477,93
plus,23478,183
plus,23479,82
plus,23480,90
plus,23481,180
plus,23482,181
plus,23483,180
plus,23484,120
plus,23485,94
plus,23486,180
plus,23487,178
plus,23488,108
plus,23489,122
plus,23490,174
plus,23491,33
plus,23492,93
plus,23493,147
plus,23494,179
plus,23495,122
plus,23496,121
plus,23497,177
plus,23498,93
plus,23499,125
plus,23500,145
plus,23501,120
plus,23502,120
plus,23503,124
plus,23504,146
plus,23505,121
plus,23506,183
plus,23507,124
plus,23508,108
plus,23509,120
plus,23510,64
plus,23511,228
plus,23512,177
plus,23513,120
plus,23514,107
plus,23515,175
plus,23516,230
plus,23517,145
plus,23518,69
plus,23519,121
plus,23520,123
plus,23521,120
plus,23522,175
plus,23523,145
plus,23524,107
plus,23525,179
plus,23526,120
plus,23527,110
plus,23528,143
plus,23529,95
plus,23530,125
plus,23531,126
plus,23532,107
plus,23533,142
plus,23534,149
plus,23535,82
plus,23536,106
plus,23537,126
plus,23538,93
plus,23539,123
plus,23540,147
plus,23541,125
plus,23542,76
plus,23543,122
plus,23544,59
plus,23545,225
plus,23546,224
plus,23547,174
plus,23548,230
plus,23549,141
plus,23550,145
plus,23551,121
plus,23552,147
plus,23553,121
plus,23554,123
plus,23555,118
plus,23556,70
plus,23557,174
plus,23558,93
plus,23559,84
plus,23560,171
plus,23561,107
plus,23562,127
plus,23563,47
plus,23564,106
plus,23565,120
plus,23566,123
plus,23567,42
plus,23568,182
plus,23569,123
plus,23570,106
plus,23571,225
plus,23572,62
plus,23573,183
plus,23574,173
plus,23575,222
plus,23576,92
plus,23577,114
plus,23578,174
plus,23579,108
plus,23580,106
plus,23581,145
plus,23582,178
plus,23583,236
plus,23584,176
plus,23585,107
plus,23586,144
plus,23587,106
plus,23588,230
plus,23589,85
plus,23590,121
plus,23591,144
plus,23592,122
plus,23593,106
plus,23594,144
plus,23595,120
plus,23596,146
plus,23597,177
plus,23598,53
plus,23599,142
plus,23600,109
plus,23601,179
plus,23602,142
plus,23603,92
plus,23604,120
plus,23605,92
plus,23606,173
plus,23607,108
plus,23608,225
plus,23609,149
plus,23610,180
plus,23611,141
plus,23612,68
plus,23613,94
plus,23614,120
plus,23615,141
plus,23616,232
plus,23617,146
plus,23618,76
plus,23619,143
plus,23620,117
plus,23621,180
plus,23622,179
plus,23623,176
plus,23624,225
plus,23625,178
plus,23626,104
plus,23627,177
plus,23628,229
plus,23629,103
plus,23630,82
plus,23631,180
plus,23632,45
plus,23633,180
plus,23634,42
plus,23635,108
plus,23636,75
plus,23637,172
plus,23638,107
plus,23639,30
plus,23640,146
plus,23641,40
plus,23642,232
plus,23643,145
plus,23644,122
plus,23645,141
plus,23646,94
plus,23647,85
plus,23648,70
plus,23649,317
plus,23650,174
plus,23651,146
plus,23652,331
plus,23653,227
plus,23654,144
plus,23655,322
plus,23656,230
plus,23657,180
plus,23658,105
plus,23659,121
plus,23660,175
plus,23661,121
plus,23662,179
plus,23663,121
plus,23664,121
plus,23665,230
plus,23666,231
plus,23667,121
plus,23668,230
plus,23669,57
plus,23670,109
plus,23671,145
plus,23672,119
plus,23673,226
plus,23674,182
plus,23675,229
plus,23676,236
plus,23677,64
plus,23678,230
plus,23679,64
plus,23680,146
plus,23681,329
plus,23682,173
plus,23683,182
plus,23684,108
plus,23685,325
plus,23686,95
plus,23687,94
plus,23688,227
plus,23689,96
plus,23690,75
plus,23691,121
plus,23692,143
plus,23693,122
plus,23694,322
plus,23695,141
plus,23696,145
plus,23697,107
plus,23698,46
plus,23699,120
plus,23700,181
plus,23701,93
plus,23702,106
plus,23703,117
plus,23704,326
plus,23705,178
plus,23706,179
plus,23707,124
plus,23708,93
plus,23709,78
plus,23710,177
plus,23711,325
plus,23712,225
plus,23713,184
plus,23714,93
plus,23715,123
plus,23716,109
plus,23717,61
plus,23718,178
plus,23719,121
plus,23720,178
plus,23721,180
plus,23722,47
plus,23723,120
plus,23724,146
plus,23725,144
plus,23726,33
plus,23727,324
plus,23728,234
plus,23729,119
plus,23730,122
plus,23731,33
plus,23732,33
plus,23733,174
plus,23734,149
plus,23735,124
plus,23736,226
plus,23737,94
plus,23738,146
plus,23739,123
plus,23740,142
plus,23741,64
plus,23742,174
plus,23743,144
plus,23744,181
plus,23745,171
plus,23746,179
plus,23747,120
plus,23748,231
plus,23749,234
plus,23750,145
plus,23751,225
plus,23752,125
plus,23753,174
plus,23754,178
plus,23755,146
plus,23756,82
plus,23757,94
plus,23758,177
plus,23759,227
plus,23760,119
plus,23761,75
plus,23762,143
plus,23763,178
plus,23764,55
plus,23765,68
plus,23766,148
plus,23767,174
plus,23768,229
plus,23769,91
plus,23770,93
plus,23771,144
plus,23772,171
plus,23773,176
plus,23774,145
plus,23775,121
plus,23776,174
plus,23777,177
plus,23778,93
plus,23779,120
plus,23780,181
plus,23781,55
plus,23782,147
plus,23783,106
plus,23784,83
plus,23785,102
plus,23786,76
plus,23787,177
plus,23788,41
plus,23789,75
plus,23790,144
plus,23791,142
plus,23792,118
plus,23793,178
plus,23794,237
plus,23795,177
plus,23796,125
plus,23797,144
plus,23798,177
plus,23799,347
plus,23800,145
plus,23801,121
plus,23802,228
plus,23803,146
plus,23804,178
plus,23805,180
plus,23806,148
plus,23807,144
plus,23808,144
plus,23809,142
plus,23810,104
plus,23811,149
plus,23812,323
plus,23813,70
plus,23814,235
plus,23815,122
plus,23816,151
plus,23817,70
plus,23818,143
plus,23819,141
plus,23820,178
plus,23821,176
plus,23822,106
plus,23823,232
plus,23824,178
plus,23825,121
plus,23826,177
plus,23827,147
plus,23828,182
plus,23829,239
plus,23830,173
plus,23831,127
plus,23832,71
plus,23833,143
plus,23834,174
plus,23835,174
plus,23836,105
plus,23837,146
plus,23838,181
plus,23839,123
plus,23840,325
plus,23841,179
plus,23842,119
plus,23843,180
plus,23844,143
plus,23845,229
plus,23846,120
plus,23847,77
plus,23848,177
plus,23849,175
plus,23850,175
plus,23851,94
plus,23852,122
plus,23853,107
plus,23854,228
plus,23855,109
plus,23856,44
plus,23857,74
plus,23858,119
plus,23859,123
plus,23860,122
plus,23861,76
plus,23862,176
plus,23863,138
plus,23864,36
plus,23865,124
plus,23866,124
plus,23867,179
plus,23868,77
plus,23869,144
plus,23870,59
plus,23871,234
plus,23872,228
plus,23873,105
plus,23874,142
plus,23875,173
plus,23876,180
plus,23877,38
plus,23878,126
plus,23879,122
plus,23880,182
plus,23881,94
plus,23882,143
plus,23883,232
plus,23884,179
plus,23885,93
plus,23886,83
plus,23887,144
plus,23888,176
plus,23889,120
plus,23890,65
plus,23891,49
plus,23892,176
plus,23893,90
plus,23894,84
plus,23895,106
plus,23896,107
plus,23897,123
plus,23898,177
plus,23899,148
plus,23900,146
plus,23901,147
plus,23902,74
plus,23903,184
plus,23904,106
plus,23905,85
plus,23906,49
plus,23907,576
plus,23908,179
plus,23909,123
plus,23910,226
plus,23911,107
plus,23912,42
plus,23913,95
plus,23914,121
plus,23915,68
plus,23916,237
plus,23917,225
plus,23918,108
plus,23919,179
plus,23920,76
plus,23921,177
plus,23922,144
plus,23923,107
plus,23924,143
plus,23925,119
plus,23926,178
plus,23927,105
plus,23928,226
plus,23929,76
plus,23930,122
plus,23931,182
plus,23932,68
plus,23933,179
plus,23934,121
plus,23935,121
plus,23936,84
plus,23937,69
plus,23938,95
plus,23939,122
plus,23940,224
plus,23941,106
plus,23942,181
plus,23943,181
plus,23944,329
plus,23945,145
plus,23946,181
plus,23947,58
plus,23948,82
plus,23949,179
plus,23950,226
plus,23951,320
plus,23952,149
plus,23953,96
plus,23954,227
plus,23955,177
plus,23956,92
plus,23957,95
plus,23958,95
plus,23959,177
plus,23960,176
plus,23961,144
plus,23962,44
plus,23963,175
plus,23964,179
plus,23965,121
plus,23966,142
plus,23967,145
plus,23968,121
plus,23969,139
plus,23970,38
plus,23971,220
plus,23972,121
plus,23973,232
plus,23974,60
plus,23975,94
plus,23976,33
plus,23977,142
plus,23978,181
plus,23979,233
plus,23980,148
plus,23981,106
plus,23982,84
plus,23983,176
plus,23984,226
plus,23985,106
plus,23986,179
plus,23987,125
plus,23988,237
plus,23989,63
plus,23990,179
plus,23991,121
plus,23992,143
plus,23993,171
plus,23994,184
plus,23995,123
plus,23996,123
plus,23997,91
plus,23998,104
plus,23999,222
plus,24000,147
plus,24001,106
plus,24002,121
plus,24003,176
plus,24004,227
plus,24005,180
plus,24006,76
plus,24007,81
plus,24008,70
plus,24009,72
plus,24010,121
plus,24011,226
plus,24012,326
plus,24013,145
plus,24014,143
plus,24015,178
plus,24016,108
plus,24017,76
plus,24018,144
plus,24019,78
plus,24020,180
plus,24021,62
plus,24022,146
plus,24023,144
plus,24024,75
plus,24025,121
plus,24026,118
plus,24027,108
plus,24028,104
plus,24029,180
plus,24030,64
plus,24031,69
plus,24032,127
plus,24033,142
plus,24034,92
plus,24035,317
plus,24036,125
plus,24037,180
plus,24038,106
plus,24039,121
plus,24040,147
plus,24041,324
plus,24042,91
plus,24043,126
plus,24044,143
plus,24045,230
plus,24046,177
plus,24047,93
plus,24048,143
plus,24049,140
plus,24050,93
plus,24051,91
plus,24052,225
plus,24053,332
plus,24054,123
plus,24055,173
plus,24056,144
plus,24057,94
plus,24058,124
plus,24059,122
plus,24060,121
plus,24061,104
plus,24062,125
plus,24063,108
plus,24064,53
plus,24065,105
plus,24066,236
plus,24067,145
plus,24068,325
plus,24069,173
plus,24070,182
plus,24071,126
plus,24072,178
plus,24073,123
plus,24074,69
plus,24075,59
plus,24076,141
plus,24077,121
plus,24078,181
plus,24079,69
plus,24080,64
plus,24081,122
plus,24082,241
plus,24083,229
plus,24084,123
plus,24085,107
plus,24086,121
plus,24087,183
plus,24088,147
plus,24089,147
plus,24090,320
plus,24091,69
plus,24092,92
plus,24093,109
plus,24094,118
plus,24095,69
plus,24096,143
plus,24097,143
plus,24098,83
plus,24099,230
plus,24100,97
plus,24101,126
plus,24102,83
plus,24103,122
plus,24104,228
plus,24105,147
plus,24106,76
plus,24107,122
plus,24108,92
plus,24109,179
plus,24110,84
plus,24111,232
plus,24112,106
plus,24113,177
plus,24114,69
plus,24115,178
plus,24116,146
plus,24117,96
plus,24118,177
plus,24119,107
plus,24120,335
plus,24121,176
plus,24122,91
plus,24123,83
plus,24124,143
plus,24125,146
plus,24126,174
plus,24127,104
plus,24128,56
plus,24129,178
plus,24130,106
plus,24131,109
plus,24132,82
plus,24133,142
plus,24134,45
plus,24135,232
plus,24136,70
plus,24137,75
plus,24138,124
plus,24139,175
plus,24140,49
plus,24141,229
plus,24142,83
plus,24143,119
plus,24144,184
plus,24145,139
plus,24146,128
plus,24147,175
plus,24148,177
plus,24149,119
plus,24150,70
plus,24151,226
plus,24152,143
plus,24153,224
plus,24154,171
plus,24155,33
plus,24156,143
plus,24157,84
plus,24158,175
plus,24159,232
plus,24160,107
plus,24161,182
plus,24162,120
plus,24163,145
plus,24164,92
plus,24165,179
plus,24166,109
plus,24167,187
plus,24168,179
plus,24169,106
plus,24170,105
plus,24171,71
plus,24172,38
plus,24173,230
plus,24174,144
plus,24175,94
plus,24176,119
plus,24177,223
plus,24178,229
plus,24179,59
plus,24180,141
plus,24181,83
plus,24182,173
plus,24183,140
plus,24184,96
plus,24185,105
plus,24186,109
plus,24187,181
plus,24188,240
plus,24189,92
plus,24190,123
plus,24191,125
plus,24192,325
plus,24193,121
plus,24194,90
plus,24195,222
plus,24196,75
plus,24197,145
plus,24198,144
plus,24199,94
plus,24200,142
plus,24201,42
plus,24202,122
plus,24203,46
plus,24204,63
plus,24205,120
plus,24206,93
plus,24207,172
plus,24208,182
plus,24209,105
plus,24210,183
plus,24211,233
plus,24212,331
plus,24213,171
plus,24214,105
plus,24215,173
plus,24216,109
plus,24217,120
plus,24218,108
plus,24219,64
plus,24220,175
plus,24221,82
plus,24222,126
plus,24223,119
plus,24224,123
plus,24225,174
plus,24226,146
plus,24227,105
plus,24228,226
plus,24229,147
plus,24230,320
plus,24231,233
plus,24232,180
plus,24233,94
plus,24234,176
plus,24235,42
plus,24236,122
plus,24237,175
plus,24238,68
plus,24239,123
plus,24240,170
plus,24241,123
plus,24242,149
plus,24243,140
plus,24244,144
plus,24245,105
plus,24246,180
plus,24247,121
plus,24248,171
plus,24249,182
plus,24250,175
plus,24251,75
plus,24252,168
plus,24253,137
plus,24254,176
plus,24255,174
plus,24256,144
plus,24257,94
plus,24258,93
plus,24259,144
plus,24260,145
plus,24261,145
plus,24262,234
plus,24263,105
plus,24264,147
plus,24265,70
plus,24266,144
plus,24267,69
plus,24268,146
plus,24269,95
plus,24270,325
plus,24271,183
plus,24272,236
plus,24273,146
plus,24274,62
plus,24275,68
plus,24276,227
plus,24277,224
plus,24278,108
plus,24279,91
plus,24280,94
plus,24281,64
plus,24282,184
plus,24283,228
plus,24284,118
plus,24285,122
plus,24286,142
plus,24287,123
plus,24288,125
plus,24289,46
plus,24290,142
plus,24291,120
plus,24292,333
plus,24293,121
plus,24294,107
plus,24295,144
plus,24296,147
plus,24297,60
plus,24298,77
plus,24299,142
plus,24300,140
plus,24301,107
plus,24302,120
plus,24303,178
plus,24304,105
plus,24305,83
plus,24306,177
plus,24307,92
plus,24308,180
plus,24309,145
plus,24310,91
plus,24311,81
plus,24312,106
plus,24313,84
plus,24314,325
plus,24315,178
plus,24316,182
plus,24317,145
plus,24318,173
plus,24319,229
plus,24320,25
plus,24321,105
plus,24322,175
plus,24323,75
plus,24324,181
plus,24325,73
plus,24326,145
plus,24327,124
plus,24328,91
plus,24329,126
plus,24330,48
plus,24331,103
plus,24332,144
plus,24333,64
plus,24334,91
plus,24335,177
plus,24336,68
plus,24337,146
plus,24338,178
plus,24339,92
plus,24340,145
plus,24341,121
plus,24342,144
plus,24343,59
plus,24344,108
plus,24345,147
plus,24346,182
plus,24347,93
plus,24348,229
plus,24349,64
plus,24350,145
plus,24351,338
plus,24352,106
plus,24353,141
plus,24354,177
plus,24355,75
plus,24356,106
plus,24357,169
plus,24358,122
plus,24359,177
plus,24360,175
plus,24361,184
plus,24362,127
plus,24363,176
plus,24364,147
plus,24365,176
plus,24366,226
plus,24367,82
plus,24368,123
plus,24369,179
plus,24370,336
plus,24371,105
plus,24372,146
plus,24373,145
plus,24374,103
plus,24375,143
plus,24376,125
plus,24377,229
plus,24378,331
plus,24379,227
plus,24380,228
plus,24381,148
plus,24382,44
plus,24383,124
plus,24384,108
plus,24385,143
plus,24386,145
plus,24387,121
plus,24388,231
plus,24389,64
plus,24390,180
plus,24391,140
plus,24392,144
plus,24393,144
plus,24394,121
plus,24395,62
plus,24396,106
plus,24397,125
plus,24398,123
plus,24399,96
plus,24400,95
plus,24401,235
plus,24402,105
plus,24403,145
plus,24404,143
plus,24405,92
plus,24406,180
plus,24407,234
plus,24408,230
plus,24409,120
plus,24410,179
plus,24411,144
plus,24412,329
plus,24413,108
plus,24414,94
plus,24415,48
plus,24416,146
plus,24417,143
plus,24418,147
plus,24419,323
plus,24420,124
plus,24421,106
plus,24422,142
plus,24423,119
plus,24424,93
plus,24425,95
plus,24426,69
plus,24427,175
plus,24428,93
plus,24429,182
plus,24430,85
plus,24431,176
plus,24432,173
plus,24433,64
plus,24434,123
plus,24435,140
plus,24436,324
plus,24437,120
plus,24438,96
plus,24439,92
plus,24440,144
plus,24441,93
plus,24442,119
plus,24443,33
plus,24444,143
plus,24445,144
plus,24446,106
plus,24447,93
plus,24448,231
plus,24449,84
plus,24450,224
plus,24451,92
plus,24452,144
plus,24453,146
plus,24454,146
plus,24455,332
plus,24456,94
plus,24457,175
plus,24458,95
plus,24459,42
plus,24460,65
plus,24461,177
plus,24462,127
plus,24463,176
plus,24464,48
plus,24465,235
plus,24466,37
plus,24467,125
plus,24468,235
plus,24469,148
plus,24470,141
plus,24471,148
plus,24472,176
plus,24473,48
plus,24474,144
plus,24475,90
plus,24476,125
plus,24477,85
plus,24478,58
plus,24479,119
plus,24480,123
plus,24481,84
plus,24482,328
plus,24483,142
plus,24484,56
plus,24485,144
plus,24486,118
plus,24487,84
plus,24488,93
plus,24489,74
plus,24490,120
plus,24491,142
plus,24492,180
plus,24493,173
plus,24494,59
plus,24495,180
plus,24496,145
plus,24497,232
plus,24498,145
plus,24499,227
plus,24500,109
plus,24501,94
plus,24502,237
plus,24503,48
plus,24504,145
plus,24505,65
plus,24506,76
plus,24507,56
plus,24508,229
plus,24509,225
plus,24510,77
plus,24511,174
plus,24512,85
plus,24513,228
plus,24514,82
plus,24515,146
plus,24516,60
plus,24517,124
plus,24518,119
plus,24519,94
plus,24520,104
plus,24521,181
plus,24522,122
plus,24523,55
plus,24524,25
plus,24525,106
plus,24526,174
plus,24527,145
plus,24528,184
plus,24529,184
plus,24530,148
plus,24531,144
plus,24532,238
plus,24533,107
plus,24534,105
plus,24535,63
plus,24536,143
plus,24537,142
plus,24538,42
plus,24539,125
plus,24540,146
plus,24541,122
plus,24542,143
plus,24543,124
plus,24544,84
plus,24545,180
plus,24546,317
plus,24547,121
plus,24548,183
plus,24549,175
plus,24550,231
plus,24551,121
plus,24552,120
plus,24553,81
plus,24554,76
plus,24555,86
plus,24556,127
plus,24557,177
plus,24558,104
plus,24559,178
plus,24560,179
plus,24561,65
plus,24562,181
plus,24563,178
plus,24564,143
plus,24565,70
plus,24566,93
plus,24567,225
plus,24568,144
plus,24569,121
plus,24570,141
plus,24571,122
plus,24572,83
plus,24573,56
plus,24574,108
plus,24575,83
plus,24576,226
plus,24577,174
plus,24578,120
plus,24579,182
plus,24580,64
plus,24581,143
plus,24582,178
plus,24583,144
plus,24584,103
plus,24585,180
plus,24586,144
plus,24587,95
plus,24588,147
plus,24589,334
plus,24590,92
plus,24591,118
plus,24592,177
plus,24593,62
plus,24594,174
plus,24595,223
plus,24596,226
plus,24597,181
plus,24598,106
plus,24599,177
plus,24600,106
plus,24601,230
plus,24602,122
plus,24603,93
plus,24604,171
plus,24605,124
plus,24606,108
plus,24607,140
plus,24608,107
plus,24609,84
plus,24610,173
plus,24611,323
plus,24612,116
plus,24613,120
plus,24614,107
plus,24615,173
plus,24616,146
plus,24617,174
plus,24618,64
plus,24619,229
plus,24620,228
plus,24621,63
plus,24622,125
plus,24623,149
plus,24624,118
plus,24625,180
plus,24626,83
plus,24627,180
plus,24628,49
plus,24629,116
plus,24630,122
plus,24631,145
plus,24632,145
plus,24633,177
plus,24634,93
plus,24635,77
plus,24636,103
plus,24637,45
plus,24638,181
plus,24639,106
plus,24640,143
plus,24641,228
plus,24642,224
plus,24643,76
plus,24644,170
plus,24645,182
plus,24646,146
plus,24647,122
plus,24648,96
plus,24649,226
plus,24650,222
plus,24651,125
plus,24652,83
plus,24653,176
plus,24654,150
plus,24655,84
plus,24656,173
plus,24657,143
plus,24658,78
plus,24659,141
plus,24660,62
plus,24661,323
plus,24662,116
plus,24663,125
plus,24664,71
plus,24665,107
plus,24666,81
plus,24667,228
plus,24668,147
plus,24669,146
plus,24670,177
plus,24671,122
plus,24672,143
plus,24673,319
plus,24674,74
plus,24675,181
plus,24676,224
plus,24677,109
plus,24678,230
plus,24679,106
plus,24680,45
plus,24681,144
plus,24682,68
plus,24683,145
plus,24684,124
plus,24685,109
plus,24686,145
plus,24687,171
plus,24688,121
plus,24689,174
plus,24690,146
plus,24691,143
plus,24692,120
plus,24693,83
plus,24694,97
plus,24695,121
plus,24696,123
plus,24697,123
plus,24698,121
plus,24699,146
plus,24700,95
plus,24701,117
plus,24702,143
plus,24703,230
plus,24704,120
plus,24705,143
plus,24706,106
plus,24707,108
plus,24708,223
plus,24709,237
plus,24710,142
plus,24711,83
plus,24712,93
plus,24713,181
plus,24714,121
plus,24715,142
plus,24716,144
plus,24717,175
plus,24718,120
plus,24719,84
plus,24720,125
plus,24721,183
plus,24722,75
plus,24723,175
plus,24724,232
plus,24725,92
plus,24726,225
plus,24727,83
plus,24728,92
plus,24729,144
plus,24730,85
plus,24731,52
plus,24732,148
plus,24733,141
plus,24734,92
plus,24735,180
plus,24736,182
plus,24737,90
plus,24738,323
plus,24739,148
plus,24740,42
plus,24741,223
plus,24742,180
plus,24743,225
plus,24744,49
plus,24745,143
plus,24746,180
plus,24747,77
plus,24748,94
plus,24749,143
plus,24750,104
plus,24751,175
plus,24752,323
plus,24753,77
plus,24754,74
plus,24755,106
plus,24756,228
plus,24757,92
plus,24758,179
plus,24759,95
plus,24760,145
plus,24761,74
plus,24762,176
plus,24763,150
plus,24764,141
plus,24765,94
plus,24766,142
plus,24767,127
plus,24768,330
plus,24769,95
plus,24770,143
plus,24771,178
plus,24772,180
plus,24773,41
plus,24774,105
plus,24775,145
plus,24776,329
plus,24777,142
plus,24778,119
plus,24779,106
plus,24780,179
plus,24781,229
plus,24782,145
plus,24783,143
plus,24784,175
plus,24785,174
plus,24786,227
plus,24787,146
plus,24788,175
plus,24789,148
plus,24790,108
plus,24791,325
plus,24792,122
plus,24793,64
plus,24794,230
plus,24795,71
plus,24796,179
plus,24797,143
plus,24798,175
plus,24799,146
plus,24800,76
plus,24801,120
plus,24802,178
plus,24803,122
plus,24804,331
plus,24805,173
plus,24806,143
plus,24807,147
plus,24808,176
plus,24809,106
plus,24810,179
plus,24811,42
plus,24812,184
plus,24813,121
plus,24814,235
plus,24815,83
plus,24816,224
plus,24817,144
plus,24818,92
plus,24819,82
plus,24820,328
plus,24821,104
plus,24822,231
plus,24823,91
plus,24824,176
plus,24825,117
plus,24826,227
plus,24827,323
plus,24828,118
plus,24829,123
plus,24830,93
plus,24831,85
plus,24832,94
plus,24833,106
plus,24834,122
plus,24835,146
plus,24836,144
plus,24837,149
plus,24838,173
plus,24839,177
plus,24840,123
plus,24841,146
plus,24842,125
plus,24843,107
plus,24844,42
plus,24845,108
plus,24846,176
plus,24847,82
plus,24848,144
plus,24849,177
plus,24850,64
plus,24851,149
plus,24852,144
plus,24853,124
plus,24854,229
plus,24855,327
plus,24856,176
plus,24857,106
plus,24858,108
plus,24859,91
plus,24860,230
plus,24861,93
plus,24862,91
plus,24863,126
plus,24864,64
plus,24865,120
plus,24866,47
plus,24867,174
plus,24868,147
plus,24869,146
plus,24870,181
plus,24871,119
plus,24872,67
plus,24873,107
plus,24874,231
plus,24875,234
plus,24876,228
plus,24877,236
plus,24878,93
plus,24879,172
plus,24880,225
plus,24881,77
plus,24882,105
plus,24883,144
plus,24884,228
plus,24885,33
plus,24886,64
plus,24887,124
plus,24888,63
plus,24889,234
plus,24890,175
plus,24891,228
plus,24892,107
plus,24893,107
plus,24894,172
plus,24895,231
plus,24896,56
plus,24897,126
plus,24898,64
plus,24899,121
plus,24900,95
plus,24901,148
plus,24902,122
plus,24903,142
plus,24904,76
plus,24905,321
plus,24906,107
plus,24907,178
plus,24908,69
plus,24909,55
plus,24910,143
plus,24911,65
plus,24912,138
plus,24913,173
plus,24914,145
plus,24915,123
plus,24916,141
plus,24917,95
plus,24918,74
plus,24919,105
plus,24920,104
plus,24921,120
plus,24922,107
plus,24923,109
plus,24924,76
plus,24925,227
plus,24926,226
plus,24927,105
plus,24928,69
plus,24929,182
plus,24930,175
plus,24931,174
plus,24932,178
plus,24933,108
plus,24934,229
plus,24935,88
plus,24936,62
plus,24937,74
plus,24938,230
plus,24939,143
plus,24940,105
plus,24941,107
plus,24942,49
plus,24943,231
plus,24944,144
plus,24945,141
plus,24946,84
plus,24947,142
plus,24948,176
plus,24949,56
plus,24950,97
plus,24951,120
plus,24952,227
plus,24953,125
plus,24954,76
plus,24955,143
plus,24956,119
plus,24957,65
plus,24958,178
plus,24959,172
plus,24960,83
plus,24961,184
plus,24962,145
plus,24963,108
plus,24964,105
plus,24965,176
plus,24966,174
plus,24967,224
plus,24968,124
plus,24969,170
plus,24970,175
plus,24971,170
plus,24972,121
plus,24973,232
plus,24974,182
plus,24975,233
plus,24976,235
plus,24977,64
plus,24978,120
plus,24979,325
plus,24980,93
plus,24981,107
plus,24982,37
plus,24983,322
plus,24984,97
plus,24985,46
plus,24986,144
plus,24987,48
plus,24988,324
plus,24989,147
plus,24990,176
plus,24991,324
plus,24992,118
plus,24993,107
plus,24994,123
plus,24995,142
plus,24996,174
plus,24997,119
plus,24998,233
plus,24999,145
plus,25000,121
plus,25001,116
plus,25002,221
plus,25003,143
plus,25004,49
plus,25005,180
plus,25006,238
plus,25007,144
plus,25008,82
plus,25009,227
plus,25010,118
plus,25011,145
plus,25012,173
plus,25013,233
plus,25014,117
plus,25015,124
plus,25016,109
plus,25017,106
plus,25018,175
plus,25019,231
plus,25020,91
plus,25021,323
plus,25022,104
plus,25023,225
plus,25024,237
plus,25025,59
plus,25026,143
plus,25027,90
plus,25028,95
plus,25029,69
plus,25030,175
plus,25031,126
plus,25032,123
plus,25033,181
plus,25034,85
plus,25035,167
plus,25036,83
plus,25037,220
plus,25038,65
plus,25039,46
plus,25040,118
plus,25041,233
plus,25042,178
plus,25043,64
plus,25044,174
plus,25045,122
plus,25046,40
plus,25047,75
plus,25048,76
plus,25049,65
plus,25050,104
plus,25051,95
plus,25052,176
plus,25053,326
plus,25054,123
plus,25055,229
plus,25056,68
plus,25057,84
plus,25058,143
plus,25059,91
plus,25060,181
plus,25061,176
plus,25062,93
plus,25063,145
plus,25064,145
plus,25065,229
plus,25066,148
plus,25067,95
plus,25068,329
plus,25069,146
plus,25070,105
plus,25071,85
plus,25072,94
plus,25073,241
plus,25074,231
plus,25075,94
plus,25076,95
plus,25077,124
plus,25078,327
plus,25079,337
plus,25080,229
plus,25081,230
plus,25082,234
plus,25083,177
plus,25084,86
plus,25085,108
plus,25086,83
plus,25087,48
plus,25088,122
plus,25089,221
plus,25090,68
plus,25091,179
plus,25092,90
plus,25093,77
plus,25094,120
plus,25095,119
plus,25096,78
plus,25097,63
plus,25098,178
plus,25099,179
plus,25100,93
plus,25101,227
plus,25102,183
plus,25103,84
plus,25104,121
plus,25105,321
plus,25106,122
plus,25107,122
plus,25108,146
plus,25109,146
plus,25110,82
plus,25111,179
plus,25112,185
plus,25113,141
plus,25114,81
plus,25115,93
plus,25116,144
plus,25117,89
plus,25118,125
plus,25119,95
plus,25120,146
plus,25121,173
plus,25122,118
plus,25123,108
plus,25124,143
plus,25125,107
plus,25126,182
plus,25127,64
plus,25128,231
plus,25129,176
plus,25130,54
plus,25131,76
plus,25132,236
plus,25133,226
plus,25134,24
plus,25135,93
plus,25136,109
plus,25137,108
plus,25138,176
plus,25139,104
plus,25140,322
plus,25141,64
plus,25142,104
plus,25143,226
plus,25144,143
plus,25145,144
plus,25146,233
plus,25147,181
plus,25148,56
plus,25149,92
plus,25150,121
plus,25151,173
plus,25152,122
plus,25153,147
plus,25154,120
plus,25155,65
plus,25156,143
plus,25157,179
plus,25158,76
plus,25159,125
plus,25160,65
plus,25161,144
plus,25162,122
plus,25163,75
plus,25164,118
plus,25165,119
plus,25166,119
plus,25167,32
plus,25168,145
plus,25169,178
plus,25170,224
plus,25171,76
plus,25172,102
plus,25173,150
plus,25174,94
plus,25175,84
plus,25176,123
plus,25177,83
plus,25178,123
plus,25179,142
plus,25180,76
plus,25181,122
plus,25182,119
plus,25183,146
plus,25184,233
plus,25185,183
plus,25186,120
plus,25187,121
plus,25188,326
plus,25189,147
plus,25190,225
plus,25191,142
plus,25192,74
plus,25193,227
plus,25194,181
plus,25195,77
plus,25196,61
plus,25197,229
plus,25198,76
plus,25199,142
plus,25200,93
plus,25201,326
plus,25202,95
plus,25203,118
plus,25204,105
plus,25205,146
plus,25206,147
plus,25207,45
plus,25208,81
plus,25209,233
plus,25210,118
plus,25211,144
plus,25212,103
plus,25213,93
plus,25214,233
plus,25215,316
plus,25216,240
plus,25217,119
plus,25218,145
plus,25219,174
plus,25220,146
plus,25221,38
plus,25222,145
plus,25223,76
plus,25224,181
plus,25225,177
plus,25226,230
plus,25227,173
plus,25228,108
plus,25229,225
plus,25230,83
plus,25231,121
plus,25232,178
plus,25233,108
plus,25234,123
plus,25235,231
plus,25236,121
plus,25237,120
plus,25238,147
plus,25239,170
plus,25240,177
plus,25241,123
plus,25242,69
plus,25243,146
plus,25244,181
plus,25245,107
plus,25246,105
plus,25247,103
plus,25248,122
plus,25249,178
plus,25250,123
plus,25251,122
plus,25252,119
plus,25253,94
plus,25254,147
plus,25255,233
plus,25256,183
plus,25257,144
plus,25258,143
plus,25259,224
plus,25260,75
plus,25261,83
plus,25262,181
plus,25263,147
plus,25264,106
plus,25265,55
plus,25266,177
plus,25267,140
plus,25268,48
plus,25269,107
plus,25270,226
plus,25271,70
plus,25272,145
plus,25273,182
plus,25274,49
plus,25275,119
plus,25276,107
plus,25277,228
plus,25278,123
plus,25279,108
plus,25280,177
plus,25281,227
plus,25282,145
plus,25283,64
plus,25284,94
plus,25285,94
plus,25286,171
plus,25287,183
plus,25288,147
plus,25289,144
plus,25290,230
plus,25291,171
plus,25292,148
plus,25293,225
plus,25294,177
plus,25295,62
plus,25296,143
plus,25297,143
plus,25298,64
plus,25299,181
plus,25300,127
plus,25301,106
plus,25302,145
plus,25303,94
plus,25304,75
plus,25305,105
plus,25306,224
plus,25307,96
plus,25308,176
plus,25309,178
plus,25310,104
plus,25311,83
plus,25312,94
plus,25313,122
plus,25314,145
plus,25315,140
plus,25316,96
plus,25317,174
plus,25318,117
plus,25319,120
plus,25320,122
plus,25321,173
plus,25322,228
plus,25323,127
plus,25324,178
plus,25325,144
plus,25326,96
plus,25327,121
plus,25328,231
plus,25329,76
plus,25330,109
plus,25331,180
plus,25332,121
plus,25333,80
plus,25334,178
plus,25335,143
plus,25336,145
plus,25337,234
plus,25338,109
plus,25339,111
plus,25340,59
plus,25341,140
plus,25342,142
plus,25343,146
plus,25344,142
plus,25345,176
plus,25346,175
plus,25347,143
plus,25348,145
plus,25349,185
plus,25350,174
plus,25351,325
plus,25352,233
plus,25353,143
plus,25354,177
plus,25355,107
plus,25356,85
plus,25357,176
plus,25358,60
plus,25359,84
plus,25360,146
plus,25361,227
plus,25362,107
plus,25363,322
plus,25364,122
plus,25365,106
plus,25366,231
plus,25367,125
plus,25368,119
plus,25369,120
plus,25370,105
plus,25371,183
plus,25372,177
plus,25373,321
plus,25374,173
plus,25375,104
plus,25376,124
plus,25377,104
plus,25378,329
plus,25379,109
plus,25380,120
plus,25381,236
plus,25382,328
plus,25383,124
plus,25384,122
plus,25385,84
plus,25386,44
plus,25387,121
plus,25388,110
plus,25389,94
plus,25390,125
plus,25391,141
plus,25392,125
plus,25393,180
plus,25394,171
plus,25395,63
plus,25396,104
plus,25397,70
plus,25398,121
plus,25399,144
plus,25400,224
plus,25401,181
plus,25402,147
plus,25403,223
plus,25404,176
plus,25405,105
plus,25406,83
plus,25407,141
plus,25408,235
plus,25409,144
plus,25410,176
plus,25411,122
plus,25412,106
plus,25413,326
plus,25414,76
plus,25415,74
plus,25416,92
plus,25417,105
plus,25418,76
plus,25419,107
plus,25420,232
plus,25421,225
plus,25422,141
plus,25423,120
plus,25424,90
plus,25425,178
plus,25426,229
plus,25427,105
plus,25428,175
plus,25429,95
plus,25430,118
plus,25431,95
plus,25432,76
plus,25433,108
plus,25434,68
plus,25435,225
plus,25436,122
plus,25437,176
plus,25438,227
plus,25439,328
plus,25440,143
plus,25441,121
plus,25442,147
plus,25443,75
plus,25444,175
plus,25445,124
plus,25446,325
plus,25447,106
plus,25448,107
plus,25449,178
plus,25450,223
plus,25451,146
plus,25452,123
plus,25453,140
plus,25454,124
plus,25455,177
plus,25456,103
plus,25457,145
plus,25458,180
plus,25459,176
plus,25460,76
plus,25461,175
plus,25462,120
plus,25463,91
plus,25464,122
plus,25465,177
plus,25466,121
plus,25467,91
plus,25468,107
plus,25469,105
plus,25470,107
plus,25471,143
plus,25472,140
plus,25473,147
plus,25474,123
plus,25475,176
plus,25476,231
plus,25477,231
plus,25478,178
plus,25479,124
plus,25480,144
plus,25481,142
plus,25482,69
plus,25483,95
plus,25484,231
plus,25485,105
plus,25486,224
plus,25487,143
plus,25488,106
plus,25489,118
plus,25490,333
plus,25491,46
plus,25492,106
plus,25493,171
plus,25494,82
plus,25495,120
plus,25496,74
plus,25497,104
plus,25498,105
plus,25499,71
plus,25500,93
plus,25501,122
plus,25502,122
plus,25503,94
plus,25504,142
plus,25505,144
plus,25506,228
plus,25507,148
plus,25508,93
plus,25509,83
plus,25510,96
plus,25511,142
plus,25512,144
plus,25513,107
plus,25514,173
plus,25515,173
plus,25516,47
plus,25517,145
plus,25518,228
plus,25519,224
plus,25520,329
plus,25521,178
plus,25522,186
plus,25523,177
plus,25524,334
plus,25525,318
plus,25526,179
plus,25527,121
plus,25528,90
plus,25529,145
plus,25530,175
plus,25531,320
plus,25532,176
plus,25533,85
plus,25534,124
plus,25535,128
plus,25536,95
plus,25537,82
plus,25538,226
plus,25539,122
plus,25540,82
plus,25541,184
plus,25542,228
plus,25543,94
plus,25544,142
plus,25545,146
plus,25546,94
plus,25547,178
plus,25548,230
plus,25549,175
plus,25550,125
plus,25551,94
plus,25552,124
plus,25553,121
plus,25554,81
plus,25555,93
plus,25556,178
plus,25557,126
plus,25558,121
plus,25559,148
plus,25560,143
plus,25561,323
plus,25562,233
plus,25563,145
plus,25564,123
plus,25565,90
plus,25566,75
plus,25567,177
plus,25568,148
plus,25569,70
plus,25570,64
plus,25571,147
plus,25572,93
plus,25573,144
plus,25574,175
plus,25575,139
plus,25576,147
plus,25577,91
plus,25578,109
plus,25579,64
plus,25580,127
plus,25581,231
plus,25582,123
plus,25583,142
plus,25584,177
plus,25585,181
plus,25586,106
plus,25587,143
plus,25588,141
plus,25589,75
plus,25590,116
plus,25591,106
plus,25592,236
plus,25593,86
plus,25594,118
plus,25595,94
plus,25596,120
plus,25597,324
plus,25598,82
plus,25599,84
plus,25600,168
plus,25601,77
plus,25602,140
plus,25603,49
plus,25604,143
plus,25605,144
plus,25606,139
plus,25607,179
plus,25608,30
plus,25609,181
plus,25610,180
plus,25611,107
plus,25612,76
plus,25613,176
plus,25614,120
plus,25615,64
plus,25616,176
plus,25617,140
plus,25618,102
plus,25619,227
plus,25620,81
plus,25621,93
plus,25622,322
plus,25623,227
plus,25624,104
plus,25625,337
plus,25626,122
plus,25627,235
plus,25628,93
plus,25629,107
plus,25630,95
plus,25631,102
plus,25632,125
plus,25633,105
plus,25634,73
plus,25635,121
plus,25636,95
plus,25637,63
plus,25638,120
plus,25639,174
plus,25640,145
plus,25641,180
plus,25642,127
plus,25643,146
plus,25644,76
plus,25645,122
plus,25646,85
plus,25647,142
plus,25648,106
plus,25649,142
plus,25650,45
plus,25651,94
plus,25652,143
plus,25653,55
plus,25654,81
plus,25655,93
plus,25656,145
plus,25657,105
plus,25658,119
plus,25659,141
plus,25660,144
plus,25661,235
plus,25662,76
plus,25663,228
plus,25664,323
plus,25665,230
plus,25666,147
plus,25667,120
plus,25668,144
plus,25669,229
plus,25670,104
plus,25671,144
plus,25672,104
plus,25673,144
plus,25674,182
plus,25675,177
plus,25676,224
plus,25677,178
plus,25678,93
plus,25679,179
plus,25680,149
plus,25681,145
plus,25682,104
plus,25683,177
plus,25684,124
plus,25685,145
plus,25686,108
plus,25687,118
plus,25688,228
plus,25689,84
plus,25690,144
plus,25691,103
plus,25692,80
plus,25693,320
plus,25694,233
plus,25695,176
plus,25696,64
plus,25697,106
plus,25698,105
plus,25699,122
plus,25700,182
plus,25701,94
plus,25702,180
plus,25703,321
plus,25704,177
plus,25705,226
plus,25706,67
plus,25707,149
plus,25708,125
plus,25709,62
plus,25710,95
plus,25711,69
plus,25712,146
plus,25713,148
plus,25714,230
plus,25715,174
plus,25716,101
plus,25717,107
plus,25718,125
plus,25719,92
plus,25720,179
plus,25721,95
plus,25722,123
plus,25723,141
plus,25724,176
plus,25725,107
plus,25726,120
plus,25727,115
plus,25728,121
plus,25729,121
plus,25730,143
plus,25731,143
plus,25732,122
plus,25733,225
plus,25734,95
plus,25735,178
plus,25736,144
plus,25737,105
plus,25738,56
plus,25739,142
plus,25740,144
plus,25741,144
plus,25742,105
plus,25743,319
plus,25744,85
plus,25745,173
plus,25746,86
plus,25747,176
plus,25748,173
plus,25749,144
plus,25750,221
plus,25751,83
plus,25752,119
plus,25753,121
plus,25754,179
plus,25755,64
plus,25756,145
plus,25757,85
plus,25758,76
plus,25759,144
plus,25760,173
plus,25761,177
plus,25762,85
plus,25763,120
plus,25764,46
plus,25765,172
plus,25766,104
plus,25767,82
plus,25768,108
plus,25769,227
plus,25770,174
plus,25771,74
plus,25772,77
plus,25773,145
plus,25774,108
plus,25775,46
plus,25776,122
plus,25777,121
plus,25778,181
plus,25779,81
plus,25780,123
plus,25781,121
plus,25782,122
plus,25783,225
plus,25784,224
plus,25785,76
plus,25786,69
plus,25787,231
plus,25788,144
plus,25789,144
plus,25790,182
plus,25791,142
plus,25792,123
plus,25793,77
plus,25794,176
plus,25795,228
plus,25796,93
plus,25797,230
plus,25798,232
plus,25799,123
plus,25800,143
plus,25801,228
plus,25802,49
plus,25803,230
plus,25804,94
plus,25805,119
plus,25806,124
plus,25807,173
plus,25808,76
plus,25809,181
plus,25810,117
plus,25811,120
plus,25812,140
plus,25813,179
plus,25814,179
plus,25815,146
plus,25816,75
plus,25817,231
plus,25818,145
plus,25819,94
plus,25820,71
plus,25821,125
plus,25822,144
plus,25823,228
plus,25824,121
plus,25825,227
plus,25826,142
plus,25827,173
plus,25828,237
plus,25829,230
plus,25830,230
plus,25831,322
plus,25832,33
plus,25833,95
plus,25834,226
plus,25835,173
plus,25836,84
plus,25837,83
plus,25838,90
plus,25839,173
plus,25840,104
plus,25841,221
plus,25842,42
plus,25843,109
plus,25844,179
plus,25845,181
plus,25846,122
plus,25847,227
plus,25848,92
plus,25849,224
plus,25850,103
plus,25851,146
plus,25852,119
plus,25853,76
plus,25854,82
plus,25855,106
plus,25856,180
plus,25857,121
plus,25858,177
plus,25859,119
plus,25860,176
plus,25861,176
plus,25862,76
plus,25863,119
plus,25864,119
plus,25865,223
plus,25866,228
plus,25867,143
plus,25868,123
plus,25869,143
plus,25870,92
plus,25871,123
plus,25872,70
plus,25873,179
plus,25874,178
plus,25875,121
plus,25876,110
plus,25877,141
plus,25878,76
plus,25879,121
plus,25880,73
plus,25881,84
plus,25882,236
plus,25883,177
plus,25884,125
plus,25885,92
plus,25886,123
plus,25887,334
plus,25888,142
plus,25889,109
plus,25890,180
plus,25891,91
plus,25892,91
plus,25893,139
plus,25894,124
plus,25895,71
plus,25896,68
plus,25897,106
plus,25898,143
plus,25899,84
plus,25900,95
plus,25901,176
plus,25902,179
plus,25903,85
plus,25904,146
plus,25905,231
plus,25906,42
plus,25907,179
plus,25908,120
plus,25909,59
plus,25910,225
plus,25911,92
plus,25912,147
plus,25913,181
plus,25914,91
plus,25915,93
plus,25916,122
plus,25917,126
plus,25918,176
plus,25919,236
plus,25920,115
plus,25921,83
plus,25922,173
plus,25923,119
plus,25924,237
plus,25925,115
plus,25926,142
plus,25927,121
plus,25928,141
plus,25929,107
plus,25930,68
plus,25931,144
plus,25932,120
plus,25933,143
plus,25934,118
plus,25935,179
plus,25936,178
plus,25937,120
plus,25938,177
plus,25939,82
plus,25940,90
plus,25941,172
plus,25942,77
plus,25943,92
plus,25944,333
plus,25945,226
plus,25946,176
plus,25947,94
plus,25948,125
plus,25949,123
plus,25950,96
plus,25951,63
plus,25952,121
plus,25953,97
plus,25954,106
plus,25955,125
plus,25956,56
plus,25957,235
plus,25958,58
plus,25959,182
plus,25960,232
plus,25961,125
plus,25962,181
plus,25963,121
plus,25964,105
plus,25965,147
plus,25966,86
plus,25967,235
plus,25968,145
plus,25969,179
plus,25970,45
plus,25971,94
plus,25972,123
plus,25973,91
plus,25974,69
plus,25975,84
plus,25976,106
plus,25977,122
plus,25978,179
plus,25979,145
plus,25980,145
plus,25981,65
plus,25982,145
plus,25983,146
plus,25984,63
plus,25985,105
plus,25986,146
plus,25987,183
plus,25988,77
plus,25989,327
plus,25990,233
plus,25991,145
plus,25992,81
plus,25993,76
plus,25994,141
plus,25995,105
plus,25996,92
plus,25997,64
plus,25998,94
plus,25999,119
plus,26000,228
plus,26001,176
plus,26002,95
plus,26003,146
plus,26004,94
plus,26005,143
plus,26006,225
plus,26007,119
plus,26008,92
plus,26009,124
plus,26010,318
plus,26011,29
plus,26012,147
plus,26013,83
plus,26014,172
plus,26015,177
plus,26016,179
plus,26017,174
plus,26018,180
plus,26019,95
plus,26020,56
plus,26021,107
plus,26022,121
plus,26023,148
plus,26024,229
plus,26025,123
plus,26026,108
plus,26027,181
plus,26028,176
plus,26029,174
plus,26030,109
plus,26031,120
plus,26032,69
plus,26033,180
plus,26034,143
plus,26035,115
plus,26036,144
plus,26037,64
plus,26038,29
plus,26039,181
plus,26040,144
plus,26041,150
plus,26042,105
plus,26043,179
plus,26044,144
plus,26045,78
plus,26046,144
plus,26047,226
plus,26048,175
plus,26049,105
plus,26050,183
plus,26051,330
plus,26052,143
plus,26053,76
plus,26054,95
plus,26055,86
plus,26056,226
plus,26057,231
plus,26058,69
plus,26059,120
plus,26060,179
plus,26061,65
plus,26062,142
plus,26063,58
plus,26064,119
plus,26065,107
plus,26066,178
plus,26067,146
plus,26068,85
plus,26069,224
plus,26070,227
plus,26071,227
plus,26072,233
plus,26073,181
plus,26074,74
plus,26075,121
plus,26076,144
plus,26077,93
plus,26078,146
plus,26079,94
plus,26080,147
plus,26081,327
plus,26082,102
plus,26083,57
plus,26084,94
plus,26085,120
plus,26086,123
plus,26087,105
plus,26088,233
plus,26089,77
plus,26090,332
plus,26091,231
plus,26092,143
plus,26093,229
plus,26094,105
plus,26095,120
plus,26096,174
plus,26097,142
plus,26098,226
plus,26099,175
plus,26100,226
plus,26101,173
plus,26102,64
plus,26103,42
plus,26104,146
plus,26105,230
plus,26106,179
plus,26107,184
plus,26108,174
plus,26109,183
plus,26110,121
plus,26111,142
plus,26112,226
plus,26113,228
plus,26114,177
plus,26115,179
plus,26116,175
plus,26117,68
plus,26118,576
plus,26119,171
plus,26120,183
plus,26121,225
plus,26122,116
plus,26123,144
plus,26124,122
plus,26125,234
plus,26126,116
plus,26127,178
plus,26128,182
plus,26129,121
plus,26130,76
plus,26131,106
plus,26132,84
plus,26133,145
plus,26134,76
plus,26135,94
plus,26136,144
plus,26137,107
plus,26138,226
plus,26139,229
plus,26140,181
plus,26141,151
plus,26142,230
plus,26143,106
plus,26144,140
plus,26145,121
plus,26146,173
plus,26147,126
plus,26148,229
plus,26149,175
plus,26150,120
plus,26151,119
plus,26152,179
plus,26153,228
plus,26154,108
plus,26155,83
plus,26156,227
plus,26157,176
plus,26158,178
plus,26159,175
plus,26160,143
plus,26161,77
plus,26162,145
plus,26163,175
plus,26164,144
plus,26165,176
plus,26166,143
plus,26167,177
plus,26168,145
plus,26169,82
plus,26170,30
plus,26171,178
plus,26172,65
plus,26173,178
plus,26174,180
plus,26175,122
plus,26176,178
plus,26177,178
plus,26178,176
plus,26179,174
plus,26180,59
plus,26181,144
plus,26182,228
plus,26183,124
plus,26184,232
plus,26185,92
plus,26186,230
plus,26187,146
plus,26188,169
plus,26189,85
plus,26190,227
plus,26191,228
plus,26192,177
plus,26193,82
plus,26194,230
plus,26195,147
plus,26196,178
plus,26197,125
plus,26198,92
plus,26199,123
plus,26200,106
plus,26201,144
plus,26202,143
plus,26203,70
plus,26204,177
plus,26205,106
plus,26206,147
plus,26207,142
plus,26208,139
plus,26209,226
plus,26210,226
plus,26211,576
plus,26212,107
plus,26213,106
plus,26214,93
plus,26215,95
plus,26216,76
plus,26217,123
plus,26218,174
plus,26219,231
plus,26220,85
plus,26221,173
plus,26222,82
plus,26223,95
plus,26224,175
plus,26225,95
plus,26226,184
plus,26227,60
plus,26228,81
plus,26229,119
plus,26230,149
plus,26231,74
plus,26232,107
plus,26233,83
plus,26234,181
plus,26235,123
plus,26236,75
plus,26237,105
plus,26238,48
plus,26239,76
plus,26240,48
plus,26241,58
plus,26242,179
plus,26243,124
plus,26244,329
plus,26245,38
plus,26246,147
plus,26247,230
plus,26248,226
plus,26249,141
plus,26250,115
plus,26251,123
plus,26252,84
plus,26253,49
plus,26254,91
plus,26255,236
plus,26256,122
plus,26257,108
plus,26258,127
plus,26259,40
plus,26260,176
plus,26261,123
plus,26262,117
plus,26263,117
plus,26264,81
plus,26265,146
plus,26266,107
plus,26267,77
plus,26268,175
plus,26269,233
plus,26270,84
plus,26271,93
plus,26272,170
plus,26273,118
plus,26274,174
plus,26275,109
plus,26276,91
plus,26277,145
plus,26278,123
plus,26279,83
plus,26280,178
plus,26281,92
plus,26282,146
plus,26283,182
plus,26284,185
plus,26285,226
plus,26286,71
plus,26287,105
plus,26288,121
plus,26289,92
plus,26290,82
plus,26291,119
plus,26292,65
plus,26293,225
plus,26294,143
plus,26295,92
plus,26296,59
plus,26297,238
plus,26298,184
plus,26299,178
plus,26300,91
plus,26301,126
plus,26302,105
plus,26303,120
plus,26304,94
plus,26305,94
plus,26306,85
plus,26307,181
plus,26308,176
plus,26309,75
plus,26310,185
plus,26311,121
plus,26312,227
plus,26313,123
plus,26314,108
plus,26315,92
plus,26316,173
plus,26317,177
plus,26318,142
plus,26319,236
plus,26320,49
plus,26321,143
plus,26322,179
plus,26323,102
plus,26324,176
plus,26325,185
plus,26326,226
plus,26327,92
plus,26328,225
plus,26329,145
plus,26330,224
plus,26331,144
plus,26332,123
plus,26333,54
plus,26334,123
plus,26335,77
plus,26336,69
plus,26337,123
plus,26338,93
plus,26339,106
plus,26340,184
plus,26341,77
plus,26342,121
plus,26343,174
plus,26344,94
plus,26345,90
plus,26346,76
plus,26347,178
plus,26348,109
plus,26349,170
plus,26350,232
plus,26351,237
plus,26352,228
plus,26353,333
plus,26354,178
plus,26355,95
plus,26356,179
plus,26357,140
plus,26358,330
plus,26359,227
plus,26360,229
plus,26361,65
plus,26362,75
plus,26363,122
plus,26364,122
plus,26365,147
plus,26366,146
plus,26367,85
plus,26368,172
plus,26369,141
plus,26370,231
plus,26371,96
plus,26372,145
plus,26373,227
plus,26374,94
plus,26375,177
plus,26376,122
plus,26377,335
plus,26378,123
plus,26379,122
plus,26380,44
plus,26381,121
plus,26382,95
plus,26383,142
plus,26384,229
plus,26385,228
plus,26386,75
plus,26387,175
plus,26388,124
plus,26389,119
plus,26390,107
plus,26391,63
plus,26392,175
plus,26393,41
plus,26394,121
plus,26395,180
plus,26396,104
plus,26397,64
plus,26398,144
plus,26399,63
plus,26400,41
plus,26401,85
plus,26402,177
plus,26403,141
plus,26404,33
plus,26405,325
plus,26406,228
plus,26407,173
plus,26408,238
plus,26409,146
plus,26410,145
plus,26411,174
plus,26412,181
plus,26413,121
plus,26414,104
plus,26415,122
plus,26416,123
plus,26417,123
plus,26418,178
plus,26419,119
plus,26420,183
plus,26421,226
plus,26422,121
plus,26423,176
plus,26424,331
plus,26425,328
plus,26426,179
plus,26427,178
plus,26428,96
plus,26429,120
plus,26430,230
plus,26431,107
plus,26432,60
plus,26433,230
plus,26434,108
plus,26435,97
plus,26436,105
plus,26437,82
plus,26438,122
plus,26439,175
plus,26440,182
plus,26441,38
plus,26442,177
plus,26443,147
plus,26444,176
plus,26445,62
plus,26446,331
plus,26447,141
plus,26448,56
plus,26449,576
plus,26450,116
plus,26451,93
plus,26452,321
plus,26453,180
plus,26454,106
plus,26455,124
plus,26456,144
plus,26457,142
plus,26458,65
plus,26459,146
plus,26460,176
plus,26461,172
plus,26462,120
plus,26463,119
plus,26464,105
plus,26465,145
plus,26466,143
plus,26467,76
plus,26468,122
plus,26469,105
plus,26470,125
plus,26471,144
plus,26472,109
plus,26473,232
plus,26474,61
plus,26475,230
plus,26476,82
plus,26477,224
plus,26478,124
plus,26479,328
plus,26480,123
plus,26481,62
plus,26482,105
plus,26483,108
plus,26484,146
plus,26485,225
plus,26486,94
plus,26487,123
plus,26488,179
plus,26489,64
plus,26490,229
plus,26491,146
plus,26492,122
plus,26493,58
plus,26494,126
plus,26495,122
plus,26496,227
plus,26497,235
plus,26498,46
plus,26499,117
plus,26500,181
plus,26501,63
plus,26502,232
plus,26503,69
plus,26504,169
plus,26505,108
plus,26506,319
plus,26507,178
plus,26508,178
plus,26509,125
plus,26510,176
plus,26511,143
plus,26512,145
plus,26513,104
plus,26514,121
plus,26515,171
plus,26516,76
plus,26517,60
plus,26518,143
plus,26519,178
plus,26520,228
plus,26521,176
plus,26522,109
plus,26523,173
plus,26524,54
plus,26525,139
plus,26526,172
plus,26527,146
plus,26528,228
plus,26529,181
plus,26530,180
plus,26531,180
plus,26532,146
plus,26533,84
plus,26534,170
plus,26535,226
plus,26536,226
plus,26537,224
plus,26538,83
plus,26539,64
plus,26540,182
plus,26541,178
plus,26542,105
plus,26543,124
plus,26544,178
plus,26545,81
plus,26546,84
plus,26547,233
plus,26548,142
plus,26549,139
plus,26550,123
plus,26551,123
plus,26552,33
plus,26553,124
plus,26554,102
plus,26555,235
plus,26556,122
plus,26557,233
plus,26558,181
plus,26559,324
plus,26560,144
plus,26561,106
plus,26562,177
plus,26563,123
plus,26564,329
plus,26565,146
plus,26566,174
plus,26567,121
plus,26568,77
plus,26569,121
plus,26570,118
plus,26571,125
plus,26572,146
plus,26573,123
plus,26574,148
plus,26575,181
plus,26576,225
plus,26577,109
plus,26578,230
plus,26579,120
plus,26580,77
plus,26581,146
plus,26582,230
plus,26583,229
plus,26584,143
plus,26585,144
plus,26586,69
plus,26587,145
plus,26588,180
plus,26589,92
plus,26590,120
plus,26591,107
plus,26592,58
plus,26593,185
plus,26594,123
plus,26595,124
plus,26596,144
plus,26597,61
plus,26598,122
plus,26599,172
plus,26600,92
plus,26601,123
plus,26602,232
plus,26603,147
plus,26604,233
plus,26605,61
plus,26606,139
plus,26607,181
plus,26608,121
plus,26609,146
plus,26610,177
plus,26611,77
plus,26612,104
plus,26613,106
plus,26614,181
plus,26615,139
plus,26616,143
plus,26617,174
plus,26618,183
plus,26619,106
plus,26620,146
plus,26621,173
plus,26622,185
plus,26623,122
plus,26624,121
plus,26625,221
plus,26626,187
plus,26627,174
plus,26628,174
plus,26629,107
plus,26630,174
plus,26631,77
plus,26632,120
plus,26633,76
plus,26634,94
plus,26635,124
plus,26636,175
plus,26637,121
plus,26638,107
plus,26639,64
plus,26640,185
plus,26641,176
plus,26642,91
plus,26643,123
plus,26644,107
plus,26645,142
plus,26646,173
plus,26647,91
plus,26648,324
plus,26649,230
plus,26650,180
plus,26651,146
plus,26652,121
plus,26653,145
plus,26654,105
plus,26655,120
plus,26656,172
plus,26657,235
plus,26658,113
plus,26659,229
plus,26660,229
plus,26661,176
plus,26662,319
plus,26663,108
plus,26664,106
plus,26665,225
plus,26666,24
plus,26667,124
plus,26668,233
plus,26669,142
plus,26670,234
plus,26671,122
plus,26672,96
plus,26673,227
plus,26674,63
plus,26675,148
plus,26676,125
plus,26677,38
plus,26678,81
plus,26679,126
plus,26680,180
plus,26681,91
plus,26682,69
plus,26683,119
plus,26684,178
plus,26685,174
plus,26686,226
plus,26687,144
plus,26688,63
plus,26689,76
plus,26690,106
plus,26691,81
plus,26692,171
plus,26693,64
plus,26694,121
plus,26695,225
plus,26696,90
plus,26697,76
plus,26698,229
plus,26699,174
plus,26700,92
plus,26701,175
plus,26702,139
plus,26703,73
plus,26704,149
plus,26705,148
plus,26706,80
plus,26707,108
plus,26708,321
plus,26709,69
plus,26710,123
plus,26711,71
plus,26712,234
plus,26713,123
plus,26714,139
plus,26715,90
plus,26716,85
plus,26717,145
plus,26718,176
plus,26719,182
plus,26720,176
plus,26721,108
plus,26722,29
plus,26723,177
plus,26724,176
plus,26725,75
plus,26726,108
plus,26727,108
plus,26728,171
plus,26729,177
plus,26730,229
plus,26731,223
plus,26732,175
plus,26733,91
plus,26734,117
plus,26735,85
plus,26736,119
plus,26737,62
plus,26738,86
plus,26739,108
plus,26740,224
plus,26741,230
plus,26742,230
plus,26743,145
plus,26744,145
plus,26745,177
plus,26746,123
plus,26747,63
plus,26748,95
plus,26749,229
plus,26750,48
plus,26751,103
plus,26752,224
plus,26753,123
plus,26754,144
plus,26755,75
plus,26756,87
plus,26757,177
plus,26758,92
plus,26759,93
plus,26760,144
plus,26761,76
plus,26762,81
plus,26763,177
plus,26764,178
plus,26765,106
plus,26766,92
plus,26767,54
plus,26768,184
plus,26769,175
plus,26770,143
plus,26771,171
plus,26772,180
plus,26773,184
plus,26774,146
plus,26775,65
plus,26776,124
plus,26777,226
plus,26778,233
plus,26779,147
plus,26780,175
plus,26781,179
plus,26782,85
plus,26783,108
plus,26784,120
plus,26785,238
plus,26786,93
plus,26787,122
plus,26788,125
plus,26789,55
plus,26790,84
plus,26791,125
plus,26792,141
plus,26793,148
plus,26794,125
plus,26795,46
plus,26796,59
plus,26797,76
plus,26798,144
plus,26799,76
plus,26800,106
plus,26801,94
plus,26802,234
plus,26803,77
plus,26804,105
plus,26805,144
plus,26806,142
plus,26807,145
plus,26808,94
plus,26809,144
plus,26810,106
plus,26811,145
plus,26812,33
plus,26813,64
plus,26814,63
plus,26815,123
plus,26816,81
plus,26817,243
plus,26818,124
plus,26819,334
plus,26820,233
plus,26821,107
plus,26822,228
plus,26823,141
plus,26824,76
plus,26825,124
plus,26826,177
plus,26827,148
plus,26828,179
plus,26829,227
plus,26830,121
plus,26831,117
plus,26832,141
plus,26833,56
plus,26834,120
plus,26835,115
plus,26836,170
plus,26837,38
plus,26838,174
plus,26839,229
plus,26840,94
plus,26841,64
plus,26842,182
plus,26843,175
plus,26844,62
plus,26845,118
plus,26846,148
plus,26847,174
plus,26848,106
plus,26849,177
plus,26850,121
plus,26851,228
plus,26852,95
plus,26853,120
plus,26854,119
plus,26855,228
plus,26856,140
plus,26857,182
plus,26858,182
plus,26859,178
plus,26860,54
plus,26861,76
plus,26862,123
plus,26863,144
plus,26864,123
plus,26865,180
plus,26866,84
plus,26867,125
plus,26868,63
plus,26869,142
plus,26870,76
plus,26871,107
plus,26872,144
plus,26873,172
plus,26874,76
plus,26875,229
plus,26876,107
plus,26877,121
plus,26878,77
plus,26879,145
plus,26880,145
plus,26881,90
plus,26882,122
plus,26883,325
plus,26884,178
plus,26885,338
plus,26886,120
plus,26887,178
plus,26888,71
plus,26889,179
plus,26890,62
plus,26891,92
plus,26892,146
plus,26893,140
plus,26894,41
plus,26895,225
plus,26896,122
plus,26897,124
plus,26898,146
plus,26899,120
plus,26900,235
plus,26901,83
plus,26902,83
plus,26903,118
plus,26904,106
plus,26905,45
plus,26906,144
plus,26907,118
plus,26908,148
plus,26909,233
plus,26910,121
plus,26911,225
plus,26912,141
plus,26913,229
plus,26914,118
plus,26915,145
plus,26916,180
plus,26917,183
plus,26918,226
plus,26919,174
plus,26920,77
plus,26921,324
plus,26922,120
plus,26923,175
plus,26924,84
plus,26925,108
plus,26926,120
plus,26927,228
plus,26928,92
plus,26929,230
plus,26930,84
plus,26931,90
plus,26932,321
plus,26933,227
plus,26934,95
plus,26935,225
plus,26936,106
plus,26937,144
plus,26938,231
plus,26939,122
plus,26940,225
plus,26941,94
plus,26942,329
plus,26943,144
plus,26944,87
plus,26945,230
plus,26946,91
plus,26947,120
plus,26948,121
plus,26949,182
plus,26950,174
plus,26951,235
plus,26952,103
plus,26953,95
plus,26954,179
plus,26955,93
plus,26956,108
plus,26957,226
plus,26958,118
plus,26959,101
plus,26960,76
plus,26961,174
plus,26962,222
plus,26963,107
plus,26964,93
plus,26965,142
plus,26966,172
plus,26967,119
plus,26968,120
plus,26969,144
plus,26970,110
plus,26971,108
plus,26972,146
plus,26973,121
plus,26974,322
plus,26975,83
plus,26976,140
plus,26977,122
plus,26978,229
plus,26979,67
plus,26980,233
plus,26981,176
plus,26982,175
plus,26983,95
plus,26984,106
plus,26985,107
plus,26986,145
plus,26987,62
plus,26988,92
plus,26989,96
plus,26990,85
plus,26991,97
plus,26992,226
plus,26993,227
plus,26994,38
plus,26995,70
plus,26996,175
plus,26997,121
plus,26998,106
plus,26999,92
plus,27000,56
plus,27001,175
plus,27002,228
plus,27003,83
plus,27004,120
plus,27005,141
plus,27006,178
plus,27007,241
plus,27008,121
plus,27009,142
plus,27010,173
plus,27011,145
plus,27012,144
plus,27013,95
plus,27014,94
plus,27015,122
plus,27016,94
plus,27017,175
plus,27018,177
plus,27019,143
plus,27020,180
plus,27021,176
plus,27022,82
plus,27023,223
plus,27024,179
plus,27025,25
plus,27026,177
plus,27027,174
plus,27028,106
plus,27029,181
plus,27030,142
plus,27031,223
plus,27032,142
plus,27033,128
plus,27034,125
plus,27035,148
plus,27036,222
plus,27037,326
plus,27038,148
plus,27039,93
plus,27040,141
plus,27041,65
plus,27042,237
plus,27043,230
plus,27044,77
plus,27045,124
plus,27046,176
plus,27047,76
plus,27048,177
plus,27049,85
plus,27050,59
plus,27051,107
plus,27052,144
plus,27053,108
plus,27054,171
plus,27055,105
plus,27056,62
plus,27057,118
plus,27058,65
plus,27059,142
plus,27060,103
plus,27061,105
plus,27062,146
plus,27063,229
plus,27064,231
plus,27065,175
plus,27066,122
plus,27067,85
plus,27068,231
plus,27069,180
plus,27070,326
plus,27071,64
plus,27072,145
plus,27073,92
plus,27074,106
plus,27075,63
plus,27076,174
plus,27077,176
plus,27078,63
plus,27079,83
plus,27080,174
plus,27081,121
plus,27082,105
plus,27083,232
plus,27084,94
plus,27085,143
plus,27086,141
plus,27087,181
plus,27088,143
plus,27089,174
plus,27090,176
plus,27091,180
plus,27092,176
plus,27093,73
plus,27094,180
plus,27095,92
plus,27096,64
plus,27097,82
plus,27098,94
plus,27099,139
plus,27100,92
plus,27101,178
plus,27102,328
plus,27103,146
plus,27104,173
plus,27105,69
plus,27106,46
plus,27107,176
plus,27108,93
plus,27109,146
plus,27110,64
plus,27111,178
plus,27112,69
plus,27113,143
plus,27114,46
plus,27115,146
plus,27116,121
plus,27117,225
plus,27118,119
plus,27119,181
plus,27120,125
plus,27121,84
plus,27122,317
plus,27123,92
plus,27124,121
plus,27125,576
plus,27126,324
plus,27127,137
plus,27128,143
plus,27129,77
plus,27130,108
plus,27131,231
plus,27132,94
plus,27133,145
plus,27134,179
plus,27135,86
plus,27136,175
plus,27137,228
plus,27138,38
plus,27139,142
plus,27140,144
plus,27141,180
plus,27142,328
plus,27143,124
plus,27144,184
plus,27145,93
plus,27146,84
plus,27147,107
plus,27148,124
plus,27149,144
plus,27150,48
plus,27151,124
plus,27152,84
plus,27153,225
plus,27154,144
plus,27155,234
plus,27156,147
plus,27157,106
plus,27158,92
plus,27159,82
plus,27160,180
plus,27161,236
plus,27162,141
plus,27163,183
plus,27164,145
plus,27165,60
plus,27166,95
plus,27167,145
plus,27168,64
plus,27169,123
plus,27170,121
plus,27171,121
plus,27172,75
plus,27173,119
plus,27174,226
plus,27175,127
plus,27176,181
plus,27177,232
plus,27178,126
plus,27179,120
plus,27180,330
plus,27181,105
plus,27182,95
plus,27183,173
plus,27184,180
plus,27185,120
plus,27186,92
plus,27187,228
plus,27188,122
plus,27189,178
plus,27190,123
plus,27191,107
plus,27192,95
plus,27193,33
plus,27194,176
plus,27195,118
plus,27196,68
plus,27197,94
plus,27198,229
plus,27199,76
plus,27200,340
plus,27201,94
plus,27202,223
plus,27203,144
plus,27204,230
plus,27205,82
plus,27206,177
plus,27207,230
plus,27208,77
plus,27209,109
plus,27210,174
plus,27211,231
plus,27212,65
plus,27213,104
plus,27214,144
plus,27215,235
plus,27216,177
plus,27217,80
plus,27218,124
plus,27219,106
plus,27220,82
plus,27221,235
plus,27222,105
plus,27223,145
plus,27224,63
plus,27225,141
plus,27226,177
plus,27227,143
plus,27228,124
plus,27229,174
plus,27230,180
plus,27231,236
plus,27232,175
plus,27233,173
plus,27234,226
plus,27235,38
plus,27236,94
plus,27237,174
plus,27238,84
plus,27239,142
plus,27240,177
plus,27241,226
plus,27242,176
plus,27243,338
plus,27244,84
plus,27245,123
plus,27246,76
plus,27247,84
plus,27248,102
plus,27249,151
plus,27250,176
plus,27251,48
plus,27252,147
plus,27253,46
plus,27254,143
plus,27255,77
plus,27256,143
plus,27257,59
plus,27258,38
plus,27259,95
plus,27260,232
plus,27261,89
plus,27262,176
plus,27263,49
plus,27264,108
plus,27265,142
plus,27266,140
plus,27267,230
plus,27268,230
plus,27269,110
plus,27270,122
plus,27271,144
plus,27272,70
plus,27273,181
plus,27274,173
plus,27275,38
plus,27276,173
plus,27277,233
plus,27278,150
plus,27279,92
plus,27280,234
plus,27281,92
plus,27282,182
plus,27283,108
plus,27284,122
plus,27285,173
plus,27286,75
plus,27287,118
plus,27288,107
plus,27289,142
plus,27290,175
plus,27291,221
plus,27292,116
plus,27293,227
plus,27294,179
plus,27295,227
plus,27296,144
plus,27297,75
plus,27298,331
plus,27299,106
plus,27300,48
plus,27301,124
plus,27302,147
plus,27303,95
plus,27304,232
plus,27305,60
plus,27306,119
plus,27307,84
plus,27308,143
plus,27309,178
plus,27310,84
plus,27311,74
plus,27312,179
plus,27313,122
plus,27314,141
plus,27315,150
plus,27316,145
plus,27317,127
plus,27318,75
plus,27319,236
plus,27320,173
plus,27321,319
plus,27322,121
plus,27323,116
plus,27324,144
plus,27325,142
plus,27326,184
plus,27327,116
plus,27328,54
plus,27329,46
plus,27330,177
plus,27331,123
plus,27332,146
plus,27333,181
plus,27334,146
plus,27335,122
plus,27336,124
plus,27337,173
plus,27338,119
plus,27339,142
plus,27340,141
plus,27341,176
plus,27342,60
plus,27343,126
plus,27344,93
plus,27345,170
plus,27346,119
plus,27347,226
plus,27348,141
plus,27349,74
plus,27350,220
plus,27351,228
plus,27352,179
plus,27353,229
plus,27354,144
plus,27355,84
plus,27356,123
plus,27357,122
plus,27358,124
plus,27359,75
plus,27360,177
plus,27361,42
plus,27362,121
plus,27363,169
plus,27364,108
plus,27365,143
plus,27366,144
plus,27367,63
plus,27368,335
plus,27369,231
plus,27370,325
plus,27371,55
plus,27372,104
plus,27373,333
plus,27374,225
plus,27375,180
plus,27376,147
plus,27377,181
plus,27378,174
plus,27379,107
plus,27380,175
plus,27381,143
plus,27382,180
plus,27383,144
plus,27384,121
plus,27385,108
plus,27386,143
plus,27387,121
plus,27388,181
plus,27389,121
plus,27390,176
plus,27391,146
plus,27392,117
plus,27393,119
plus,27394,105
plus,27395,240
plus,27396,144
plus,27397,105
plus,27398,82
plus,27399,53
plus,27400,120
plus,27401,41
plus,27402,176
plus,27403,119
plus,27404,144
plus,27405,25
plus,27406,148
plus,27407,177
plus,27408,180
plus,27409,107
plus,27410,121
plus,27411,120
plus,27412,143
plus,27413,232
plus,27414,177
plus,27415,107
plus,27416,75
plus,27417,107
plus,27418,177
plus,27419,125
plus,27420,42
plus,27421,122
plus,27422,95
plus,27423,143
plus,27424,176
plus,27425,141
plus,27426,90
plus,27427,105
plus,27428,148
plus,27429,94
plus,27430,176
plus,27431,120
plus,27432,231
plus,27433,146
plus,27434,148
plus,27435,147
plus,27436,230
plus,27437,235
plus,27438,182
plus,27439,83
plus,27440,120
plus,27441,228
plus,27442,179
plus,27443,108
plus,27444,68
plus,27445,33
plus,27446,124
plus,27447,105
plus,27448,92
plus,27449,173
plus,27450,90
plus,27451,107
plus,27452,238
plus,27453,121
plus,27454,147
plus,27455,77
plus,27456,180
plus,27457,120
plus,27458,83
plus,27459,120
plus,27460,227
plus,27461,105
plus,27462,107
plus,27463,233
plus,27464,225
plus,27465,84
plus,27466,95
plus,27467,180
plus,27468,174
plus,27469,183
plus,27470,91
plus,27471,220
plus,27472,141
plus,27473,125
plus,27474,145
plus,27475,48
plus,27476,121
plus,27477,74
plus,27478,49
plus,27479,178
plus,27480,92
plus,27481,121
plus,27482,48
plus,27483,106
plus,27484,84
plus,27485,145
plus,27486,146
plus,27487,118
plus,27488,107
plus,27489,106
plus,27490,64
plus,27491,142
plus,27492,182
plus,27493,321
plus,27494,176
plus,27495,147
plus,27496,94
plus,27497,119
plus,27498,108
plus,27499,64
plus,27500,171
plus,27501,64
plus,27502,122
plus,27503,81
plus,27504,121
plus,27505,233
plus,27506,145
plus,27507,124
plus,27508,177
plus,27509,150
plus,27510,147
plus,27511,143
plus,27512,228
plus,27513,101
plus,27514,106
plus,27515,110
plus,27516,120
plus,27517,175
plus,27518,85
plus,27519,234
plus,27520,147
plus,27521,82
plus,27522,120
plus,27523,177
plus,27524,68
plus,27525,121
plus,27526,173
plus,27527,93
plus,27528,142
plus,27529,124
plus,27530,109
plus,27531,94
plus,27532,116
plus,27533,329
plus,27534,121
plus,27535,140
plus,27536,144
plus,27537,76
plus,27538,174
plus,27539,122
plus,27540,108
plus,27541,176
plus,27542,123
plus,27543,108
plus,27544,119
plus,27545,222
plus,27546,92
plus,27547,176
plus,27548,224
plus,27549,171
plus,27550,145
plus,27551,123
plus,27552,180
plus,27553,108
plus,27554,143
plus,27555,58
plus,27556,95
plus,27557,179
plus,27558,145
plus,27559,231
plus,27560,144
plus,27561,92
plus,27562,238
plus,27563,233
plus,27564,96
plus,27565,95
plus,27566,238
plus,27567,82
plus,27568,142
plus,27569,176
plus,27570,106
plus,27571,226
plus,27572,121
plus,27573,178
plus,27574,230
plus,27575,141
plus,27576,119
plus,27577,146
plus,27578,179
plus,27579,122
plus,27580,228
plus,27581,145
plus,27582,122
plus,27583,229
plus,27584,105
plus,27585,178
plus,27586,172
plus,27587,232
plus,27588,149
plus,27589,108
plus,27590,104
plus,27591,76
plus,27592,63
plus,27593,118
plus,27594,143
plus,27595,176
plus,27596,44
plus,27597,140
plus,27598,142
plus,27599,90
plus,27600,122
plus,27601,121
plus,27602,232
plus,27603,120
plus,27604,119
plus,27605,330
plus,27606,177
plus,27607,76
plus,27608,106
plus,27609,105
plus,27610,73
plus,27611,76
plus,27612,105
plus,27613,235
plus,27614,84
plus,27615,105
plus,27616,174
plus,27617,177
plus,27618,230
plus,27619,122
plus,27620,173
plus,27621,92
plus,27622,145
plus,27623,332
plus,27624,147
plus,27625,140
plus,27626,63
plus,27627,108
plus,27628,82
plus,27629,104
plus,27630,150
plus,27631,175
plus,27632,25
plus,27633,83
plus,27634,94
plus,27635,59
plus,27636,83
plus,27637,94
plus,27638,122
plus,27639,234
plus,27640,144
plus,27641,122
plus,27642,222
plus,27643,96
plus,27644,174
plus,27645,46
plus,27646,115
plus,27647,81
plus,27648,63
plus,27649,177
plus,27650,326
plus,27651,231
plus,27652,148
plus,27653,83
plus,27654,82
plus,27655,181
plus,27656,143
plus,27657,223
plus,27658,322
plus,27659,96
plus,27660,69
plus,27661,41
plus,27662,329
plus,27663,145
plus,27664,234
plus,27665,149
plus,27666,64
plus,27667,182
plus,27668,326
plus,27669,322
plus,27670,325
plus,27671,228
plus,27672,145
plus,27673,145
plus,27674,229
plus,27675,45
plus,27676,46
plus,27677,148
plus,27678,221
plus,27679,84
plus,27680,185
plus,27681,182
plus,27682,146
plus,27683,122
plus,27684,106
plus,27685,179
plus,27686,145
plus,27687,175
plus,27688,177
plus,27689,176
plus,27690,146
plus,27691,140
plus,27692,83
plus,27693,121
plus,27694,49
plus,27695,71
plus,27696,222
plus,27697,107
plus,27698,77
plus,27699,228
plus,27700,147
plus,27701,325
plus,27702,229
plus,27703,61
plus,27704,123
plus,27705,141
plus,27706,109
plus,27707,148
plus,27708,148
plus,27709,46
plus,27710,125
plus,27711,172
plus,27712,32
plus,27713,176
plus,27714,183
plus,27715,234
plus,27716,149
plus,27717,230
plus,27718,180
plus,27719,173
plus,27720,107
plus,27721,93
plus,27722,146
plus,27723,174
plus,27724,173
plus,27725,77
plus,27726,106
plus,27727,123
plus,27728,127
plus,27729,107
plus,27730,180
plus,27731,176
plus,27732,92
plus,27733,125
plus,27734,77
plus,27735,230
plus,27736,121
plus,27737,143
plus,27738,122
plus,27739,146
plus,27740,221
plus,27741,223
plus,27742,144
plus,27743,141
plus,27744,117
plus,27745,124
plus,27746,74
plus,27747,119
plus,27748,58
plus,27749,76
plus,27750,142
plus,27751,106
plus,27752,179
plus,27753,144
plus,27754,232
plus,27755,70
plus,27756,75
plus,27757,225
plus,27758,142
plus,27759,113
plus,27760,119
plus,27761,236
plus,27762,145
plus,27763,144
plus,27764,177
plus,27765,33
plus,27766,222
plus,27767,118
plus,27768,147
plus,27769,93
plus,27770,108
plus,27771,145
plus,27772,93
plus,27773,69
plus,27774,65
plus,27775,177
plus,27776,121
plus,27777,60
plus,27778,121
plus,27779,116
plus,27780,180
plus,27781,91
plus,27782,96
plus,27783,224
plus,27784,49
plus,27785,47
plus,27786,177
plus,27787,121
plus,27788,126
plus,27789,121
plus,27790,229
plus,27791,174
plus,27792,123
plus,27793,76
plus,27794,143
plus,27795,96
plus,27796,143
plus,27797,235
plus,27798,94
plus,27799,83
plus,27800,147
plus,27801,117
plus,27802,171
plus,27803,145
plus,27804,95
plus,27805,106
plus,27806,75
plus,27807,181
plus,27808,148
plus,27809,76
plus,27810,109
plus,27811,75
plus,27812,222
plus,27813,100
plus,27814,85
plus,27815,75
plus,27816,93
plus,27817,227
plus,27818,149
plus,27819,144
plus,27820,142
plus,27821,75
plus,27822,92
plus,27823,181
plus,27824,94
plus,27825,576
plus,27826,181
plus,27827,172
plus,27828,324
plus,27829,124
plus,27830,84
plus,27831,147
plus,27832,83
plus,27833,124
plus,27834,106
plus,27835,123
plus,27836,174
plus,27837,96
plus,27838,227
plus,27839,321
plus,27840,182
plus,27841,107
plus,27842,125
plus,27843,145
plus,27844,146
plus,27845,125
plus,27846,119
plus,27847,126
plus,27848,229
plus,27849,143
plus,27850,145
plus,27851,106
plus,27852,241
plus,27853,232
plus,27854,228
plus,27855,92
plus,27856,227
plus,27857,144
plus,27858,176
plus,27859,109
plus,27860,146
plus,27861,231
plus,27862,64
plus,27863,146
plus,27864,149
plus,27865,143
plus,27866,38
plus,27867,174
plus,27868,108
plus,27869,124
plus,27870,145
plus,27871,138
plus,27872,55
plus,27873,327
plus,27874,145
plus,27875,69
plus,27876,123
plus,27877,147
plus,27878,176
plus,27879,42
plus,27880,176
plus,27881,122
plus,27882,109
plus,27883,97
plus,27884,49
plus,27885,70
plus,27886,105
plus,27887,175
plus,27888,226
plus,27889,117
plus,27890,144
plus,27891,149
plus,27892,120
plus,27893,122
plus,27894,228
plus,27895,69
plus,27896,119
plus,27897,142
plus,27898,125
plus,27899,145
plus,27900,58
plus,27901,64
plus,27902,122
plus,27903,180
plus,27904,86
plus,27905,49
plus,27906,230
plus,27907,74
plus,27908,233
plus,27909,179
plus,27910,119
plus,27911,122
plus,27912,118
plus,27913,179
plus,27914,181
plus,27915,144
plus,27916,123
plus,27917,125
plus,27918,83
plus,27919,223
plus,27920,89
plus,27921,148
plus,27922,105
plus,27923,180
plus,27924,225
plus,27925,175
plus,27926,144
plus,27927,179
plus,27928,231
plus,27929,146
plus,27930,93
plus,27931,228
plus,27932,234
plus,27933,236
plus,27934,146
plus,27935,143
plus,27936,236
plus,27937,122
plus,27938,107
plus,27939,83
plus,27940,143
plus,27941,146
plus,27942,120
plus,27943,146
plus,27944,64
plus,27945,145
plus,27946,125
plus,27947,102
plus,27948,106
plus,27949,175
plus,27950,178
plus,27951,122
plus,27952,328
plus,27953,92
plus,27954,55
plus,27955,176
plus,27956,145
plus,27957,84
plus,27958,54
plus,27959,322
plus,27960,76
plus,27961,176
plus,27962,108
plus,27963,65
plus,27964,177
plus,27965,174
plus,27966,145
plus,27967,147
plus,27968,146
plus,27969,77
plus,27970,184
plus,27971,235
plus,27972,31
plus,27973,143
plus,27974,242
plus,27975,145
plus,27976,173
plus,27977,123
plus,27978,78
plus,27979,171
plus,27980,94
plus,27981,222
plus,27982,94
plus,27983,122
plus,27984,145
plus,27985,83
plus,27986,92
plus,27987,118
plus,27988,85
plus,27989,92
plus,27990,105
plus,27991,172
plus,27992,33
plus,27993,178
plus,27994,180
plus,27995,123
plus,27996,64
plus,27997,184
plus,27998,58
plus,27999,63
plus,28000,123
plus,28001,147
plus,28002,106
plus,28003,141
plus,28004,324
plus,28005,48
plus,28006,148
plus,28007,64
plus,28008,74
plus,28009,143
plus,28010,169
plus,28011,92
plus,28012,180
plus,28013,176
plus,28014,170
plus,28015,69
plus,28016,116
plus,28017,172
plus,28018,70
plus,28019,105
plus,28020,106
plus,28021,38
plus,28022,142
plus,28023,142
plus,28024,104
plus,28025,178
plus,28026,149
plus,28027,180
plus,28028,60
plus,28029,143
plus,28030,82
plus,28031,181
plus,28032,226
plus,28033,140
plus,28034,126
plus,28035,227
plus,28036,231
plus,28037,144
plus,28038,174
plus,28039,119
plus,28040,319
plus,28041,94
plus,28042,62
plus,28043,121
plus,28044,179
plus,28045,124
plus,28046,124
plus,28047,122
plus,28048,73
plus,28049,95
plus,28050,176
plus,28051,175
plus,28052,108
plus,28053,179
plus,28054,85
plus,28055,121
plus,28056,176
plus,28057,141
plus,28058,576
plus,28059,59
plus,28060,144
plus,28061,94
plus,28062,91
plus,28063,180
plus,28064,146
plus,28065,124
plus,28066,177
plus,28067,177
plus,28068,230
plus,28069,229
plus,28070,324
plus,28071,75
plus,28072,233
plus,28073,78
plus,28074,143
plus,28075,174
plus,28076,229
plus,28077,126
plus,28078,179
plus,28079,121
plus,28080,230
plus,28081,178
plus,28082,143
plus,28083,93
plus,28084,326
plus,28085,124
plus,28086,227
plus,28087,71
plus,28088,106
plus,28089,70
plus,28090,69
plus,28091,107
plus,28092,183
plus,28093,221
plus,28094,146
plus,28095,124
plus,28096,123
plus,28097,234
plus,28098,175
plus,28099,76
plus,28100,82
plus,28101,141
plus,28102,144
plus,28103,177
plus,28104,225
plus,28105,107
plus,28106,149
plus,28107,179
plus,28108,328
plus,28109,220
plus,28110,42
plus,28111,124
plus,28112,119
plus,28113,138
plus,28114,53
plus,28115,123
plus,28116,92
plus,28117,183
plus,28118,92
plus,28119,184
plus,28120,229
plus,28121,82
plus,28122,83
plus,28123,94
plus,28124,142
plus,28125,228
plus,28126,120
plus,28127,146
plus,28128,122
plus,28129,140
plus,28130,75
plus,28131,145
plus,28132,147
plus,28133,227
plus,28134,125
plus,28135,107
plus,28136,171
plus,28137,80
plus,28138,110
plus,28139,237
plus,28140,122
plus,28141,146
plus,28142,33
plus,28143,141
plus,28144,122
plus,28145,108
plus,28146,336
plus,28147,74
plus,28148,120
plus,28149,95
plus,28150,89
plus,28151,175
plus,28152,91
plus,28153,123
plus,28154,325
plus,28155,127
plus,28156,146
plus,28157,177
plus,28158,184
plus,28159,56
plus,28160,94
plus,28161,175
plus,28162,103
plus,28163,148
plus,28164,69
plus,28165,143
plus,28166,148
plus,28167,175
plus,28168,72
plus,28169,180
plus,28170,44
plus,28171,63
plus,28172,63
plus,28173,106
plus,28174,120
plus,28175,107
plus,28176,183
plus,28177,119
plus,28178,74
plus,28179,180
plus,28180,45
plus,28181,223
plus,28182,232
plus,28183,119
plus,28184,147
plus,28185,45
plus,28186,94
plus,28187,106
plus,28188,108
plus,28189,173
plus,28190,76
plus,28191,225
plus,28192,147
plus,28193,177
plus,28194,145
plus,28195,175
plus,28196,227
plus,28197,180
plus,28198,95
plus,28199,107
plus,28200,185
plus,28201,123
plus,28202,42
plus,28203,106
plus,28204,176
plus,28205,179
plus,28206,219
plus,28207,221
plus,28208,226
plus,28209,223
plus,28210,175
plus,28211,183
plus,28212,180
plus,28213,92
plus,28214,107
plus,28215,173
plus,28216,147
plus,28217,125
plus,28218,140
plus,28219,147
plus,28220,178
plus,28221,150
plus,28222,142
plus,28223,77
plus,28224,49
plus,28225,326
plus,28226,178
plus,28227,182
plus,28228,146
plus,28229,86
plus,28230,121
plus,28231,332
plus,28232,69
plus,28233,120
plus,28234,107
plus,28235,223
plus,28236,174
plus,28237,108
plus,28238,178
plus,28239,175
plus,28240,82
plus,28241,30
plus,28242,143
plus,28243,123
plus,28244,176
plus,28245,124
plus,28246,180
plus,28247,236
plus,28248,178
plus,28249,182
plus,28250,174
plus,28251,83
plus,28252,171
plus,28253,181
plus,28254,63
plus,28255,96
plus,28256,106
plus,28257,180
plus,28258,176
plus,28259,65
plus,28260,142
plus,28261,107
plus,28262,65
plus,28263,146
plus,28264,226
plus,28265,146
plus,28266,176
plus,28267,178
plus,28268,228
plus,28269,173
plus,28270,145
plus,28271,91
plus,28272,177
plus,28273,324
plus,28274,92
plus,28275,141
plus,28276,95
plus,28277,63
plus,28278,120
plus,28279,123
plus,28280,144
plus,28281,121
plus,28282,104
plus,28283,179
plus,28284,104
plus,28285,148
plus,28286,170
plus,28287,143
plus,28288,222
plus,28289,119
plus,28290,92
plus,28291,140
plus,28292,121
plus,28293,183
plus,28294,84
plus,28295,144
plus,28296,76
plus,28297,179
plus,28298,179
plus,28299,121
plus,28300,174
plus,28301,121
plus,28302,121
plus,28303,145
plus,28304,180
plus,28305,93
plus,28306,324
plus,28307,229
plus,28308,92
plus,28309,68
plus,28310,54
plus,28311,83
plus,28312,75
plus,28313,121
plus,28314,94
plus,28315,125
plus,28316,233
plus,28317,142
plus,28318,236
plus,28319,183
plus,28320,117
plus,28321,56
plus,28322,77
plus,28323,124
plus,28324,81
plus,28325,94
plus,28326,55
plus,28327,90
plus,28328,118
plus,28329,120
plus,28330,231
plus,28331,92
plus,28332,143
plus,28333,178
plus,28334,174
plus,28335,180
plus,28336,48
plus,28337,144
plus,28338,121
plus,28339,120
plus,28340,120
plus,28341,56
plus,28342,144
plus,28343,96
plus,28344,178
plus,28345,176
plus,28346,105
plus,28347,147
plus,28348,121
plus,28349,231
plus,28350,182
plus,28351,151
plus,28352,125
plus,28353,91
plus,28354,122
plus,28355,314
plus,28356,179
plus,28357,180
plus,28358,231
plus,28359,30
plus,28360,141
plus,28361,234
plus,28362,105
plus,28363,227
plus,28364,179
plus,28365,93
plus,28366,96
plus,28367,177
plus,28368,184
plus,28369,59
plus,28370,230
plus,28371,106
plus,28372,93
plus,28373,122
plus,28374,177
plus,28375,94
plus,28376,81
plus,28377,64
plus,28378,322
plus,28379,331
plus,28380,576
plus,28381,121
plus,28382,121
plus,28383,77
plus,28384,229
plus,28385,117
plus,28386,75
plus,28387,123
plus,28388,121
plus,28389,174
plus,28390,176
plus,28391,146
plus,28392,95
plus,28393,174
plus,28394,46
plus,28395,148
plus,28396,80
plus,28397,124
plus,28398,175
plus,28399,76
plus,28400,176
plus,28401,49
plus,28402,30
plus,28403,145
plus,28404,179
plus,28405,93
plus,28406,33
plus,28407,177
plus,28408,105
plus,28409,172
plus,28410,180
plus,28411,177
plus,28412,105
plus,28413,71
plus,28414,83
plus,28415,176
plus,28416,118
plus,28417,109
plus,28418,45
plus,28419,104
plus,28420,64
plus,28421,174
plus,28422,142
plus,28423,78
plus,28424,126
plus,28425,111
plus,28426,317
plus,28427,227
plus,28428,91
plus,28429,144
plus,28430,75
plus,28431,55
plus,28432,78
plus,28433,229
plus,28434,77
plus,28435,105
plus,28436,178
plus,28437,48
plus,28438,237
plus,28439,178
plus,28440,106
plus,28441,176
plus,28442,105
plus,28443,175
plus,28444,107
plus,28445,65
plus,28446,95
plus,28447,174
plus,28448,74
plus,28449,176
plus,28450,175
plus,28451,107
plus,28452,70
plus,28453,230
plus,28454,146
plus,28455,177
plus,28456,122
plus,28457,144
plus,28458,180
plus,28459,121
plus,28460,124
plus,28461,94
plus,28462,233
plus,28463,62
plus,28464,177
plus,28465,146
plus,28466,176
plus,28467,124
plus,28468,145
plus,28469,64
plus,28470,94
plus,28471,142
plus,28472,106
plus,28473,144
plus,28474,119
plus,28475,227
plus,28476,233
plus,28477,94
plus,28478,182
plus,28479,83
plus,28480,95
plus,28481,76
plus,28482,95
plus,28483,126
plus,28484,63
plus,28485,144
plus,28486,174
plus,28487,63
plus,28488,95
plus,28489,327
plus,28490,104
plus,28491,173
plus,28492,232
plus,28493,109
plus,28494,228
plus,28495,175
plus,28496,174
plus,28497,38
plus,28498,107
plus,28499,56
plus,28500,227
plus,28501,144
plus,28502,75
plus,28503,332
plus,28504,106
plus,28505,76
plus,28506,140
plus,28507,177
plus,28508,225
plus,28509,121
plus,28510,181
plus,28511,41
plus,28512,119
plus,28513,105
plus,28514,118
plus,28515,149
plus,28516,94
plus,28517,85
plus,28518,81
plus,28519,171
plus,28520,143
plus,28521,332
plus,28522,176
plus,28523,121
plus,28524,120
plus,28525,229
plus,28526,176
plus,28527,90
plus,28528,143
plus,28529,92
plus,28530,106
plus,28531,93
plus,28532,231
plus,28533,121
plus,28534,174
plus,28535,92
plus,28536,84
plus,28537,105
plus,28538,92
plus,28539,121
plus,28540,107
plus,28541,172
plus,28542,183
plus,28543,145
plus,28544,180
plus,28545,105
plus,28546,177
plus,28547,147
plus,28548,105
plus,28549,117
plus,28550,325
plus,28551,124
plus,28552,84
plus,28553,223
plus,28554,170
plus,28555,122
plus,28556,178
plus,28557,123
plus,28558,148
plus,28559,145
plus,28560,144
plus,28561,104
plus,28562,64
plus,28563,176
plus,28564,118
plus,28565,81
plus,28566,321
plus,28567,180
plus,28568,123
plus,28569,230
plus,28570,173
plus,28571,125
plus,28572,233
plus,28573,122
plus,28574,322
plus,28575,124
plus,28576,228
plus,28577,43
plus,28578,323
plus,28579,65
plus,28580,84
plus,28581,179
plus,28582,181
plus,28583,123
plus,28584,122
plus,28585,124
plus,28586,146
plus,28587,46
plus,28588,148
plus,28589,179
plus,28590,119
plus,28591,31
plus,28592,182
plus,28593,93
plus,28594,96
plus,28595,142
plus,28596,118
plus,28597,120
plus,28598,181
plus,28599,224
plus,28600,84
plus,28601,122
plus,28602,85
plus,28603,147
plus,28604,179
plus,28605,178
plus,28606,178
plus,28607,179
plus,28608,179
plus,28609,106
plus,28610,330
plus,28611,146
plus,28612,68
plus,28613,63
plus,28614,105
plus,28615,173
plus,28616,108
plus,28617,143
plus,28618,166
plus,28619,177
plus,28620,107
plus,28621,77
plus,28622,105
plus,28623,182
plus,28624,82
plus,28625,174
plus,28626,94
plus,28627,325
plus,28628,41
plus,28629,228
plus,28630,106
plus,28631,234
plus,28632,175
plus,28633,179
plus,28634,172
plus,28635,181
plus,28636,178
plus,28637,226
plus,28638,143
plus,28639,83
plus,28640,123
plus,28641,178
plus,28642,125
plus,28643,178
plus,28644,143
plus,28645,121
plus,28646,172
plus,28647,59
plus,28648,236
plus,28649,325
plus,28650,172
plus,28651,176
plus,28652,173
plus,28653,174
plus,28654,146
plus,28655,229
plus,28656,107
plus,28657,89
plus,28658,123
plus,28659,145
plus,28660,103
plus,28661,142
plus,28662,144
plus,28663,146
plus,28664,221
plus,28665,95
plus,28666,326
plus,28667,103
plus,28668,45
plus,28669,77
plus,28670,331
plus,28671,228
plus,28672,83
plus,28673,180
plus,28674,75
plus,28675,322
plus,28676,120
plus,28677,104
plus,28678,82
plus,28679,229
plus,28680,180
plus,28681,83
plus,28682,89
plus,28683,82
plus,28684,74
plus,28685,59
plus,28686,148
plus,28687,145
plus,28688,91
plus,28689,119
plus,28690,319
plus,28691,94
plus,28692,120
plus,28693,70
plus,28694,75
plus,28695,229
plus,28696,83
plus,28697,324
plus,28698,226
plus,28699,179
plus,28700,121
plus,28701,176
plus,28702,176
plus,28703,229
plus,28704,58
plus,28705,91
plus,28706,179
plus,28707,122
plus,28708,95
plus,28709,232
plus,28710,106
plus,28711,147
plus,28712,232
plus,28713,144
plus,28714,56
plus,28715,55
plus,28716,125
plus,28717,49
plus,28718,181
plus,28719,71
plus,28720,143
plus,28721,143
plus,28722,64
plus,28723,230
plus,28724,46
plus,28725,233
plus,28726,54
plus,28727,170
plus,28728,179
plus,28729,59
plus,28730,91
plus,28731,96
plus,28732,173
plus,28733,323
plus,28734,93
plus,28735,174
plus,28736,122
plus,28737,147
plus,28738,179
plus,28739,227
plus,28740,64
plus,28741,176
plus,28742,576
plus,28743,180
plus,28744,144
plus,28745,123
plus,28746,222
plus,28747,239
plus,28748,174
plus,28749,225
plus,28750,149
plus,28751,65
plus,28752,59
plus,28753,106
plus,28754,146
plus,28755,229
plus,28756,75
plus,28757,106
plus,28758,175
plus,28759,122
plus,28760,141
plus,28761,148
plus,28762,232
plus,28763,48
plus,28764,179
plus,28765,64
plus,28766,149
plus,28767,77
plus,28768,325
plus,28769,234
plus,28770,119
plus,28771,127
plus,28772,68
plus,28773,125
plus,28774,335
plus,28775,144
plus,28776,71
plus,28777,228
plus,28778,122
plus,28779,179
plus,28780,175
plus,28781,70
plus,28782,234
plus,28783,321
plus,28784,78
plus,28785,123
plus,28786,145
plus,28787,123
plus,28788,173
plus,28789,120
plus,28790,106
plus,28791,96
plus,28792,141
plus,28793,84
plus,28794,144
plus,28795,330
plus,28796,77
plus,28797,148
plus,28798,178
plus,28799,141
plus,28800,185
plus,28801,123
plus,28802,238
plus,28803,177
plus,28804,116
plus,28805,146
plus,28806,227
plus,28807,116
plus,28808,107
plus,28809,145
plus,28810,83
plus,28811,180
plus,28812,143
plus,28813,83
plus,28814,149
plus,28815,148
plus,28816,91
plus,28817,173
plus,28818,179
plus,28819,176
plus,28820,78
plus,28821,108
plus,28822,227
plus,28823,118
plus,28824,76
plus,28825,173
plus,28826,145
plus,28827,233
plus,28828,186
plus,28829,174
plus,28830,122
plus,28831,121
plus,28832,176
plus,28833,74
plus,28834,141
plus,28835,95
plus,28836,94
plus,28837,174
plus,28838,95
plus,28839,231
plus,28840,88
plus,28841,121
plus,28842,92
plus,28843,107
plus,28844,93
plus,28845,179
plus,28846,235
plus,28847,30
plus,28848,65
plus,28849,147
plus,28850,83
plus,28851,83
plus,28852,126
plus,28853,179
plus,28854,171
plus,28855,107
plus,28856,64
plus,28857,144
plus,28858,83
plus,28859,93
plus,28860,139
plus,28861,75
plus,28862,69
plus,28863,123
plus,28864,141
plus,28865,175
plus,28866,84
plus,28867,123
plus,28868,54
plus,28869,121
plus,28870,145
plus,28871,84
plus,28872,121
plus,28873,93
plus,28874,176
plus,28875,106
plus,28876,107
plus,28877,118
plus,28878,145
plus,28879,181
plus,28880,176
plus,28881,182
plus,28882,145
plus,28883,176
plus,28884,144
plus,28885,174
plus,28886,148
plus,28887,147
plus,28888,62
plus,28889,173
plus,28890,94
plus,28891,145
plus,28892,107
plus,28893,146
plus,28894,230
plus,28895,124
plus,28896,145
plus,28897,236
plus,28898,94
plus,28899,106
plus,28900,138
plus,28901,29
plus,28902,231
plus,28903,83
plus,28904,77
plus,28905,121
plus,28906,123
plus,28907,174
plus,28908,121
plus,28909,105
plus,28910,122
plus,28911,73
plus,28912,148
plus,28913,179
plus,28914,82
plus,28915,185
plus,28916,231
plus,28917,224
plus,28918,95
plus,28919,223
plus,28920,180
plus,28921,95
plus,28922,143
plus,28923,107
plus,28924,69
plus,28925,185
plus,28926,106
plus,28927,77
plus,28928,236
plus,28929,233
plus,28930,78
plus,28931,181
plus,28932,96
plus,28933,229
plus,28934,56
plus,28935,94
plus,28936,105
plus,28937,121
plus,28938,95
plus,28939,148
plus,28940,95
plus,28941,227
plus,28942,238
plus,28943,82
plus,28944,105
plus,28945,147
plus,28946,123
plus,28947,147
plus,28948,75
plus,28949,93
plus,28950,145
plus,28951,175
plus,28952,33
plus,28953,182
plus,28954,230
plus,28955,103
plus,28956,92
plus,28957,182
plus,28958,124
plus,28959,92
plus,28960,144
plus,28961,145
plus,28962,118
plus,28963,182
plus,28964,172
plus,28965,122
plus,28966,108
plus,28967,179
plus,28968,144
plus,28969,122
plus,28970,145
plus,28971,110
plus,28972,106
plus,28973,63
plus,28974,180
plus,28975,96
plus,28976,227
plus,28977,226
plus,28978,70
plus,28979,179
plus,28980,123
plus,28981,63
plus,28982,107
plus,28983,181
plus,28984,119
plus,28985,48
plus,28986,145
plus,28987,123
plus,28988,128
plus,28989,62
plus,28990,181
plus,28991,231
plus,28992,181
plus,28993,49
plus,28994,95
plus,28995,122
plus,28996,138
plus,28997,56
plus,28998,49
plus,28999,62
plus,29000,127
plus,29001,228
plus,29002,46
plus,29003,174
plus,29004,230
plus,29005,174
plus,29006,224
plus,29007,145
plus,29008,148
plus,29009,107
plus,29010,220
plus,29011,76
plus,29012,149
plus,29013,332
plus,29014,325
plus,29015,224
plus,29016,142
plus,29017,183
plus,29018,59
plus,29019,119
plus,29020,143
plus,29021,328
plus,29022,186
plus,29023,119
plus,29024,325
plus,29025,62
plus,29026,118
plus,29027,76
plus,29028,145
plus,29029,147
plus,29030,177
plus,29031,107
plus,29032,70
plus,29033,180
plus,29034,105
plus,29035,82
plus,29036,324
plus,29037,171
plus,29038,175
plus,29039,322
plus,29040,222
plus,29041,65
plus,29042,81
plus,29043,329
plus,29044,178
plus,29045,55
plus,29046,224
plus,29047,183
plus,29048,229
plus,29049,146
plus,29050,58
plus,29051,93
plus,29052,70
plus,29053,105
plus,29054,227
plus,29055,122
plus,29056,91
plus,29057,145
plus,29058,229
plus,29059,232
plus,29060,180
plus,29061,229
plus,29062,120
plus,29063,174
plus,29064,121
plus,29065,64
plus,29066,122
plus,29067,91
plus,29068,176
plus,29069,141
plus,29070,175
plus,29071,49
plus,29072,121
plus,29073,105
plus,29074,64
plus,29075,142
plus,29076,124
plus,29077,141
plus,29078,226
plus,29079,227
plus,29080,146
plus,29081,64
plus,29082,75
plus,29083,122
plus,29084,227
plus,29085,124
plus,29086,144
plus,29087,84
plus,29088,107
plus,29089,119
plus,29090,232
plus,29091,146
plus,29092,229
plus,29093,81
plus,29094,62
plus,29095,32
plus,29096,94
plus,29097,178
plus,29098,125
plus,29099,230
plus,29100,231
plus,29101,118
plus,29102,182
plus,29103,226
plus,29104,234
plus,29105,177
plus,29106,174
plus,29107,140
plus,29108,92
plus,29109,104
plus,29110,177
plus,29111,235
plus,29112,72
plus,29113,84
plus,29114,62
plus,29115,125
plus,29116,176
plus,29117,147
plus,29118,228
plus,29119,92
plus,29120,228
plus,29121,92
plus,29122,85
plus,29123,63
plus,29124,55
plus,29125,127
plus,29126,81
plus,29127,119
plus,29128,227
plus,29129,146
plus,29130,120
plus,29131,330
plus,29132,143
plus,29133,119
plus,29134,104
plus,29135,121
plus,29136,148
plus,29137,29
plus,29138,178
plus,29139,70
plus,29140,141
plus,29141,225
plus,29142,176
plus,29143,182
plus,29144,76
plus,29145,176
plus,29146,105
plus,29147,121
plus,29148,106
plus,29149,169
plus,29150,121
plus,29151,175
plus,29152,172
plus,29153,225
plus,29154,103
plus,29155,178
plus,29156,229
plus,29157,108
plus,29158,182
plus,29159,229
plus,29160,122
plus,29161,125
plus,29162,124
plus,29163,53
plus,29164,148
plus,29165,331
plus,29166,102
plus,29167,120
plus,29168,144
plus,29169,144
plus,29170,71
plus,29171,125
plus,29172,70
plus,29173,107
plus,29174,234
plus,29175,144
plus,29176,75
plus,29177,224
plus,29178,107
plus,29179,323
plus,29180,102
plus,29181,175
plus,29182,65
plus,29183,145
plus,29184,143
plus,29185,107
plus,29186,176
plus,29187,38
plus,29188,225
plus,29189,76
plus,29190,141
plus,29191,330
plus,29192,126
plus,29193,124
plus,29194,233
plus,29195,76
plus,29196,120
plus,29197,142
plus,29198,126
plus,29199,238
plus,29200,62
plus,29201,122
plus,29202,142
plus,29203,121
plus,29204,103
plus,29205,82
plus,29206,173
plus,29207,75
plus,29208,143
plus,29209,119
plus,29210,230
plus,29211,149
plus,29212,62
plus,29213,228
plus,29214,121
plus,29215,325
plus,29216,178
plus,29217,178
plus,29218,177
plus,29219,85
plus,29220,107
plus,29221,119
plus,29222,118
plus,29223,144
plus,29224,177
plus,29225,90
plus,29226,146
plus,29227,150
plus,29228,96
plus,29229,104
plus,29230,83
plus,29231,118
plus,29232,42
plus,29233,146
plus,29234,139
plus,29235,181
plus,29236,121
plus,29237,229
plus,29238,143
plus,29239,84
plus,29240,175
plus,29241,145
plus,29242,182
plus,29243,107
plus,29244,227
plus,29245,174
plus,29246,83
plus,29247,109
plus,29248,95
plus,29249,235
plus,29250,230
plus,29251,41
plus,29252,82
plus,29253,147
plus,29254,181
plus,29255,25
plus,29256,69
plus,29257,121
plus,29258,229
plus,29259,120
plus,29260,71
plus,29261,238
plus,29262,177
plus,29263,236
plus,29264,172
plus,29265,148
plus,29266,93
plus,29267,73
plus,29268,176
plus,29269,231
plus,29270,224
plus,29271,94
plus,29272,46
plus,29273,123
plus,29274,123
plus,29275,95
plus,29276,145
plus,29277,147
plus,29278,124
plus,29279,174
plus,29280,108
plus,29281,45
plus,29282,91
plus,29283,140
plus,29284,227
plus,29285,177
plus,29286,92
plus,29287,181
plus,29288,173
plus,29289,93
plus,29290,122
plus,29291,125
plus,29292,121
plus,29293,108
plus,29294,120
plus,29295,241
plus,29296,175
plus,29297,229
plus,29298,109
plus,29299,138
plus,29300,121
plus,29301,173
plus,29302,44
plus,29303,237
plus,29304,141
plus,29305,317
plus,29306,73
plus,29307,46
plus,29308,175
plus,29309,83
plus,29310,225
plus,29311,106
plus,29312,178
plus,29313,120
plus,29314,83
plus,29315,173
plus,29316,124
plus,29317,108
plus,29318,321
plus,29319,320
plus,29320,147
plus,29321,108
plus,29322,177
plus,29323,65
plus,29324,83
plus,29325,82
plus,29326,145
plus,29327,64
plus,29328,108
plus,29329,173
plus,29330,175
plus,29331,110
plus,29332,105
plus,29333,175
plus,29334,178
plus,29335,97
plus,29336,123
plus,29337,229
plus,29338,178
plus,29339,125
plus,29340,148
plus,29341,127
plus,29342,127
plus,29343,146
plus,29344,228
plus,29345,237
plus,29346,123
plus,29347,225
plus,29348,182
plus,29349,175
plus,29350,146
plus,29351,182
plus,29352,109
plus,29353,140
plus,29354,228
plus,29355,124
plus,29356,119
plus,29357,176
plus,29358,140
plus,29359,76
plus,29360,80
plus,29361,227
plus,29362,230
plus,29363,119
plus,29364,327
plus,29365,230
plus,29366,42
plus,29367,86
plus,29368,77
plus,29369,145
plus,29370,84
plus,29371,121
plus,29372,123
plus,29373,576
plus,29374,105
plus,29375,321
plus,29376,143
plus,29377,83
plus,29378,68
plus,29379,181
plus,29380,226
plus,29381,171
plus,29382,172
plus,29383,83
plus,29384,92
plus,29385,144
plus,29386,223
plus,29387,176
plus,29388,69
plus,29389,320
plus,29390,106
plus,29391,56
plus,29392,233
plus,29393,62
plus,29394,235
plus,29395,225
plus,29396,224
plus,29397,144
plus,29398,46
plus,29399,105
plus,29400,231
plus,29401,92
plus,29402,146
plus,29403,230
plus,29404,106
plus,29405,93
plus,29406,124
plus,29407,142
plus,29408,146
plus,29409,175
plus,29410,121
plus,29411,175
plus,29412,233
plus,29413,121
plus,29414,233
plus,29415,228
plus,29416,146
plus,29417,144
plus,29418,144
plus,29419,106
plus,29420,177
plus,29421,122
plus,29422,119
plus,29423,177
plus,29424,176
plus,29425,175
plus,29426,173
plus,29427,120
plus,29428,125
plus,29429,94
plus,29430,93
plus,29431,122
plus,29432,176
plus,29433,143
plus,29434,65
plus,29435,175
plus,29436,120
plus,29437,119
plus,29438,106
plus,29439,231
plus,29440,83
plus,29441,176
plus,29442,109
plus,29443,146
plus,29444,181
plus,29445,64
plus,29446,76
plus,29447,234
plus,29448,94
plus,29449,148
plus,29450,235
plus,29451,33
plus,29452,340
plus,29453,178
plus,29454,141
plus,29455,227
plus,29456,94
plus,29457,106
plus,29458,181
plus,29459,182
plus,29460,177
plus,29461,75
plus,29462,105
plus,29463,64
plus,29464,178
plus,29465,122
plus,29466,239
plus,29467,58
plus,29468,144
plus,29469,56
plus,29470,176
plus,29471,225
plus,29472,123
plus,29473,176
plus,29474,109
plus,29475,75
plus,29476,84
plus,29477,179
plus,29478,108
plus,29479,170
plus,29480,177
plus,29481,226
plus,29482,176
plus,29483,119
plus,29484,123
plus,29485,232
plus,29486,86
plus,29487,147
plus,29488,227
plus,29489,46
plus,29490,46
plus,29491,177
plus,29492,229
plus,29493,143
plus,29494,120
plus,29495,227
plus,29496,105
plus,29497,148
plus,29498,63
plus,29499,106
plus,29500,146
plus,29501,91
plus,29502,46
plus,29503,142
plus,29504,172
plus,29505,224
plus,29506,170
plus,29507,148
plus,29508,170
plus,29509,85
plus,29510,106
plus,29511,111
plus,29512,179
plus,29513,49
plus,29514,322
plus,29515,182
plus,29516,147
plus,29517,121
plus,29518,233
plus,29519,144
plus,29520,124
plus,29521,175
plus,29522,48
plus,29523,122
plus,29524,108
plus,29525,107
plus,29526,123
plus,29527,121
plus,29528,106
plus,29529,180
plus,29530,121
plus,29531,229
plus,29532,227
plus,29533,93
plus,29534,144
plus,29535,81
plus,29536,177
plus,29537,179
plus,29538,83
plus,29539,332
plus,29540,107
plus,29541,77
plus,29542,177
plus,29543,93
plus,29544,145
plus,29545,145
plus,29546,232
plus,29547,85
plus,29548,60
plus,29549,139
plus,29550,145
plus,29551,175
plus,29552,109
plus,29553,236
plus,29554,85
plus,29555,94
plus,29556,118
plus,29557,230
plus,29558,120
plus,29559,149
plus,29560,97
plus,29561,234
plus,29562,174
plus,29563,144
plus,29564,176
plus,29565,228
plus,29566,84
plus,29567,117
plus,29568,91
plus,29569,46
plus,29570,91
plus,29571,83
plus,29572,119
plus,29573,105
plus,29574,89
plus,29575,127
plus,29576,107
plus,29577,104
plus,29578,60
plus,29579,177
plus,29580,237
plus,29581,118
plus,29582,91
plus,29583,63
plus,29584,231
plus,29585,109
plus,29586,92
plus,29587,125
plus,29588,149
plus,29589,231
plus,29590,107
plus,29591,143
plus,29592,175
plus,29593,109
plus,29594,36
plus,29595,144
plus,29596,245
plus,29597,123
plus,29598,231
plus,29599,124
plus,29600,48
plus,29601,143
plus,29602,122
plus,29603,92
plus,29604,141
plus,29605,106
plus,29606,223
plus,29607,139
plus,29608,142
plus,29609,119
plus,29610,144
plus,29611,105
plus,29612,174
plus,29613,119
plus,29614,70
plus,29615,95
plus,29616,103
plus,29617,108
plus,29618,76
plus,29619,118
plus,29620,96
plus,29621,93
plus,29622,121
plus,29623,93
plus,29624,145
plus,29625,149
plus,29626,82
plus,29627,119
plus,29628,227
plus,29629,176
plus,29630,184
plus,29631,141
plus,29632,236
plus,29633,144
plus,29634,106
plus,29635,122
plus,29636,83
plus,29637,79
plus,29638,93
plus,29639,120
plus,29640,145
plus,29641,142
plus,29642,33
plus,29643,93
plus,29644,93
plus,29645,124
plus,29646,238
plus,29647,179
plus,29648,234
plus,29649,117
plus,29650,173
plus,29651,84
plus,29652,63
plus,29653,147
plus,29654,64
plus,29655,231
plus,29656,145
plus,29657,93
plus,29658,78
plus,29659,121
plus,29660,176
plus,29661,181
plus,29662,179
plus,29663,143
plus,29664,176
plus,29665,123
plus,29666,29
plus,29667,225
plus,29668,144
plus,29669,37
plus,29670,95
plus,29671,146
plus,29672,323
plus,29673,46
plus,29674,93
plus,29675,322
plus,29676,124
plus,29677,122
plus,29678,94
plus,29679,178
plus,29680,172
plus,29681,147
plus,29682,102
plus,29683,125
plus,29684,149
plus,29685,183
plus,29686,125
plus,29687,46
plus,29688,177
plus,29689,120
plus,29690,53
plus,29691,123
plus,29692,125
plus,29693,187
plus,29694,56
plus,29695,143
plus,29696,145
plus,29697,93
plus,29698,108
plus,29699,83
plus,29700,181
plus,29701,64
plus,29702,225
plus,29703,145
plus,29704,178
plus,29705,181
plus,29706,60
plus,29707,228
plus,29708,181
plus,29709,76
plus,29710,77
plus,29711,144
plus,29712,125
plus,29713,173
plus,29714,108
plus,29715,180
plus,29716,173
plus,29717,228
plus,29718,175
plus,29719,75
plus,29720,145
plus,29721,127
plus,29722,175
plus,29723,92
plus,29724,117
plus,29725,227
plus,29726,122
plus,29727,122
plus,29728,183
plus,29729,142
plus,29730,172
plus,29731,175
plus,29732,145
plus,29733,224
plus,29734,176
plus,29735,94
plus,29736,84
plus,29737,122
plus,29738,321
plus,29739,181
plus,29740,143
plus,29741,83
plus,29742,46
plus,29743,178
plus,29744,236
plus,29745,93
plus,29746,226
plus,29747,120
plus,29748,326
plus,29749,173
plus,29750,174
plus,29751,93
plus,29752,170
plus,29753,228
plus,29754,148
plus,29755,176
plus,29756,95
plus,29757,144
plus,29758,96
plus,29759,337
plus,29760,326
plus,29761,105
plus,29762,64
plus,29763,142
plus,29764,67
plus,29765,241
plus,29766,141
plus,29767,180
plus,29768,84
plus,29769,235
plus,29770,576
plus,29771,94
plus,29772,183
plus,29773,75
plus,29774,183
plus,29775,177
plus,29776,147
plus,29777,94
plus,29778,178
plus,29779,108
plus,29780,121
plus,29781,182
plus,29782,144
plus,29783,220
plus,29784,82
plus,29785,179
plus,29786,234
plus,29787,70
plus,29788,179
plus,29789,49
plus,29790,143
plus,29791,179
plus,29792,143
plus,29793,325
plus,29794,107
plus,29795,120
plus,29796,122
plus,29797,114
plus,29798,48
plus,29799,83
plus,29800,145
plus,29801,234
plus,29802,144
plus,29803,95
plus,29804,172
plus,29805,180
plus,29806,180
plus,29807,92
plus,29808,94
plus,29809,173
plus,29810,82
plus,29811,181
plus,29812,124
plus,29813,119
plus,29814,327
plus,29815,150
plus,29816,143
plus,29817,144
plus,29818,224
plus,29819,142
plus,29820,45
plus,29821,177
plus,29822,171
plus,29823,173
plus,29824,227
plus,29825,107
plus,29826,171
plus,29827,146
plus,29828,180
plus,29829,178
plus,29830,104
plus,29831,95
plus,29832,95
plus,29833,123
plus,29834,235
plus,29835,105
plus,29836,104
plus,29837,94
plus,29838,94
plus,29839,103
plus,29840,122
plus,29841,104
plus,29842,84
plus,29843,64
plus,29844,64
plus,29845,120
plus,29846,325
plus,29847,119
plus,29848,147
plus,29849,144
plus,29850,78
plus,29851,230
plus,29852,144
plus,29853,125
plus,29854,223
plus,29855,171
plus,29856,119
plus,29857,234
plus,29858,72
plus,29859,95
plus,29860,87
plus,29861,101
plus,29862,144
plus,29863,146
plus,29864,144
plus,29865,126
plus,29866,92
plus,29867,324
plus,29868,175
plus,29869,327
plus,29870,148
plus,29871,144
plus,29872,176
plus,29873,145
plus,29874,55
plus,29875,107
plus,29876,95
plus,29877,235
plus,29878,169
plus,29879,110
plus,29880,56
plus,29881,229
plus,29882,143
plus,29883,123
plus,29884,146
plus,29885,109
plus,29886,231
plus,29887,42
plus,29888,121
plus,29889,123
plus,29890,76
plus,29891,171
plus,29892,38
plus,29893,324
plus,29894,82
plus,29895,107
plus,29896,142
plus,29897,233
plus,29898,181
plus,29899,143
plus,29900,182
plus,29901,226
plus,29902,119
plus,29903,84
plus,29904,142
plus,29905,83
plus,29906,120
plus,29907,176
plus,29908,65
plus,29909,107
plus,29910,179
plus,29911,122
plus,29912,126
plus,29913,229
plus,29914,178
plus,29915,69
plus,29916,171
plus,29917,238
plus,29918,121
plus,29919,172
plus,29920,119
plus,29921,222
plus,29922,64
plus,29923,42
plus,29924,82
plus,29925,140
plus,29926,55
plus,29927,105
plus,29928,231
plus,29929,172
plus,29930,118
plus,29931,83
plus,29932,146
plus,29933,228
plus,29934,236
plus,29935,177
plus,29936,147
plus,29937,174
plus,29938,77
plus,29939,94
plus,29940,82
plus,29941,93
plus,29942,105
plus,29943,92
plus,29944,231
plus,29945,60
plus,29946,149
plus,29947,175
plus,29948,227
plus,29949,91
plus,29950,93
plus,29951,71
plus,29952,92
plus,29953,94
plus,29954,326
plus,29955,139
plus,29956,106
plus,29957,182
plus,29958,183
plus,29959,64
plus,29960,231
plus,29961,144
plus,29962,66
plus,29963,103
plus,29964,90
plus,29965,93
plus,29966,82
plus,29967,177
plus,29968,106
plus,29969,175
plus,29970,227
plus,29971,147
plus,29972,176
plus,29973,142
plus,29974,105
plus,29975,228
plus,29976,180
plus,29977,64
plus,29978,180
plus,29979,122
plus,29980,108
plus,29981,177
plus,29982,228
plus,29983,95
plus,29984,231
plus,29985,173
plus,29986,175
plus,29987,120
plus,29988,70
plus,29989,119
plus,29990,336
plus,29991,106
plus,29992,182
plus,29993,122
plus,29994,90
plus,29995,177
plus,29996,183
plus,29997,144
plus,29998,122
plus,29999,181
plus,30000,177
plus,30001,83
plus,30002,121
plus,30003,84
plus,30004,180
plus,30005,107
plus,30006,126
plus,30007,121
plus,30008,119
plus,30009,181
plus,30010,33
plus,30011,183
plus,30012,141
plus,30013,177
plus,30014,175
plus,30015,104
plus,30016,77
plus,30017,148
plus,30018,106
plus,30019,179
plus,30020,181
plus,30021,118
plus,30022,96
plus,30023,102
plus,30024,106
plus,30025,175
plus,30026,142
plus,30027,147
plus,30028,142
plus,30029,180
plus,30030,332
plus,30031,121
plus,30032,94
plus,30033,180
plus,30034,77
plus,30035,144
plus,30036,174
plus,30037,147
plus,30038,143
plus,30039,143
plus,30040,144
plus,30041,143
plus,30042,121
plus,30043,107
plus,30044,148
plus,30045,122
plus,30046,143
plus,30047,140
plus,30048,183
plus,30049,230
plus,30050,145
plus,30051,76
plus,30052,120
plus,30053,144
plus,30054,234
plus,30055,120
plus,30056,223
plus,30057,146
plus,30058,329
plus,30059,182
plus,30060,119
plus,30061,79
plus,30062,176
plus,30063,120
plus,30064,145
plus,30065,177
plus,30066,229
plus,30067,84
plus,30068,93
plus,30069,104
plus,30070,125
plus,30071,64
plus,30072,81
plus,30073,174
plus,30074,177
plus,30075,145
plus,30076,142
plus,30077,64
plus,30078,118
plus,30079,223
plus,30080,147
plus,30081,144
plus,30082,83
plus,30083,59
plus,30084,61
plus,30085,106
plus,30086,118
plus,30087,179
plus,30088,119
plus,30089,105
plus,30090,60
plus,30091,328
plus,30092,182
plus,30093,62
plus,30094,90
plus,30095,226
plus,30096,146
plus,30097,231
plus,30098,231
plus,30099,123
plus,30100,122
plus,30101,178
plus,30102,109
plus,30103,108
plus,30104,106
plus,30105,332
plus,30106,232
plus,30107,149
plus,30108,69
plus,30109,77
plus,30110,145
plus,30111,142
plus,30112,177
plus,30113,175
plus,30114,325
plus,30115,120
plus,30116,91
plus,30117,90
plus,30118,141
plus,30119,176
plus,30120,65
plus,30121,144
plus,30122,174
plus,30123,171
plus,30124,118
plus,30125,147
plus,30126,182
plus,30127,145
plus,30128,108
plus,30129,227
plus,30130,177
plus,30131,96
plus,30132,177
plus,30133,176
plus,30134,185
plus,30135,92
plus,30136,177
plus,30137,220
plus,30138,63
plus,30139,147
plus,30140,180
plus,30141,141
plus,30142,64
plus,30143,119
plus,30144,108
plus,30145,32
plus,30146,105
plus,30147,120
plus,30148,175
plus,30149,177
plus,30150,96
plus,30151,76
plus,30152,146
plus,30153,180
plus,30154,142
plus,30155,74
plus,30156,225
plus,30157,180
plus,30158,146
plus,30159,181
plus,30160,96
plus,30161,64
plus,30162,108
plus,30163,74
plus,30164,75
plus,30165,95
plus,30166,108
plus,30167,108
plus,30168,174
plus,30169,120
plus,30170,144
plus,30171,146
plus,30172,83
plus,30173,106
plus,30174,48
plus,30175,63
plus,30176,93
plus,30177,146
plus,30178,180
plus,30179,120
plus,30180,233
plus,30181,106
plus,30182,107
plus,30183,323
plus,30184,104
plus,30185,108
plus,30186,177
plus,30187,143
plus,30188,56
plus,30189,93
plus,30190,147
plus,30191,231
plus,30192,144
plus,30193,229
plus,30194,73
plus,30195,123
plus,30196,106
plus,30197,76
plus,30198,143
plus,30199,144
plus,30200,120
plus,30201,144
plus,30202,119
plus,30203,33
plus,30204,169
plus,30205,63
plus,30206,146
plus,30207,84
plus,30208,76
plus,30209,76
plus,30210,84
plus,30211,106
plus,30212,104
plus,30213,229
plus,30214,109
plus,30215,120
plus,30216,319
plus,30217,177
plus,30218,81
plus,30219,85
plus,30220,227
plus,30221,227
plus,30222,85
plus,30223,175
plus,30224,105
plus,30225,321
plus,30226,123
plus,30227,105
plus,30228,224
plus,30229,174
plus,30230,139
plus,30231,144
plus,30232,172
plus,30233,174
plus,30234,239
plus,30235,145
plus,30236,145
plus,30237,147
plus,30238,178
plus,30239,76
plus,30240,334
plus,30241,49
plus,30242,177
plus,30243,107
plus,30244,323
plus,30245,180
plus,30246,95
plus,30247,328
plus,30248,177
plus,30249,146
plus,30250,119
plus,30251,148
plus,30252,147
plus,30253,93
plus,30254,226
plus,30255,120
plus,30256,175
plus,30257,84
plus,30258,175
plus,30259,177
plus,30260,147
plus,30261,121
plus,30262,225
plus,30263,174
plus,30264,147
plus,30265,106
plus,30266,49
plus,30267,105
plus,30268,146
plus,30269,141
plus,30270,83
plus,30271,82
plus,30272,85
plus,30273,122
plus,30274,225
plus,30275,56
plus,30276,146
plus,30277,145
plus,30278,179
plus,30279,174
plus,30280,170
plus,30281,84
plus,30282,95
plus,30283,65
plus,30284,62
plus,30285,58
plus,30286,147
plus,30287,175
plus,30288,93
plus,30289,143
plus,30290,76
plus,30291,77
plus,30292,42
plus,30293,143
plus,30294,176
plus,30295,176
plus,30296,141
plus,30297,84
plus,30298,122
plus,30299,94
plus,30300,176
plus,30301,143
plus,30302,95
plus,30303,94
plus,30304,120
plus,30305,142
plus,30306,106
plus,30307,230
plus,30308,117
plus,30309,326
plus,30310,122
plus,30311,84
plus,30312,107
plus,30313,69
plus,30314,121
plus,30315,107
plus,30316,121
plus,30317,234
plus,30318,73
plus,30319,90
plus,30320,150
plus,30321,82
plus,30322,124
plus,30323,123
plus,30324,92
plus,30325,141
plus,30326,116
plus,30327,96
plus,30328,176
plus,30329,84
plus,30330,121
plus,30331,235
plus,30332,176
plus,30333,122
plus,30334,175
plus,30335,178
plus,30336,181
plus,30337,120
plus,30338,125
plus,30339,110
plus,30340,226
plus,30341,76
plus,30342,327
plus,30343,183
plus,30344,124
plus,30345,229
plus,30346,49
plus,30347,121
plus,30348,174
plus,30349,119
plus,30350,33
plus,30351,177
plus,30352,120
plus,30353,144
plus,30354,175
plus,30355,121
plus,30356,142
plus,30357,55
plus,30358,84
plus,30359,56
plus,30360,140
plus,30361,179
plus,30362,180
plus,30363,227
plus,30364,176
plus,30365,174
plus,30366,106
plus,30367,123
plus,30368,175
plus,30369,120
plus,30370,89
plus,30371,75
plus,30372,149
plus,30373,176
plus,30374,96
plus,30375,143
plus,30376,145
plus,30377,142
plus,30378,144
plus,30379,176
plus,30380,147
plus,30381,120
plus,30382,64
plus,30383,123
plus,30384,143
plus,30385,92
plus,30386,124
plus,30387,179
plus,30388,148
plus,30389,178
plus,30390,146
plus,30391,145
plus,30392,85
plus,30393,92
plus,30394,118
plus,30395,108
plus,30396,75
plus,30397,176
plus,30398,174
plus,30399,126
plus,30400,324
plus,30401,92
plus,30402,108
plus,30403,174
plus,30404,123
plus,30405,143
plus,30406,183
plus,30407,83
plus,30408,93
plus,30409,142
plus,30410,84
plus,30411,123
plus,30412,173
plus,30413,179
plus,30414,83
plus,30415,172
plus,30416,144
plus,30417,108
plus,30418,143
plus,30419,144
plus,30420,176
plus,30421,177
plus,30422,180
plus,30423,83
plus,30424,124
plus,30425,147
plus,30426,122
plus,30427,90
plus,30428,124
plus,30429,148
plus,30430,95
plus,30431,143
plus,30432,145
plus,30433,319
plus,30434,47
plus,30435,94
plus,30436,173
plus,30437,180
plus,30438,318
plus,30439,105
plus,30440,176
plus,30441,83
plus,30442,94
plus,30443,235
plus,30444,142
plus,30445,232
plus,30446,33
plus,30447,70
plus,30448,143
plus,30449,318
plus,30450,178
plus,30451,229
plus,30452,105
plus,30453,92
plus,30454,144
plus,30455,178
plus,30456,106
plus,30457,125
plus,30458,145
plus,30459,316
plus,30460,122
plus,30461,227
plus,30462,123
plus,30463,71
plus,30464,91
plus,30465,96
plus,30466,64
plus,30467,59
plus,30468,320
plus,30469,107
plus,30470,228
plus,30471,85
plus,30472,38
plus,30473,119
plus,30474,55
plus,30475,338
plus,30476,68
plus,30477,107
plus,30478,97
plus,30479,147
plus,30480,178
plus,30481,235
plus,30482,178
plus,30483,235
plus,30484,174
plus,30485,321
plus,30486,70
plus,30487,325
plus,30488,107
plus,30489,146
plus,30490,121
plus,30491,122
plus,30492,104
plus,30493,115
plus,30494,121
plus,30495,121
plus,30496,144
plus,30497,121
plus,30498,108
plus,30499,334
plus,30500,65
plus,30501,107
plus,30502,94
plus,30503,92
plus,30504,230
plus,30505,37
plus,30506,181
plus,30507,224
plus,30508,326
plus,30509,124
plus,30510,177
plus,30511,92
plus,30512,76
plus,30513,177
plus,30514,37
plus,30515,176
plus,30516,178
plus,30517,176
plus,30518,147
plus,30519,121
plus,30520,107
plus,30521,122
plus,30522,77
plus,30523,143
plus,30524,221
plus,30525,45
plus,30526,84
plus,30527,85
plus,30528,172
plus,30529,180
plus,30530,144
plus,30531,576
plus,30532,125
plus,30533,40
plus,30534,225
plus,30535,107
plus,30536,75
plus,30537,122
plus,30538,104
plus,30539,81
plus,30540,49
plus,30541,38
plus,30542,173
plus,30543,121
plus,30544,63
plus,30545,187
plus,30546,119
plus,30547,124
plus,30548,172
plus,30549,180
plus,30550,223
plus,30551,144
plus,30552,143
plus,30553,178
plus,30554,145
plus,30555,226
plus,30556,102
plus,30557,78
plus,30558,147
plus,30559,107
plus,30560,148
plus,30561,170
plus,30562,231
plus,30563,148
plus,30564,63
plus,30565,146
plus,30566,176
plus,30567,63
plus,30568,120
plus,30569,146
plus,30570,329
plus,30571,147
plus,30572,140
plus,30573,229
plus,30574,180
plus,30575,115
plus,30576,142
plus,30577,123
plus,30578,143
plus,30579,114
plus,30580,145
plus,30581,144
plus,30582,181
plus,30583,318
plus,30584,69
plus,30585,124
plus,30586,95
plus,30587,231
plus,30588,178
plus,30589,143
plus,30590,172
plus,30591,229
plus,30592,119
plus,30593,105
plus,30594,143
plus,30595,145
plus,30596,142
plus,30597,49
plus,30598,80
plus,30599,92
plus,30600,117
plus,30601,120
plus,30602,175
plus,30603,231
plus,30604,235
plus,30605,64
plus,30606,175
plus,30607,124
plus,30608,82
plus,30609,125
plus,30610,49
plus,30611,329
plus,30612,92
plus,30613,179
plus,30614,119
plus,30615,145
plus,30616,225
plus,30617,46
plus,30618,91
plus,30619,94
plus,30620,146
plus,30621,146
plus,30622,85
plus,30623,69
plus,30624,236
plus,30625,179
plus,30626,105
plus,30627,328
plus,30628,64
plus,30629,120
plus,30630,144
plus,30631,145
plus,30632,142
plus,30633,33
plus,30634,49
plus,30635,147
plus,30636,225
plus,30637,125
plus,30638,150
plus,30639,146
plus,30640,328
plus,30641,105
plus,30642,142
plus,30643,69
plus,30644,83
plus,30645,120
plus,30646,143
plus,30647,69
plus,30648,76
plus,30649,94
plus,30650,123
plus,30651,95
plus,30652,174
plus,30653,94
plus,30654,105
plus,30655,92
plus,30656,125
plus,30657,181
plus,30658,147
plus,30659,327
plus,30660,179
plus,30661,173
plus,30662,181
plus,30663,180
plus,30664,322
plus,30665,148
plus,30666,178
plus,30667,230
plus,30668,107
plus,30669,94
plus,30670,176
plus,30671,142
plus,30672,143
plus,30673,83
plus,30674,142
plus,30675,167
plus,30676,177
plus,30677,81
plus,30678,142
plus,30679,177
plus,30680,120
plus,30681,322
plus,30682,232
plus,30683,227
plus,30684,185
plus,30685,141
plus,30686,114
plus,30687,145
plus,30688,107
plus,30689,107
plus,30690,325
plus,30691,120
plus,30692,178
plus,30693,118
plus,30694,142
plus,30695,140
plus,30696,63
plus,30697,118
plus,30698,174
plus,30699,81
plus,30700,119
plus,30701,141
plus,30702,143
plus,30703,85
plus,30704,62
plus,30705,42
plus,30706,84
plus,30707,177
plus,30708,182
plus,30709,174
plus,30710,94
plus,30711,108
plus,30712,144
plus,30713,106
plus,30714,149
plus,30715,122
plus,30716,181
plus,30717,229
plus,30718,175
plus,30719,75
plus,30720,224
plus,30721,64
plus,30722,144
plus,30723,104
plus,30724,123
plus,30725,108
plus,30726,143
plus,30727,177
plus,30728,84
plus,30729,174
plus,30730,125
plus,30731,314
plus,30732,176
plus,30733,37
plus,30734,95
plus,30735,125
plus,30736,124
plus,30737,59
plus,30738,122
plus,30739,146
plus,30740,226
plus,30741,70
plus,30742,149
plus,30743,105
plus,30744,180
plus,30745,176
plus,30746,143
plus,30747,105
plus,30748,93
plus,30749,91
plus,30750,170
plus,30751,140
plus,30752,104
plus,30753,126
plus,30754,84
plus,30755,173
plus,30756,323
plus,30757,226
plus,30758,176
plus,30759,144
plus,30760,179
plus,30761,174
plus,30762,234
plus,30763,182
plus,30764,122
plus,30765,146
plus,30766,148
plus,30767,120
plus,30768,122
plus,30769,141
plus,30770,145
plus,30771,227
plus,30772,147
plus,30773,60
plus,30774,120
plus,30775,141
plus,30776,80
plus,30777,62
plus,30778,225
plus,30779,146
plus,30780,175
plus,30781,107
plus,30782,144
plus,30783,185
plus,30784,121
plus,30785,94
plus,30786,321
plus,30787,122
plus,30788,75
plus,30789,96
plus,30790,82
plus,30791,124
plus,30792,233
plus,30793,143
plus,30794,183
plus,30795,124
plus,30796,105
plus,30797,144
plus,30798,226
plus,30799,322
plus,30800,33
plus,30801,175
plus,30802,235
plus,30803,176
plus,30804,180
plus,30805,123
plus,30806,63
plus,30807,120
plus,30808,141
plus,30809,227
plus,30810,143
plus,30811,85
plus,30812,121
plus,30813,123
plus,30814,124
plus,30815,32
plus,30816,176
plus,30817,106
plus,30818,107
plus,30819,54
plus,30820,106
plus,30821,109
plus,30822,230
plus,30823,231
plus,30824,173
plus,30825,102
plus,30826,77
plus,30827,175
plus,30828,184
plus,30829,146
plus,30830,123
plus,30831,181
plus,30832,107
plus,30833,92
plus,30834,121
plus,30835,145
plus,30836,227
plus,30837,185
plus,30838,175
plus,30839,179
plus,30840,178
plus,30841,106
plus,30842,226
plus,30843,59
plus,30844,122
plus,30845,176
plus,30846,83
plus,30847,145
plus,30848,106
plus,30849,106
plus,30850,178
plus,30851,180
plus,30852,179
plus,30853,119
plus,30854,71
plus,30855,180
plus,30856,58
plus,30857,122
plus,30858,228
plus,30859,176
plus,30860,77
plus,30861,126
plus,30862,145
plus,30863,85
plus,30864,49
plus,30865,108
plus,30866,146
plus,30867,143
plus,30868,91
plus,30869,146
plus,30870,48
plus,30871,89
plus,30872,124
plus,30873,147
plus,30874,33
plus,30875,173
plus,30876,144
plus,30877,94
plus,30878,107
plus,30879,141
plus,30880,180
plus,30881,174
plus,30882,90
plus,30883,173
plus,30884,181
plus,30885,107
plus,30886,120
plus,30887,176
plus,30888,123
plus,30889,125
plus,30890,92
plus,30891,176
plus,30892,145
plus,30893,143
plus,30894,145
plus,30895,76
plus,30896,238
plus,30897,146
plus,30898,108
plus,30899,108
plus,30900,145
plus,30901,122
plus,30902,145
plus,30903,180
plus,30904,175
plus,30905,223
plus,30906,92
plus,30907,122
plus,30908,176
plus,30909,55
plus,30910,576
plus,30911,227
plus,30912,144
plus,30913,119
plus,30914,84
plus,30915,178
plus,30916,142
plus,30917,105
plus,30918,174
plus,30919,83
plus,30920,122
plus,30921,91
plus,30922,172
plus,30923,123
plus,30924,144
plus,30925,231
plus,30926,106
plus,30927,69
plus,30928,30
plus,30929,76
plus,30930,224
plus,30931,108
plus,30932,75
plus,30933,176
plus,30934,127
plus,30935,107
plus,30936,125
plus,30937,69
plus,30938,121
plus,30939,145
plus,30940,122
plus,30941,120
plus,30942,121
plus,30943,178
plus,30944,108
plus,30945,86
plus,30946,76
plus,30947,42
plus,30948,334
plus,30949,106
plus,30950,229
plus,30951,57
plus,30952,70
plus,30953,76
plus,30954,82
plus,30955,120
plus,30956,176
plus,30957,81
plus,30958,145
plus,30959,141
plus,30960,138
plus,30961,74
plus,30962,141
plus,30963,330
plus,30964,118
plus,30965,91
plus,30966,61
plus,30967,323
plus,30968,140
plus,30969,83
plus,30970,107
plus,30971,174
plus,30972,227
plus,30973,144
plus,30974,121
plus,30975,122
plus,30976,83
plus,30977,180
plus,30978,176
plus,30979,177
plus,30980,106
plus,30981,146
plus,30982,77
plus,30983,141
plus,30984,178
plus,30985,230
plus,30986,85
plus,30987,228
plus,30988,327
plus,30989,25
plus,30990,55
plus,30991,177
plus,30992,143
plus,30993,323
plus,30994,141
plus,30995,144
plus,30996,174
plus,30997,55
plus,30998,144
plus,30999,91
plus,31000,147
plus,31001,77
plus,31002,118
plus,31003,332
plus,31004,69
plus,31005,60
plus,31006,58
plus,31007,93
plus,31008,180
plus,31009,127
plus,31010,146
plus,31011,42
plus,31012,77
plus,31013,176
plus,31014,176
plus,31015,106
plus,31016,170
plus,31017,145
plus,31018,148
plus,31019,49
plus,31020,175
plus,31021,146
plus,31022,235
plus,31023,328
plus,31024,106
plus,31025,146
plus,31026,178
plus,31027,180
plus,31028,125
plus,31029,60
plus,31030,140
plus,31031,142
plus,31032,183
plus,31033,327
plus,31034,176
plus,31035,64
plus,31036,48
plus,31037,64
plus,31038,105
plus,31039,181
plus,31040,148
plus,31041,82
plus,31042,222
plus,31043,92
plus,31044,84
plus,31045,145
plus,31046,178
plus,31047,104
plus,31048,124
plus,31049,233
plus,31050,124
plus,31051,177
plus,31052,117
plus,31053,84
plus,31054,144
plus,31055,126
plus,31056,121
plus,31057,104
plus,31058,25
plus,31059,124
plus,31060,177
plus,31061,124
plus,31062,124
plus,31063,168
plus,31064,147
plus,31065,124
plus,31066,117
plus,31067,324
plus,31068,123
plus,31069,329
plus,31070,83
plus,31071,63
plus,31072,120
plus,31073,24
plus,31074,179
plus,31075,145
plus,31076,125
plus,31077,94
plus,31078,180
plus,31079,76
plus,31080,173
plus,31081,123
plus,31082,92
plus,31083,224
plus,31084,92
plus,31085,228
plus,31086,106
plus,31087,107
plus,31088,124
plus,31089,175
plus,31090,82
plus,31091,229
plus,31092,179
plus,31093,85
plus,31094,230
plus,31095,150
plus,31096,120
plus,31097,92
plus,31098,85
plus,31099,147
plus,31100,145
plus,31101,108
plus,31102,234
plus,31103,177
plus,31104,117
plus,31105,58
plus,31106,323
plus,31107,123
plus,31108,125
plus,31109,232
plus,31110,175
plus,31111,123
plus,31112,123
plus,31113,145
plus,31114,103
plus,31115,142
plus,31116,149
plus,31117,67
plus,31118,143
plus,31119,147
plus,31120,144
plus,31121,120
plus,31122,106
plus,31123,168
plus,31124,124
plus,31125,107
plus,31126,118
plus,31127,219
plus,31128,95
plus,31129,84
plus,31130,229
plus,31131,108
plus,31132,181
plus,31133,175
plus,31134,144
plus,31135,38
plus,31136,228
plus,31137,59
plus,31138,123
plus,31139,147
plus,31140,144
plus,31141,234
plus,31142,71
plus,31143,175
plus,31144,121
plus,31145,176
plus,31146,106
plus,31147,91
plus,31148,121
plus,31149,64
plus,31150,91
plus,31151,183
plus,31152,184
plus,31153,142
plus,31154,46
plus,31155,227
plus,31156,105
plus,31157,181
plus,31158,176
plus,31159,65
plus,31160,54
plus,31161,106
plus,31162,145
plus,31163,144
plus,31164,228
plus,31165,173
plus,31166,236
plus,31167,142
plus,31168,64
plus,31169,177
plus,31170,124
plus,31171,92
plus,31172,165
plus,31173,232
plus,31174,83
plus,31175,120
plus,31176,64
plus,31177,178
plus,31178,49
plus,31179,240
plus,31180,176
plus,31181,58
plus,31182,175
plus,31183,172
plus,31184,123
plus,31185,176
plus,31186,82
plus,31187,116
plus,31188,172
plus,31189,125
plus,31190,110
plus,31191,318
plus,31192,85
plus,31193,229
plus,31194,122
plus,31195,142
plus,31196,320
plus,31197,231
plus,31198,178
plus,31199,76
plus,31200,179
plus,31201,125
plus,31202,181
plus,31203,107
plus,31204,234
plus,31205,106
plus,31206,235
plus,31207,121
plus,31208,83
plus,31209,85
plus,31210,77
plus,31211,59
plus,31212,85
plus,31213,324
plus,31214,172
plus,31215,85
plus,31216,176
plus,31217,94
plus,31218,235
plus,31219,104
plus,31220,176
plus,31221,222
plus,31222,106
plus,31223,226
plus,31224,41
plus,31225,142
plus,31226,94
plus,31227,170
plus,31228,146
plus,31229,180
plus,31230,73
plus,31231,126
plus,31232,176
plus,31233,143
plus,31234,172
plus,31235,121
plus,31236,146
plus,31237,94
plus,31238,177
plus,31239,232
plus,31240,119
plus,31241,233
plus,31242,167
plus,31243,74
plus,31244,108
plus,31245,177
plus,31246,123
plus,31247,172
plus,31248,108
plus,31249,226
plus,31250,123
plus,31251,148
plus,31252,177
plus,31253,172
plus,31254,232
plus,31255,83
plus,31256,147
plus,31257,107
plus,31258,76
plus,31259,107
plus,31260,120
plus,31261,120
plus,31262,45
plus,31263,176
plus,31264,178
plus,31265,36
plus,31266,236
plus,31267,63
plus,31268,179
plus,31269,107
plus,31270,122
plus,31271,176
plus,31272,107
plus,31273,76
plus,31274,74
plus,31275,123
plus,31276,227
plus,31277,144
plus,31278,175
plus,31279,33
plus,31280,320
plus,31281,78
plus,31282,181
plus,31283,121
plus,31284,84
plus,31285,172
plus,31286,141
plus,31287,145
plus,31288,125
plus,31289,228
plus,31290,58
plus,31291,225
plus,31292,179
plus,31293,125
plus,31294,173
plus,31295,141
plus,31296,84
plus,31297,57
plus,31298,178
plus,31299,91
plus,31300,143
plus,31301,148
plus,31302,123
plus,31303,90
plus,31304,145
plus,31305,122
plus,31306,70
plus,31307,232
plus,31308,83
plus,31309,105
plus,31310,147
plus,31311,119
plus,31312,141
plus,31313,175
plus,31314,147
plus,31315,95
plus,31316,120
plus,31317,231
plus,31318,179
plus,31319,104
plus,31320,174
plus,31321,91
plus,31322,231
plus,31323,108
plus,31324,230
plus,31325,184
plus,31326,224
plus,31327,146
plus,31328,108
plus,31329,121
plus,31330,175
plus,31331,75
plus,31332,173
plus,31333,126
plus,31334,121
plus,31335,121
plus,31336,176
plus,31337,97
plus,31338,176
plus,31339,63
plus,31340,76
plus,31341,177
plus,31342,177
plus,31343,175
plus,31344,143
plus,31345,123
plus,31346,122
plus,31347,180
plus,31348,85
plus,31349,82
plus,31350,143
plus,31351,184
plus,31352,85
plus,31353,122
plus,31354,145
plus,31355,147
plus,31356,235
plus,31357,231
plus,31358,149
plus,31359,234
plus,31360,120
plus,31361,107
plus,31362,75
plus,31363,124
plus,31364,142
plus,31365,576
plus,31366,182
plus,31367,180
plus,31368,121
plus,31369,231
plus,31370,179
plus,31371,118
plus,31372,96
plus,31373,107
plus,31374,147
plus,31375,81
plus,31376,76
plus,31377,140
plus,31378,230
plus,31379,108
plus,31380,120
plus,31381,121
plus,31382,84
plus,31383,224
plus,31384,140
plus,31385,175
plus,31386,107
plus,31387,94
plus,31388,179
plus,31389,176
plus,31390,90
plus,31391,107
plus,31392,177
plus,31393,121
plus,31394,95
plus,31395,60
plus,31396,117
plus,31397,229
plus,31398,179
plus,31399,65
plus,31400,123
plus,31401,125
plus,31402,93
plus,31403,69
plus,31404,119
plus,31405,180
plus,31406,93
plus,31407,94
plus,31408,232
plus,31409,232
plus,31410,144
plus,31411,172
plus,31412,121
plus,31413,76
plus,31414,109
plus,31415,145
plus,31416,91
plus,31417,146
plus,31418,177
plus,31419,121
plus,31420,174
plus,31421,181
plus,31422,77
plus,31423,147
plus,31424,94
plus,31425,147
plus,31426,104
plus,31427,123
plus,31428,143
plus,31429,173
plus,31430,81
plus,31431,172
plus,31432,103
plus,31433,95
plus,31434,171
plus,31435,173
plus,31436,229
plus,31437,80
plus,31438,225
plus,31439,176
plus,31440,181
plus,31441,174
plus,31442,105
plus,31443,227
plus,31444,313
plus,31445,77
plus,31446,75
plus,31447,174
plus,31448,177
plus,31449,178
plus,31450,119
plus,31451,229
plus,31452,105
plus,31453,171
plus,31454,114
plus,31455,174
plus,31456,235
plus,31457,93
plus,31458,224
plus,31459,181
plus,31460,143
plus,31461,60
plus,31462,125
plus,31463,125
plus,31464,121
plus,31465,117
plus,31466,180
plus,31467,93
plus,31468,148
plus,31469,142
plus,31470,106
plus,31471,121
plus,31472,46
plus,31473,122
plus,31474,91
plus,31475,172
plus,31476,229
plus,31477,89
plus,31478,70
plus,31479,94
plus,31480,93
plus,31481,123
plus,31482,145
plus,31483,174
plus,31484,176
plus,31485,232
plus,31486,175
plus,31487,83
plus,31488,107
plus,31489,241
plus,31490,82
plus,31491,77
plus,31492,121
plus,31493,169
plus,31494,120
plus,31495,143
plus,31496,63
plus,31497,106
plus,31498,330
plus,31499,322
plus,31500,89
plus,31501,59
plus,31502,119
plus,31503,176
plus,31504,145
plus,31505,229
plus,31506,139
plus,31507,123
plus,31508,93
plus,31509,145
plus,31510,145
plus,31511,173
plus,31512,332
plus,31513,120
plus,31514,94
plus,31515,175
plus,31516,85
plus,31517,229
plus,31518,171
plus,31519,147
plus,31520,106
plus,31521,226
plus,31522,148
plus,31523,92
plus,31524,73
plus,31525,232
plus,31526,106
plus,31527,59
plus,31528,123
plus,31529,145
plus,31530,33
plus,31531,84
plus,31532,84
plus,31533,81
plus,31534,91
plus,31535,146
plus,31536,179
plus,31537,332
plus,31538,119
plus,31539,122
plus,31540,180
plus,31541,233
plus,31542,46
plus,31543,146
plus,31544,180
plus,31545,144
plus,31546,121
plus,31547,106
plus,31548,151
plus,31549,232
plus,31550,174
plus,31551,124
plus,31552,106
plus,31553,104
plus,31554,106
plus,31555,179
plus,31556,145
plus,31557,146
plus,31558,123
plus,31559,77
plus,31560,226
plus,31561,95
plus,31562,104
plus,31563,228
plus,31564,232
plus,31565,64
plus,31566,60
plus,31567,24
plus,31568,107
plus,31569,119
plus,31570,173
plus,31571,140
plus,31572,124
plus,31573,171
plus,31574,122
plus,31575,175
plus,31576,174
plus,31577,125
plus,31578,141
plus,31579,76
plus,31580,122
plus,31581,84
plus,31582,119
plus,31583,172
plus,31584,119
plus,31585,232
plus,31586,178
plus,31587,115
plus,31588,329
plus,31589,117
plus,31590,76
plus,31591,230
plus,31592,125
plus,31593,182
plus,31594,179
plus,31595,144
plus,31596,180
plus,31597,176
plus,31598,107
plus,31599,92
plus,31600,92
plus,31601,143
plus,31602,225
plus,31603,141
plus,31604,230
plus,31605,174
plus,31606,95
plus,31607,107
plus,31608,93
plus,31609,223
plus,31610,124
plus,31611,76
plus,31612,174
plus,31613,144
plus,31614,108
plus,31615,124
plus,31616,239
plus,31617,231
plus,31618,104
plus,31619,327
plus,31620,184
plus,31621,178
plus,31622,147
plus,31623,145
plus,31624,144
plus,31625,108
plus,31626,148
plus,31627,125
plus,31628,125
plus,31629,237
plus,31630,106
plus,31631,319
plus,31632,220
plus,31633,84
plus,31634,121
plus,31635,231
plus,31636,77
plus,31637,145
plus,31638,142
plus,31639,142
plus,31640,75
plus,31641,142
plus,31642,61
plus,31643,322
plus,31644,219
plus,31645,91
plus,31646,121
plus,31647,94
plus,31648,24
plus,31649,119
plus,31650,179
plus,31651,180
plus,31652,172
plus,31653,95
plus,31654,144
plus,31655,176
plus,31656,143
plus,31657,224
plus,31658,142
plus,31659,145
plus,31660,145
plus,31661,237
plus,31662,126
plus,31663,119
plus,31664,124
plus,31665,141
plus,31666,144
plus,31667,179
plus,31668,83
plus,31669,226
plus,31670,105
plus,31671,78
plus,31672,141
plus,31673,123
plus,31674,228
plus,31675,180
plus,31676,149
plus,31677,104
plus,31678,122
plus,31679,320
plus,31680,118
plus,31681,145
plus,31682,121
plus,31683,143
plus,31684,124
plus,31685,144
plus,31686,95
plus,31687,60
plus,31688,64
plus,31689,69
plus,31690,92
plus,31691,176
plus,31692,93
plus,31693,122
plus,31694,146
plus,31695,92
plus,31696,142
plus,31697,115
plus,31698,120
plus,31699,147
plus,31700,150
plus,31701,145
plus,31702,120
plus,31703,175
plus,31704,184
plus,31705,85
plus,31706,144
plus,31707,231
plus,31708,236
plus,31709,142
plus,31710,59
plus,31711,106
plus,31712,144
plus,31713,124
plus,31714,333
plus,31715,228
plus,31716,92
plus,31717,229
plus,31718,235
plus,31719,107
plus,31720,30
plus,31721,226
plus,31722,176
plus,31723,326
plus,31724,226
plus,31725,176
plus,31726,108
plus,31727,62
plus,31728,145
plus,31729,145
plus,31730,123
plus,31731,230
plus,31732,180
plus,31733,175
plus,31734,144
plus,31735,181
plus,31736,172
plus,31737,125
plus,31738,122
plus,31739,231
plus,31740,144
plus,31741,144
plus,31742,237
plus,31743,142
plus,31744,108
plus,31745,175
plus,31746,325
plus,31747,60
plus,31748,121
plus,31749,120
plus,31750,117
plus,31751,107
plus,31752,146
plus,31753,58
plus,31754,236
plus,31755,171
plus,31756,231
plus,31757,142
plus,31758,180
plus,31759,117
plus,31760,75
plus,31761,229
plus,31762,107
plus,31763,231
plus,31764,120
plus,31765,326
plus,31766,233
plus,31767,122
plus,31768,106
plus,31769,227
plus,31770,85
plus,31771,107
plus,31772,122
plus,31773,229
plus,31774,142
plus,31775,147
plus,31776,141
plus,31777,58
plus,31778,122
plus,31779,147
plus,31780,226
plus,31781,74
plus,31782,84
plus,31783,146
plus,31784,222
plus,31785,69
plus,31786,63
plus,31787,109
plus,31788,58
plus,31789,177
plus,31790,125
plus,31791,93
plus,31792,140
plus,31793,96
plus,31794,109
plus,31795,77
plus,31796,178
plus,31797,125
plus,31798,224
plus,31799,94
plus,31800,145
plus,31801,94
plus,31802,119
plus,31803,103
plus,31804,181
plus,31805,232
plus,31806,145
plus,31807,144
plus,31808,230
plus,31809,230
plus,31810,122
plus,31811,324
plus,31812,95
plus,31813,37
plus,31814,119
plus,31815,107
plus,31816,119
plus,31817,178
plus,31818,97
plus,31819,181
plus,31820,120
plus,31821,123
plus,31822,92
plus,31823,142
plus,31824,145
plus,31825,118
plus,31826,76
plus,31827,332
plus,31828,115
plus,31829,104
plus,31830,91
plus,31831,180
plus,31832,116
plus,31833,70
plus,31834,94
plus,31835,178
plus,31836,176
plus,31837,77
plus,31838,179
plus,31839,145
plus,31840,323
plus,31841,104
plus,31842,93
plus,31843,233
plus,31844,143
plus,31845,33
plus,31846,149
plus,31847,227
plus,31848,141
plus,31849,49
plus,31850,55
plus,31851,106
plus,31852,178
plus,31853,140
plus,31854,58
plus,31855,220
plus,31856,142
plus,31857,143
plus,31858,224
plus,31859,221
plus,31860,175
plus,31861,124
plus,31862,91
plus,31863,106
plus,31864,228
plus,31865,146
plus,31866,150
plus,31867,174
plus,31868,178
plus,31869,172
plus,31870,143
plus,31871,174
plus,31872,76
plus,31873,146
plus,31874,180
plus,31875,122
plus,31876,64
plus,31877,182
plus,31878,231
plus,31879,107
plus,31880,64
plus,31881,119
plus,31882,238
plus,31883,146
plus,31884,143
plus,31885,177
plus,31886,144
plus,31887,229
plus,31888,148
plus,31889,65
plus,31890,232
plus,31891,144
plus,31892,230
plus,31893,120
plus,31894,228
plus,31895,93
plus,31896,177
plus,31897,37
plus,31898,226
plus,31899,121
plus,31900,84
plus,31901,139
plus,31902,109
plus,31903,123
plus,31904,142
plus,31905,125
plus,31906,226
plus,31907,177
plus,31908,180
plus,31909,95
plus,31910,146
plus,31911,93
plus,31912,45
plus,31913,232
plus,31914,108
plus,31915,326
plus,31916,64
plus,31917,181
plus,31918,323
plus,31919,106
plus,31920,107
plus,31921,175
plus,31922,106
plus,31923,92
plus,31924,63
plus,31925,123
plus,31926,144
plus,31927,83
plus,31928,223
plus,31929,74
plus,31930,106
plus,31931,108
plus,31932,142
plus,31933,108
plus,31934,103
plus,31935,145
plus,31936,166
plus,31937,181
plus,31938,127
plus,31939,93
plus,31940,228
plus,31941,76
plus,31942,144
plus,31943,175
plus,31944,125
plus,31945,107
plus,31946,173
plus,31947,119
plus,31948,28
plus,31949,76
plus,31950,178
plus,31951,121
plus,31952,92
plus,31953,63
plus,31954,230
plus,31955,225
plus,31956,143
plus,31957,120
plus,31958,176
plus,31959,59
plus,31960,106
plus,31961,146
plus,31962,176
plus,31963,145
plus,31964,143
plus,31965,76
plus,31966,109
plus,31967,94
plus,31968,77
plus,31969,69
plus,31970,122
plus,31971,141
plus,31972,176
plus,31973,106
plus,31974,179
plus,31975,145
plus,31976,180
plus,31977,125
plus,31978,147
plus,31979,107
plus,31980,326
plus,31981,121
plus,31982,65
plus,31983,145
plus,31984,75
plus,31985,143
plus,31986,322
plus,31987,38
plus,31988,84
plus,31989,170
plus,31990,60
plus,31991,78
plus,31992,55
plus,31993,148
plus,31994,84
plus,31995,121
plus,31996,105
plus,31997,170
plus,31998,231
plus,31999,229
plus,32000,122
plus,32001,121
plus,32002,90
plus,32003,124
plus,32004,124
plus,32005,185
plus,32006,235
plus,32007,85
plus,32008,182
plus,32009,82
plus,32010,120
plus,32011,144
plus,32012,177
plus,32013,143
plus,32014,227
plus,32015,77
plus,32016,93
plus,32017,118
plus,32018,177
plus,32019,241
plus,32020,226
plus,32021,93
plus,32022,141
plus,32023,179
plus,32024,176
plus,32025,145
plus,32026,178
plus,32027,143
plus,32028,142
plus,32029,240
plus,32030,65
plus,32031,323
plus,32032,237
plus,32033,171
plus,32034,144
plus,32035,327
plus,32036,144
plus,32037,49
plus,32038,105
plus,32039,123
plus,32040,83
plus,32041,107
plus,32042,173
plus,32043,121
plus,32044,172
plus,32045,120
plus,32046,144
plus,32047,48
plus,32048,124
plus,32049,142
plus,32050,177
plus,32051,142
plus,32052,178
plus,32053,92
plus,32054,146
plus,32055,183
plus,32056,124
plus,32057,143
plus,32058,83
plus,32059,76
plus,32060,176
plus,32061,94
plus,32062,228
plus,32063,85
plus,32064,81
plus,32065,119
plus,32066,184
plus,32067,49
plus,32068,145
plus,32069,125
plus,32070,92
plus,32071,178
plus,32072,73
plus,32073,182
plus,32074,180
plus,32075,124
plus,32076,83
plus,32077,84
plus,32078,185
plus,32079,90
plus,32080,176
plus,32081,145
plus,32082,185
plus,32083,145
plus,32084,180
plus,32085,94
plus,32086,54
plus,32087,180
plus,32088,120
plus,32089,325
plus,32090,91
plus,32091,145
plus,32092,60
plus,32093,232
plus,32094,145
plus,32095,64
plus,32096,178
plus,32097,181
plus,32098,173
plus,32099,122
plus,32100,318
plus,32101,146
plus,32102,22
plus,32103,178
plus,32104,122
plus,32105,101
plus,32106,121
plus,32107,232
plus,32108,89
plus,32109,63
plus,32110,146
plus,32111,105
plus,32112,232
plus,32113,123
plus,32114,120
plus,32115,174
plus,32116,180
plus,32117,147
plus,32118,81
plus,32119,229
plus,32120,117
plus,32121,81
plus,32122,225
plus,32123,76
plus,32124,120
plus,32125,233
plus,32126,148
plus,32127,106
plus,32128,228
plus,32129,119
plus,32130,142
plus,32131,74
plus,32132,176
plus,32133,83
plus,32134,229
plus,32135,176
plus,32136,141
plus,32137,142
plus,32138,223
plus,32139,93
plus,32140,143
plus,32141,177
plus,32142,93
plus,32143,180
plus,32144,85
plus,32145,121
plus,32146,225
plus,32147,143
plus,32148,123
plus,32149,55
plus,32150,92
plus,32151,144
plus,32152,142
plus,32153,123
plus,32154,122
plus,32155,146
plus,32156,64
plus,32157,92
plus,32158,238
plus,32159,144
plus,32160,149
plus,32161,176
plus,32162,139
plus,32163,145
plus,32164,106
plus,32165,175
plus,32166,122
plus,32167,142
plus,32168,93
plus,32169,42
plus,32170,183
plus,32171,37
plus,32172,67
plus,32173,106
plus,32174,320
plus,32175,322
plus,32176,76
plus,32177,105
plus,32178,149
plus,32179,108
plus,32180,144
plus,32181,181
plus,32182,171
plus,32183,122
plus,32184,229
plus,32185,145
plus,32186,145
plus,32187,179
plus,32188,227
plus,32189,119
plus,32190,147
plus,32191,148
plus,32192,231
plus,32193,123
plus,32194,145
plus,32195,316
plus,32196,122
plus,32197,145
plus,32198,82
plus,32199,64
plus,32200,141
plus,32201,228
plus,32202,185
plus,32203,180
plus,32204,107
plus,32205,224
plus,32206,62
plus,32207,93
plus,32208,122
plus,32209,234
plus,32210,146
plus,32211,121
plus,32212,109
plus,32213,82
plus,32214,122
plus,32215,105
plus,32216,63
plus,32217,68
plus,32218,92
plus,32219,75
plus,32220,218
plus,32221,182
plus,32222,78
plus,32223,333
plus,32224,141
plus,32225,147
plus,32226,105
plus,32227,84
plus,32228,180
plus,32229,107
plus,32230,121
plus,32231,146
plus,32232,178
plus,32233,63
plus,32234,93
plus,32235,106
plus,32236,106
plus,32237,231
plus,32238,181
plus,32239,123
plus,32240,177
plus,32241,104
plus,32242,146
plus,32243,102
plus,32244,38
plus,32245,83
plus,32246,76
plus,32247,145
plus,32248,49
plus,32249,125
plus,32250,63
plus,32251,174
plus,32252,84
plus,32253,123
plus,32254,145
plus,32255,48
plus,32256,333
plus,32257,92
plus,32258,120
plus,32259,145
plus,32260,149
plus,32261,107
plus,32262,83
plus,32263,176
plus,32264,175
plus,32265,60
plus,32266,104
plus,32267,146
plus,32268,82
plus,32269,227
plus,32270,104
plus,32271,106
plus,32272,174
plus,32273,107
plus,32274,229
plus,32275,122
plus,32276,64
plus,32277,226
plus,32278,142
plus,32279,120
plus,32280,84
plus,32281,184
plus,32282,71
plus,32283,231
plus,32284,84
plus,32285,106
plus,32286,122
plus,32287,75
plus,32288,185
plus,32289,70
plus,32290,179
plus,32291,105
plus,32292,228
plus,32293,230
plus,32294,181
plus,32295,119
plus,32296,123
plus,32297,119
plus,32298,228
plus,32299,177
plus,32300,175
plus,32301,121
plus,32302,179
plus,32303,105
plus,32304,184
plus,32305,239
plus,32306,82
plus,32307,146
plus,32308,123
plus,32309,92
plus,32310,121
plus,32311,181
plus,32312,85
plus,32313,104
plus,32314,93
plus,32315,231
plus,32316,106
plus,32317,77
plus,32318,105
plus,32319,139
plus,32320,82
plus,32321,173
plus,32322,91
plus,32323,236
plus,32324,141
plus,32325,144
plus,32326,178
plus,32327,143
plus,32328,108
plus,32329,109
plus,32330,233
plus,32331,228
plus,32332,128
plus,32333,169
plus,32334,93
plus,32335,229
plus,32336,178
plus,32337,107
plus,32338,323
plus,32339,174
plus,32340,106
plus,32341,108
plus,32342,146
plus,32343,105
plus,32344,83
plus,32345,179
plus,32346,174
plus,32347,78
plus,32348,91
plus,32349,64
plus,32350,123
plus,32351,318
plus,32352,48
plus,32353,104
plus,32354,93
plus,32355,122
plus,32356,94
plus,32357,144
plus,32358,124
plus,32359,93
plus,32360,177
plus,32361,83
plus,32362,93
plus,32363,145
plus,32364,94
plus,32365,83
plus,32366,147
plus,32367,144
plus,32368,142
plus,32369,123
plus,32370,125
plus,32371,144
plus,32372,119
plus,32373,109
plus,32374,326
plus,32375,85
plus,32376,138
plus,32377,126
plus,32378,122
plus,32379,119
plus,32380,68
plus,32381,64
plus,32382,143
plus,32383,144
plus,32384,125
plus,32385,123
plus,32386,172
plus,32387,84
plus,32388,141
plus,32389,125
plus,32390,111
plus,32391,93
plus,32392,171
plus,32393,76
plus,32394,176
plus,32395,76
plus,32396,104
plus,32397,85
plus,32398,181
plus,32399,179
plus,32400,108
plus,32401,143
plus,32402,93
plus,32403,122
plus,32404,226
plus,32405,97
plus,32406,85
plus,32407,124
plus,32408,183
plus,32409,179
plus,32410,63
plus,32411,225
plus,32412,225
plus,32413,122
plus,32414,122
plus,32415,124
plus,32416,173
plus,32417,146
plus,32418,46
plus,32419,49
plus,32420,108
plus,32421,180
plus,32422,171
plus,32423,92
plus,32424,45
plus,32425,118
plus,32426,94
plus,32427,119
plus,32428,140
plus,32429,327
plus,32430,119
plus,32431,180
plus,32432,227
plus,32433,180
plus,32434,149
plus,32435,149
plus,32436,97
plus,32437,118
plus,32438,120
plus,32439,146
plus,32440,92
plus,32441,120
plus,32442,143
plus,32443,123
plus,32444,238
plus,32445,70
plus,32446,181
plus,32447,324
plus,32448,121
plus,32449,142
plus,32450,144
plus,32451,92
plus,32452,179
plus,32453,231
plus,32454,75
plus,32455,142
plus,32456,234
plus,32457,173
plus,32458,38
plus,32459,103
plus,32460,92
plus,32461,234
plus,32462,122
plus,32463,229
plus,32464,82
plus,32465,123
plus,32466,323
plus,32467,233
plus,32468,105
plus,32469,92
plus,32470,227
plus,32471,108
plus,32472,73
plus,32473,96
plus,32474,230
plus,32475,71
plus,32476,75
plus,32477,230
plus,32478,227
plus,32479,121
plus,32480,169
plus,32481,141
plus,32482,94
plus,32483,145
plus,32484,122
plus,32485,92
plus,32486,179
plus,32487,96
plus,32488,120
plus,32489,178
plus,32490,177
plus,32491,229
plus,32492,177
plus,32493,228
plus,32494,176
plus,32495,92
plus,32496,125
plus,32497,59
plus,32498,148
plus,32499,178
plus,32500,76
plus,32501,116
plus,32502,230
plus,32503,37
plus,32504,107
plus,32505,144
plus,32506,181
plus,32507,122
plus,32508,141
plus,32509,71
plus,32510,105
plus,32511,230
plus,32512,143
plus,32513,146
plus,32514,179
plus,32515,63
plus,32516,108
plus,32517,95
plus,32518,121
plus,32519,93
plus,32520,78
plus,32521,146
plus,32522,94
plus,32523,120
plus,32524,232
plus,32525,107
plus,32526,106
plus,32527,76
plus,32528,226
plus,32529,145
plus,32530,181
plus,32531,181
plus,32532,330
plus,32533,141
plus,32534,144
plus,32535,180
plus,32536,231
plus,32537,179
plus,32538,85
plus,32539,221
plus,32540,77
plus,32541,74
plus,32542,177
plus,32543,93
plus,32544,48
plus,32545,147
plus,32546,64
plus,32547,230
plus,32548,85
plus,32549,45
plus,32550,139
plus,32551,83
plus,32552,144
plus,32553,145
plus,32554,178
plus,32555,121
plus,32556,94
plus,32557,145
plus,32558,145
plus,32559,222
plus,32560,320
plus,32561,120
plus,32562,80
plus,32563,142
plus,32564,121
plus,32565,174
plus,32566,123
plus,32567,85
plus,32568,146
plus,32569,324
plus,32570,96
plus,32571,124
plus,32572,224
plus,32573,329
plus,32574,237
plus,32575,141
plus,32576,121
plus,32577,120
plus,32578,231
plus,32579,137
plus,32580,177
plus,32581,92
plus,32582,61
plus,32583,139
plus,32584,173
plus,32585,76
plus,32586,236
plus,32587,107
plus,32588,63
plus,32589,91
plus,32590,146
plus,32591,147
plus,32592,49
plus,32593,125
plus,32594,60
plus,32595,74
plus,32596,231
plus,32597,146
plus,32598,146
plus,32599,108
plus,32600,576
plus,32601,228
plus,32602,175
plus,32603,177
plus,32604,57
plus,32605,103
plus,32606,142
plus,32607,105
plus,32608,122
plus,32609,49
plus,32610,179
plus,32611,115
plus,32612,48
plus,32613,94
plus,32614,180
plus,32615,180
plus,32616,183
plus,32617,62
plus,32618,143
plus,32619,54
plus,32620,141
plus,32621,124
plus,32622,120
plus,32623,72
plus,32624,84
plus,32625,52
plus,32626,143
plus,32627,123
plus,32628,143
plus,32629,123
plus,32630,144
plus,32631,76
plus,32632,229
plus,32633,183
plus,32634,229
plus,32635,84
plus,32636,93
plus,32637,124
plus,32638,330
plus,32639,222
plus,32640,93
plus,32641,231
plus,32642,95
plus,32643,179
plus,32644,122
plus,32645,176
plus,32646,104
plus,32647,92
plus,32648,120
plus,32649,576
plus,32650,186
plus,32651,65
plus,32652,96
plus,32653,30
plus,32654,121
plus,32655,117
plus,32656,60
plus,32657,177
plus,32658,63
plus,32659,183
plus,32660,59
plus,32661,177
plus,32662,175
plus,32663,146
plus,32664,148
plus,32665,91
plus,32666,77
plus,32667,223
plus,32668,107
plus,32669,105
plus,32670,68
plus,32671,177
plus,32672,186
plus,32673,142
plus,32674,42
plus,32675,42
plus,32676,144
plus,32677,104
plus,32678,179
plus,32679,94
plus,32680,230
plus,32681,121
plus,32682,37
plus,32683,120
plus,32684,62
plus,32685,75
plus,32686,145
plus,32687,225
plus,32688,173
plus,32689,234
plus,32690,119
plus,32691,169
plus,32692,46
plus,32693,141
plus,32694,105
plus,32695,229
plus,32696,143
plus,32697,108
plus,32698,142
plus,32699,179
plus,32700,122
plus,32701,176
plus,32702,94
plus,32703,108
plus,32704,104
plus,32705,117
plus,32706,90
plus,32707,181
plus,32708,106
plus,32709,141
plus,32710,105
plus,32711,103
plus,32712,119
plus,32713,146
plus,32714,75
plus,32715,176
plus,32716,142
plus,32717,222
plus,32718,145
plus,32719,237
plus,32720,125
plus,32721,146
plus,32722,146
plus,32723,105
plus,32724,107
plus,32725,84
plus,32726,108
plus,32727,143
plus,32728,176
plus,32729,139
plus,32730,176
plus,32731,146
plus,32732,142
plus,32733,172
plus,32734,145
plus,32735,576
plus,32736,120
plus,32737,147
plus,32738,63
plus,32739,91
plus,32740,178
plus,32741,143
plus,32742,127
plus,32743,84
plus,32744,146
plus,32745,224
plus,32746,94
plus,32747,181
plus,32748,144
plus,32749,183
plus,32750,177
plus,32751,326
plus,32752,237
plus,32753,122
plus,32754,107
plus,32755,179
plus,32756,141
plus,32757,235
plus,32758,77
plus,32759,65
plus,32760,107
plus,32761,124
plus,32762,103
plus,32763,177
plus,32764,147
plus,32765,105
plus,32766,124
plus,32767,105
plus,32768,143
plus,32769,145
plus,32770,225
plus,32771,96
plus,32772,81
plus,32773,175
plus,32774,67
plus,32775,64
plus,32776,107
plus,32777,83
plus,32778,322
plus,32779,74
plus,32780,145
plus,32781,77
plus,32782,58
plus,32783,38
plus,32784,227
plus,32785,144
plus,32786,144
plus,32787,327
plus,32788,74
plus,32789,119
plus,32790,144
plus,32791,175
plus,32792,177
plus,32793,122
plus,32794,176
plus,32795,176
plus,32796,105
plus,32797,108
plus,32798,143
plus,32799,122
plus,32800,231
plus,32801,145
plus,32802,322
plus,32803,226
plus,32804,178
plus,32805,177
plus,32806,123
plus,32807,76
plus,32808,62
plus,32809,104
plus,32810,74
plus,32811,49
plus,32812,122
plus,32813,105
plus,32814,320
plus,32815,90
plus,32816,145
plus,32817,77
plus,32818,235
plus,32819,143
plus,32820,92
plus,32821,117
plus,32822,107
plus,32823,125
plus,32824,76
plus,32825,70
plus,32826,125
plus,32827,180
plus,32828,171
plus,32829,146
plus,32830,146
plus,32831,227
plus,32832,143
plus,32833,181
plus,32834,94
plus,32835,82
plus,32836,234
plus,32837,83
plus,32838,145
plus,32839,227
plus,32840,94
plus,32841,174
plus,32842,179
plus,32843,327
plus,32844,75
plus,32845,120
plus,32846,146
plus,32847,184
plus,32848,76
plus,32849,119
plus,32850,144
plus,32851,63
plus,32852,177
plus,32853,147
plus,32854,107
plus,32855,176
plus,32856,25
plus,32857,223
plus,32858,184
plus,32859,92
plus,32860,237
plus,32861,94
plus,32862,143
plus,32863,62
plus,32864,228
plus,32865,328
plus,32866,229
plus,32867,64
plus,32868,230
plus,32869,143
plus,32870,118
plus,32871,108
plus,32872,97
plus,32873,172
plus,32874,70
plus,32875,69
plus,32876,60
plus,32877,227
plus,32878,75
plus,32879,148
plus,32880,140
plus,32881,222
plus,32882,74
plus,32883,143
plus,32884,144
plus,32885,124
plus,32886,175
plus,32887,118
plus,32888,230
plus,32889,91
plus,32890,173
plus,32891,109
plus,32892,146
plus,32893,235
plus,32894,65
plus,32895,179
plus,32896,33
plus,32897,63
plus,32898,59
plus,32899,176
plus,32900,185
plus,32901,176
plus,32902,118
plus,32903,224
plus,32904,182
plus,32905,174
plus,32906,181
plus,32907,118
plus,32908,62
plus,32909,91
plus,32910,94
plus,32911,82
plus,32912,233
plus,32913,143
plus,32914,150
plus,32915,145
plus,32916,238
plus,32917,94
plus,32918,121
plus,32919,228
plus,32920,118
plus,32921,333
plus,32922,227
plus,32923,123
plus,32924,56
plus,32925,83
plus,32926,232
plus,32927,144
plus,32928,324
plus,32929,146
plus,32930,122
plus,32931,63
plus,32932,58
plus,32933,234
plus,32934,143
plus,32935,142
plus,32936,106
plus,32937,234
plus,32938,105
plus,32939,63
plus,32940,108
plus,32941,224
plus,32942,142
plus,32943,237
plus,32944,124
plus,32945,76
plus,32946,95
plus,32947,144
plus,32948,107
plus,32949,123
plus,32950,55
plus,32951,94
plus,32952,180
plus,32953,237
plus,32954,175
plus,32955,173
plus,32956,180
plus,32957,144
plus,32958,230
plus,32959,146
plus,32960,180
plus,32961,77
plus,32962,322
plus,32963,105
plus,32964,91
plus,32965,95
plus,32966,60
plus,32967,186
plus,32968,329
plus,32969,151
plus,32970,181
plus,32971,94
plus,32972,183
plus,32973,226
plus,32974,123
plus,32975,148
plus,32976,174
plus,32977,326
plus,32978,148
plus,32979,146
plus,32980,63
plus,32981,77
plus,32982,120
plus,32983,180
plus,32984,59
plus,32985,95
plus,32986,109
plus,32987,184
plus,32988,121
plus,32989,104
plus,32990,322
plus,32991,222
plus,32992,177
plus,32993,81
plus,32994,122
plus,32995,95
plus,32996,49
plus,32997,228
plus,32998,223
plus,32999,149
plus,33000,78
plus,33001,141
plus,33002,60
plus,33003,37
plus,33004,175
plus,33005,230
plus,33006,235
plus,33007,228
plus,33008,144
plus,33009,180
plus,33010,176
plus,33011,183
plus,33012,177
plus,33013,174
plus,33014,222
plus,33015,49
plus,33016,123
plus,33017,176
plus,33018,47
plus,33019,95
plus,33020,143
plus,33021,122
plus,33022,141
plus,33023,225
plus,33024,224
plus,33025,239
plus,33026,122
plus,33027,325
plus,33028,144
plus,33029,77
plus,33030,84
plus,33031,327
plus,33032,82
plus,33033,144
plus,33034,122
plus,33035,102
plus,33036,56
plus,33037,144
plus,33038,226
plus,33039,144
plus,33040,75
plus,33041,118
plus,33042,63
plus,33043,180
plus,33044,141
plus,33045,225
plus,33046,76
plus,33047,60
plus,33048,103
plus,33049,97
plus,33050,46
plus,33051,236
plus,33052,64
plus,33053,83
plus,33054,181
plus,33055,124
plus,33056,90
plus,33057,118
plus,33058,119
plus,33059,230
plus,33060,147
plus,33061,222
plus,33062,119
plus,33063,146
plus,33064,225
plus,33065,141
plus,33066,143
plus,33067,341
plus,33068,148
plus,33069,145
plus,33070,124
plus,33071,77
plus,33072,229
plus,33073,122
plus,33074,122
plus,33075,124
plus,33076,577
plus,33077,176
plus,33078,177
plus,33079,70
plus,33080,105
plus,33081,107
plus,33082,149
plus,33083,105
plus,33084,55
plus,33085,123
plus,33086,106
plus,33087,328
plus,33088,143
plus,33089,177
plus,33090,144
plus,33091,65
plus,33092,85
plus,33093,176
plus,33094,77
plus,33095,121
plus,33096,114
plus,33097,143
plus,33098,233
plus,33099,576
plus,33100,225
plus,33101,118
plus,33102,104
plus,33103,143
plus,33104,230
plus,33105,232
plus,33106,175
plus,33107,144
plus,33108,175
plus,33109,94
plus,33110,174
plus,33111,182
plus,33112,81
plus,33113,146
plus,33114,119
plus,33115,226
plus,33116,141
plus,33117,93
plus,33118,117
plus,33119,146
plus,33120,143
plus,33121,143
plus,33122,122
plus,33123,180
plus,33124,124
plus,33125,96
plus,33126,226
plus,33127,148
plus,33128,73
plus,33129,146
plus,33130,75
plus,33131,224
plus,33132,141
plus,33133,94
plus,33134,326
plus,33135,75
plus,33136,149
plus,33137,65
plus,33138,177
plus,33139,175
plus,33140,140
plus,33141,178
plus,33142,103
plus,33143,146
plus,33144,94
plus,33145,69
plus,33146,44
plus,33147,58
plus,33148,93
plus,33149,91
plus,33150,120
plus,33151,117
plus,33152,124
plus,33153,231
plus,33154,75
plus,33155,93
plus,33156,182
plus,33157,105
plus,33158,92
plus,33159,143
plus,33160,82
plus,33161,118
plus,33162,45
plus,33163,182
plus,33164,144
plus,33165,124
plus,33166,64
plus,33167,175
plus,33168,182
plus,33169,92
plus,33170,173
plus,33171,145
plus,33172,60
plus,33173,175
plus,33174,93
plus,33175,180
plus,33176,174
plus,33177,185
plus,33178,94
plus,33179,177
plus,33180,105
plus,33181,125
plus,33182,75
plus,33183,175
plus,33184,107
plus,33185,230
plus,33186,230
plus,33187,177
plus,33188,103
plus,33189,178
plus,33190,176
plus,33191,94
plus,33192,68
plus,33193,323
plus,33194,176
plus,33195,176
plus,33196,179
plus,33197,110
plus,33198,119
plus,33199,123
plus,33200,145
plus,33201,122
plus,33202,177
plus,33203,230
plus,33204,106
plus,33205,185
plus,33206,179
plus,33207,118
plus,33208,82
plus,33209,91
plus,33210,147
plus,33211,107
plus,33212,108
plus,33213,227
plus,33214,41
plus,33215,140
plus,33216,180
plus,33217,49
plus,33218,231
plus,33219,119
plus,33220,228
plus,33221,118
plus,33222,110
plus,33223,232
plus,33224,30
plus,33225,122
plus,33226,150
plus,33227,82
plus,33228,77
plus,33229,121
plus,33230,76
plus,33231,119
plus,33232,326
plus,33233,222
plus,33234,178
plus,33235,145
plus,33236,145
plus,33237,46
plus,33238,186
plus,33239,143
plus,33240,228
plus,33241,74
plus,33242,185
plus,33243,94
plus,33244,170
plus,33245,179
plus,33246,325
plus,33247,65
plus,33248,96
plus,33249,325
plus,33250,105
plus,33251,110
plus,33252,172
plus,33253,55
plus,33254,123
plus,33255,74
plus,33256,176
plus,33257,103
plus,33258,142
plus,33259,104
plus,33260,145
plus,33261,232
plus,33262,180
plus,33263,93
plus,33264,123
plus,33265,325
plus,33266,127
plus,33267,230
plus,33268,143
plus,33269,229
plus,33270,232
plus,33271,180
plus,33272,82
plus,33273,176
plus,33274,65
plus,33275,68
plus,33276,84
plus,33277,124
plus,33278,107
plus,33279,64
plus,33280,181
plus,33281,149
plus,33282,144
plus,33283,75
plus,33284,148
plus,33285,223
plus,33286,107
plus,33287,120
plus,33288,108
plus,33289,108
plus,33290,105
plus,33291,84
plus,33292,179
plus,33293,144
plus,33294,55
plus,33295,224
plus,33296,124
plus,33297,231
plus,33298,141
plus,33299,151
plus,33300,175
plus,33301,232
plus,33302,146
plus,33303,123
plus,33304,76
plus,33305,122
plus,33306,124
plus,33307,108
plus,33308,76
plus,33309,77
plus,33310,81
plus,33311,77
plus,33312,179
plus,33313,55
plus,33314,107
plus,33315,122
plus,33316,184
plus,33317,228
plus,33318,91
plus,33319,177
plus,33320,146
plus,33321,144
plus,33322,84
plus,33323,180
plus,33324,144
plus,33325,119
plus,33326,76
plus,33327,55
plus,33328,123
plus,33329,109
plus,33330,180
plus,33331,147
plus,33332,77
plus,33333,180
plus,33334,175
plus,33335,94
plus,33336,126
plus,33337,174
plus,33338,175
plus,33339,123
plus,33340,46
plus,33341,226
plus,33342,91
plus,33343,144
plus,33344,143
plus,33345,106
plus,33346,119
plus,33347,144
plus,33348,106
plus,33349,122
plus,33350,144
plus,33351,142
plus,33352,223
plus,33353,226
plus,33354,181
plus,33355,181
plus,33356,181
plus,33357,63
plus,33358,49
plus,33359,91
plus,33360,223
plus,33361,143
plus,33362,118
plus,33363,55
plus,33364,243
plus,33365,176
plus,33366,181
plus,33367,148
plus,33368,122
plus,33369,226
plus,33370,106
plus,33371,123
plus,33372,108
plus,33373,107
plus,33374,236
plus,33375,104
plus,33376,65
plus,33377,148
plus,33378,76
plus,33379,120
plus,33380,119
plus,33381,121
plus,33382,65
plus,33383,85
plus,33384,182
plus,33385,176
plus,33386,330
plus,33387,576
plus,33388,121
plus,33389,119
plus,33390,92
plus,33391,125
plus,33392,142
plus,33393,94
plus,33394,178
plus,33395,82
plus,33396,95
plus,33397,126
plus,33398,124
plus,33399,117
plus,33400,121
plus,33401,140
plus,33402,82
plus,33403,177
plus,33404,102
plus,33405,123
plus,33406,178
plus,33407,126
plus,33408,145
plus,33409,228
plus,33410,25
plus,33411,63
plus,33412,179
plus,33413,145
plus,33414,321
plus,33415,237
plus,33416,144
plus,33417,71
plus,33418,142
plus,33419,179
plus,33420,84
plus,33421,95
plus,33422,107
plus,33423,180
plus,33424,141
plus,33425,235
plus,33426,322
plus,33427,108
plus,33428,126
plus,33429,124
plus,33430,176
plus,33431,335
plus,33432,105
plus,33433,46
plus,33434,92
plus,33435,144
plus,33436,94
plus,33437,172
plus,33438,124
plus,33439,122
plus,33440,232
plus,33441,49
plus,33442,143
plus,33443,235
plus,33444,231
plus,33445,105
plus,33446,181
plus,33447,93
plus,33448,106
plus,33449,175
plus,33450,188
plus,33451,229
plus,33452,175
plus,33453,79
plus,33454,324
plus,33455,145
plus,33456,70
plus,33457,176
plus,33458,126
plus,33459,120
plus,33460,85
plus,33461,117
plus,33462,63
plus,33463,122
plus,33464,145
plus,33465,144
plus,33466,104
plus,33467,145
plus,33468,123
plus,33469,126
plus,33470,85
plus,33471,146
plus,33472,83
plus,33473,126
plus,33474,142
plus,33475,106
plus,33476,120
plus,33477,37
plus,33478,49
plus,33479,147
plus,33480,97
plus,33481,332
plus,33482,145
plus,33483,145
plus,33484,143
plus,33485,119
plus,33486,106
plus,33487,92
plus,33488,140
plus,33489,123
plus,33490,105
plus,33491,123
plus,33492,183
plus,33493,240
plus,33494,64
plus,33495,123
plus,33496,76
plus,33497,124
plus,33498,143
plus,33499,146
plus,33500,123
plus,33501,119
plus,33502,142
plus,33503,85
plus,33504,225
plus,33505,106
plus,33506,106
plus,33507,45
plus,33508,231
plus,33509,186
plus,33510,144
plus,33511,38
plus,33512,180
plus,33513,121
plus,33514,227
plus,33515,142
plus,33516,121
plus,33517,142
plus,33518,105
plus,33519,145
plus,33520,125
plus,33521,123
plus,33522,149
plus,33523,82
plus,33524,95
plus,33525,93
plus,33526,177
plus,33527,118
plus,33528,123
plus,33529,71
plus,33530,319
plus,33531,91
plus,33532,83
plus,33533,123
plus,33534,176
plus,33535,332
plus,33536,173
plus,33537,143
plus,33538,176
plus,33539,96
plus,33540,108
plus,33541,171
plus,33542,122
plus,33543,178
plus,33544,119
plus,33545,149
plus,33546,61
plus,33547,178
plus,33548,76
plus,33549,140
plus,33550,125
plus,33551,115
plus,33552,174
plus,33553,126
plus,33554,126
plus,33555,232
plus,33556,144
plus,33557,148
plus,33558,94
plus,33559,62
plus,33560,108
plus,33561,229
plus,33562,119
plus,33563,92
plus,33564,179
plus,33565,172
plus,33566,124
plus,33567,173
plus,33568,121
plus,33569,316
plus,33570,144
plus,33571,233
plus,33572,175
plus,33573,145
plus,33574,146
plus,33575,148
plus,33576,38
plus,33577,118
plus,33578,179
plus,33579,176
plus,33580,76
plus,33581,77
plus,33582,82
plus,33583,183
plus,33584,143
plus,33585,222
plus,33586,180
plus,33587,127
plus,33588,228
plus,33589,103
plus,33590,180
plus,33591,124
plus,33592,174
plus,33593,69
plus,33594,125
plus,33595,229
plus,33596,173
plus,33597,91
plus,33598,178
plus,33599,122
plus,33600,75
plus,33601,76
plus,33602,148
plus,33603,181
plus,33604,42
plus,33605,146
plus,33606,176
plus,33607,83
plus,33608,125
plus,33609,56
plus,33610,140
plus,33611,77
plus,33612,184
plus,33613,84
plus,33614,121
plus,33615,38
plus,33616,148
plus,33617,90
plus,33618,183
plus,33619,82
plus,33620,106
plus,33621,179
plus,33622,121
plus,33623,123
plus,33624,175
plus,33625,175
plus,33626,178
plus,33627,178
plus,33628,118
plus,33629,103
plus,33630,121
plus,33631,141
plus,33632,122
plus,33633,106
plus,33634,94
plus,33635,236
plus,33636,174
plus,33637,122
plus,33638,181
plus,33639,179
plus,33640,92
plus,33641,145
plus,33642,92
plus,33643,107
plus,33644,122
plus,33645,179
plus,33646,145
plus,33647,142
plus,33648,147
plus,33649,95
plus,33650,42
plus,33651,75
plus,33652,77
plus,33653,141
plus,33654,124
plus,33655,226
plus,33656,77
plus,33657,144
plus,33658,122
plus,33659,45
plus,33660,107
plus,33661,226
plus,33662,122
plus,33663,91
plus,33664,93
plus,33665,141
plus,33666,107
plus,33667,46
plus,33668,92
plus,33669,93
plus,33670,224
plus,33671,124
plus,33672,180
plus,33673,106
plus,33674,55
plus,33675,149
plus,33676,146
plus,33677,142
plus,33678,120
plus,33679,149
plus,33680,182
plus,33681,173
plus,33682,124
plus,33683,180
plus,33684,223
plus,33685,145
plus,33686,326
plus,33687,181
plus,33688,173
plus,33689,82
plus,33690,108
plus,33691,230
plus,33692,145
plus,33693,144
plus,33694,120
plus,33695,148
plus,33696,183
plus,33697,30
plus,33698,76
plus,33699,232
plus,33700,48
plus,33701,55
plus,33702,45
plus,33703,83
plus,33704,332
plus,33705,175
plus,33706,105
plus,33707,231
plus,33708,105
plus,33709,123
plus,33710,63
plus,33711,92
plus,33712,179
plus,33713,175
plus,33714,142
plus,33715,123
plus,33716,145
plus,33717,177
plus,33718,235
plus,33719,143
plus,33720,121
plus,33721,174
plus,33722,147
plus,33723,104
plus,33724,174
plus,33725,91
plus,33726,106
plus,33727,181
plus,33728,236
plus,33729,93
plus,33730,182
plus,33731,76
plus,33732,183
plus,33733,176
plus,33734,228
plus,33735,121
plus,33736,119
plus,33737,108
plus,33738,107
plus,33739,60
plus,33740,139
plus,33741,118
plus,33742,84
plus,33743,48
plus,33744,92
plus,33745,229
plus,33746,147
plus,33747,144
plus,33748,90
plus,33749,181
plus,33750,69
plus,33751,225
plus,33752,221
plus,33753,104
plus,33754,124
plus,33755,124
plus,33756,107
plus,33757,105
plus,33758,227
plus,33759,107
plus,33760,141
plus,33761,122
plus,33762,84
plus,33763,237
plus,33764,145
plus,33765,123
plus,33766,38
plus,33767,125
plus,33768,230
plus,33769,84
plus,33770,143
plus,33771,118
plus,33772,123
plus,33773,123
plus,33774,104
plus,33775,121
plus,33776,178
plus,33777,123
plus,33778,177
plus,33779,179
plus,33780,64
plus,33781,83
plus,33782,93
plus,33783,85
plus,33784,119
plus,33785,97
plus,33786,104
plus,33787,96
plus,33788,122
plus,33789,176
plus,33790,176
plus,33791,121
plus,33792,73
plus,33793,119
plus,33794,126
plus,33795,108
plus,33796,175
plus,33797,228
plus,33798,104
plus,33799,61
plus,33800,145
plus,33801,324
plus,33802,84
plus,33803,176
plus,33804,145
plus,33805,147
plus,33806,225
plus,33807,231
plus,33808,223
plus,33809,53
plus,33810,49
plus,33811,224
plus,33812,173
plus,33813,95
plus,33814,184
plus,33815,62
plus,33816,62
plus,33817,146
plus,33818,91
plus,33819,75
plus,33820,140
plus,33821,176
plus,33822,85
plus,33823,228
plus,33824,111
plus,33825,76
plus,33826,227
plus,33827,95
plus,33828,142
plus,33829,59
plus,33830,176
plus,33831,174
plus,33832,121
plus,33833,147
plus,33834,84
plus,33835,123
plus,33836,76
plus,33837,105
plus,33838,121
plus,33839,143
plus,33840,123
plus,33841,179
plus,33842,84
plus,33843,142
plus,33844,96
plus,33845,92
plus,33846,105
plus,33847,70
plus,33848,338
plus,33849,170
plus,33850,93
plus,33851,176
plus,33852,119
plus,33853,147
plus,33854,142
plus,33855,93
plus,33856,223
plus,33857,177
plus,33858,234
plus,33859,323
plus,33860,116
plus,33861,118
plus,33862,75
plus,33863,37
plus,33864,324
plus,33865,145
plus,33866,180
plus,33867,182
plus,33868,179
plus,33869,141
plus,33870,183
plus,33871,143
plus,33872,224
plus,33873,185
plus,33874,69
plus,33875,224
plus,33876,145
plus,33877,119
plus,33878,174
plus,33879,233
plus,33880,180
plus,33881,179
plus,33882,124
plus,33883,222
plus,33884,76
plus,33885,124
plus,33886,171
plus,33887,176
plus,33888,116
plus,33889,179
plus,33890,121
plus,33891,118
plus,33892,175
plus,33893,123
plus,33894,82
plus,33895,74
plus,33896,329
plus,33897,45
plus,33898,147
plus,33899,117
plus,33900,184
plus,33901,146
plus,33902,237
plus,33903,124
plus,33904,109
plus,33905,181
plus,33906,141
plus,33907,105
plus,33908,116
plus,33909,228
plus,33910,178
plus,33911,142
plus,33912,144
plus,33913,94
plus,33914,143
plus,33915,324
plus,33916,57
plus,33917,179
plus,33918,49
plus,33919,180
plus,33920,177
plus,33921,145
plus,33922,334
plus,33923,172
plus,33924,142
plus,33925,105
plus,33926,223
plus,33927,230
plus,33928,140
plus,33929,232
plus,33930,146
plus,33931,229
plus,33932,149
plus,33933,140
plus,33934,91
plus,33935,148
plus,33936,226
plus,33937,235
plus,33938,146
plus,33939,141
plus,33940,122
plus,33941,325
plus,33942,126
plus,33943,182
plus,33944,227
plus,33945,146
plus,33946,177
plus,33947,122
plus,33948,227
plus,33949,225
plus,33950,322
plus,33951,93
plus,33952,122
plus,33953,83
plus,33954,126
plus,33955,83
plus,33956,105
plus,33957,59
plus,33958,175
plus,33959,227
plus,33960,180
plus,33961,226
plus,33962,143
plus,33963,322
plus,33964,180
plus,33965,62
plus,33966,106
plus,33967,179
plus,33968,238
plus,33969,122
plus,33970,232
plus,33971,140
plus,33972,178
plus,33973,329
plus,33974,143
plus,33975,142
plus,33976,230
plus,33977,143
plus,33978,65
plus,33979,107
plus,33980,105
plus,33981,222
plus,33982,122
plus,33983,143
plus,33984,147
plus,33985,176
plus,33986,174
plus,33987,227
plus,33988,68
plus,33989,182
plus,33990,75
plus,33991,120
plus,33992,106
plus,33993,82
plus,33994,119
plus,33995,142
plus,33996,46
plus,33997,222
plus,33998,121
plus,33999,120
plus,34000,76
plus,34001,122
plus,34002,93
plus,34003,109
plus,34004,68
plus,34005,123
plus,34006,55
plus,34007,108
plus,34008,123
plus,34009,121
plus,34010,148
plus,34011,176
plus,34012,60
plus,34013,323
plus,34014,175
plus,34015,107
plus,34016,148
plus,34017,227
plus,34018,233
plus,34019,60
plus,34020,55
plus,34021,175
plus,34022,148
plus,34023,56
plus,34024,182
plus,34025,94
plus,34026,118
plus,34027,237
plus,34028,70
plus,34029,106
plus,34030,229
plus,34031,118
plus,34032,83
plus,34033,145
plus,34034,146
plus,34035,105
plus,34036,228
plus,34037,174
plus,34038,122
plus,34039,145
plus,34040,84
plus,34041,120
plus,34042,125
plus,34043,123
plus,34044,327
plus,34045,179
plus,34046,176
plus,34047,179
plus,34048,103
plus,34049,127
plus,34050,173
plus,34051,74
plus,34052,120
plus,34053,222
plus,34054,75
plus,34055,180
plus,34056,125
plus,34057,105
plus,34058,108
plus,34059,30
plus,34060,109
plus,34061,174
plus,34062,106
plus,34063,84
plus,34064,225
plus,34065,84
plus,34066,84
plus,34067,92
plus,34068,94
plus,34069,146
plus,34070,142
plus,34071,55
plus,34072,121
plus,34073,77
plus,34074,144
plus,34075,93
plus,34076,324
plus,34077,145
plus,34078,92
plus,34079,108
plus,34080,76
plus,34081,124
plus,34082,174
plus,34083,120
plus,34084,41
plus,34085,145
plus,34086,122
plus,34087,119
plus,34088,120
plus,34089,103
plus,34090,85
plus,34091,142
plus,34092,179
plus,34093,236
plus,34094,174
plus,34095,144
plus,34096,123
plus,34097,122
plus,34098,46
plus,34099,180
plus,34100,170
plus,34101,147
plus,34102,181
plus,34103,95
plus,34104,69
plus,34105,576
plus,34106,75
plus,34107,123
plus,34108,178
plus,34109,177
plus,34110,150
plus,34111,142
plus,34112,176
plus,34113,107
plus,34114,126
plus,34115,177
plus,34116,228
plus,34117,46
plus,34118,121
plus,34119,182
plus,34120,121
plus,34121,149
plus,34122,142
plus,34123,179
plus,34124,143
plus,34125,94
plus,34126,76
plus,34127,119
plus,34128,82
plus,34129,92
plus,34130,73
plus,34131,235
plus,34132,231
plus,34133,104
plus,34134,230
plus,34135,228
plus,34136,92
plus,34137,177
plus,34138,142
plus,34139,29
plus,34140,143
plus,34141,144
plus,34142,145
plus,34143,120
plus,34144,90
plus,34145,105
plus,34146,148
plus,34147,177
plus,34148,233
plus,34149,180
plus,34150,145
plus,34151,144
plus,34152,91
plus,34153,146
plus,34154,107
plus,34155,177
plus,34156,175
plus,34157,78
plus,34158,576
plus,34159,145
plus,34160,143
plus,34161,84
plus,34162,177
plus,34163,227
plus,34164,230
plus,34165,54
plus,34166,173
plus,34167,177
plus,34168,143
plus,34169,146
plus,34170,119
plus,34171,95
plus,34172,126
plus,34173,181
plus,34174,234
plus,34175,120
plus,34176,104
plus,34177,236
plus,34178,46
plus,34179,183
plus,34180,225
plus,34181,185
plus,34182,119
plus,34183,321
plus,34184,320
plus,34185,223
plus,34186,179
plus,34187,120
plus,34188,55
plus,34189,147
plus,34190,123
plus,34191,232
plus,34192,145
plus,34193,127
plus,34194,107
plus,34195,146
plus,34196,145
plus,34197,33
plus,34198,177
plus,34199,182
plus,34200,122
plus,34201,175
plus,34202,48
plus,34203,105
plus,34204,147
plus,34205,175
plus,34206,177
plus,34207,49
plus,34208,231
plus,34209,226
plus,34210,326
plus,34211,170
plus,34212,74
plus,34213,146
plus,34214,127
plus,34215,105
plus,34216,147
plus,34217,123
plus,34218,42
plus,34219,183
plus,34220,143
plus,34221,177
plus,34222,107
plus,34223,122
plus,34224,84
plus,34225,177
plus,34226,106
plus,34227,106
plus,34228,181
plus,34229,227
plus,34230,107
plus,34231,108
plus,34232,324
plus,34233,147
plus,34234,176
plus,34235,67
plus,34236,61
plus,34237,169
plus,34238,97
plus,34239,180
plus,34240,145
plus,34241,145
plus,34242,75
plus,34243,224
plus,34244,119
plus,34245,105
plus,34246,106
plus,34247,175
plus,34248,92
plus,34249,118
plus,34250,182
plus,34251,95
plus,34252,109
plus,34253,146
plus,34254,120
plus,34255,93
plus,34256,91
plus,34257,179
plus,34258,223
plus,34259,141
plus,34260,227
plus,34261,182
plus,34262,56
plus,34263,139
plus,34264,147
plus,34265,73
plus,34266,145
plus,34267,237
plus,34268,118
plus,34269,104
plus,34270,92
plus,34271,118
plus,34272,62
plus,34273,74
plus,34274,96
plus,34275,144
plus,34276,182
plus,34277,179
plus,34278,178
plus,34279,233
plus,34280,232
plus,34281,180
plus,34282,73
plus,34283,125
plus,34284,139
plus,34285,145
plus,34286,108
plus,34287,121
plus,34288,147
plus,34289,338
plus,34290,143
plus,34291,123
plus,34292,63
plus,34293,55
plus,34294,119
plus,34295,95
plus,34296,95
plus,34297,223
plus,34298,221
plus,34299,125
plus,34300,147
plus,34301,145
plus,34302,176
plus,34303,60
plus,34304,177
plus,34305,48
plus,34306,221
plus,34307,122
plus,34308,92
plus,34309,104
plus,34310,144
plus,34311,107
plus,34312,124
plus,34313,326
plus,34314,56
plus,34315,171
plus,34316,105
plus,34317,173
plus,34318,122
plus,34319,144
plus,34320,108
plus,34321,181
plus,34322,84
plus,34323,318
plus,34324,139
plus,34325,107
plus,34326,175
plus,34327,179
plus,34328,119
plus,34329,75
plus,34330,120
plus,34331,178
plus,34332,125
plus,34333,41
plus,34334,123
plus,34335,124
plus,34336,144
plus,34337,147
plus,34338,178
plus,34339,85
plus,34340,55
plus,34341,104
plus,34342,92
plus,34343,92
plus,34344,107
plus,34345,77
plus,34346,71
plus,34347,226
plus,34348,144
plus,34349,177
plus,34350,108
plus,34351,124
plus,34352,146
plus,34353,29
plus,34354,118
plus,34355,95
plus,34356,145
plus,34357,122
plus,34358,105
plus,34359,106
plus,34360,220
plus,34361,70
plus,34362,107
plus,34363,120
plus,34364,576
plus,34365,91
plus,34366,180
plus,34367,108
plus,34368,174
plus,34369,149
plus,34370,122
plus,34371,182
plus,34372,241
plus,34373,174
plus,34374,121
plus,34375,144
plus,34376,180
plus,34377,326
plus,34378,181
plus,34379,233
plus,34380,90
plus,34381,81
plus,34382,94
plus,34383,147
plus,34384,75
plus,34385,176
plus,34386,141
plus,34387,90
plus,34388,123
plus,34389,226
plus,34390,175
plus,34391,173
plus,34392,123
plus,34393,83
plus,34394,224
plus,34395,120
plus,34396,226
plus,34397,237
plus,34398,142
plus,34399,226
plus,34400,93
plus,34401,64
plus,34402,49
plus,34403,238
plus,34404,229
plus,34405,77
plus,34406,145
plus,34407,125
plus,34408,235
plus,34409,152
plus,34410,151
plus,34411,145
plus,34412,77
plus,34413,176
plus,34414,49
plus,34415,83
plus,34416,122
plus,34417,174
plus,34418,75
plus,34419,328
plus,34420,118
plus,34421,123
plus,34422,124
plus,34423,319
plus,34424,147
plus,34425,225
plus,34426,77
plus,34427,83
plus,34428,143
plus,34429,180
plus,34430,235
plus,34431,58
plus,34432,145
plus,34433,95
plus,34434,182
plus,34435,97
plus,34436,92
plus,34437,83
plus,34438,126
plus,34439,126
plus,34440,172
plus,34441,174
plus,34442,76
plus,34443,90
plus,34444,92
plus,34445,69
plus,34446,59
plus,34447,177
plus,34448,145
plus,34449,121
plus,34450,231
plus,34451,148
plus,34452,121
plus,34453,93
plus,34454,94
plus,34455,73
plus,34456,93
plus,34457,236
plus,34458,108
plus,34459,142
plus,34460,175
plus,34461,95
plus,34462,42
plus,34463,147
plus,34464,147
plus,34465,127
plus,34466,172
plus,34467,225
plus,34468,63
plus,34469,181
plus,34470,125
plus,34471,227
plus,34472,146
plus,34473,33
plus,34474,108
plus,34475,123
plus,34476,143
plus,34477,147
plus,34478,73
plus,34479,179
plus,34480,123
plus,34481,180
plus,34482,180
plus,34483,74
plus,34484,146
plus,34485,146
plus,34486,144
plus,34487,58
plus,34488,90
plus,34489,78
plus,34490,106
plus,34491,107
plus,34492,80
plus,34493,228
plus,34494,105
plus,34495,338
plus,34496,178
plus,34497,174
plus,34498,123
plus,34499,95
plus,34500,146
plus,34501,142
plus,34502,171
plus,34503,124
plus,34504,120
plus,34505,82
plus,34506,122
plus,34507,120
plus,34508,105
plus,34509,229
plus,34510,179
plus,34511,122
plus,34512,71
plus,34513,172
plus,34514,147
plus,34515,141
plus,34516,141
plus,34517,119
plus,34518,177
plus,34519,105
plus,34520,84
plus,34521,121
plus,34522,225
plus,34523,227
plus,34524,180
plus,34525,116
plus,34526,97
plus,34527,82
plus,34528,142
plus,34529,336
plus,34530,82
plus,34531,143
plus,34532,122
plus,34533,107
plus,34534,141
plus,34535,180
plus,34536,41
plus,34537,327
plus,34538,184
plus,34539,230
plus,34540,93
plus,34541,127
plus,34542,228
plus,34543,224
plus,34544,145
plus,34545,120
plus,34546,173
plus,34547,117
plus,34548,70
plus,34549,179
plus,34550,121
plus,34551,234
plus,34552,106
plus,34553,82
plus,34554,120
plus,34555,93
plus,34556,38
plus,34557,64
plus,34558,48
plus,34559,146
plus,34560,146
plus,34561,228
plus,34562,122
plus,34563,180
plus,34564,180
plus,34565,234
plus,34566,120
plus,34567,177
plus,34568,122
plus,34569,78
plus,34570,94
plus,34571,146
plus,34572,146
plus,34573,143
plus,34574,234
plus,34575,120
plus,34576,231
plus,34577,231
plus,34578,176
plus,34579,92
plus,34580,328
plus,34581,145
plus,34582,121
plus,34583,128
plus,34584,124
plus,34585,60
plus,34586,143
plus,34587,225
plus,34588,64
plus,34589,177
plus,34590,41
plus,34591,123
plus,34592,147
plus,34593,141
plus,34594,42
plus,34595,106
plus,34596,146
plus,34597,104
plus,34598,95
plus,34599,121
plus,34600,178
plus,34601,96
plus,34602,45
plus,34603,175
plus,34604,122
plus,34605,187
plus,34606,232
plus,34607,85
plus,34608,56
plus,34609,171
plus,34610,146
plus,34611,177
plus,34612,147
plus,34613,89
plus,34614,123
plus,34615,128
plus,34616,120
plus,34617,142
plus,34618,120
plus,34619,84
plus,34620,85
plus,34621,175
plus,34622,143
plus,34623,142
plus,34624,65
plus,34625,126
plus,34626,107
plus,34627,122
plus,34628,127
plus,34629,225
plus,34630,84
plus,34631,235
plus,34632,107
plus,34633,224
plus,34634,92
plus,34635,147
plus,34636,121
plus,34637,91
plus,34638,123
plus,34639,121
plus,34640,70
plus,34641,95
plus,34642,141
plus,34643,144
plus,34644,187
plus,34645,141
plus,34646,227
plus,34647,77
plus,34648,233
plus,34649,183
plus,34650,41
plus,34651,84
plus,34652,145
plus,34653,180
plus,34654,125
plus,34655,48
plus,34656,74
plus,34657,142
plus,34658,119
plus,34659,55
plus,34660,95
plus,34661,92
plus,34662,85
plus,34663,139
plus,34664,142
plus,34665,141
plus,34666,149
plus,34667,147
plus,34668,76
plus,34669,49
plus,34670,91
plus,34671,179
plus,34672,49
plus,34673,116
plus,34674,235
plus,34675,63
plus,34676,181
plus,34677,106
plus,34678,144
plus,34679,106
plus,34680,180
plus,34681,108
plus,34682,30
plus,34683,177
plus,34684,142
plus,34685,47
plus,34686,63
plus,34687,93
plus,34688,182
plus,34689,186
plus,34690,117
plus,34691,107
plus,34692,151
plus,34693,107
plus,34694,64
plus,34695,174
plus,34696,147
plus,34697,96
plus,34698,75
plus,34699,103
plus,34700,148
plus,34701,76
plus,34702,97
plus,34703,175
plus,34704,92
plus,34705,232
plus,34706,140
plus,34707,92
plus,34708,97
plus,34709,122
plus,34710,90
plus,34711,170
plus,34712,140
plus,34713,145
plus,34714,75
plus,34715,182
plus,34716,76
plus,34717,143
plus,34718,70
plus,34719,178
plus,34720,229
plus,34721,94
plus,34722,96
plus,34723,84
plus,34724,81
plus,34725,93
plus,34726,89
plus,34727,142
plus,34728,33
plus,34729,90
plus,34730,107
plus,34731,106
plus,34732,177
plus,34733,147
plus,34734,83
plus,34735,182
plus,34736,81
plus,34737,33
plus,34738,106
plus,34739,120
plus,34740,144
plus,34741,234
plus,34742,92
plus,34743,145
plus,34744,56
plus,34745,122
plus,34746,128
plus,34747,174
plus,34748,326
plus,34749,231
plus,34750,46
plus,34751,106
plus,34752,141
plus,34753,177
plus,34754,94
plus,34755,118
plus,34756,149
plus,34757,179
plus,34758,174
plus,34759,146
plus,34760,182
plus,34761,225
plus,34762,144
plus,34763,42
plus,34764,93
plus,34765,233
plus,34766,179
plus,34767,73
plus,34768,94
plus,34769,143
plus,34770,121
plus,34771,146
plus,34772,170
plus,34773,175
plus,34774,55
plus,34775,178
plus,34776,107
plus,34777,93
plus,34778,120
plus,34779,48
plus,34780,232
plus,34781,328
plus,34782,219
plus,34783,45
plus,34784,106
plus,34785,70
plus,34786,90
plus,34787,122
plus,34788,144
plus,34789,92
plus,34790,225
plus,34791,108
plus,34792,118
plus,34793,122
plus,34794,117
plus,34795,108
plus,34796,105
plus,34797,322
plus,34798,175
plus,34799,75
plus,34800,140
plus,34801,233
plus,34802,177
plus,34803,75
plus,34804,174
plus,34805,121
plus,34806,120
plus,34807,178
plus,34808,71
plus,34809,147
plus,34810,84
plus,34811,326
plus,34812,103
plus,34813,108
plus,34814,142
plus,34815,83
plus,34816,178
plus,34817,121
plus,34818,123
plus,34819,74
plus,34820,225
plus,34821,142
plus,34822,122
plus,34823,143
plus,34824,92
plus,34825,169
plus,34826,180
plus,34827,106
plus,34828,95
plus,34829,90
plus,34830,178
plus,34831,175
plus,34832,96
plus,34833,95
plus,34834,107
plus,34835,75
plus,34836,142
plus,34837,121
plus,34838,95
plus,34839,223
plus,34840,46
plus,34841,229
plus,34842,122
plus,34843,125
plus,34844,237
plus,34845,121
plus,34846,106
plus,34847,105
plus,34848,94
plus,34849,181
plus,34850,140
plus,34851,83
plus,34852,143
plus,34853,226
plus,34854,105
plus,34855,227
plus,34856,84
plus,34857,119
plus,34858,54
plus,34859,120
plus,34860,84
plus,34861,48
plus,34862,123
plus,34863,107
plus,34864,84
plus,34865,233
plus,34866,179
plus,34867,105
plus,34868,228
plus,34869,224
plus,34870,109
plus,34871,59
plus,34872,69
plus,34873,94
plus,34874,142
plus,34875,148
plus,34876,122
plus,34877,119
plus,34878,145
plus,34879,107
plus,34880,175
plus,34881,235
plus,34882,145
plus,34883,117
plus,34884,181
plus,34885,234
plus,34886,175
plus,34887,144
plus,34888,65
plus,34889,58
plus,34890,229
plus,34891,170
plus,34892,144
plus,34893,325
plus,34894,80
plus,34895,183
plus,34896,95
plus,34897,143
plus,34898,175
plus,34899,92
plus,34900,227
plus,34901,234
plus,34902,175
plus,34903,94
plus,34904,318
plus,34905,84
plus,34906,108
plus,34907,94
plus,34908,120
plus,34909,118
plus,34910,146
plus,34911,172
plus,34912,74
plus,34913,75
plus,34914,81
plus,34915,82
plus,34916,147
plus,34917,105
plus,34918,186
plus,34919,230
plus,34920,96
plus,34921,105
plus,34922,123
plus,34923,56
plus,34924,330
plus,34925,93
plus,34926,122
plus,34927,118
plus,34928,63
plus,34929,184
plus,34930,74
plus,34931,146
plus,34932,231
plus,34933,186
plus,34934,142
plus,34935,121
plus,34936,139
plus,34937,121
plus,34938,177
plus,34939,230
plus,34940,71
plus,34941,124
plus,34942,176
plus,34943,179
plus,34944,124
plus,34945,140
plus,34946,178
plus,34947,144
plus,34948,327
plus,34949,173
plus,34950,74
plus,34951,105
plus,34952,106
plus,34953,227
plus,34954,142
plus,34955,122
plus,34956,78
plus,34957,147
plus,34958,180
plus,34959,124
plus,34960,127
plus,34961,108
plus,34962,181
plus,34963,166
plus,34964,124
plus,34965,149
plus,34966,143
plus,34967,143
plus,34968,326
plus,34969,176
plus,34970,229
plus,34971,69
plus,34972,122
plus,34973,143
plus,34974,124
plus,34975,123
plus,34976,94
plus,34977,67
plus,34978,127
plus,34979,143
plus,34980,142
plus,34981,231
plus,34982,92
plus,34983,227
plus,34984,326
plus,34985,174
plus,34986,146
plus,34987,125
plus,34988,182
plus,34989,177
plus,34990,48
plus,34991,142
plus,34992,177
plus,34993,230
plus,34994,176
plus,34995,182
plus,34996,174
plus,34997,174
plus,34998,124
plus,34999,73
plus,35000,93
plus,35001,147
plus,35002,123
plus,35003,82
plus,35004,165
plus,35005,179
plus,35006,224
plus,35007,225
plus,35008,58
plus,35009,232
plus,35010,143
plus,35011,146
plus,35012,32
plus,35013,107
plus,35014,78
plus,35015,233
plus,35016,121
plus,35017,109
plus,35018,84
plus,35019,143
plus,35020,38
plus,35021,93
plus,35022,232
plus,35023,124
plus,35024,83
plus,35025,173
plus,35026,174
plus,35027,105
plus,35028,83
plus,35029,175
plus,35030,106
plus,35031,84
plus,35032,123
plus,35033,173
plus,35034,94
plus,35035,181
plus,35036,144
plus,35037,119
plus,35038,109
plus,35039,230
plus,35040,92
plus,35041,226
plus,35042,118
plus,35043,146
plus,35044,92
plus,35045,107
plus,35046,146
plus,35047,173
plus,35048,107
plus,35049,326
plus,35050,175
plus,35051,83
plus,35052,229
plus,35053,104
plus,35054,94
plus,35055,71
plus,35056,80
plus,35057,123
plus,35058,144
plus,35059,144
plus,35060,106
plus,35061,146
plus,35062,237
plus,35063,121
plus,35064,90
plus,35065,176
plus,35066,146
plus,35067,145
plus,35068,105
plus,35069,74
plus,35070,140
plus,35071,123
plus,35072,122
plus,35073,84
plus,35074,141
plus,35075,175
plus,35076,49
plus,35077,93
plus,35078,149
plus,35079,108
plus,35080,176
plus,35081,225
plus,35082,122
plus,35083,173
plus,35084,84
plus,35085,147
plus,35086,147
plus,35087,106
plus,35088,120
plus,35089,145
plus,35090,105
plus,35091,140
plus,35092,105
plus,35093,576
plus,35094,107
plus,35095,37
plus,35096,230
plus,35097,145
plus,35098,144
plus,35099,230
plus,35100,335
plus,35101,234
plus,35102,125
plus,35103,75
plus,35104,94
plus,35105,122
plus,35106,143
plus,35107,93
plus,35108,82
plus,35109,147
plus,35110,143
plus,35111,95
plus,35112,232
plus,35113,143
plus,35114,176
plus,35115,106
plus,35116,147
plus,35117,121
plus,35118,68
plus,35119,181
plus,35120,221
plus,35121,233
plus,35122,181
plus,35123,41
plus,35124,148
plus,35125,123
plus,35126,237
plus,35127,74
plus,35128,140
plus,35129,180
plus,35130,125
plus,35131,179
plus,35132,38
plus,35133,92
plus,35134,145
plus,35135,107
plus,35136,145
plus,35137,56
plus,35138,173
plus,35139,142
plus,35140,127
plus,35141,62
plus,35142,108
plus,35143,82
plus,35144,76
plus,35145,74
plus,35146,144
plus,35147,182
plus,35148,174
plus,35149,122
plus,35150,147
plus,35151,141
plus,35152,60
plus,35153,146
plus,35154,116
plus,35155,70
plus,35156,225
plus,35157,122
plus,35158,95
plus,35159,141
plus,35160,140
plus,35161,222
plus,35162,144
plus,35163,147
plus,35164,141
plus,35165,149
plus,35166,56
plus,35167,117
plus,35168,96
plus,35169,176
plus,35170,107
plus,35171,105
plus,35172,148
plus,35173,91
plus,35174,96
plus,35175,181
plus,35176,141
plus,35177,73
plus,35178,119
plus,35179,176
plus,35180,224
plus,35181,228
plus,35182,178
plus,35183,221
plus,35184,225
plus,35185,236
plus,35186,236
plus,35187,140
plus,35188,181
plus,35189,93
plus,35190,145
plus,35191,181
plus,35192,96
plus,35193,226
plus,35194,143
plus,35195,48
plus,35196,123
plus,35197,76
plus,35198,171
plus,35199,325
plus,35200,148
plus,35201,119
plus,35202,119
plus,35203,107
plus,35204,180
plus,35205,173
plus,35206,145
plus,35207,71
plus,35208,143
plus,35209,126
plus,35210,178
plus,35211,74
plus,35212,325
plus,35213,139
plus,35214,146
plus,35215,236
plus,35216,95
plus,35217,177
plus,35218,106
plus,35219,65
plus,35220,94
plus,35221,94
plus,35222,146
plus,35223,45
plus,35224,82
plus,35225,91
plus,35226,56
plus,35227,41
plus,35228,230
plus,35229,107
plus,35230,331
plus,35231,175
plus,35232,116
plus,35233,224
plus,35234,142
plus,35235,96
plus,35236,121
plus,35237,176
plus,35238,141
plus,35239,93
plus,35240,143
plus,35241,179
plus,35242,118
plus,35243,118
plus,35244,227
plus,35245,48
plus,35246,181
plus,35247,30
plus,35248,93
plus,35249,179
plus,35250,233
plus,35251,47
plus,35252,173
plus,35253,146
plus,35254,223
plus,35255,55
plus,35256,320
plus,35257,180
plus,35258,144
plus,35259,48
plus,35260,104
plus,35261,180
plus,35262,84
plus,35263,81
plus,35264,124
plus,35265,96
plus,35266,93
plus,35267,231
plus,35268,77
plus,35269,146
plus,35270,122
plus,35271,102
plus,35272,232
plus,35273,75
plus,35274,178
plus,35275,107
plus,35276,234
plus,35277,107
plus,35278,174
plus,35279,122
plus,35280,93
plus,35281,147
plus,35282,121
plus,35283,119
plus,35284,146
plus,35285,174
plus,35286,62
plus,35287,123
plus,35288,121
plus,35289,146
plus,35290,122
plus,35291,142
plus,35292,229
plus,35293,326
plus,35294,141
plus,35295,221
plus,35296,106
plus,35297,183
plus,35298,175
plus,35299,146
plus,35300,96
plus,35301,123
plus,35302,145
plus,35303,184
plus,35304,146
plus,35305,121
plus,35306,242
plus,35307,45
plus,35308,123
plus,35309,172
plus,35310,107
plus,35311,143
plus,35312,60
plus,35313,85
plus,35314,54
plus,35315,178
plus,35316,147
plus,35317,119
plus,35318,75
plus,35319,149
plus,35320,177
plus,35321,238
plus,35322,145
plus,35323,107
plus,35324,92
plus,35325,121
plus,35326,65
plus,35327,178
plus,35328,119
plus,35329,315
plus,35330,177
plus,35331,124
plus,35332,108
plus,35333,46
plus,35334,145
plus,35335,89
plus,35336,95
plus,35337,121
plus,35338,119
plus,35339,123
plus,35340,146
plus,35341,94
plus,35342,74
plus,35343,94
plus,35344,226
plus,35345,109
plus,35346,181
plus,35347,148
plus,35348,140
plus,35349,224
plus,35350,104
plus,35351,143
plus,35352,227
plus,35353,230
plus,35354,229
plus,35355,226
plus,35356,120
plus,35357,126
plus,35358,108
plus,35359,235
plus,35360,227
plus,35361,56
plus,35362,175
plus,35363,42
plus,35364,142
plus,35365,146
plus,35366,124
plus,35367,122
plus,35368,184
plus,35369,169
plus,35370,38
plus,35371,147
plus,35372,182
plus,35373,172
plus,35374,60
plus,35375,147
plus,35376,229
plus,35377,176
plus,35378,107
plus,35379,176
plus,35380,144
plus,35381,124
plus,35382,122
plus,35383,222
plus,35384,183
plus,35385,106
plus,35386,55
plus,35387,93
plus,35388,144
plus,35389,323
plus,35390,123
plus,35391,321
plus,35392,142
plus,35393,82
plus,35394,92
plus,35395,81
plus,35396,93
plus,35397,227
plus,35398,120
plus,35399,229
plus,35400,91
plus,35401,118
plus,35402,91
plus,35403,122
plus,35404,92
plus,35405,225
plus,35406,179
plus,35407,146
plus,35408,178
plus,35409,238
plus,35410,107
plus,35411,44
plus,35412,47
plus,35413,84
plus,35414,229
plus,35415,180
plus,35416,229
plus,35417,233
plus,35418,224
plus,35419,177
plus,35420,84
plus,35421,174
plus,35422,176
plus,35423,145
plus,35424,178
plus,35425,121
plus,35426,139
plus,35427,107
plus,35428,145
plus,35429,124
plus,35430,142
plus,35431,121
plus,35432,173
plus,35433,121
plus,35434,106
plus,35435,142
plus,35436,106
plus,35437,119
plus,35438,227
plus,35439,182
plus,35440,124
plus,35441,230
plus,35442,143
plus,35443,83
plus,35444,182
plus,35445,124
plus,35446,147
plus,35447,316
plus,35448,228
plus,35449,76
plus,35450,123
plus,35451,178
plus,35452,141
plus,35453,231
plus,35454,83
plus,35455,122
plus,35456,225
plus,35457,330
plus,35458,81
plus,35459,144
plus,35460,109
plus,35461,121
plus,35462,91
plus,35463,173
plus,35464,122
plus,35465,107
plus,35466,84
plus,35467,147
plus,35468,136
plus,35469,93
plus,35470,106
plus,35471,122
plus,35472,121
plus,35473,177
plus,35474,172
plus,35475,108
plus,35476,146
plus,35477,120
plus,35478,173
plus,35479,124
plus,35480,122
plus,35481,175
plus,35482,108
plus,35483,63
plus,35484,147
plus,35485,65
plus,35486,48
plus,35487,124
plus,35488,84
plus,35489,175
plus,35490,141
plus,35491,142
plus,35492,323
plus,35493,85
plus,35494,142
plus,35495,141
plus,35496,121
plus,35497,226
plus,35498,143
plus,35499,339
plus,35500,121
plus,35501,105
plus,35502,146
plus,35503,45
plus,35504,84
plus,35505,181
plus,35506,140
plus,35507,146
plus,35508,96
plus,35509,175
plus,35510,228
plus,35511,146
plus,35512,145
plus,35513,121
plus,35514,48
plus,35515,175
plus,35516,177
plus,35517,229
plus,35518,120
plus,35519,146
plus,35520,144
plus,35521,141
plus,35522,124
plus,35523,85
plus,35524,84
plus,35525,46
plus,35526,178
plus,35527,109
plus,35528,176
plus,35529,94
plus,35530,146
plus,35531,108
plus,35532,147
plus,35533,145
plus,35534,181
plus,35535,37
plus,35536,175
plus,35537,141
plus,35538,46
plus,35539,230
plus,35540,64
plus,35541,74
plus,35542,122
plus,35543,225
plus,35544,104
plus,35545,125
plus,35546,123
plus,35547,178
plus,35548,94
plus,35549,122
plus,35550,107
plus,35551,122
plus,35552,178
plus,35553,25
plus,35554,229
plus,35555,85
plus,35556,95
plus,35557,146
plus,35558,143
plus,35559,120
plus,35560,141
plus,35561,93
plus,35562,107
plus,35563,234
plus,35564,141
plus,35565,122
plus,35566,145
plus,35567,82
plus,35568,104
plus,35569,237
plus,35570,120
plus,35571,46
plus,35572,94
plus,35573,174
plus,35574,108
plus,35575,144
plus,35576,146
plus,35577,107
plus,35578,173
plus,35579,144
plus,35580,45
plus,35581,116
plus,35582,85
plus,35583,146
plus,35584,322
plus,35585,107
plus,35586,145
plus,35587,174
plus,35588,120
plus,35589,107
plus,35590,176
plus,35591,144
plus,35592,69
plus,35593,119
plus,35594,38
plus,35595,230
plus,35596,108
plus,35597,233
plus,35598,175
plus,35599,70
plus,35600,67
plus,35601,180
plus,35602,141
plus,35603,144
plus,35604,94
plus,35605,176
plus,35606,110
plus,35607,92
plus,35608,176
plus,35609,177
plus,35610,73
plus,35611,176
plus,35612,108
plus,35613,121
plus,35614,142
plus,35615,83
plus,35616,316
plus,35617,182
plus,35618,225
plus,35619,144
plus,35620,54
plus,35621,122
plus,35622,85
plus,35623,231
plus,35624,146
plus,35625,94
plus,35626,230
plus,35627,173
plus,35628,173
plus,35629,122
plus,35630,46
plus,35631,70
plus,35632,236
plus,35633,143
plus,35634,76
plus,35635,94
plus,35636,83
plus,35637,59
plus,35638,179
plus,35639,228
plus,35640,94
plus,35641,144
plus,35642,146
plus,35643,240
plus,35644,146
plus,35645,176
plus,35646,94
plus,35647,120
plus,35648,68
plus,35649,149
plus,35650,143
plus,35651,229
plus,35652,107
plus,35653,143
plus,35654,124
plus,35655,93
plus,35656,55
plus,35657,95
plus,35658,175
plus,35659,141
plus,35660,174
plus,35661,145
plus,35662,174
plus,35663,92
plus,35664,74
plus,35665,145
plus,35666,123
plus,35667,25
plus,35668,120
plus,35669,41
plus,35670,144
plus,35671,229
plus,35672,238
plus,35673,176
plus,35674,121
plus,35675,177
plus,35676,91
plus,35677,142
plus,35678,225
plus,35679,122
plus,35680,106
plus,35681,173
plus,35682,182
plus,35683,178
plus,35684,97
plus,35685,93
plus,35686,173
plus,35687,228
plus,35688,109
plus,35689,177
plus,35690,120
plus,35691,120
plus,35692,124
plus,35693,127
plus,35694,48
plus,35695,178
plus,35696,108
plus,35697,173
plus,35698,145
plus,35699,170
plus,35700,122
plus,35701,176
plus,35702,124
plus,35703,143
plus,35704,83
plus,35705,106
plus,35706,144
plus,35707,106
plus,35708,141
plus,35709,181
plus,35710,121
plus,35711,179
plus,35712,172
plus,35713,102
plus,35714,170
plus,35715,146
plus,35716,231
plus,35717,84
plus,35718,234
plus,35719,63
plus,35720,236
plus,35721,120
plus,35722,226
plus,35723,174
plus,35724,229
plus,35725,109
plus,35726,179
plus,35727,147
plus,35728,231
plus,35729,146
plus,35730,93
plus,35731,82
plus,35732,321
plus,35733,185
plus,35734,45
plus,35735,60
plus,35736,107
plus,35737,175
plus,35738,145
plus,35739,147
plus,35740,82
plus,35741,178
plus,35742,146
plus,35743,224
plus,35744,148
plus,35745,94
plus,35746,117
plus,35747,61
plus,35748,105
plus,35749,174
plus,35750,145
plus,35751,106
plus,35752,48
plus,35753,126
plus,35754,180
plus,35755,178
plus,35756,75
plus,35757,84
plus,35758,140
plus,35759,147
plus,35760,55
plus,35761,120
plus,35762,106
plus,35763,124
plus,35764,121
plus,35765,181
plus,35766,48
plus,35767,124
plus,35768,322
plus,35769,93
plus,35770,143
plus,35771,229
plus,35772,143
plus,35773,231
plus,35774,144
plus,35775,108
plus,35776,83
plus,35777,145
plus,35778,83
plus,35779,107
plus,35780,180
plus,35781,118
plus,35782,172
plus,35783,76
plus,35784,70
plus,35785,145
plus,35786,64
plus,35787,105
plus,35788,142
plus,35789,176
plus,35790,62
plus,35791,176
plus,35792,65
plus,35793,239
plus,35794,121
plus,35795,121
plus,35796,93
plus,35797,123
plus,35798,145
plus,35799,332
plus,35800,92
plus,35801,91
plus,35802,119
plus,35803,56
plus,35804,237
plus,35805,143
plus,35806,81
plus,35807,119
plus,35808,121
plus,35809,234
plus,35810,122
plus,35811,92
plus,35812,145
plus,35813,172
plus,35814,60
plus,35815,76
plus,35816,49
plus,35817,180
plus,35818,230
plus,35819,176
plus,35820,183
plus,35821,91
plus,35822,107
plus,35823,105
plus,35824,142
plus,35825,123
plus,35826,229
plus,35827,124
plus,35828,92
plus,35829,108
plus,35830,123
plus,35831,230
plus,35832,176
plus,35833,117
plus,35834,58
plus,35835,33
plus,35836,181
plus,35837,64
plus,35838,180
plus,35839,121
plus,35840,93
plus,35841,327
plus,35842,173
plus,35843,121
plus,35844,175
plus,35845,83
plus,35846,127
plus,35847,76
plus,35848,175
plus,35849,143
plus,35850,84
plus,35851,146
plus,35852,127
plus,35853,124
plus,35854,91
plus,35855,231
plus,35856,144
plus,35857,224
plus,35858,127
plus,35859,224
plus,35860,106
plus,35861,328
plus,35862,80
plus,35863,108
plus,35864,227
plus,35865,108
plus,35866,322
plus,35867,226
plus,35868,176
plus,35869,107
plus,35870,123
plus,35871,60
plus,35872,107
plus,35873,150
plus,35874,183
plus,35875,226
plus,35876,119
plus,35877,230
plus,35878,236
plus,35879,230
plus,35880,178
plus,35881,64
plus,35882,125
plus,35883,42
plus,35884,230
plus,35885,175
plus,35886,96
plus,35887,122
plus,35888,83
plus,35889,33
plus,35890,236
plus,35891,81
plus,35892,184
plus,35893,143
plus,35894,320
plus,35895,122
plus,35896,236
plus,35897,176
plus,35898,231
plus,35899,227
plus,35900,83
plus,35901,64
plus,35902,185
plus,35903,226
plus,35904,143
plus,35905,119
plus,35906,140
plus,35907,225
plus,35908,119
plus,35909,140
plus,35910,141
plus,35911,179
plus,35912,85
plus,35913,109
plus,35914,175
plus,35915,236
plus,35916,77
plus,35917,74
plus,35918,229
plus,35919,225
plus,35920,321
plus,35921,46
plus,35922,175
plus,35923,93
plus,35924,122
plus,35925,95
plus,35926,103
plus,35927,145
plus,35928,123
plus,35929,81
plus,35930,68
plus,35931,46
plus,35932,123
plus,35933,103
plus,35934,106
plus,35935,95
plus,35936,92
plus,35937,121
plus,35938,121
plus,35939,143
plus,35940,120
plus,35941,228
plus,35942,121
plus,35943,125
plus,35944,226
plus,35945,147
plus,35946,223
plus,35947,224
plus,35948,144
plus,35949,38
plus,35950,140
plus,35951,119
plus,35952,119
plus,35953,147
plus,35954,145
plus,35955,180
plus,35956,120
plus,35957,143
plus,35958,230
plus,35959,125
plus,35960,231
plus,35961,144
plus,35962,65
plus,35963,41
plus,35964,123
plus,35965,121
plus,35966,123
plus,35967,147
plus,35968,170
plus,35969,105
plus,35970,82
plus,35971,105
plus,35972,236
plus,35973,105
plus,35974,177
plus,35975,230
plus,35976,230
plus,35977,113
plus,35978,145
plus,35979,106
plus,35980,120
plus,35981,147
plus,35982,104
plus,35983,224
plus,35984,73
plus,35985,94
plus,35986,92
plus,35987,147
plus,35988,77
plus,35989,233
plus,35990,68
plus,35991,225
plus,35992,177
plus,35993,146
plus,35994,73
plus,35995,174
plus,35996,231
plus,35997,144
plus,35998,174
plus,35999,94
plus,36000,177
plus,36001,146
plus,36002,146
plus,36003,177
plus,36004,122
plus,36005,124
plus,36006,124
plus,36007,184
plus,36008,145
plus,36009,104
plus,36010,174
plus,36011,118
plus,36012,75
plus,36013,93
plus,36014,182
plus,36015,175
plus,36016,232
plus,36017,227
plus,36018,177
plus,36019,95
plus,36020,185
plus,36021,181
plus,36022,145
plus,36023,82
plus,36024,179
plus,36025,224
plus,36026,123
plus,36027,91
plus,36028,97
plus,36029,76
plus,36030,70
plus,36031,120
plus,36032,24
plus,36033,127
plus,36034,175
plus,36035,233
plus,36036,92
plus,36037,145
plus,36038,232
plus,36039,175
plus,36040,176
plus,36041,336
plus,36042,63
plus,36043,106
plus,36044,62
plus,36045,73
plus,36046,85
plus,36047,49
plus,36048,179
plus,36049,144
plus,36050,231
plus,36051,180
plus,36052,175
plus,36053,54
plus,36054,220
plus,36055,145
plus,36056,127
plus,36057,178
plus,36058,84
plus,36059,106
plus,36060,140
plus,36061,330
plus,36062,147
plus,36063,331
plus,36064,106
plus,36065,175
plus,36066,140
plus,36067,107
plus,36068,144
plus,36069,123
plus,36070,84
plus,36071,233
plus,36072,107
plus,36073,118
plus,36074,120
plus,36075,95
plus,36076,144
plus,36077,76
plus,36078,320
plus,36079,184
plus,36080,141
plus,36081,136
plus,36082,147
plus,36083,102
plus,36084,81
plus,36085,95
plus,36086,109
plus,36087,183
plus,36088,172
plus,36089,121
plus,36090,125
plus,36091,173
plus,36092,122
plus,36093,119
plus,36094,145
plus,36095,175
plus,36096,60
plus,36097,319
plus,36098,74
plus,36099,94
plus,36100,140
plus,36101,171
plus,36102,236
plus,36103,181
plus,36104,75
plus,36105,142
plus,36106,124
plus,36107,173
plus,36108,79
plus,36109,78
plus,36110,101
plus,36111,123
plus,36112,106
plus,36113,121
plus,36114,125
plus,36115,144
plus,36116,77
plus,36117,180
plus,36118,183
plus,36119,104
plus,36120,64
plus,36121,125
plus,36122,145
plus,36123,95
plus,36124,171
plus,36125,45
plus,36126,106
plus,36127,124
plus,36128,145
plus,36129,60
plus,36130,64
plus,36131,230
plus,36132,228
plus,36133,120
plus,36134,123
plus,36135,127
plus,36136,37
plus,36137,127
plus,36138,149
plus,36139,178
plus,36140,108
plus,36141,64
plus,36142,124
plus,36143,106
plus,36144,178
plus,36145,225
plus,36146,119
plus,36147,229
plus,36148,178
plus,36149,177
plus,36150,118
plus,36151,177
plus,36152,64
plus,36153,71
plus,36154,46
plus,36155,146
plus,36156,231
plus,36157,116
plus,36158,123
plus,36159,234
plus,36160,110
plus,36161,55
plus,36162,91
plus,36163,323
plus,36164,144
plus,36165,233
plus,36166,94
plus,36167,122
plus,36168,121
plus,36169,65
plus,36170,145
plus,36171,119
plus,36172,118
plus,36173,144
plus,36174,124
plus,36175,94
plus,36176,225
plus,36177,126
plus,36178,179
plus,36179,122
plus,36180,70
plus,36181,187
plus,36182,145
plus,36183,177
plus,36184,231
plus,36185,144
plus,36186,94
plus,36187,92
plus,36188,147
plus,36189,145
plus,36190,144
plus,36191,109
plus,36192,106
plus,36193,241
plus,36194,119
plus,36195,184
plus,36196,171
plus,36197,147
plus,36198,176
plus,36199,64
plus,36200,140
plus,36201,107
plus,36202,229
plus,36203,169
plus,36204,180
plus,36205,118
plus,36206,229
plus,36207,174
plus,36208,177
plus,36209,109
plus,36210,106
plus,36211,173
plus,36212,104
plus,36213,106
plus,36214,81
plus,36215,145
plus,36216,126
plus,36217,108
plus,36218,175
plus,36219,230
plus,36220,85
plus,36221,177
plus,36222,96
plus,36223,82
plus,36224,329
plus,36225,84
plus,36226,123
plus,36227,60
plus,36228,64
plus,36229,122
plus,36230,64
plus,36231,120
plus,36232,83
plus,36233,183
plus,36234,179
plus,36235,182
plus,36236,105
plus,36237,62
plus,36238,230
plus,36239,121
plus,36240,54
plus,36241,107
plus,36242,122
plus,36243,84
plus,36244,120
plus,36245,118
plus,36246,107
plus,36247,234
plus,36248,231
plus,36249,229
plus,36250,141
plus,36251,125
plus,36252,120
plus,36253,42
plus,36254,178
plus,36255,176
plus,36256,70
plus,36257,60
plus,36258,145
plus,36259,62
plus,36260,83
plus,36261,175
plus,36262,69
plus,36263,122
plus,36264,95
plus,36265,53
plus,36266,107
plus,36267,122
plus,36268,149
plus,36269,320
plus,36270,83
plus,36271,125
plus,36272,172
plus,36273,145
plus,36274,229
plus,36275,105
plus,36276,63
plus,36277,49
plus,36278,107
plus,36279,147
plus,36280,173
plus,36281,120
plus,36282,172
plus,36283,179
plus,36284,107
plus,36285,143
plus,36286,80
plus,36287,118
plus,36288,176
plus,36289,233
plus,36290,178
plus,36291,232
plus,36292,118
plus,36293,120
plus,36294,180
plus,36295,120
plus,36296,177
plus,36297,145
plus,36298,75
plus,36299,174
plus,36300,63
plus,36301,178
plus,36302,144
plus,36303,174
plus,36304,325
plus,36305,120
plus,36306,227
plus,36307,231
plus,36308,112
plus,36309,105
plus,36310,64
plus,36311,175
plus,36312,125
plus,36313,123
plus,36314,183
plus,36315,25
plus,36316,121
plus,36317,172
plus,36318,95
plus,36319,123
plus,36320,227
plus,36321,229
plus,36322,146
plus,36323,146
plus,36324,54
plus,36325,183
plus,36326,144
plus,36327,223
plus,36328,145
plus,36329,176
plus,36330,70
plus,36331,142
plus,36332,46
plus,36333,82
plus,36334,49
plus,36335,143
plus,36336,120
plus,36337,229
plus,36338,71
plus,36339,145
plus,36340,319
plus,36341,122
plus,36342,75
plus,36343,126
plus,36344,126
plus,36345,104
plus,36346,143
plus,36347,176
plus,36348,61
plus,36349,229
plus,36350,221
plus,36351,33
plus,36352,48
plus,36353,109
plus,36354,146
plus,36355,77
plus,36356,104
plus,36357,104
plus,36358,95
plus,36359,143
plus,36360,76
plus,36361,119
plus,36362,92
plus,36363,179
plus,36364,226
plus,36365,106
plus,36366,49
plus,36367,145
plus,36368,118
plus,36369,49
plus,36370,329
plus,36371,104
plus,36372,94
plus,36373,183
plus,36374,94
plus,36375,144
plus,36376,177
plus,36377,109
plus,36378,230
plus,36379,143
plus,36380,148
plus,36381,178
plus,36382,85
plus,36383,107
plus,36384,94
plus,36385,122
plus,36386,117
plus,36387,173
plus,36388,62
plus,36389,116
plus,36390,91
plus,36391,147
plus,36392,82
plus,36393,91
plus,36394,90
plus,36395,145
plus,36396,106
plus,36397,95
plus,36398,172
plus,36399,83
plus,36400,576
plus,36401,143
plus,36402,143
plus,36403,143
plus,36404,81
plus,36405,93
plus,36406,145
plus,36407,234
plus,36408,176
plus,36409,223
plus,36410,95
plus,36411,125
plus,36412,94
plus,36413,228
plus,36414,332
plus,36415,94
plus,36416,126
plus,36417,145
plus,36418,65
plus,36419,223
plus,36420,138
plus,36421,123
plus,36422,179
plus,36423,64
plus,36424,106
plus,36425,92
plus,36426,29
plus,36427,65
plus,36428,45
plus,36429,93
plus,36430,147
plus,36431,234
plus,36432,104
plus,36433,143
plus,36434,234
plus,36435,184
plus,36436,123
plus,36437,125
plus,36438,97
plus,36439,93
plus,36440,73
plus,36441,122
plus,36442,124
plus,36443,145
plus,36444,174
plus,36445,17
plus,36446,74
plus,36447,105
plus,36448,143
plus,36449,107
plus,36450,176
plus,36451,55
plus,36452,120
plus,36453,105
plus,36454,144
plus,36455,121
plus,36456,173
plus,36457,146
plus,36458,85
plus,36459,236
plus,36460,33
plus,36461,147
plus,36462,107
plus,36463,180
plus,36464,223
plus,36465,125
plus,36466,123
plus,36467,65
plus,36468,142
plus,36469,92
plus,36470,180
plus,36471,69
plus,36472,177
plus,36473,143
plus,36474,144
plus,36475,142
plus,36476,171
plus,36477,70
plus,36478,232
plus,36479,56
plus,36480,92
plus,36481,176
plus,36482,229
plus,36483,84
plus,36484,235
plus,36485,119
plus,36486,179
plus,36487,76
plus,36488,123
plus,36489,175
plus,36490,181
plus,36491,177
plus,36492,182
plus,36493,107
plus,36494,146
plus,36495,237
plus,36496,82
plus,36497,177
plus,36498,69
plus,36499,109
plus,36500,61
plus,36501,109
plus,36502,229
plus,36503,33
plus,36504,123
plus,36505,121
plus,36506,106
plus,36507,147
plus,36508,171
plus,36509,120
plus,36510,144
plus,36511,73
plus,36512,181
plus,36513,49
plus,36514,176
plus,36515,105
plus,36516,168
plus,36517,145
plus,36518,96
plus,36519,144
plus,36520,105
plus,36521,144
plus,36522,147
plus,36523,123
plus,36524,121
plus,36525,69
plus,36526,93
plus,36527,142
plus,36528,73
plus,36529,176
plus,36530,323
plus,36531,147
plus,36532,124
plus,36533,124
plus,36534,145
plus,36535,118
plus,36536,123
plus,36537,104
plus,36538,185
plus,36539,233
plus,36540,177
plus,36541,174
plus,36542,45
plus,36543,126
plus,36544,125
plus,36545,166
plus,36546,63
plus,36547,120
plus,36548,105
plus,36549,323
plus,36550,103
plus,36551,81
plus,36552,122
plus,36553,96
plus,36554,144
plus,36555,177
plus,36556,183
plus,36557,227
plus,36558,331
plus,36559,96
plus,36560,145
plus,36561,123
plus,36562,73
plus,36563,336
plus,36564,108
plus,36565,323
plus,36566,173
plus,36567,140
plus,36568,231
plus,36569,183
plus,36570,145
plus,36571,176
plus,36572,237
plus,36573,176
plus,36574,96
plus,36575,118
plus,36576,181
plus,36577,146
plus,36578,176
plus,36579,84
plus,36580,119
plus,36581,71
plus,36582,174
plus,36583,121
plus,36584,179
plus,36585,106
plus,36586,108
plus,36587,223
plus,36588,178
plus,36589,231
plus,36590,143
plus,36591,325
plus,36592,126
plus,36593,176
plus,36594,124
plus,36595,145
plus,36596,106
plus,36597,117
plus,36598,183
plus,36599,84
plus,36600,109
plus,36601,124
plus,36602,105
plus,36603,62
plus,36604,231
plus,36605,228
plus,36606,93
plus,36607,92
plus,36608,144
plus,36609,140
plus,36610,61
plus,36611,144
plus,36612,122
plus,36613,122
plus,36614,183
plus,36615,122
plus,36616,75
plus,36617,70
plus,36618,124
plus,36619,322
plus,36620,225
plus,36621,139
plus,36622,179
plus,36623,181
plus,36624,84
plus,36625,58
plus,36626,118
plus,36627,226
plus,36628,229
plus,36629,120
plus,36630,91
plus,36631,173
plus,36632,142
plus,36633,235
plus,36634,123
plus,36635,171
plus,36636,105
plus,36637,121
plus,36638,106
plus,36639,75
plus,36640,124
plus,36641,145
plus,36642,180
plus,36643,123
plus,36644,56
plus,36645,84
plus,36646,77
plus,36647,109
plus,36648,85
plus,36649,95
plus,36650,143
plus,36651,122
plus,36652,82
plus,36653,124
plus,36654,93
plus,36655,146
plus,36656,143
plus,36657,83
plus,36658,142
plus,36659,179
plus,36660,62
plus,36661,241
plus,36662,181
plus,36663,176
plus,36664,76
plus,36665,178
plus,36666,116
plus,36667,76
plus,36668,30
plus,36669,174
plus,36670,49
plus,36671,120
plus,36672,178
plus,36673,175
plus,36674,145
plus,36675,227
plus,36676,55
plus,36677,106
plus,36678,96
plus,36679,62
plus,36680,93
plus,36681,121
plus,36682,320
plus,36683,119
plus,36684,69
plus,36685,324
plus,36686,227
plus,36687,126
plus,36688,181
plus,36689,225
plus,36690,61
plus,36691,69
plus,36692,147
plus,36693,125
plus,36694,64
plus,36695,182
plus,36696,227
plus,36697,175
plus,36698,174
plus,36699,121
plus,36700,145
plus,36701,124
plus,36702,58
plus,36703,141
plus,36704,85
plus,36705,122
plus,36706,181
plus,36707,121
plus,36708,230
plus,36709,107
plus,36710,75
plus,36711,123
plus,36712,176
plus,36713,75
plus,36714,180
plus,36715,80
plus,36716,170
plus,36717,82
plus,36718,59
plus,36719,95
plus,36720,123
plus,36721,180
plus,36722,143
plus,36723,123
plus,36724,177
plus,36725,77
plus,36726,116
plus,36727,122
plus,36728,177
plus,36729,120
plus,36730,150
plus,36731,96
plus,36732,46
plus,36733,177
plus,36734,179
plus,36735,227
plus,36736,146
plus,36737,103
plus,36738,147
plus,36739,147
plus,36740,223
plus,36741,122
plus,36742,95
plus,36743,174
plus,36744,92
plus,36745,231
plus,36746,125
plus,36747,142
plus,36748,224
plus,36749,77
plus,36750,84
plus,36751,107
plus,36752,146
plus,36753,106
plus,36754,177
plus,36755,94
plus,36756,178
plus,36757,124
plus,36758,142
plus,36759,59
plus,36760,103
plus,36761,177
plus,36762,179
plus,36763,176
plus,36764,142
plus,36765,126
plus,36766,64
plus,36767,80
plus,36768,108
plus,36769,176
plus,36770,76
plus,36771,141
plus,36772,91
plus,36773,321
plus,36774,60
plus,36775,146
plus,36776,326
plus,36777,141
plus,36778,178
plus,36779,238
plus,36780,225
plus,36781,174
plus,36782,102
plus,36783,185
plus,36784,121
plus,36785,177
plus,36786,120
plus,36787,145
plus,36788,233
plus,36789,93
plus,36790,84
plus,36791,82
plus,36792,92
plus,36793,177
plus,36794,122
plus,36795,170
plus,36796,179
plus,36797,108
plus,36798,145
plus,36799,177
plus,36800,174
plus,36801,65
plus,36802,180
plus,36803,88
plus,36804,86
plus,36805,122
plus,36806,123
plus,36807,103
plus,36808,120
plus,36809,104
plus,36810,77
plus,36811,175
plus,36812,124
plus,36813,178
plus,36814,178
plus,36815,82
plus,36816,142
plus,36817,33
plus,36818,94
plus,36819,143
plus,36820,146
plus,36821,93
plus,36822,146
plus,36823,90
plus,36824,93
plus,36825,144
plus,36826,145
plus,36827,56
plus,36828,127
plus,36829,38
plus,36830,56
plus,36831,92
plus,36832,144
plus,36833,109
plus,36834,92
plus,36835,78
plus,36836,94
plus,36837,124
plus,36838,76
plus,36839,69
plus,36840,94
plus,36841,227
plus,36842,107
plus,36843,122
plus,36844,42
plus,36845,109
plus,36846,122
plus,36847,175
plus,36848,124
plus,36849,127
plus,36850,172
plus,36851,147
plus,36852,174
plus,36853,178
plus,36854,324
plus,36855,146
plus,36856,84
plus,36857,108
plus,36858,178
plus,36859,90
plus,36860,105
plus,36861,231
plus,36862,93
plus,36863,322
plus,36864,173
plus,36865,77
plus,36866,179
plus,36867,107
plus,36868,94
plus,36869,226
plus,36870,124
plus,36871,177
plus,36872,183
plus,36873,56
plus,36874,83
plus,36875,122
plus,36876,183
plus,36877,126
plus,36878,179
plus,36879,227
plus,36880,94
plus,36881,227
plus,36882,146
plus,36883,172
plus,36884,77
plus,36885,177
plus,36886,70
plus,36887,182
plus,36888,77
plus,36889,144
plus,36890,64
plus,36891,118
plus,36892,326
plus,36893,93
plus,36894,91
plus,36895,96
plus,36896,146
plus,36897,142
plus,36898,126
plus,36899,85
plus,36900,58
plus,36901,179
plus,36902,92
plus,36903,105
plus,36904,91
plus,36905,76
plus,36906,103
plus,36907,148
plus,36908,227
plus,36909,322
plus,36910,97
plus,36911,109
plus,36912,148
plus,36913,178
plus,36914,96
plus,36915,93
plus,36916,123
plus,36917,69
plus,36918,144
plus,36919,125
plus,36920,121
plus,36921,180
plus,36922,146
plus,36923,322
plus,36924,173
plus,36925,125
plus,36926,42
plus,36927,322
plus,36928,179
plus,36929,25
plus,36930,106
plus,36931,230
plus,36932,224
plus,36933,95
plus,36934,83
plus,36935,179
plus,36936,83
plus,36937,222
plus,36938,104
plus,36939,122
plus,36940,176
plus,36941,108
plus,36942,144
plus,36943,173
plus,36944,122
plus,36945,145
plus,36946,232
plus,36947,96
plus,36948,146
plus,36949,145
plus,36950,176
plus,36951,147
plus,36952,123
plus,36953,85
plus,36954,179
plus,36955,142
plus,36956,226
plus,36957,91
plus,36958,182
plus,36959,110
plus,36960,69
plus,36961,106
plus,36962,234
plus,36963,229
plus,36964,76
plus,36965,144
plus,36966,576
plus,36967,88
plus,36968,123
plus,36969,93
plus,36970,121
plus,36971,86
plus,36972,143
plus,36973,83
plus,36974,122
plus,36975,95
plus,36976,91
plus,36977,145
plus,36978,108
plus,36979,69
plus,36980,144
plus,36981,172
plus,36982,62
plus,36983,179
plus,36984,108
plus,36985,140
plus,36986,120
plus,36987,142
plus,36988,49
plus,36989,173
plus,36990,173
plus,36991,54
plus,36992,70
plus,36993,225
plus,36994,171
plus,36995,228
plus,36996,74
plus,36997,148
plus,36998,182
plus,36999,143
plus,37000,124
plus,37001,123
plus,37002,123
plus,37003,145
plus,37004,177
plus,37005,146
plus,37006,145
plus,37007,95
plus,37008,184
plus,37009,142
plus,37010,173
plus,37011,143
plus,37012,24
plus,37013,105
plus,37014,104
plus,37015,95
plus,37016,179
plus,37017,236
plus,37018,37
plus,37019,108
plus,37020,336
plus,37021,168
plus,37022,327
plus,37023,180
plus,37024,142
plus,37025,124
plus,37026,76
plus,37027,145
plus,37028,88
plus,37029,175
plus,37030,175
plus,37031,177
plus,37032,64
plus,37033,92
plus,37034,63
plus,37035,232
plus,37036,146
plus,37037,144
plus,37038,121
plus,37039,230
plus,37040,177
plus,37041,74
plus,37042,226
plus,37043,79
plus,37044,180
plus,37045,45
plus,37046,147
plus,37047,234
plus,37048,175
plus,37049,143
plus,37050,178
plus,37051,42
plus,37052,104
plus,37053,93
plus,37054,226
plus,37055,145
plus,37056,236
plus,37057,144
plus,37058,179
plus,37059,93
plus,37060,227
plus,37061,184
plus,37062,46
plus,37063,175
plus,37064,82
plus,37065,94
plus,37066,97
plus,37067,231
plus,37068,106
plus,37069,85
plus,37070,147
plus,37071,120
plus,37072,93
plus,37073,144
plus,37074,146
plus,37075,228
plus,37076,145
plus,37077,65
plus,37078,226
plus,37079,74
plus,37080,95
plus,37081,228
plus,37082,176
plus,37083,106
plus,37084,93
plus,37085,115
plus,37086,33
plus,37087,105
plus,37088,146
plus,37089,225
plus,37090,97
plus,37091,173
plus,37092,108
plus,37093,232
plus,37094,122
plus,37095,81
plus,37096,143
plus,37097,144
plus,37098,143
plus,37099,228
plus,37100,65
plus,37101,168
plus,37102,56
plus,37103,150
plus,37104,173
plus,37105,146
plus,37106,122
plus,37107,235
plus,37108,106
plus,37109,145
plus,37110,177
plus,37111,82
plus,37112,140
plus,37113,226
plus,37114,106
plus,37115,76
plus,37116,124
plus,37117,226
plus,37118,125
plus,37119,171
plus,37120,105
plus,37121,175
plus,37122,229
plus,37123,181
plus,37124,105
plus,37125,231
plus,37126,120
plus,37127,231
plus,37128,91
plus,37129,176
plus,37130,177
plus,37131,178
plus,37132,115
plus,37133,174
plus,37134,123
plus,37135,145
plus,37136,144
plus,37137,105
plus,37138,145
plus,37139,122
plus,37140,124
plus,37141,94
plus,37142,143
plus,37143,177
plus,37144,120
plus,37145,120
plus,37146,142
plus,37147,175
plus,37148,121
plus,37149,234
plus,37150,223
plus,37151,177
plus,37152,64
plus,37153,121
plus,37154,125
plus,37155,71
plus,37156,229
plus,37157,74
plus,37158,181
plus,37159,224
plus,37160,173
plus,37161,175
plus,37162,176
plus,37163,120
plus,37164,124
plus,37165,54
plus,37166,120
plus,37167,69
plus,37168,177
plus,37169,331
plus,37170,48
plus,37171,92
plus,37172,122
plus,37173,74
plus,37174,223
plus,37175,180
plus,37176,172
plus,37177,182
plus,37178,124
plus,37179,122
plus,37180,76
plus,37181,84
plus,37182,146
plus,37183,121
plus,37184,91
plus,37185,56
plus,37186,145
plus,37187,232
plus,37188,119
plus,37189,83
plus,37190,120
plus,37191,44
plus,37192,92
plus,37193,108
plus,37194,232
plus,37195,95
plus,37196,95
plus,37197,143
plus,37198,235
plus,37199,143
plus,37200,179
plus,37201,182
plus,37202,180
plus,37203,118
plus,37204,328
plus,37205,78
plus,37206,57
plus,37207,176
plus,37208,106
plus,37209,175
plus,37210,92
plus,37211,143
plus,37212,74
plus,37213,143
plus,37214,62
plus,37215,227
plus,37216,123
plus,37217,108
plus,37218,178
plus,37219,82
plus,37220,61
plus,37221,231
plus,37222,224
plus,37223,104
plus,37224,232
plus,37225,69
plus,37226,105
plus,37227,120
plus,37228,124
plus,37229,91
plus,37230,137
plus,37231,145
plus,37232,147
plus,37233,95
plus,37234,94
plus,37235,147
plus,37236,124
plus,37237,75
plus,37238,322
plus,37239,91
plus,37240,95
plus,37241,45
plus,37242,231
plus,37243,239
plus,37244,65
plus,37245,33
plus,37246,94
plus,37247,122
plus,37248,104
plus,37249,83
plus,37250,46
plus,37251,144
plus,37252,107
plus,37253,178
plus,37254,124
plus,37255,63
plus,37256,78
plus,37257,119
plus,37258,82
plus,37259,141
plus,37260,104
plus,37261,230
plus,37262,145
plus,37263,105
plus,37264,225
plus,37265,222
plus,37266,177
plus,37267,180
plus,37268,180
plus,37269,176
plus,37270,108
plus,37271,124
plus,37272,239
plus,37273,228
plus,37274,182
plus,37275,121
plus,37276,175
plus,37277,123
plus,37278,120
plus,37279,93
plus,37280,233
plus,37281,228
plus,37282,228
plus,37283,140
plus,37284,174
plus,37285,119
plus,37286,231
plus,37287,179
plus,37288,183
plus,37289,225
plus,37290,324
plus,37291,120
plus,37292,150
plus,37293,330
plus,37294,122
plus,37295,124
plus,37296,120
plus,37297,180
plus,37298,175
plus,37299,232
plus,37300,94
plus,37301,76
plus,37302,75
plus,37303,143
plus,37304,56
plus,37305,105
plus,37306,146
plus,37307,106
plus,37308,122
plus,37309,143
plus,37310,121
plus,37311,145
plus,37312,122
plus,37313,108
plus,37314,120
plus,37315,225
plus,37316,60
plus,37317,228
plus,37318,178
plus,37319,177
plus,37320,122
plus,37321,180
plus,37322,83
plus,37323,122
plus,37324,184
plus,37325,77
plus,37326,124
plus,37327,178
plus,37328,107
plus,37329,142
plus,37330,141
plus,37331,230
plus,37332,120
plus,37333,123
plus,37334,123
plus,37335,64
plus,37336,107
plus,37337,172
plus,37338,180
plus,37339,95
plus,37340,181
plus,37341,107
plus,37342,82
plus,37343,230
plus,37344,182
plus,37345,105
plus,37346,142
plus,37347,122
plus,37348,235
plus,37349,76
plus,37350,77
plus,37351,81
plus,37352,120
plus,37353,105
plus,37354,146
plus,37355,145
plus,37356,104
plus,37357,182
plus,37358,17
plus,37359,108
plus,37360,234
plus,37361,75
plus,37362,107
plus,37363,144
plus,37364,38
plus,37365,239
plus,37366,183
plus,37367,95
plus,37368,91
plus,37369,225
plus,37370,227
plus,37371,108
plus,37372,75
plus,37373,143
plus,37374,178
plus,37375,143
plus,37376,143
plus,37377,181
plus,37378,145
plus,37379,143
plus,37380,122
plus,37381,333
plus,37382,93
plus,37383,122
plus,37384,121
plus,37385,141
plus,37386,121
plus,37387,234
plus,37388,77
plus,37389,331
plus,37390,140
plus,37391,169
plus,37392,175
plus,37393,122
plus,37394,177
plus,37395,90
plus,37396,229
plus,37397,94
plus,37398,85
plus,37399,94
plus,37400,144
plus,37401,109
plus,37402,229
plus,37403,55
plus,37404,106
plus,37405,94
plus,37406,121
plus,37407,179
plus,37408,60
plus,37409,178
plus,37410,178
plus,37411,180
plus,37412,81
plus,37413,75
plus,37414,120
plus,37415,125
plus,37416,143
plus,37417,145
plus,37418,107
plus,37419,124
plus,37420,227
plus,37421,184
plus,37422,122
plus,37423,147
plus,37424,144
plus,37425,143
plus,37426,144
plus,37427,235
plus,37428,93
plus,37429,172
plus,37430,122
plus,37431,64
plus,37432,175
plus,37433,227
plus,37434,121
plus,37435,318
plus,37436,144
plus,37437,96
plus,37438,119
plus,37439,64
plus,37440,96
plus,37441,143
plus,37442,94
plus,37443,64
plus,37444,145
plus,37445,118
plus,37446,176
plus,37447,76
plus,37448,120
plus,37449,84
plus,37450,121
plus,37451,49
plus,37452,122
plus,37453,241
plus,37454,121
plus,37455,94
plus,37456,104
plus,37457,74
plus,37458,225
plus,37459,121
plus,37460,143
plus,37461,178
plus,37462,122
plus,37463,93
plus,37464,123
plus,37465,123
plus,37466,122
plus,37467,124
plus,37468,122
plus,37469,143
plus,37470,94
plus,37471,91
plus,37472,96
plus,37473,179
plus,37474,180
plus,37475,146
plus,37476,232
plus,37477,63
plus,37478,146
plus,37479,141
plus,37480,106
plus,37481,120
plus,37482,174
plus,37483,181
plus,37484,122
plus,37485,85
plus,37486,64
plus,37487,86
plus,37488,225
plus,37489,104
plus,37490,85
plus,37491,177
plus,37492,63
plus,37493,233
plus,37494,223
plus,37495,118
plus,37496,63
plus,37497,186
plus,37498,234
plus,37499,229
plus,37500,96
plus,37501,95
plus,37502,125
plus,37503,227
plus,37504,119
plus,37505,232
plus,37506,109
plus,37507,178
plus,37508,237
plus,37509,171
plus,37510,226
plus,37511,177
plus,37512,174
plus,37513,225
plus,37514,142
plus,37515,229
plus,37516,237
plus,37517,94
plus,37518,179
plus,37519,143
plus,37520,172
plus,37521,143
plus,37522,237
plus,37523,144
plus,37524,121
plus,37525,180
plus,37526,123
plus,37527,231
plus,37528,182
plus,37529,124
plus,37530,119
plus,37531,123
plus,37532,84
plus,37533,108
plus,37534,106
plus,37535,25
plus,37536,176
plus,37537,178
plus,37538,179
plus,37539,109
plus,37540,228
plus,37541,107
plus,37542,179
plus,37543,41
plus,37544,179
plus,37545,178
plus,37546,230
plus,37547,226
plus,37548,121
plus,37549,125
plus,37550,229
plus,37551,71
plus,37552,230
plus,37553,231
plus,37554,228
plus,37555,104
plus,37556,75
plus,37557,121
plus,37558,144
plus,37559,238
plus,37560,44
plus,37561,224
plus,37562,109
plus,37563,125
plus,37564,109
plus,37565,106
plus,37566,126
plus,37567,124
plus,37568,82
plus,37569,241
plus,37570,226
plus,37571,166
plus,37572,146
plus,37573,83
plus,37574,95
plus,37575,228
plus,37576,146
plus,37577,124
plus,37578,144
plus,37579,144
plus,37580,144
plus,37581,176
plus,37582,110
plus,37583,143
plus,37584,174
plus,37585,107
plus,37586,175
plus,37587,55
plus,37588,179
plus,37589,144
plus,37590,144
plus,37591,170
plus,37592,120
plus,37593,181
plus,37594,121
plus,37595,107
plus,37596,234
plus,37597,143
plus,37598,176
plus,37599,64
plus,37600,107
plus,37601,236
plus,37602,122
plus,37603,232
plus,37604,229
plus,37605,55
plus,37606,144
plus,37607,176
plus,37608,326
plus,37609,143
plus,37610,178
plus,37611,172
plus,37612,105
plus,37613,120
plus,37614,77
plus,37615,105
plus,37616,141
plus,37617,181
plus,37618,69
plus,37619,71
plus,37620,143
plus,37621,120
plus,37622,175
plus,37623,123
plus,37624,179
plus,37625,179
plus,37626,96
plus,37627,76
plus,37628,122
plus,37629,123
plus,37630,48
plus,37631,327
plus,37632,233
plus,37633,145
plus,37634,145
plus,37635,122
plus,37636,104
plus,37637,170
plus,37638,92
plus,37639,121
plus,37640,176
plus,37641,122
plus,37642,53
plus,37643,229
plus,37644,143
plus,37645,145
plus,37646,92
plus,37647,118
plus,37648,90
plus,37649,233
plus,37650,82
plus,37651,47
plus,37652,42
plus,37653,176
plus,37654,120
plus,37655,74
plus,37656,107
plus,37657,119
plus,37658,106
plus,37659,122
plus,37660,228
plus,37661,145
plus,37662,74
plus,37663,170
plus,37664,227
plus,37665,119
plus,37666,122
plus,37667,240
plus,37668,180
plus,37669,230
plus,37670,110
plus,37671,122
plus,37672,147
plus,37673,143
plus,37674,107
plus,37675,149
plus,37676,147
plus,37677,184
plus,37678,123
plus,37679,82
plus,37680,178
plus,37681,176
plus,37682,63
plus,37683,239
plus,37684,178
plus,37685,179
plus,37686,63
plus,37687,119
plus,37688,76
plus,37689,73
plus,37690,93
plus,37691,223
plus,37692,104
plus,37693,46
plus,37694,144
plus,37695,124
plus,37696,143
plus,37697,233
plus,37698,232
plus,37699,140
plus,37700,117
plus,37701,106
plus,37702,143
plus,37703,221
plus,37704,142
plus,37705,149
plus,37706,118
plus,37707,126
plus,37708,92
plus,37709,103
plus,37710,122
plus,37711,174
plus,37712,84
plus,37713,143
plus,37714,143
plus,37715,145
plus,37716,179
plus,37717,147
plus,37718,121
plus,37719,180
plus,37720,93
plus,37721,93
plus,37722,178
plus,37723,236
plus,37724,145
plus,37725,68
plus,37726,63
plus,37727,178
plus,37728,143
plus,37729,64
plus,37730,171
plus,37731,175
plus,37732,120
plus,37733,74
plus,37734,105
plus,37735,228
plus,37736,178
plus,37737,106
plus,37738,107
plus,37739,75
plus,37740,124
plus,37741,174
plus,37742,68
plus,37743,178
plus,37744,121
plus,37745,77
plus,37746,145
plus,37747,238
plus,37748,90
plus,37749,85
plus,37750,25
plus,37751,147
plus,37752,330
plus,37753,123
plus,37754,228
plus,37755,64
plus,37756,95
plus,37757,225
plus,37758,123
plus,37759,576
plus,37760,123
plus,37761,124
plus,37762,85
plus,37763,65
plus,37764,74
plus,37765,181
plus,37766,145
plus,37767,65
plus,37768,143
plus,37769,107
plus,37770,76
plus,37771,146
plus,37772,229
plus,37773,104
plus,37774,93
plus,37775,123
plus,37776,178
plus,37777,230
plus,37778,145
plus,37779,146
plus,37780,242
plus,37781,121
plus,37782,95
plus,37783,128
plus,37784,174
plus,37785,232
plus,37786,174
plus,37787,63
plus,37788,231
plus,37789,64
plus,37790,177
plus,37791,95
plus,37792,146
plus,37793,77
plus,37794,105
plus,37795,144
plus,37796,146
plus,37797,175
plus,37798,224
plus,37799,176
plus,37800,147
plus,37801,222
plus,37802,83
plus,37803,120
plus,37804,183
plus,37805,95
plus,37806,76
plus,37807,44
plus,37808,225
plus,37809,120
plus,37810,223
plus,37811,59
plus,37812,228
plus,37813,104
plus,37814,118
plus,37815,144
plus,37816,181
plus,37817,147
plus,37818,94
plus,37819,86
plus,37820,121
plus,37821,176
plus,37822,95
plus,37823,108
plus,37824,147
plus,37825,25
plus,37826,120
plus,37827,181
plus,37828,182
plus,37829,37
plus,37830,105
plus,37831,69
plus,37832,177
plus,37833,171
plus,37834,102
plus,37835,145
plus,37836,95
plus,37837,107
plus,37838,142
plus,37839,120
plus,37840,94
plus,37841,222
plus,37842,177
plus,37843,93
plus,37844,226
plus,37845,107
plus,37846,109
plus,37847,53
plus,37848,108
plus,37849,96
plus,37850,92
plus,37851,175
plus,37852,177
plus,37853,179
plus,37854,141
plus,37855,143
plus,37856,29
plus,37857,228
plus,37858,144
plus,37859,146
plus,37860,146
plus,37861,95
plus,37862,232
plus,37863,74
plus,37864,174
plus,37865,121
plus,37866,121
plus,37867,125
plus,37868,63
plus,37869,178
plus,37870,122
plus,37871,183
plus,37872,38
plus,37873,227
plus,37874,82
plus,37875,226
plus,37876,177
plus,37877,143
plus,37878,122
plus,37879,124
plus,37880,143
plus,37881,106
plus,37882,83
plus,37883,105
plus,37884,180
plus,37885,123
plus,37886,142
plus,37887,85
plus,37888,139
plus,37889,104
plus,37890,144
plus,37891,94
plus,37892,228
plus,37893,78
plus,37894,105
plus,37895,121
plus,37896,121
plus,37897,146
plus,37898,172
plus,37899,122
plus,37900,145
plus,37901,177
plus,37902,92
plus,37903,63
plus,37904,85
plus,37905,226
plus,37906,144
plus,37907,142
plus,37908,105
plus,37909,177
plus,37910,125
plus,37911,177
plus,37912,147
plus,37913,146
plus,37914,54
plus,37915,93
plus,37916,224
plus,37917,329
plus,37918,49
plus,37919,75
plus,37920,92
plus,37921,177
plus,37922,180
plus,37923,105
plus,37924,234
plus,37925,148
plus,37926,141
plus,37927,71
plus,37928,184
plus,37929,55
plus,37930,179
plus,37931,320
plus,37932,185
plus,37933,115
plus,37934,179
plus,37935,70
plus,37936,97
plus,37937,181
plus,37938,75
plus,37939,182
plus,37940,233
plus,37941,125
plus,37942,148
plus,37943,177
plus,37944,75
plus,37945,75
plus,37946,121
plus,37947,145
plus,37948,42
plus,37949,144
plus,37950,142
plus,37951,236
plus,37952,182
plus,37953,77
plus,37954,173
plus,37955,224
plus,37956,145
plus,37957,92
plus,37958,138
plus,37959,228
plus,37960,178
plus,37961,242
plus,37962,85
plus,37963,181
plus,37964,107
plus,37965,146
plus,37966,142
plus,37967,93
plus,37968,179
plus,37969,175
plus,37970,60
plus,37971,117
plus,37972,230
plus,37973,120
plus,37974,93
plus,37975,97
plus,37976,105
plus,37977,78
plus,37978,141
plus,37979,142
plus,37980,178
plus,37981,176
plus,37982,86
plus,37983,142
plus,37984,321
plus,37985,146
plus,37986,72
plus,37987,84
plus,37988,121
plus,37989,179
plus,37990,325
plus,37991,106
plus,37992,59
plus,37993,144
plus,37994,177
plus,37995,105
plus,37996,145
plus,37997,92
plus,37998,60
plus,37999,125
plus,38000,93
plus,38001,46
plus,38002,181
plus,38003,117
plus,38004,107
plus,38005,233
plus,38006,144
plus,38007,122
plus,38008,89
plus,38009,143
plus,38010,145
plus,38011,105
plus,38012,146
plus,38013,108
plus,38014,174
plus,38015,226
plus,38016,125
plus,38017,147
plus,38018,90
plus,38019,65
plus,38020,116
plus,38021,82
plus,38022,121
plus,38023,124
plus,38024,180
plus,38025,181
plus,38026,179
plus,38027,76
plus,38028,173
plus,38029,117
plus,38030,122
plus,38031,84
plus,38032,178
plus,38033,120
plus,38034,93
plus,38035,64
plus,38036,106
plus,38037,30
plus,38038,38
plus,38039,96
plus,38040,234
plus,38041,82
plus,38042,81
plus,38043,179
plus,38044,174
plus,38045,104
plus,38046,64
plus,38047,45
plus,38048,125
plus,38049,59
plus,38050,234
plus,38051,76
plus,38052,146
plus,38053,174
plus,38054,148
plus,38055,223
plus,38056,335
plus,38057,83
plus,38058,68
plus,38059,94
plus,38060,143
plus,38061,327
plus,38062,125
plus,38063,335
plus,38064,235
plus,38065,123
plus,38066,169
plus,38067,175
plus,38068,121
plus,38069,92
plus,38070,125
plus,38071,80
plus,38072,223
plus,38073,122
plus,38074,143
plus,38075,178
plus,38076,181
plus,38077,84
plus,38078,46
plus,38079,148
plus,38080,176
plus,38081,179
plus,38082,106
plus,38083,174
plus,38084,225
plus,38085,119
plus,38086,225
plus,38087,123
plus,38088,142
plus,38089,227
plus,38090,64
plus,38091,126
plus,38092,226
plus,38093,96
plus,38094,108
plus,38095,228
plus,38096,142
plus,38097,71
plus,38098,126
plus,38099,144
plus,38100,174
plus,38101,117
plus,38102,118
plus,38103,127
plus,38104,41
plus,38105,145
plus,38106,121
plus,38107,94
plus,38108,227
plus,38109,236
plus,38110,76
plus,38111,42
plus,38112,180
plus,38113,84
plus,38114,105
plus,38115,183
plus,38116,146
plus,38117,146
plus,38118,229
plus,38119,142
plus,38120,175
plus,38121,146
plus,38122,124
plus,38123,105
plus,38124,177
plus,38125,118
plus,38126,75
plus,38127,104
plus,38128,63
plus,38129,176
plus,38130,104
plus,38131,143
plus,38132,176
plus,38133,147
plus,38134,233
plus,38135,118
plus,38136,81
plus,38137,148
plus,38138,141
plus,38139,65
plus,38140,105
plus,38141,142
plus,38142,239
plus,38143,123
plus,38144,142
plus,38145,122
plus,38146,182
plus,38147,322
plus,38148,118
plus,38149,124
plus,38150,120
plus,38151,323
plus,38152,178
plus,38153,180
plus,38154,178
plus,38155,177
plus,38156,176
plus,38157,94
plus,38158,229
plus,38159,144
plus,38160,147
plus,38161,94
plus,38162,233
plus,38163,93
plus,38164,145
plus,38165,177
plus,38166,122
plus,38167,175
plus,38168,95
plus,38169,108
plus,38170,118
plus,38171,235
plus,38172,327
plus,38173,122
plus,38174,176
plus,38175,92
plus,38176,123
plus,38177,125
plus,38178,326
plus,38179,83
plus,38180,224
plus,38181,117
plus,38182,178
plus,38183,236
plus,38184,125
plus,38185,68
plus,38186,117
plus,38187,123
plus,38188,179
plus,38189,171
plus,38190,175
plus,38191,142
plus,38192,173
plus,38193,106
plus,38194,77
plus,38195,94
plus,38196,107
plus,38197,108
plus,38198,93
plus,38199,107
plus,38200,64
plus,38201,320
plus,38202,77
plus,38203,177
plus,38204,92
plus,38205,37
plus,38206,143
plus,38207,93
plus,38208,97
plus,38209,76
plus,38210,95
plus,38211,325
plus,38212,124
plus,38213,59
plus,38214,180
plus,38215,185
plus,38216,177
plus,38217,93
plus,38218,177
plus,38219,55
plus,38220,178
plus,38221,228
plus,38222,119
plus,38223,142
plus,38224,94
plus,38225,143
plus,38226,94
plus,38227,149
plus,38228,107
plus,38229,123
plus,38230,173
plus,38231,49
plus,38232,149
plus,38233,81
plus,38234,179
plus,38235,143
plus,38236,146
plus,38237,229
plus,38238,140
plus,38239,180
plus,38240,54
plus,38241,81
plus,38242,105
plus,38243,147
plus,38244,145
plus,38245,49
plus,38246,69
plus,38247,48
plus,38248,176
plus,38249,122
plus,38250,89
plus,38251,147
plus,38252,230
plus,38253,94
plus,38254,142
plus,38255,225
plus,38256,122
plus,38257,123
plus,38258,175
plus,38259,321
plus,38260,322
plus,38261,144
plus,38262,179
plus,38263,105
plus,38264,224
plus,38265,231
plus,38266,175
plus,38267,323
plus,38268,177
plus,38269,181
plus,38270,62
plus,38271,47
plus,38272,324
plus,38273,94
plus,38274,69
plus,38275,95
plus,38276,226
plus,38277,65
plus,38278,123
plus,38279,123
plus,38280,122
plus,38281,108
plus,38282,106
plus,38283,123
plus,38284,229
plus,38285,62
plus,38286,170
plus,38287,84
plus,38288,82
plus,38289,106
plus,38290,70
plus,38291,230
plus,38292,331
plus,38293,150
plus,38294,60
plus,38295,45
plus,38296,144
plus,38297,63
plus,38298,236
plus,38299,177
plus,38300,125
plus,38301,82
plus,38302,122
plus,38303,105
plus,38304,107
plus,38305,84
plus,38306,123
plus,38307,119
plus,38308,90
plus,38309,179
plus,38310,125
plus,38311,178
plus,38312,150
plus,38313,141
plus,38314,226
plus,38315,106
plus,38316,122
plus,38317,94
plus,38318,181
plus,38319,101
plus,38320,69
plus,38321,181
plus,38322,82
plus,38323,38
plus,38324,110
plus,38325,119
plus,38326,228
plus,38327,149
plus,38328,119
plus,38329,123
plus,38330,327
plus,38331,121
plus,38332,230
plus,38333,233
plus,38334,75
plus,38335,82
plus,38336,143
plus,38337,104
plus,38338,76
plus,38339,120
plus,38340,114
plus,38341,120
plus,38342,92
plus,38343,183
plus,38344,230
plus,38345,145
plus,38346,119
plus,38347,146
plus,38348,94
plus,38349,120
plus,38350,95
plus,38351,84
plus,38352,46
plus,38353,120
plus,38354,324
plus,38355,242
plus,38356,184
plus,38357,122
plus,38358,144
plus,38359,109
plus,38360,172
plus,38361,95
plus,38362,75
plus,38363,91
plus,38364,89
plus,38365,180
plus,38366,122
plus,38367,148
plus,38368,145
plus,38369,182
plus,38370,122
plus,38371,96
plus,38372,146
plus,38373,148
plus,38374,140
plus,38375,83
plus,38376,104
plus,38377,127
plus,38378,84
plus,38379,121
plus,38380,77
plus,38381,146
plus,38382,125
plus,38383,122
plus,38384,89
plus,38385,121
plus,38386,183
plus,38387,84
plus,38388,91
plus,38389,122
plus,38390,147
plus,38391,123
plus,38392,141
plus,38393,49
plus,38394,171
plus,38395,63
plus,38396,123
plus,38397,236
plus,38398,143
plus,38399,147
plus,38400,123
plus,38401,77
plus,38402,184
plus,38403,224
plus,38404,56
plus,38405,104
plus,38406,147
plus,38407,176
plus,38408,73
plus,38409,117
plus,38410,171
plus,38411,228
plus,38412,178
plus,38413,106
plus,38414,238
plus,38415,55
plus,38416,225
plus,38417,93
plus,38418,124
plus,38419,142
plus,38420,58
plus,38421,181
plus,38422,183
plus,38423,121
plus,38424,33
plus,38425,79
plus,38426,576
plus,38427,177
plus,38428,144
plus,38429,176
plus,38430,105
plus,38431,181
plus,38432,121
plus,38433,77
plus,38434,120
plus,38435,119
plus,38436,144
plus,38437,49
plus,38438,147
plus,38439,174
plus,38440,176
plus,38441,183
plus,38442,123
plus,38443,181
plus,38444,77
plus,38445,24
plus,38446,175
plus,38447,237
plus,38448,33
plus,38449,144
plus,38450,76
plus,38451,226
plus,38452,123
plus,38453,146
plus,38454,59
plus,38455,179
plus,38456,85
plus,38457,121
plus,38458,63
plus,38459,97
plus,38460,54
plus,38461,175
plus,38462,101
plus,38463,107
plus,38464,143
plus,38465,93
plus,38466,84
plus,38467,147
plus,38468,67
plus,38469,174
plus,38470,119
plus,38471,122
plus,38472,70
plus,38473,75
plus,38474,175
plus,38475,179
plus,38476,96
plus,38477,226
plus,38478,180
plus,38479,121
plus,38480,180
plus,38481,122
plus,38482,69
plus,38483,182
plus,38484,174
plus,38485,140
plus,38486,55
plus,38487,65
plus,38488,180
plus,38489,178
plus,38490,105
plus,38491,105
plus,38492,142
plus,38493,80
plus,38494,167
plus,38495,93
plus,38496,147
plus,38497,232
plus,38498,94
plus,38499,95
plus,38500,92
plus,38501,141
plus,38502,122
plus,38503,177
plus,38504,228
plus,38505,229
plus,38506,120
plus,38507,177
plus,38508,115
plus,38509,122
plus,38510,142
plus,38511,95
plus,38512,118
plus,38513,38
plus,38514,176
plus,38515,105
plus,38516,145
plus,38517,173
plus,38518,141
plus,38519,70
plus,38520,120
plus,38521,109
plus,38522,109
plus,38523,105
plus,38524,38
plus,38525,148
plus,38526,175
plus,38527,117
plus,38528,91
plus,38529,232
plus,38530,118
plus,38531,231
plus,38532,182
plus,38533,93
plus,38534,177
plus,38535,140
plus,38536,76
plus,38537,71
plus,38538,125
plus,38539,92
plus,38540,104
plus,38541,121
plus,38542,176
plus,38543,148
plus,38544,124
plus,38545,140
plus,38546,181
plus,38547,235
plus,38548,174
plus,38549,64
plus,38550,176
plus,38551,181
plus,38552,106
plus,38553,107
plus,38554,174
plus,38555,231
plus,38556,37
plus,38557,83
plus,38558,148
plus,38559,122
plus,38560,68
plus,38561,179
plus,38562,143
plus,38563,83
plus,38564,108
plus,38565,63
plus,38566,179
plus,38567,121
plus,38568,62
plus,38569,77
plus,38570,145
plus,38571,122
plus,38572,92
plus,38573,142
plus,38574,70
plus,38575,94
plus,38576,123
plus,38577,74
plus,38578,228
plus,38579,175
plus,38580,174
plus,38581,123
plus,38582,108
plus,38583,91
plus,38584,122
plus,38585,232
plus,38586,55
plus,38587,119
plus,38588,82
plus,38589,56
plus,38590,65
plus,38591,142
plus,38592,145
plus,38593,97
plus,38594,94
plus,38595,107
plus,38596,225
plus,38597,105
plus,38598,180
plus,38599,124
plus,38600,146
plus,38601,225
plus,38602,64
plus,38603,58
plus,38604,84
plus,38605,54
plus,38606,92
plus,38607,121
plus,38608,93
plus,38609,93
plus,38610,83
plus,38611,146
plus,38612,237
plus,38613,176
plus,38614,177
plus,38615,75
plus,38616,120
plus,38617,108
plus,38618,183
plus,38619,323
plus,38620,225
plus,38621,146
plus,38622,143
plus,38623,171
plus,38624,176
plus,38625,146
plus,38626,237
plus,38627,95
plus,38628,122
plus,38629,175
plus,38630,94
plus,38631,122
plus,38632,146
plus,38633,175
plus,38634,119
plus,38635,144
plus,38636,144
plus,38637,124
plus,38638,81
plus,38639,122
plus,38640,63
plus,38641,179
plus,38642,175
plus,38643,64
plus,38644,178
plus,38645,175
plus,38646,49
plus,38647,76
plus,38648,104
plus,38649,144
plus,38650,108
plus,38651,233
plus,38652,178
plus,38653,187
plus,38654,96
plus,38655,38
plus,38656,228
plus,38657,108
plus,38658,147
plus,38659,152
plus,38660,64
plus,38661,76
plus,38662,108
plus,38663,325
plus,38664,222
plus,38665,123
plus,38666,144
plus,38667,232
plus,38668,174
plus,38669,177
plus,38670,171
plus,38671,83
plus,38672,224
plus,38673,147
plus,38674,93
plus,38675,230
plus,38676,42
plus,38677,145
plus,38678,148
plus,38679,242
plus,38680,176
plus,38681,92
plus,38682,176
plus,38683,145
plus,38684,145
plus,38685,176
plus,38686,221
plus,38687,56
plus,38688,145
plus,38689,177
plus,38690,148
plus,38691,108
plus,38692,65
plus,38693,143
plus,38694,138
plus,38695,179
plus,38696,63
plus,38697,143
plus,38698,227
plus,38699,96
plus,38700,109
plus,38701,224
plus,38702,75
plus,38703,146
plus,38704,182
plus,38705,64
plus,38706,118
plus,38707,62
plus,38708,230
plus,38709,126
plus,38710,59
plus,38711,124
plus,38712,141
plus,38713,93
plus,38714,178
plus,38715,148
plus,38716,122
plus,38717,82
plus,38718,110
plus,38719,118
plus,38720,226
plus,38721,106
plus,38722,90
plus,38723,240
plus,38724,142
plus,38725,223
plus,38726,231
plus,38727,178
plus,38728,119
plus,38729,228
plus,38730,93
plus,38731,109
plus,38732,105
plus,38733,74
plus,38734,123
plus,38735,91
plus,38736,318
plus,38737,175
plus,38738,122
plus,38739,65
plus,38740,176
plus,38741,107
plus,38742,104
plus,38743,92
plus,38744,177
plus,38745,108
plus,38746,323
plus,38747,144
plus,38748,145
plus,38749,101
plus,38750,147
plus,38751,147
plus,38752,146
plus,38753,144
plus,38754,180
plus,38755,148
plus,38756,81
plus,38757,78
plus,38758,109
plus,38759,181
plus,38760,49
plus,38761,146
plus,38762,147
plus,38763,106
plus,38764,334
plus,38765,119
plus,38766,122
plus,38767,173
plus,38768,65
plus,38769,94
plus,38770,172
plus,38771,122
plus,38772,30
plus,38773,74
plus,38774,150
plus,38775,144
plus,38776,122
plus,38777,143
plus,38778,145
plus,38779,225
plus,38780,120
plus,38781,62
plus,38782,121
plus,38783,171
plus,38784,182
plus,38785,58
plus,38786,329
plus,38787,122
plus,38788,105
plus,38789,122
plus,38790,174
plus,38791,64
plus,38792,77
plus,38793,118
plus,38794,91
plus,38795,145
plus,38796,122
plus,38797,107
plus,38798,142
plus,38799,329
plus,38800,147
plus,38801,70
plus,38802,175
plus,38803,142
plus,38804,233
plus,38805,180
plus,38806,180
plus,38807,148
plus,38808,33
plus,38809,104
plus,38810,83
plus,38811,125
plus,38812,232
plus,38813,182
plus,38814,143
plus,38815,183
plus,38816,143
plus,38817,227
plus,38818,30
plus,38819,178
plus,38820,93
plus,38821,92
plus,38822,124
plus,38823,146
plus,38824,85
plus,38825,81
plus,38826,175
plus,38827,107
plus,38828,145
plus,38829,73
plus,38830,76
plus,38831,121
plus,38832,144
plus,38833,147
plus,38834,149
plus,38835,148
plus,38836,92
plus,38837,326
plus,38838,174
plus,38839,230
plus,38840,103
plus,38841,56
plus,38842,141
plus,38843,143
plus,38844,175
plus,38845,76
plus,38846,146
plus,38847,145
plus,38848,149
plus,38849,144
plus,38850,146
plus,38851,231
plus,38852,140
plus,38853,177
plus,38854,177
plus,38855,107
plus,38856,227
plus,38857,93
plus,38858,175
plus,38859,122
plus,38860,224
plus,38861,94
plus,38862,59
plus,38863,228
plus,38864,145
plus,38865,63
plus,38866,335
plus,38867,231
plus,38868,71
plus,38869,319
plus,38870,137
plus,38871,179
plus,38872,147
plus,38873,119
plus,38874,144
plus,38875,120
plus,38876,331
plus,38877,222
plus,38878,95
plus,38879,65
plus,38880,176
plus,38881,76
plus,38882,142
plus,38883,119
plus,38884,230
plus,38885,123
plus,38886,230
plus,38887,179
plus,38888,141
plus,38889,142
plus,38890,107
plus,38891,142
plus,38892,91
plus,38893,225
plus,38894,143
plus,38895,181
plus,38896,91
plus,38897,96
plus,38898,178
plus,38899,178
plus,38900,76
plus,38901,146
plus,38902,224
plus,38903,181
plus,38904,95
plus,38905,178
plus,38906,229
plus,38907,117
plus,38908,222
plus,38909,64
plus,38910,175
plus,38911,97
plus,38912,173
plus,38913,104
plus,38914,228
plus,38915,95
plus,38916,92
plus,38917,76
plus,38918,178
plus,38919,106
plus,38920,181
plus,38921,83
plus,38922,176
plus,38923,77
plus,38924,108
plus,38925,120
plus,38926,118
plus,38927,148
plus,38928,60
plus,38929,174
plus,38930,184
plus,38931,231
plus,38932,24
plus,38933,150
plus,38934,106
plus,38935,174
plus,38936,122
plus,38937,145
plus,38938,180
plus,38939,228
plus,38940,177
plus,38941,84
plus,38942,74
plus,38943,142
plus,38944,82
plus,38945,73
plus,38946,226
plus,38947,223
plus,38948,123
plus,38949,94
plus,38950,92
plus,38951,124
plus,38952,125
plus,38953,235
plus,38954,82
plus,38955,147
plus,38956,84
plus,38957,182
plus,38958,104
plus,38959,48
plus,38960,69
plus,38961,171
plus,38962,238
plus,38963,108
plus,38964,105
plus,38965,120
plus,38966,142
plus,38967,177
plus,38968,320
plus,38969,122
plus,38970,139
plus,38971,226
plus,38972,175
plus,38973,121
plus,38974,105
plus,38975,236
plus,38976,121
plus,38977,108
plus,38978,74
plus,38979,83
plus,38980,121
plus,38981,177
plus,38982,92
plus,38983,108
plus,38984,230
plus,38985,174
plus,38986,91
plus,38987,227
plus,38988,122
plus,38989,60
plus,38990,93
plus,38991,181
plus,38992,118
plus,38993,177
plus,38994,120
plus,38995,177
plus,38996,105
plus,38997,231
plus,38998,238
plus,38999,103
plus,39000,74
plus,39001,237
plus,39002,61
plus,39003,182
plus,39004,92
plus,39005,110
plus,39006,142
plus,39007,181
plus,39008,145
plus,39009,231
plus,39010,123
plus,39011,75
plus,39012,141
plus,39013,320
plus,39014,173
plus,39015,77
plus,39016,234
plus,39017,105
plus,39018,76
plus,39019,63
plus,39020,144
plus,39021,94
plus,39022,123
plus,39023,109
plus,39024,232
plus,39025,74
plus,39026,37
plus,39027,144
plus,39028,97
plus,39029,105
plus,39030,179
plus,39031,221
plus,39032,225
plus,39033,120
plus,39034,119
plus,39035,175
plus,39036,146
plus,39037,227
plus,39038,143
plus,39039,230
plus,39040,142
plus,39041,172
plus,39042,145
plus,39043,94
plus,39044,143
plus,39045,71
plus,39046,332
plus,39047,107
plus,39048,146
plus,39049,174
plus,39050,178
plus,39051,125
plus,39052,171
plus,39053,84
plus,39054,232
plus,39055,108
plus,39056,323
plus,39057,77
plus,39058,107
plus,39059,123
plus,39060,95
plus,39061,85
plus,39062,235
plus,39063,94
plus,39064,75
plus,39065,576
plus,39066,95
plus,39067,175
plus,39068,178
plus,39069,233
plus,39070,64
plus,39071,124
plus,39072,125
plus,39073,229
plus,39074,330
plus,39075,68
plus,39076,120
plus,39077,123
plus,39078,124
plus,39079,109
plus,39080,143
plus,39081,144
plus,39082,117
plus,39083,233
plus,39084,106
plus,39085,234
plus,39086,227
plus,39087,76
plus,39088,144
plus,39089,169
plus,39090,228
plus,39091,92
plus,39092,59
plus,39093,177
plus,39094,121
plus,39095,93
plus,39096,233
plus,39097,96
plus,39098,105
plus,39099,123
plus,39100,143
plus,39101,83
plus,39102,228
plus,39103,172
plus,39104,145
plus,39105,230
plus,39106,55
plus,39107,64
plus,39108,176
plus,39109,178
plus,39110,143
plus,39111,143
plus,39112,144
plus,39113,145
plus,39114,49
plus,39115,38
plus,39116,232
plus,39117,143
plus,39118,147
plus,39119,122
plus,39120,142
plus,39121,59
plus,39122,125
plus,39123,145
plus,39124,232
plus,39125,181
plus,39126,71
plus,39127,120
plus,39128,122
plus,39129,182
plus,39130,63
plus,39131,122
plus,39132,170
plus,39133,180
plus,39134,142
plus,39135,229
plus,39136,123
plus,39137,81
plus,39138,178
plus,39139,231
plus,39140,59
plus,39141,56
plus,39142,121
plus,39143,146
plus,39144,63
plus,39145,226
plus,39146,41
plus,39147,145
plus,39148,122
plus,39149,226
plus,39150,105
plus,39151,141
plus,39152,65
plus,39153,179
plus,39154,142
plus,39155,234
plus,39156,93
plus,39157,224
plus,39158,175
plus,39159,119
plus,39160,229
plus,39161,75
plus,39162,228
plus,39163,59
plus,39164,119
plus,39165,119
plus,39166,93
plus,39167,126
plus,39168,177
plus,39169,64
plus,39170,121
plus,39171,180
plus,39172,126
plus,39173,121
plus,39174,145
plus,39175,178
plus,39176,226
plus,39177,226
plus,39178,94
plus,39179,173
plus,39180,181
plus,39181,107
plus,39182,122
plus,39183,104
plus,39184,146
plus,39185,228
plus,39186,146
plus,39187,119
plus,39188,63
plus,39189,147
plus,39190,232
plus,39191,105
plus,39192,332
plus,39193,125
plus,39194,96
plus,39195,45
plus,39196,64
plus,39197,144
plus,39198,95
plus,39199,106
plus,39200,46
plus,39201,106
plus,39202,93
plus,39203,80
plus,39204,63
plus,39205,94
plus,39206,224
plus,39207,123
plus,39208,172
plus,39209,63
plus,39210,176
plus,39211,181
plus,39212,64
plus,39213,174
plus,39214,107
plus,39215,121
plus,39216,64
plus,39217,104
plus,39218,180
plus,39219,105
plus,39220,94
plus,39221,146
plus,39222,65
plus,39223,122
plus,39224,174
plus,39225,94
plus,39226,142
plus,39227,120
plus,39228,75
plus,39229,181
plus,39230,95
plus,39231,109
plus,39232,125
plus,39233,59
plus,39234,126
plus,39235,118
plus,39236,125
plus,39237,120
plus,39238,120
plus,39239,121
plus,39240,53
plus,39241,141
plus,39242,145
plus,39243,38
plus,39244,142
plus,39245,75
plus,39246,142
plus,39247,75
plus,39248,174
plus,39249,141
plus,39250,76
plus,39251,222
plus,39252,226
plus,39253,108
plus,39254,145
plus,39255,122
plus,39256,105
plus,39257,147
plus,39258,147
plus,39259,145
plus,39260,147
plus,39261,118
plus,39262,118
plus,39263,120
plus,39264,178
plus,39265,173
plus,39266,143
plus,39267,145
plus,39268,120
plus,39269,174
plus,39270,69
plus,39271,144
plus,39272,234
plus,39273,147
plus,39274,144
plus,39275,93
plus,39276,121
plus,39277,174
plus,39278,176
plus,39279,143
plus,39280,182
plus,39281,180
plus,39282,97
plus,39283,178
plus,39284,231
plus,39285,179
plus,39286,176
plus,39287,122
plus,39288,222
plus,39289,93
plus,39290,177
plus,39291,172
plus,39292,105
plus,39293,65
plus,39294,142
plus,39295,231
plus,39296,46
plus,39297,68
plus,39298,229
plus,39299,144
plus,39300,232
plus,39301,121
plus,39302,332
plus,39303,175
plus,39304,124
plus,39305,173
plus,39306,124
plus,39307,92
plus,39308,227
plus,39309,150
plus,39310,144
plus,39311,104
plus,39312,104
plus,39313,93
plus,39314,144
plus,39315,137
plus,39316,94
plus,39317,124
plus,39318,326
plus,39319,319
plus,39320,124
plus,39321,143
plus,39322,65
plus,39323,184
plus,39324,82
plus,39325,139
plus,39326,239
plus,39327,65
plus,39328,175
plus,39329,76
plus,39330,67
plus,39331,120
plus,39332,330
plus,39333,174
plus,39334,335
plus,39335,120
plus,39336,143
plus,39337,143
plus,39338,222
plus,39339,64
plus,39340,129
plus,39341,93
plus,39342,177
plus,39343,102
plus,39344,118
plus,39345,123
plus,39346,143
plus,39347,180
plus,39348,121
plus,39349,231
plus,39350,75
plus,39351,84
plus,39352,177
plus,39353,226
plus,39354,85
plus,39355,231
plus,39356,145
plus,39357,120
plus,39358,144
plus,39359,125
plus,39360,176
plus,39361,89
plus,39362,124
plus,39363,148
plus,39364,118
plus,39365,171
plus,39366,233
plus,39367,45
plus,39368,107
plus,39369,126
plus,39370,92
plus,39371,178
plus,39372,183
plus,39373,105
plus,39374,228
plus,39375,63
plus,39376,227
plus,39377,108
plus,39378,106
plus,39379,95
plus,39380,123
plus,39381,119
plus,39382,142
plus,39383,77
plus,39384,141
plus,39385,94
plus,39386,183
plus,39387,89
plus,39388,123
plus,39389,178
plus,39390,75
plus,39391,110
plus,39392,232
plus,39393,123
plus,39394,178
plus,39395,230
plus,39396,147
plus,39397,138
plus,39398,94
plus,39399,146
plus,39400,145
plus,39401,142
plus,39402,180
plus,39403,176
plus,39404,109
plus,39405,228
plus,39406,146
plus,39407,179
plus,39408,180
plus,39409,111
plus,39410,176
plus,39411,177
plus,39412,172
plus,39413,88
plus,39414,174
plus,39415,70
plus,39416,176
plus,39417,238
plus,39418,96
plus,39419,95
plus,39420,147
plus,39421,108
plus,39422,227
plus,39423,180
plus,39424,104
plus,39425,184
plus,39426,94
plus,39427,178
plus,39428,121
plus,39429,576
plus,39430,123
plus,39431,145
plus,39432,174
plus,39433,122
plus,39434,55
plus,39435,55
plus,39436,146
plus,39437,105
plus,39438,92
plus,39439,64
plus,39440,172
plus,39441,144
plus,39442,64
plus,39443,81
plus,39444,81
plus,39445,181
plus,39446,106
plus,39447,46
plus,39448,97
plus,39449,124
plus,39450,106
plus,39451,105
plus,39452,121
plus,39453,95
plus,39454,144
plus,39455,179
plus,39456,124
plus,39457,106
plus,39458,181
plus,39459,93
plus,39460,149
plus,39461,116
plus,39462,110
plus,39463,141
plus,39464,123
plus,39465,119
plus,39466,224
plus,39467,123
plus,39468,106
plus,39469,68
plus,39470,576
plus,39471,121
plus,39472,94
plus,39473,143
plus,39474,124
plus,39475,173
plus,39476,183
plus,39477,94
plus,39478,178
plus,39479,41
plus,39480,226
plus,39481,63
plus,39482,227
plus,39483,92
plus,39484,75
plus,39485,183
plus,39486,121
plus,39487,231
plus,39488,182
plus,39489,118
plus,39490,83
plus,39491,64
plus,39492,235
plus,39493,143
plus,39494,106
plus,39495,84
plus,39496,174
plus,39497,173
plus,39498,230
plus,39499,146
plus,39500,120
plus,39501,176
plus,39502,75
plus,39503,124
plus,39504,185
plus,39505,232
plus,39506,147
plus,39507,186
plus,39508,81
plus,39509,179
plus,39510,148
plus,39511,231
plus,39512,108
plus,39513,106
plus,39514,119
plus,39515,82
plus,39516,42
plus,39517,229
plus,39518,109
plus,39519,125
plus,39520,110
plus,39521,185
plus,39522,59
plus,39523,59
plus,39524,319
plus,39525,107
plus,39526,228
plus,39527,106
plus,39528,238
plus,39529,76
plus,39530,60
plus,39531,84
plus,39532,324
plus,39533,95
plus,39534,173
plus,39535,109
plus,39536,146
plus,39537,58
plus,39538,106
plus,39539,227
plus,39540,174
plus,39541,228
plus,39542,178
plus,39543,145
plus,39544,62
plus,39545,60
plus,39546,123
plus,39547,145
plus,39548,83
plus,39549,144
plus,39550,232
plus,39551,94
plus,39552,142
plus,39553,177
plus,39554,67
plus,39555,90
plus,39556,141
plus,39557,324
plus,39558,144
plus,39559,82
plus,39560,177
plus,39561,119
plus,39562,144
plus,39563,123
plus,39564,74
plus,39565,91
plus,39566,120
plus,39567,179
plus,39568,175
plus,39569,230
plus,39570,144
plus,39571,93
plus,39572,49
plus,39573,231
plus,39574,121
plus,39575,142
plus,39576,108
plus,39577,172
plus,39578,144
plus,39579,142
plus,39580,176
plus,39581,116
plus,39582,183
plus,39583,106
plus,39584,120
plus,39585,105
plus,39586,84
plus,39587,90
plus,39588,219
plus,39589,54
plus,39590,148
plus,39591,322
plus,39592,226
plus,39593,137
plus,39594,143
plus,39595,341
plus,39596,173
plus,39597,84
plus,39598,62
plus,39599,77
plus,39600,145
plus,39601,226
plus,39602,234
plus,39603,120
plus,39604,171
plus,39605,93
plus,39606,183
plus,39607,144
plus,39608,124
plus,39609,119
plus,39610,179
plus,39611,175
plus,39612,221
plus,39613,177
plus,39614,146
plus,39615,147
plus,39616,236
plus,39617,109
plus,39618,187
plus,39619,125
plus,39620,105
plus,39621,323
plus,39622,175
plus,39623,120
plus,39624,65
plus,39625,179
plus,39626,176
plus,39627,119
plus,39628,125
plus,39629,123
plus,39630,327
plus,39631,74
plus,39632,144
plus,39633,94
plus,39634,83
plus,39635,143
plus,39636,142
plus,39637,120
plus,39638,76
plus,39639,141
plus,39640,121
plus,39641,144
plus,39642,125
plus,39643,179
plus,39644,229
plus,39645,122
plus,39646,325
plus,39647,104
plus,39648,61
plus,39649,83
plus,39650,94
plus,39651,145
plus,39652,177
plus,39653,141
plus,39654,106
plus,39655,60
plus,39656,81
plus,39657,176
plus,39658,104
plus,39659,172
plus,39660,123
plus,39661,104
plus,39662,228
plus,39663,124
plus,39664,227
plus,39665,146
plus,39666,69
plus,39667,121
plus,39668,142
plus,39669,228
plus,39670,84
plus,39671,228
plus,39672,92
plus,39673,55
plus,39674,88
plus,39675,119
plus,39676,147
plus,39677,173
plus,39678,105
plus,39679,143
plus,39680,95
plus,39681,90
plus,39682,177
plus,39683,123
plus,39684,144
plus,39685,223
plus,39686,178
plus,39687,109
plus,39688,146
plus,39689,181
plus,39690,175
plus,39691,118
plus,39692,141
plus,39693,227
plus,39694,148
plus,39695,146
plus,39696,144
plus,39697,82
plus,39698,148
plus,39699,179
plus,39700,143
plus,39701,327
plus,39702,126
plus,39703,73
plus,39704,106
plus,39705,96
plus,39706,75
plus,39707,140
plus,39708,103
plus,39709,41
plus,39710,146
plus,39711,178
plus,39712,229
plus,39713,183
plus,39714,144
plus,39715,176
plus,39716,96
plus,39717,77
plus,39718,38
plus,39719,125
plus,39720,56
plus,39721,107
plus,39722,108
plus,39723,73
plus,39724,93
plus,39725,76
plus,39726,90
plus,39727,95
plus,39728,329
plus,39729,182
plus,39730,183
plus,39731,178
plus,39732,138
plus,39733,174
plus,39734,49
plus,39735,68
plus,39736,121
plus,39737,232
plus,39738,173
plus,39739,42
plus,39740,121
plus,39741,121
plus,39742,182
plus,39743,179
plus,39744,59
plus,39745,180
plus,39746,228
plus,39747,146
plus,39748,144
plus,39749,67
plus,39750,322
plus,39751,49
plus,39752,228
plus,39753,143
plus,39754,107
plus,39755,63
plus,39756,326
plus,39757,231
plus,39758,141
plus,39759,142
plus,39760,94
plus,39761,229
plus,39762,122
plus,39763,65
plus,39764,110
plus,39765,108
plus,39766,226
plus,39767,107
plus,39768,54
plus,39769,119
plus,39770,151
plus,39771,92
plus,39772,185
plus,39773,144
plus,39774,323
plus,39775,41
plus,39776,108
plus,39777,177
plus,39778,142
plus,39779,106
plus,39780,97
plus,39781,29
plus,39782,228
plus,39783,95
plus,39784,225
plus,39785,76
plus,39786,180
plus,39787,233
plus,39788,106
plus,39789,144
plus,39790,230
plus,39791,102
plus,39792,63
plus,39793,119
plus,39794,142
plus,39795,46
plus,39796,63
plus,39797,76
plus,39798,224
plus,39799,122
plus,39800,146
plus,39801,37
plus,39802,144
plus,39803,62
plus,39804,177
plus,39805,144
plus,39806,96
plus,39807,93
plus,39808,227
plus,39809,176
plus,39810,174
plus,39811,141
plus,39812,124
plus,39813,77
plus,39814,90
plus,39815,91
plus,39816,105
plus,39817,148
plus,39818,178
plus,39819,183
plus,39820,144
plus,39821,141
plus,39822,59
plus,39823,147
plus,39824,231
plus,39825,178
plus,39826,125
plus,39827,181
plus,39828,230
plus,39829,77
plus,39830,92
plus,39831,121
plus,39832,56
plus,39833,125
plus,39834,145
plus,39835,178
plus,39836,125
plus,39837,142
plus,39838,236
plus,39839,122
plus,39840,91
plus,39841,241
plus,39842,118
plus,39843,109
plus,39844,142
plus,39845,84
plus,39846,44
plus,39847,83
plus,39848,142
plus,39849,107
plus,39850,107
plus,39851,176
plus,39852,94
plus,39853,225
plus,39854,120
plus,39855,91
plus,39856,178
plus,39857,147
plus,39858,110
plus,39859,47
plus,39860,140
plus,39861,45
plus,39862,42
plus,39863,48
plus,39864,60
plus,39865,64
plus,39866,107
plus,39867,122
plus,39868,83
plus,39869,106
plus,39870,142
plus,39871,144
plus,39872,106
plus,39873,121
plus,39874,120
plus,39875,227
plus,39876,125
plus,39877,145
plus,39878,120
plus,39879,179
plus,39880,144
plus,39881,95
plus,39882,148
plus,39883,124
plus,39884,144
plus,39885,109
plus,39886,119
plus,39887,184
plus,39888,115
plus,39889,124
plus,39890,331
plus,39891,105
plus,39892,124
plus,39893,124
plus,39894,104
plus,39895,125
plus,39896,143
plus,39897,334
plus,39898,230
plus,39899,84
plus,39900,174
plus,39901,92
plus,39902,174
plus,39903,324
plus,39904,82
plus,39905,231
plus,39906,180
plus,39907,176
plus,39908,42
plus,39909,176
plus,39910,176
plus,39911,123
plus,39912,125
plus,39913,68
plus,39914,94
plus,39915,174
plus,39916,91
plus,39917,226
plus,39918,65
plus,39919,141
plus,39920,144
plus,39921,62
plus,39922,122
plus,39923,74
plus,39924,64
plus,39925,104
plus,39926,55
plus,39927,80
plus,39928,81
plus,39929,83
plus,39930,123
plus,39931,182
plus,39932,232
plus,39933,234
plus,39934,106
plus,39935,55
plus,39936,184
plus,39937,179
plus,39938,82
plus,39939,93
plus,39940,326
plus,39941,177
plus,39942,57
plus,39943,178
plus,39944,178
plus,39945,121
plus,39946,178
plus,39947,93
plus,39948,42
plus,39949,102
plus,39950,107
plus,39951,176
plus,39952,48
plus,39953,146
plus,39954,181
plus,39955,148
plus,39956,122
plus,39957,49
plus,39958,108
plus,39959,122
plus,39960,230
plus,39961,122
plus,39962,96
plus,39963,108
plus,39964,106
plus,39965,144
plus,39966,227
plus,39967,226
plus,39968,123
plus,39969,173
plus,39970,107
plus,39971,94
plus,39972,70
plus,39973,173
plus,39974,48
plus,39975,118
plus,39976,90
plus,39977,85
plus,39978,117
plus,39979,145
plus,39980,118
plus,39981,146
plus,39982,228
plus,39983,143
plus,39984,149
plus,39985,125
plus,39986,102
plus,39987,89
plus,39988,174
plus,39989,179
plus,39990,330
plus,39991,93
plus,39992,230
plus,39993,147
plus,39994,74
plus,39995,233
plus,39996,94
plus,39997,76
plus,39998,145
plus,39999,75
plus,40000,107
plus,40001,72
plus,40002,124
plus,40003,106
plus,40004,145
plus,40005,240
plus,40006,125
plus,40007,105
plus,40008,148
plus,40009,121
plus,40010,181
plus,40011,142
plus,40012,84
plus,40013,57
plus,40014,145
plus,40015,327
plus,40016,144
plus,40017,143
plus,40018,49
plus,40019,174
plus,40020,175
plus,40021,94
plus,40022,46
plus,40023,145
plus,40024,84
plus,40025,179
plus,40026,123
plus,40027,107
plus,40028,177
plus,40029,55
plus,40030,228
plus,40031,82
plus,40032,232
plus,40033,143
plus,40034,105
plus,40035,104
plus,40036,179
plus,40037,45
plus,40038,70
plus,40039,59
plus,40040,177
plus,40041,84
plus,40042,92
plus,40043,145
plus,40044,140
plus,40045,180
plus,40046,179
plus,40047,179
plus,40048,106
plus,40049,178
plus,40050,122
plus,40051,190
plus,40052,58
plus,40053,173
plus,40054,145
plus,40055,68
plus,40056,175
plus,40057,83
plus,40058,143
plus,40059,177
plus,40060,58
plus,40061,147
plus,40062,83
plus,40063,230
plus,40064,233
plus,40065,232
plus,40066,185
plus,40067,76
plus,40068,180
plus,40069,143
plus,40070,48
plus,40071,324
plus,40072,107
plus,40073,109
plus,40074,104
plus,40075,76
plus,40076,179
plus,40077,123
plus,40078,177
plus,40079,176
plus,40080,179
plus,40081,235
plus,40082,178
plus,40083,59
plus,40084,141
plus,40085,181
plus,40086,172
plus,40087,104
plus,40088,115
plus,40089,178
plus,40090,227
plus,40091,222
plus,40092,147
plus,40093,121
plus,40094,107
plus,40095,108
plus,40096,77
plus,40097,123
plus,40098,327
plus,40099,142
plus,40100,144
plus,40101,63
plus,40102,145
plus,40103,46
plus,40104,178
plus,40105,144
plus,40106,180
plus,40107,144
plus,40108,144
plus,40109,143
plus,40110,124
plus,40111,327
plus,40112,177
plus,40113,120
plus,40114,224
plus,40115,177
plus,40116,82
plus,40117,106
plus,40118,178
plus,40119,144
plus,40120,180
plus,40121,178
plus,40122,85
plus,40123,232
plus,40124,326
plus,40125,120
plus,40126,224
plus,40127,123
plus,40128,227
plus,40129,106
plus,40130,239
plus,40131,177
plus,40132,229
plus,40133,45
plus,40134,147
plus,40135,145
plus,40136,93
plus,40137,94
plus,40138,89
plus,40139,81
plus,40140,84
plus,40141,146
plus,40142,140
plus,40143,173
plus,40144,109
plus,40145,70
plus,40146,65
plus,40147,179
plus,40148,325
plus,40149,142
plus,40150,105
plus,40151,73
plus,40152,145
plus,40153,224
plus,40154,185
plus,40155,122
plus,40156,228
plus,40157,172
plus,40158,173
plus,40159,170
plus,40160,177
plus,40161,147
plus,40162,231
plus,40163,76
plus,40164,78
plus,40165,119
plus,40166,94
plus,40167,181
plus,40168,144
plus,40169,71
plus,40170,176
plus,40171,226
plus,40172,175
plus,40173,176
plus,40174,178
plus,40175,55
plus,40176,233
plus,40177,126
plus,40178,177
plus,40179,118
plus,40180,94
plus,40181,121
plus,40182,69
plus,40183,330
plus,40184,184
plus,40185,146
plus,40186,83
plus,40187,233
plus,40188,62
plus,40189,145
plus,40190,45
plus,40191,123
plus,40192,62
plus,40193,108
plus,40194,143
plus,40195,234
plus,40196,126
plus,40197,71
plus,40198,179
plus,40199,145
plus,40200,175
plus,40201,45
plus,40202,75
plus,40203,106
plus,40204,179
plus,40205,182
plus,40206,83
plus,40207,92
plus,40208,145
plus,40209,145
plus,40210,140
plus,40211,149
plus,40212,224
plus,40213,179
plus,40214,59
plus,40215,110
plus,40216,106
plus,40217,96
plus,40218,147
plus,40219,106
plus,40220,122
plus,40221,181
plus,40222,143
plus,40223,107
plus,40224,176
plus,40225,124
plus,40226,119
plus,40227,108
plus,40228,87
plus,40229,119
plus,40230,106
plus,40231,106
plus,40232,225
plus,40233,83
plus,40234,70
plus,40235,106
plus,40236,94
plus,40237,146
plus,40238,142
plus,40239,241
plus,40240,147
plus,40241,182
plus,40242,184
plus,40243,142
plus,40244,121
plus,40245,89
plus,40246,227
plus,40247,83
plus,40248,236
plus,40249,229
plus,40250,148
plus,40251,105
plus,40252,228
plus,40253,94
plus,40254,147
plus,40255,77
plus,40256,110
plus,40257,178
plus,40258,95
plus,40259,84
plus,40260,122
plus,40261,143
plus,40262,141
plus,40263,180
plus,40264,104
plus,40265,49
plus,40266,103
plus,40267,91
plus,40268,118
plus,40269,181
plus,40270,56
plus,40271,107
plus,40272,144
plus,40273,92
plus,40274,148
plus,40275,183
plus,40276,229
plus,40277,181
plus,40278,108
plus,40279,84
plus,40280,145
plus,40281,121
plus,40282,95
plus,40283,145
plus,40284,106
plus,40285,108
plus,40286,145
plus,40287,125
plus,40288,108
plus,40289,326
plus,40290,322
plus,40291,123
plus,40292,182
plus,40293,144
plus,40294,228
plus,40295,106
plus,40296,231
plus,40297,231
plus,40298,65
plus,40299,231
plus,40300,226
plus,40301,81
plus,40302,139
plus,40303,144
plus,40304,93
plus,40305,236
plus,40306,149
plus,40307,174
plus,40308,55
plus,40309,123
plus,40310,93
plus,40311,94
plus,40312,94
plus,40313,106
plus,40314,177
plus,40315,104
plus,40316,76
plus,40317,123
plus,40318,123
plus,40319,82
plus,40320,177
plus,40321,81
plus,40322,104
plus,40323,105
plus,40324,175
plus,40325,147
plus,40326,120
plus,40327,80
plus,40328,178
plus,40329,228
plus,40330,235
plus,40331,93
plus,40332,177
plus,40333,123
plus,40334,94
plus,40335,179
plus,40336,145
plus,40337,47
plus,40338,121
plus,40339,221
plus,40340,62
plus,40341,106
plus,40342,142
plus,40343,173
plus,40344,108
plus,40345,141
plus,40346,91
plus,40347,106
plus,40348,321
plus,40349,30
plus,40350,182
plus,40351,229
plus,40352,95
plus,40353,121
plus,40354,144
plus,40355,317
plus,40356,145
plus,40357,119
plus,40358,146
plus,40359,170
plus,40360,147
plus,40361,182
plus,40362,179
plus,40363,142
plus,40364,106
plus,40365,95
plus,40366,323
plus,40367,182
plus,40368,144
plus,40369,174
plus,40370,121
plus,40371,89
plus,40372,142
plus,40373,124
plus,40374,118
plus,40375,65
plus,40376,76
plus,40377,94
plus,40378,124
plus,40379,147
plus,40380,233
plus,40381,226
plus,40382,123
plus,40383,64
plus,40384,118
plus,40385,77
plus,40386,234
plus,40387,124
plus,40388,177
plus,40389,56
plus,40390,174
plus,40391,172
plus,40392,177
plus,40393,83
plus,40394,61
plus,40395,146
plus,40396,142
plus,40397,93
plus,40398,120
plus,40399,144
plus,40400,120
plus,40401,121
plus,40402,105
plus,40403,95
plus,40404,144
plus,40405,104
plus,40406,80
plus,40407,74
plus,40408,147
plus,40409,30
plus,40410,104
plus,40411,225
plus,40412,49
plus,40413,175
plus,40414,335
plus,40415,122
plus,40416,69
plus,40417,176
plus,40418,122
plus,40419,59
plus,40420,183
plus,40421,83
plus,40422,104
plus,40423,75
plus,40424,96
plus,40425,173
plus,40426,144
plus,40427,146
plus,40428,84
plus,40429,122
plus,40430,233
plus,40431,177
plus,40432,63
plus,40433,227
plus,40434,142
plus,40435,63
plus,40436,117
plus,40437,88
plus,40438,183
plus,40439,143
plus,40440,107
plus,40441,144
plus,40442,126
plus,40443,121
plus,40444,81
plus,40445,323
plus,40446,232
plus,40447,124
plus,40448,174
plus,40449,144
plus,40450,88
plus,40451,63
plus,40452,176
plus,40453,328
plus,40454,228
plus,40455,74
plus,40456,94
plus,40457,174
plus,40458,233
plus,40459,46
plus,40460,96
plus,40461,139
plus,40462,95
plus,40463,139
plus,40464,107
plus,40465,173
plus,40466,62
plus,40467,144
plus,40468,84
plus,40469,144
plus,40470,64
plus,40471,144
plus,40472,146
plus,40473,173
plus,40474,228
plus,40475,177
plus,40476,74
plus,40477,148
plus,40478,104
plus,40479,234
plus,40480,122
plus,40481,147
plus,40482,177
plus,40483,141
plus,40484,92
plus,40485,142
plus,40486,121
plus,40487,95
plus,40488,118
plus,40489,148
plus,40490,94
plus,40491,234
plus,40492,175
plus,40493,49
plus,40494,148
plus,40495,175
plus,40496,102
plus,40497,141
plus,40498,229
plus,40499,122
plus,40500,75
plus,40501,95
plus,40502,107
plus,40503,179
