method,image_idx,n_out
advanced,0,31
advanced,1,98
advanced,2,33
advanced,3,37
advanced,4,22
advanced,5,7
advanced,6,36
advanced,7,52
advanced,8,19
advanced,9,17
advanced,10,70
advanced,11,35
advanced,12,55
advanced,13,41
advanced,14,9
advanced,15,32
advanced,16,56
advanced,17,43
advanced,18,30
advanced,19,36
advanced,20,39
advanced,21,28
advanced,22,31
advanced,23,15
advanced,24,38
advanced,25,24
advanced,26,36
advanced,27,37
advanced,28,27
advanced,29,26
advanced,30,36
advanced,31,32
advanced,32,32
advanced,33,25
advanced,34,53
advanced,35,25
advanced,36,40
advanced,37,52
advanced,38,31
advanced,39,42
advanced,40,10
advanced,41,22
advanced,42,50
advanced,43,38
advanced,44,9
advanced,45,20
advanced,46,65
advanced,47,68
advanced,48,24
advanced,49,55
advanced,50,67
advanced,51,37
advanced,52,11
advanced,53,27
advanced,54,39
advanced,55,30
advanced,56,41
advanced,57,32
advanced,58,35
advanced,59,30
advanced,60,45
advanced,61,9
advanced,62,39
advanced,63,30
advanced,64,20
advanced,65,20
advanced,66,21
advanced,67,42
advanced,68,25
advanced,69,42
advanced,70,39
advanced,71,14
advanced,72,26
advanced,73,25
advanced,74,48
advanced,75,60
advanced,76,32
advanced,77,36
advanced,78,66
advanced,79,53
advanced,80,25
advanced,81,22
advanced,82,52
advanced,83,27
advanced,84,35
advanced,85,48
advanced,86,21
advanced,87,33
advanced,88,28
advanced,89,34
advanced,90,34
advanced,91,40
advanced,92,34
advanced,93,19
advanced,94,38
advanced,95,44
advanced,96,22
advanced,97,26
advanced,98,23
advanced,99,28
advanced,100,36
advanced,101,22
advanced,102,42
advanced,103,58
advanced,104,28
advanced,105,46
advanced,106,50
advanced,107,27
advanced,108,40
advanced,109,21
advanced,110,24
advanced,111,36
advanced,112,61
advanced,113,35
advanced,114,28
advanced,115,51
advanced,116,22
advanced,117,35
advanced,118,25
advanced,119,26
advanced,120,31
advanced,121,17
advanced,122,17
advanced,123,28
advanced,124,37
advanced,125,22
advanced,126,12
advanced,127,26
advanced,128,32
advanced,129,29
advanced,130,15
advanced,131,29
advanced,132,35
advanced,133,60
advanced,134,34
advanced,135,30
advanced,136,15
advanced,137,27
advanced,138,49
advanced,139,26
advanced,140,14
advanced,141,30
advanced,142,29
advanced,143,27
advanced,144,27
advanced,145,73
advanced,146,23
advanced,147,12
advanced,148,51
advanced,149,45
advanced,150,18
advanced,151,61
advanced,152,29
advanced,153,18
advanced,154,40
advanced,155,11
advanced,156,12
advanced,157,20
advanced,158,27
advanced,159,30
advanced,160,36
advanced,161,24
advanced,162,89
advanced,163,8
advanced,164,19
advanced,165,10
advanced,166,28
advanced,167,16
advanced,168,17
advanced,169,24
advanced,170,37
advanced,171,39
advanced,172,34
advanced,173,7
advanced,174,36
advanced,175,17
advanced,176,19
advanced,177,32
advanced,178,33
advanced,179,34
advanced,180,21
advanced,181,37
advanced,182,51
advanced,183,39
advanced,184,48
advanced,185,48
advanced,186,48
advanced,187,18
advanced,188,16
advanced,189,40
advanced,190,34
advanced,191,31
advanced,192,33
advanced,193,20
advanced,194,31
advanced,195,23
advanced,196,24
advanced,197,26
advanced,198,54
advanced,199,50
advanced,200,41
advanced,201,49
advanced,202,26
advanced,203,30
advanced,204,30
advanced,205,40
advanced,206,48
advanced,207,22
advanced,208,73
advanced,209,15
advanced,210,60
advanced,211,17
advanced,212,55
advanced,213,26
advanced,214,44
advanced,215,35
advanced,216,10
advanced,217,25
advanced,218,33
advanced,219,14
advanced,220,32
advanced,221,25
advanced,222,29
advanced,223,36
advanced,224,25
advanced,225,19
advanced,226,27
advanced,227,43
advanced,228,21
advanced,229,39
advanced,230,45
advanced,231,16
advanced,232,34
advanced,233,25
advanced,234,33
advanced,235,32
advanced,236,31
advanced,237,66
advanced,238,29
advanced,239,16
advanced,240,46
advanced,241,55
advanced,242,12
advanced,243,22
advanced,244,42
advanced,245,40
advanced,246,43
advanced,247,30
advanced,248,30
advanced,249,28
advanced,250,44
advanced,251,30
advanced,252,32
advanced,253,18
advanced,254,27
advanced,255,28
advanced,256,40
advanced,257,35
advanced,258,37
advanced,259,29
advanced,260,33
advanced,261,54
advanced,262,44
advanced,263,21
advanced,264,35
advanced,265,51
advanced,266,28
advanced,267,50
advanced,268,19
advanced,269,46
advanced,270,35
advanced,271,11
advanced,272,35
advanced,273,54
advanced,274,25
advanced,275,35
advanced,276,24
advanced,277,39
advanced,278,33
advanced,279,40
advanced,280,28
advanced,281,49
advanced,282,15
advanced,283,40
advanced,284,41
advanced,285,21
advanced,286,15
advanced,287,39
advanced,288,62
advanced,289,29
advanced,290,14
advanced,291,31
advanced,292,23
advanced,293,33
advanced,294,7
advanced,295,10
advanced,296,32
advanced,297,77
advanced,298,29
advanced,299,20
advanced,300,22
advanced,301,32
advanced,302,33
advanced,303,45
advanced,304,16
advanced,305,42
advanced,306,22
advanced,307,30
advanced,308,47
advanced,309,34
advanced,310,49
advanced,311,23
advanced,312,18
advanced,313,53
advanced,314,47
advanced,315,22
advanced,316,39
advanced,317,19
advanced,318,38
advanced,319,55
advanced,320,36
advanced,321,36
advanced,322,27
advanced,323,56
advanced,324,51
advanced,325,61
advanced,326,49
advanced,327,42
advanced,328,19
advanced,329,36
advanced,330,34
advanced,331,14
advanced,332,11
advanced,333,46
advanced,334,17
advanced,335,24
advanced,336,41
advanced,337,51
advanced,338,64
advanced,339,40
advanced,340,29
advanced,341,30
advanced,342,30
advanced,343,33
advanced,344,40
advanced,345,28
advanced,346,19
advanced,347,41
advanced,348,18
advanced,349,24
advanced,350,22
advanced,351,63
advanced,352,38
advanced,353,77
advanced,354,22
advanced,355,63
advanced,356,43
advanced,357,37
advanced,358,31
advanced,359,27
advanced,360,41
advanced,361,61
advanced,362,34
advanced,363,21
advanced,364,17
advanced,365,22
advanced,366,42
advanced,367,38
advanced,368,34
advanced,369,70
advanced,370,51
advanced,371,35
advanced,372,55
advanced,373,55
advanced,374,22
advanced,375,20
advanced,376,28
advanced,377,17
advanced,378,11
advanced,379,36
advanced,380,42
advanced,381,24
advanced,382,65
advanced,383,14
advanced,384,21
advanced,385,20
advanced,386,45
advanced,387,19
advanced,388,25
advanced,389,22
advanced,390,15
advanced,391,39
advanced,392,30
advanced,393,29
advanced,394,22
advanced,395,52
advanced,396,17
advanced,397,8
advanced,398,37
advanced,399,19
advanced,400,46
advanced,401,31
advanced,402,45
advanced,403,61
advanced,404,50
advanced,405,40
advanced,406,48
advanced,407,27
advanced,408,32
advanced,409,58
advanced,410,49
advanced,411,35
advanced,412,24
advanced,413,43
advanced,414,32
advanced,415,32
advanced,416,47
advanced,417,26
advanced,418,56
advanced,419,48
advanced,420,24
advanced,421,42
advanced,422,47
advanced,423,50
advanced,424,22
advanced,425,44
advanced,426,21
advanced,427,22
advanced,428,41
advanced,429,25
advanced,430,38
advanced,431,32
advanced,432,37
advanced,433,21
advanced,434,39
advanced,435,40
advanced,436,57
advanced,437,70
advanced,438,21
advanced,439,22
advanced,440,33
advanced,441,39
advanced,442,38
advanced,443,68
advanced,444,43
advanced,445,30
advanced,446,51
advanced,447,9
advanced,448,16
advanced,449,37
advanced,450,32
advanced,451,37
advanced,452,30
advanced,453,24
advanced,454,82
advanced,455,68
advanced,456,37
advanced,457,31
advanced,458,34
advanced,459,27
advanced,460,44
advanced,461,25
advanced,462,21
advanced,463,50
advanced,464,30
advanced,465,64
advanced,466,23
advanced,467,60
advanced,468,25
advanced,469,24
advanced,470,27
advanced,471,45
advanced,472,31
advanced,473,27
advanced,474,30
advanced,475,46
advanced,476,27
advanced,477,18
advanced,478,32
advanced,479,20
advanced,480,18
advanced,481,24
advanced,482,22
advanced,483,19
advanced,484,24
advanced,485,45
advanced,486,30
advanced,487,26
advanced,488,26
advanced,489,23
advanced,490,56
advanced,491,25
advanced,492,27
advanced,493,30
advanced,494,25
advanced,495,26
advanced,496,49
advanced,497,30
advanced,498,44
advanced,499,21
advanced,500,26
advanced,501,25
advanced,502,23
advanced,503,18
advanced,504,43
advanced,505,19
advanced,506,31
advanced,507,56
advanced,508,37
advanced,509,17
advanced,510,60
advanced,511,55
advanced,512,46
advanced,513,10
advanced,514,21
advanced,515,14
advanced,516,59
advanced,517,48
advanced,518,71
advanced,519,15
advanced,520,30
advanced,521,53
advanced,522,25
advanced,523,20
advanced,524,33
advanced,525,36
advanced,526,25
advanced,527,19
advanced,528,36
advanced,529,13
advanced,530,46
advanced,531,32
advanced,532,25
advanced,533,22
advanced,534,45
advanced,535,24
advanced,536,25
advanced,537,46
advanced,538,39
advanced,539,14
advanced,540,39
advanced,541,63
advanced,542,29
advanced,543,15
advanced,544,32
advanced,545,18
advanced,546,47
advanced,547,49
advanced,548,59
advanced,549,33
advanced,550,33
advanced,551,24
advanced,552,39
advanced,553,37
advanced,554,25
advanced,555,29
advanced,556,34
advanced,557,29
advanced,558,41
advanced,559,39
advanced,560,53
advanced,561,20
advanced,562,35
advanced,563,30
advanced,564,86
advanced,565,28
advanced,566,50
advanced,567,42
advanced,568,17
advanced,569,34
advanced,570,30
advanced,571,31
advanced,572,37
advanced,573,22
advanced,574,53
advanced,575,38
advanced,576,29
advanced,577,32
advanced,578,44
advanced,579,20
advanced,580,67
advanced,581,31
advanced,582,25
advanced,583,41
advanced,584,73
advanced,585,26
advanced,586,31
advanced,587,32
advanced,588,41
advanced,589,24
advanced,590,29
advanced,591,20
advanced,592,23
advanced,593,31
advanced,594,46
advanced,595,20
advanced,596,27
advanced,597,52
advanced,598,33
advanced,599,49
advanced,600,26
advanced,601,31
advanced,602,47
advanced,603,36
advanced,604,30
advanced,605,42
advanced,606,23
advanced,607,27
advanced,608,31
advanced,609,45
advanced,610,62
advanced,611,40
advanced,612,31
advanced,613,17
advanced,614,34
advanced,615,15
advanced,616,47
advanced,617,38
advanced,618,35
advanced,619,30
advanced,620,22
advanced,621,26
advanced,622,34
advanced,623,31
advanced,624,53
advanced,625,15
advanced,626,14
advanced,627,54
advanced,628,46
advanced,629,33
advanced,630,41
advanced,631,18
advanced,632,37
advanced,633,49
advanced,634,31
advanced,635,27
advanced,636,50
advanced,637,33
advanced,638,18
advanced,639,21
advanced,640,21
advanced,641,32
advanced,642,38
advanced,643,38
advanced,644,31
advanced,645,39
advanced,646,36
advanced,647,21
advanced,648,47
advanced,649,43
advanced,650,41
advanced,651,8
advanced,652,10
advanced,653,25
advanced,654,45
advanced,655,51
advanced,656,19
advanced,657,40
advanced,658,19
advanced,659,39
advanced,660,32
advanced,661,38
advanced,662,14
advanced,663,20
advanced,664,35
advanced,665,30
advanced,666,51
advanced,667,60
advanced,668,34
advanced,669,27
advanced,670,44
advanced,671,31
advanced,672,21
advanced,673,47
advanced,674,34
advanced,675,38
advanced,676,42
advanced,677,21
advanced,678,29
advanced,679,64
advanced,680,35
advanced,681,31
advanced,682,28
advanced,683,12
advanced,684,14
advanced,685,21
advanced,686,29
advanced,687,16
advanced,688,23
advanced,689,39
advanced,690,42
advanced,691,42
advanced,692,27
advanced,693,19
advanced,694,30
advanced,695,12
advanced,696,24
advanced,697,20
advanced,698,39
advanced,699,29
advanced,700,41
advanced,701,38
advanced,702,19
advanced,703,43
advanced,704,32
advanced,705,36
advanced,706,33
advanced,707,65
advanced,708,52
advanced,709,20
advanced,710,20
advanced,711,35
advanced,712,29
advanced,713,11
advanced,714,17
advanced,715,17
advanced,716,42
advanced,717,33
advanced,718,13
advanced,719,37
advanced,720,35
advanced,721,50
advanced,722,58
advanced,723,28
advanced,724,16
advanced,725,37
advanced,726,45
advanced,727,43
advanced,728,38
advanced,729,49
advanced,730,29
advanced,731,47
advanced,732,26
advanced,733,31
advanced,734,29
advanced,735,30
advanced,736,25
advanced,737,28
advanced,738,29
advanced,739,25
advanced,740,51
advanced,741,15
advanced,742,25
advanced,743,22
advanced,744,33
advanced,745,38
advanced,746,43
advanced,747,24
advanced,748,20
advanced,749,33
advanced,750,11
advanced,751,51
advanced,752,30
advanced,753,34
advanced,754,22
advanced,755,53
advanced,756,22
advanced,757,23
advanced,758,39
advanced,759,44
advanced,760,27
advanced,761,10
advanced,762,25
advanced,763,32
advanced,764,41
advanced,765,22
advanced,766,13
advanced,767,41
advanced,768,37
advanced,769,27
advanced,770,41
advanced,771,25
advanced,772,40
advanced,773,70
advanced,774,30
advanced,775,28
advanced,776,35
advanced,777,67
advanced,778,41
advanced,779,35
advanced,780,25
advanced,781,41
advanced,782,50
advanced,783,32
advanced,784,50
advanced,785,30
advanced,786,37
advanced,787,18
advanced,788,32
advanced,789,30
advanced,790,34
advanced,791,40
advanced,792,31
advanced,793,34
advanced,794,37
advanced,795,32
advanced,796,22
advanced,797,41
advanced,798,22
advanced,799,9
advanced,800,40
advanced,801,48
advanced,802,37
advanced,803,39
advanced,804,34
advanced,805,68
advanced,806,23
advanced,807,59
advanced,808,73
advanced,809,34
advanced,810,52
advanced,811,37
advanced,812,45
advanced,813,33
advanced,814,28
advanced,815,97
advanced,816,31
advanced,817,27
advanced,818,44
advanced,819,41
advanced,820,56
advanced,821,34
advanced,822,21
advanced,823,23
advanced,824,19
advanced,825,12
advanced,826,12
advanced,827,54
advanced,828,19
advanced,829,66
advanced,830,47
advanced,831,30
advanced,832,69
advanced,833,24
advanced,834,41
advanced,835,40
advanced,836,53
advanced,837,27
advanced,838,43
advanced,839,35
advanced,840,32
advanced,841,48
advanced,842,29
advanced,843,30
advanced,844,17
advanced,845,20
advanced,846,31
advanced,847,21
advanced,848,12
advanced,849,18
advanced,850,28
advanced,851,34
advanced,852,12
advanced,853,28
advanced,854,41
advanced,855,24
advanced,856,28
advanced,857,30
advanced,858,42
advanced,859,28
advanced,860,37
advanced,861,48
advanced,862,31
advanced,863,28
advanced,864,22
advanced,865,50
advanced,866,37
advanced,867,24
advanced,868,48
advanced,869,24
advanced,870,43
advanced,871,23
advanced,872,19
advanced,873,36
advanced,874,16
advanced,875,45
advanced,876,58
advanced,877,32
advanced,878,55
advanced,879,34
advanced,880,19
advanced,881,43
advanced,882,26
advanced,883,32
advanced,884,14
advanced,885,30
advanced,886,29
advanced,887,19
advanced,888,37
advanced,889,49
advanced,890,31
advanced,891,67
advanced,892,47
advanced,893,47
advanced,894,27
advanced,895,30
advanced,896,25
advanced,897,21
advanced,898,16
advanced,899,32
advanced,900,21
advanced,901,48
advanced,902,48
advanced,903,82
advanced,904,65
advanced,905,36
advanced,906,61
advanced,907,46
advanced,908,28
advanced,909,19
advanced,910,17
advanced,911,39
advanced,912,34
advanced,913,49
advanced,914,44
advanced,915,35
advanced,916,39
advanced,917,36
advanced,918,31
advanced,919,21
advanced,920,31
advanced,921,20
advanced,922,17
advanced,923,37
advanced,924,15
advanced,925,51
advanced,926,42
advanced,927,25
advanced,928,34
advanced,929,46
advanced,930,36
advanced,931,34
advanced,932,36
advanced,933,35
advanced,934,39
advanced,935,34
advanced,936,21
advanced,937,36
advanced,938,31
advanced,939,30
advanced,940,18
advanced,941,42
advanced,942,30
advanced,943,44
advanced,944,27
advanced,945,38
advanced,946,34
advanced,947,38
advanced,948,42
advanced,949,37
advanced,950,29
advanced,951,30
advanced,952,29
advanced,953,20
advanced,954,28
advanced,955,26
advanced,956,37
advanced,957,46
advanced,958,22
advanced,959,57
advanced,960,67
advanced,961,25
advanced,962,44
advanced,963,45
advanced,964,46
advanced,965,62
advanced,966,42
advanced,967,53
advanced,968,26
advanced,969,48
advanced,970,57
advanced,971,54
advanced,972,16
advanced,973,42
advanced,974,19
advanced,975,27
advanced,976,46
advanced,977,30
advanced,978,30
advanced,979,32
advanced,980,22
advanced,981,12
advanced,982,34
advanced,983,37
advanced,984,36
advanced,985,42
advanced,986,36
advanced,987,30
advanced,988,27
advanced,989,34
advanced,990,53
advanced,991,35
advanced,992,36
advanced,993,31
advanced,994,41
advanced,995,42
advanced,996,31
advanced,997,35
advanced,998,52
advanced,999,39
advanced,1000,42
advanced,1001,29
advanced,1002,25
advanced,1003,29
advanced,1004,25
advanced,1005,17
advanced,1006,40
advanced,1007,16
advanced,1008,51
advanced,1009,26
advanced,1010,37
advanced,1011,34
advanced,1012,28
advanced,1013,23
advanced,1014,38
advanced,1015,33
advanced,1016,35
advanced,1017,29
advanced,1018,21
advanced,1019,22
advanced,1020,94
advanced,1021,25
advanced,1022,24
advanced,1023,34
advanced,1024,49
advanced,1025,28
advanced,1026,42
advanced,1027,65
advanced,1028,21
advanced,1029,37
advanced,1030,22
advanced,1031,21
advanced,1032,39
advanced,1033,25
advanced,1034,35
advanced,1035,35
advanced,1036,24
advanced,1037,17
advanced,1038,44
advanced,1039,38
advanced,1040,53
advanced,1041,37
advanced,1042,45
advanced,1043,15
advanced,1044,37
advanced,1045,54
advanced,1046,33
advanced,1047,39
advanced,1048,34
advanced,1049,39
advanced,1050,39
advanced,1051,14
advanced,1052,21
advanced,1053,22
advanced,1054,28
advanced,1055,27
advanced,1056,22
advanced,1057,66
advanced,1058,38
advanced,1059,89
advanced,1060,37
advanced,1061,66
advanced,1062,16
advanced,1063,49
advanced,1064,60
advanced,1065,35
advanced,1066,26
advanced,1067,17
advanced,1068,26
advanced,1069,47
advanced,1070,19
advanced,1071,35
advanced,1072,35
advanced,1073,24
advanced,1074,18
advanced,1075,30
advanced,1076,16
advanced,1077,55
advanced,1078,51
advanced,1079,43
advanced,1080,43
advanced,1081,20
advanced,1082,37
advanced,1083,30
advanced,1084,39
advanced,1085,42
advanced,1086,31
advanced,1087,31
advanced,1088,55
advanced,1089,17
advanced,1090,39
advanced,1091,45
advanced,1092,44
advanced,1093,32
advanced,1094,22
advanced,1095,18
advanced,1096,27
advanced,1097,25
advanced,1098,15
advanced,1099,27
advanced,1100,49
advanced,1101,24
advanced,1102,50
advanced,1103,30
advanced,1104,21
advanced,1105,28
advanced,1106,18
advanced,1107,32
advanced,1108,32
advanced,1109,35
advanced,1110,18
advanced,1111,25
advanced,1112,40
advanced,1113,30
advanced,1114,34
advanced,1115,21
advanced,1116,31
advanced,1117,33
advanced,1118,25
advanced,1119,39
advanced,1120,18
advanced,1121,28
advanced,1122,66
advanced,1123,18
advanced,1124,36
advanced,1125,70
advanced,1126,36
advanced,1127,8
advanced,1128,33
advanced,1129,70
advanced,1130,20
advanced,1131,19
advanced,1132,35
advanced,1133,16
advanced,1134,40
advanced,1135,19
advanced,1136,40
advanced,1137,33
advanced,1138,38
advanced,1139,16
advanced,1140,31
advanced,1141,13
advanced,1142,30
advanced,1143,8
advanced,1144,44
advanced,1145,30
advanced,1146,21
advanced,1147,32
advanced,1148,24
advanced,1149,26
advanced,1150,48
advanced,1151,33
advanced,1152,58
advanced,1153,56
advanced,1154,40
advanced,1155,43
advanced,1156,28
advanced,1157,24
advanced,1158,81
advanced,1159,31
advanced,1160,47
advanced,1161,36
advanced,1162,18
advanced,1163,23
advanced,1164,49
advanced,1165,28
advanced,1166,24
advanced,1167,56
advanced,1168,28
advanced,1169,35
advanced,1170,24
advanced,1171,22
advanced,1172,35
advanced,1173,24
advanced,1174,21
advanced,1175,49
advanced,1176,44
advanced,1177,13
advanced,1178,46
advanced,1179,41
advanced,1180,35
advanced,1181,30
advanced,1182,23
advanced,1183,31
advanced,1184,31
advanced,1185,23
advanced,1186,37
advanced,1187,26
advanced,1188,22
advanced,1189,43
advanced,1190,32
advanced,1191,53
advanced,1192,27
advanced,1193,45
advanced,1194,16
advanced,1195,54
advanced,1196,32
advanced,1197,33
advanced,1198,26
advanced,1199,22
advanced,1200,36
advanced,1201,25
advanced,1202,32
advanced,1203,38
advanced,1204,30
advanced,1205,34
advanced,1206,51
advanced,1207,38
advanced,1208,18
advanced,1209,41
advanced,1210,29
advanced,1211,34
advanced,1212,80
advanced,1213,90
advanced,1214,92
advanced,1215,52
advanced,1216,19
advanced,1217,23
advanced,1218,33
advanced,1219,89
advanced,1220,58
advanced,1221,37
advanced,1222,23
advanced,1223,60
advanced,1224,40
advanced,1225,30
advanced,1226,17
advanced,1227,44
advanced,1228,24
advanced,1229,52
advanced,1230,34
advanced,1231,42
advanced,1232,50
advanced,1233,42
advanced,1234,35
advanced,1235,29
advanced,1236,22
advanced,1237,21
advanced,1238,51
advanced,1239,21
advanced,1240,15
advanced,1241,30
advanced,1242,40
advanced,1243,75
advanced,1244,44
advanced,1245,23
advanced,1246,73
advanced,1247,38
advanced,1248,63
advanced,1249,32
advanced,1250,20
advanced,1251,50
advanced,1252,62
advanced,1253,38
advanced,1254,80
advanced,1255,61
advanced,1256,16
advanced,1257,21
advanced,1258,27
advanced,1259,21
advanced,1260,46
advanced,1261,33
advanced,1262,21
advanced,1263,30
advanced,1264,22
advanced,1265,51
advanced,1266,83
advanced,1267,40
advanced,1268,20
advanced,1269,47
advanced,1270,53
advanced,1271,20
advanced,1272,49
advanced,1273,19
advanced,1274,38
advanced,1275,35
advanced,1276,15
advanced,1277,13
advanced,1278,24
advanced,1279,39
advanced,1280,33
advanced,1281,37
advanced,1282,32
advanced,1283,27
advanced,1284,40
advanced,1285,26
advanced,1286,14
advanced,1287,35
advanced,1288,16
advanced,1289,51
advanced,1290,35
advanced,1291,29
advanced,1292,38
advanced,1293,20
advanced,1294,45
advanced,1295,18
advanced,1296,30
advanced,1297,15
advanced,1298,36
advanced,1299,19
advanced,1300,28
advanced,1301,31
advanced,1302,30
advanced,1303,40
advanced,1304,25
advanced,1305,49
advanced,1306,40
advanced,1307,36
advanced,1308,33
advanced,1309,34
advanced,1310,35
advanced,1311,47
advanced,1312,25
advanced,1313,23
advanced,1314,79
advanced,1315,22
advanced,1316,42
advanced,1317,29
advanced,1318,26
advanced,1319,20
advanced,1320,22
advanced,1321,26
advanced,1322,77
advanced,1323,31
advanced,1324,20
advanced,1325,59
advanced,1326,63
advanced,1327,26
advanced,1328,66
advanced,1329,36
advanced,1330,46
advanced,1331,41
advanced,1332,65
advanced,1333,50
advanced,1334,33
advanced,1335,45
advanced,1336,37
advanced,1337,15
advanced,1338,49
advanced,1339,51
advanced,1340,41
advanced,1341,51
advanced,1342,23
advanced,1343,49
advanced,1344,30
advanced,1345,40
advanced,1346,31
advanced,1347,37
advanced,1348,27
advanced,1349,50
advanced,1350,18
advanced,1351,43
advanced,1352,34
advanced,1353,43
advanced,1354,29
advanced,1355,44
advanced,1356,39
advanced,1357,32
advanced,1358,33
advanced,1359,29
advanced,1360,24
advanced,1361,57
advanced,1362,21
advanced,1363,34
advanced,1364,36
advanced,1365,38
advanced,1366,43
advanced,1367,35
advanced,1368,27
advanced,1369,40
advanced,1370,55
advanced,1371,42
advanced,1372,34
advanced,1373,43
advanced,1374,35
advanced,1375,33
advanced,1376,21
advanced,1377,34
advanced,1378,43
advanced,1379,68
advanced,1380,55
advanced,1381,52
advanced,1382,41
advanced,1383,14
advanced,1384,50
advanced,1385,31
advanced,1386,38
advanced,1387,37
advanced,1388,44
advanced,1389,44
advanced,1390,15
advanced,1391,59
advanced,1392,40
advanced,1393,15
advanced,1394,39
advanced,1395,33
advanced,1396,60
advanced,1397,23
advanced,1398,26
advanced,1399,24
advanced,1400,37
advanced,1401,34
advanced,1402,40
advanced,1403,22
advanced,1404,38
advanced,1405,13
advanced,1406,82
advanced,1407,17
advanced,1408,66
advanced,1409,37
advanced,1410,32
advanced,1411,12
advanced,1412,39
advanced,1413,18
advanced,1414,29
advanced,1415,26
advanced,1416,32
advanced,1417,49
advanced,1418,38
advanced,1419,42
advanced,1420,62
advanced,1421,36
advanced,1422,21
advanced,1423,23
advanced,1424,14
advanced,1425,17
advanced,1426,31
advanced,1427,33
advanced,1428,33
advanced,1429,28
advanced,1430,21
advanced,1431,29
advanced,1432,62
advanced,1433,25
advanced,1434,35
advanced,1435,12
advanced,1436,20
advanced,1437,27
advanced,1438,20
advanced,1439,37
advanced,1440,35
advanced,1441,43
advanced,1442,51
advanced,1443,22
advanced,1444,37
advanced,1445,34
advanced,1446,51
advanced,1447,27
advanced,1448,43
advanced,1449,43
advanced,1450,43
advanced,1451,7
advanced,1452,20
advanced,1453,48
advanced,1454,24
advanced,1455,26
advanced,1456,59
advanced,1457,32
advanced,1458,35
advanced,1459,16
advanced,1460,42
advanced,1461,43
advanced,1462,45
advanced,1463,24
advanced,1464,39
advanced,1465,36
advanced,1466,26
advanced,1467,18
advanced,1468,31
advanced,1469,40
advanced,1470,92
advanced,1471,13
advanced,1472,41
advanced,1473,32
advanced,1474,21
advanced,1475,53
advanced,1476,36
advanced,1477,57
advanced,1478,34
advanced,1479,26
advanced,1480,36
advanced,1481,39
advanced,1482,28
advanced,1483,20
advanced,1484,20
advanced,1485,42
advanced,1486,89
advanced,1487,50
advanced,1488,33
advanced,1489,21
advanced,1490,40
advanced,1491,11
advanced,1492,38
advanced,1493,46
advanced,1494,27
advanced,1495,82
advanced,1496,33
advanced,1497,50
advanced,1498,17
advanced,1499,64
advanced,1500,31
advanced,1501,60
advanced,1502,31
advanced,1503,18
advanced,1504,16
advanced,1505,53
advanced,1506,53
advanced,1507,41
advanced,1508,31
advanced,1509,43
advanced,1510,50
advanced,1511,47
advanced,1512,25
advanced,1513,18
advanced,1514,35
advanced,1515,48
advanced,1516,12
advanced,1517,12
advanced,1518,17
advanced,1519,36
advanced,1520,28
advanced,1521,25
advanced,1522,27
advanced,1523,50
advanced,1524,37
advanced,1525,22
advanced,1526,13
advanced,1527,18
advanced,1528,28
advanced,1529,40
advanced,1530,47
advanced,1531,40
advanced,1532,42
advanced,1533,24
advanced,1534,62
advanced,1535,29
advanced,1536,7
advanced,1537,14
advanced,1538,21
advanced,1539,39
advanced,1540,39
advanced,1541,16
advanced,1542,61
advanced,1543,27
advanced,1544,28
advanced,1545,48
advanced,1546,29
advanced,1547,49
advanced,1548,38
advanced,1549,28
advanced,1550,29
advanced,1551,40
advanced,1552,42
advanced,1553,25
advanced,1554,28
advanced,1555,21
advanced,1556,44
advanced,1557,38
advanced,1558,27
advanced,1559,27
advanced,1560,28
advanced,1561,16
advanced,1562,44
advanced,1563,74
advanced,1564,24
advanced,1565,14
advanced,1566,19
advanced,1567,35
advanced,1568,53
advanced,1569,44
advanced,1570,73
advanced,1571,52
advanced,1572,69
advanced,1573,38
advanced,1574,18
advanced,1575,35
advanced,1576,46
advanced,1577,20
advanced,1578,23
advanced,1579,100
advanced,1580,33
advanced,1581,60
advanced,1582,27
advanced,1583,43
advanced,1584,17
advanced,1585,40
advanced,1586,63
advanced,1587,32
advanced,1588,42
advanced,1589,44
advanced,1590,33
advanced,1591,42
advanced,1592,37
advanced,1593,58
advanced,1594,26
advanced,1595,22
advanced,1596,40
advanced,1597,40
advanced,1598,46
advanced,1599,61
advanced,1600,17
advanced,1601,10
advanced,1602,25
advanced,1603,42
advanced,1604,46
advanced,1605,58
advanced,1606,43
advanced,1607,28
advanced,1608,28
advanced,1609,27
advanced,1610,51
advanced,1611,30
advanced,1612,54
advanced,1613,25
advanced,1614,30
advanced,1615,21
advanced,1616,25
advanced,1617,22
advanced,1618,29
advanced,1619,50
advanced,1620,15
advanced,1621,56
advanced,1622,17
advanced,1623,31
advanced,1624,24
advanced,1625,26
advanced,1626,33
advanced,1627,27
advanced,1628,24
advanced,1629,35
advanced,1630,24
advanced,1631,29
advanced,1632,29
advanced,1633,22
advanced,1634,30
advanced,1635,45
advanced,1636,28
advanced,1637,46
advanced,1638,31
advanced,1639,11
advanced,1640,48
advanced,1641,37
advanced,1642,27
advanced,1643,33
advanced,1644,45
advanced,1645,53
advanced,1646,53
advanced,1647,28
advanced,1648,37
advanced,1649,30
advanced,1650,19
advanced,1651,27
advanced,1652,22
advanced,1653,8
advanced,1654,45
advanced,1655,45
advanced,1656,45
advanced,1657,52
advanced,1658,28
advanced,1659,32
advanced,1660,65
advanced,1661,20
advanced,1662,37
advanced,1663,37
advanced,1664,77
advanced,1665,30
advanced,1666,28
advanced,1667,32
advanced,1668,44
advanced,1669,21
advanced,1670,25
advanced,1671,61
advanced,1672,22
advanced,1673,22
advanced,1674,26
advanced,1675,48
advanced,1676,24
advanced,1677,25
advanced,1678,48
advanced,1679,22
advanced,1680,28
advanced,1681,28
advanced,1682,31
advanced,1683,44
advanced,1684,43
advanced,1685,36
advanced,1686,51
advanced,1687,31
advanced,1688,24
advanced,1689,28
advanced,1690,49
advanced,1691,32
advanced,1692,15
advanced,1693,36
advanced,1694,20
advanced,1695,21
advanced,1696,25
advanced,1697,41
advanced,1698,27
advanced,1699,28
advanced,1700,45
advanced,1701,33
advanced,1702,31
advanced,1703,42
advanced,1704,50
advanced,1705,33
advanced,1706,29
advanced,1707,40
advanced,1708,25
advanced,1709,46
advanced,1710,48
advanced,1711,31
advanced,1712,40
advanced,1713,42
advanced,1714,18
advanced,1715,31
advanced,1716,13
advanced,1717,26
advanced,1718,23
advanced,1719,34
advanced,1720,74
advanced,1721,45
advanced,1722,38
advanced,1723,23
advanced,1724,40
advanced,1725,17
advanced,1726,23
advanced,1727,54
advanced,1728,63
advanced,1729,27
advanced,1730,32
advanced,1731,55
advanced,1732,17
advanced,1733,29
advanced,1734,61
advanced,1735,24
advanced,1736,49
advanced,1737,37
advanced,1738,49
advanced,1739,25
advanced,1740,24
advanced,1741,24
advanced,1742,36
advanced,1743,25
advanced,1744,12
advanced,1745,31
advanced,1746,40
advanced,1747,29
advanced,1748,35
advanced,1749,52
advanced,1750,46
advanced,1751,69
advanced,1752,40
advanced,1753,34
advanced,1754,36
advanced,1755,38
advanced,1756,43
advanced,1757,29
advanced,1758,38
advanced,1759,29
advanced,1760,14
advanced,1761,30
advanced,1762,39
advanced,1763,33
advanced,1764,12
advanced,1765,37
advanced,1766,32
advanced,1767,31
advanced,1768,28
advanced,1769,35
advanced,1770,42
advanced,1771,40
advanced,1772,43
advanced,1773,12
advanced,1774,20
advanced,1775,34
advanced,1776,23
advanced,1777,68
advanced,1778,23
advanced,1779,64
advanced,1780,53
advanced,1781,23
advanced,1782,20
advanced,1783,28
advanced,1784,45
advanced,1785,32
advanced,1786,38
advanced,1787,83
advanced,1788,19
advanced,1789,35
advanced,1790,61
advanced,1791,63
advanced,1792,26
advanced,1793,36
advanced,1794,31
advanced,1795,42
advanced,1796,32
advanced,1797,42
advanced,1798,38
advanced,1799,31
advanced,1800,60
advanced,1801,27
advanced,1802,24
advanced,1803,42
advanced,1804,19
advanced,1805,26
advanced,1806,29
advanced,1807,17
advanced,1808,40
advanced,1809,13
advanced,1810,18
advanced,1811,41
advanced,1812,28
advanced,1813,20
advanced,1814,36
advanced,1815,31
advanced,1816,34
advanced,1817,48
advanced,1818,22
advanced,1819,44
advanced,1820,56
advanced,1821,27
advanced,1822,32
advanced,1823,20
advanced,1824,31
advanced,1825,33
advanced,1826,15
advanced,1827,27
advanced,1828,46
advanced,1829,23
advanced,1830,31
advanced,1831,47
advanced,1832,48
advanced,1833,32
advanced,1834,53
advanced,1835,30
advanced,1836,15
advanced,1837,44
advanced,1838,21
advanced,1839,16
advanced,1840,18
advanced,1841,30
advanced,1842,62
advanced,1843,33
advanced,1844,31
advanced,1845,41
advanced,1846,46
advanced,1847,23
advanced,1848,29
advanced,1849,30
advanced,1850,44
advanced,1851,49
advanced,1852,49
advanced,1853,29
advanced,1854,23
advanced,1855,20
advanced,1856,28
advanced,1857,9
advanced,1858,36
advanced,1859,60
advanced,1860,59
advanced,1861,33
advanced,1862,40
advanced,1863,33
advanced,1864,37
advanced,1865,32
advanced,1866,25
advanced,1867,31
advanced,1868,11
advanced,1869,25
advanced,1870,31
advanced,1871,60
advanced,1872,22
advanced,1873,30
advanced,1874,30
advanced,1875,36
advanced,1876,24
advanced,1877,20
advanced,1878,28
advanced,1879,54
advanced,1880,25
advanced,1881,49
advanced,1882,49
advanced,1883,39
advanced,1884,42
advanced,1885,42
advanced,1886,12
advanced,1887,42
advanced,1888,52
advanced,1889,19
advanced,1890,39
advanced,1891,42
advanced,1892,36
advanced,1893,14
advanced,1894,18
advanced,1895,34
advanced,1896,30
advanced,1897,11
advanced,1898,18
advanced,1899,31
advanced,1900,46
advanced,1901,39
advanced,1902,51
advanced,1903,35
advanced,1904,41
advanced,1905,18
advanced,1906,35
advanced,1907,37
advanced,1908,31
advanced,1909,20
advanced,1910,35
advanced,1911,23
advanced,1912,30
advanced,1913,30
advanced,1914,57
advanced,1915,84
advanced,1916,17
advanced,1917,40
advanced,1918,25
advanced,1919,51
advanced,1920,32
advanced,1921,24
advanced,1922,36
advanced,1923,33
advanced,1924,30
advanced,1925,42
advanced,1926,45
advanced,1927,35
advanced,1928,15
advanced,1929,38
advanced,1930,32
advanced,1931,25
advanced,1932,38
advanced,1933,36
advanced,1934,31
advanced,1935,27
advanced,1936,26
advanced,1937,54
advanced,1938,30
advanced,1939,45
advanced,1940,56
advanced,1941,27
advanced,1942,28
advanced,1943,34
advanced,1944,33
advanced,1945,24
advanced,1946,9
advanced,1947,45
advanced,1948,30
advanced,1949,21
advanced,1950,25
advanced,1951,23
advanced,1952,14
advanced,1953,26
advanced,1954,18
advanced,1955,29
advanced,1956,32
advanced,1957,26
advanced,1958,37
advanced,1959,35
advanced,1960,33
advanced,1961,62
advanced,1962,24
advanced,1963,33
advanced,1964,30
advanced,1965,33
advanced,1966,40
advanced,1967,22
advanced,1968,35
advanced,1969,35
advanced,1970,27
advanced,1971,32
advanced,1972,38
advanced,1973,57
advanced,1974,37
advanced,1975,39
advanced,1976,31
advanced,1977,49
advanced,1978,28
advanced,1979,14
advanced,1980,28
advanced,1981,33
advanced,1982,56
advanced,1983,23
advanced,1984,35
advanced,1985,52
advanced,1986,44
advanced,1987,29
advanced,1988,46
advanced,1989,13
advanced,1990,33
advanced,1991,27
advanced,1992,21
advanced,1993,28
advanced,1994,10
advanced,1995,34
advanced,1996,29
advanced,1997,20
advanced,1998,46
advanced,1999,37
advanced,2000,29
advanced,2001,37
advanced,2002,25
advanced,2003,20
advanced,2004,18
advanced,2005,29
advanced,2006,50
advanced,2007,20
advanced,2008,24
advanced,2009,59
advanced,2010,27
advanced,2011,21
advanced,2012,49
advanced,2013,33
advanced,2014,36
advanced,2015,63
advanced,2016,48
advanced,2017,53
advanced,2018,31
advanced,2019,41
advanced,2020,34
advanced,2021,18
advanced,2022,51
advanced,2023,50
advanced,2024,79
advanced,2025,32
advanced,2026,57
advanced,2027,36
advanced,2028,32
advanced,2029,44
advanced,2030,32
advanced,2031,26
advanced,2032,27
advanced,2033,21
advanced,2034,45
advanced,2035,23
advanced,2036,16
advanced,2037,22
advanced,2038,35
advanced,2039,24
advanced,2040,15
advanced,2041,29
advanced,2042,26
advanced,2043,18
advanced,2044,24
advanced,2045,6
advanced,2046,51
advanced,2047,54
advanced,2048,46
advanced,2049,42
advanced,2050,39
advanced,2051,53
advanced,2052,23
advanced,2053,37
advanced,2054,29
advanced,2055,46
advanced,2056,59
advanced,2057,27
advanced,2058,17
advanced,2059,18
advanced,2060,51
advanced,2061,40
advanced,2062,19
advanced,2063,20
advanced,2064,69
advanced,2065,30
advanced,2066,61
advanced,2067,26
advanced,2068,35
advanced,2069,36
advanced,2070,66
advanced,2071,25
advanced,2072,13
advanced,2073,32
advanced,2074,33
advanced,2075,47
advanced,2076,8
advanced,2077,35
advanced,2078,29
advanced,2079,54
advanced,2080,19
advanced,2081,18
advanced,2082,26
advanced,2083,79
advanced,2084,66
advanced,2085,46
advanced,2086,33
advanced,2087,44
advanced,2088,39
advanced,2089,27
advanced,2090,39
advanced,2091,41
advanced,2092,42
advanced,2093,19
advanced,2094,50
advanced,2095,32
advanced,2096,73
advanced,2097,25
advanced,2098,45
advanced,2099,55
advanced,2100,16
advanced,2101,12
advanced,2102,33
advanced,2103,27
advanced,2104,27
advanced,2105,11
advanced,2106,31
advanced,2107,42
advanced,2108,49
advanced,2109,39
advanced,2110,35
advanced,2111,40
advanced,2112,11
advanced,2113,29
advanced,2114,55
advanced,2115,36
advanced,2116,20
advanced,2117,34
advanced,2118,20
advanced,2119,58
advanced,2120,14
advanced,2121,59
advanced,2122,25
advanced,2123,30
advanced,2124,16
advanced,2125,43
advanced,2126,51
advanced,2127,40
advanced,2128,14
advanced,2129,38
advanced,2130,13
advanced,2131,19
advanced,2132,27
advanced,2133,29
advanced,2134,28
advanced,2135,29
advanced,2136,38
advanced,2137,48
advanced,2138,32
advanced,2139,37
advanced,2140,28
advanced,2141,18
advanced,2142,40
advanced,2143,39
advanced,2144,39
advanced,2145,21
advanced,2146,42
advanced,2147,62
advanced,2148,22
advanced,2149,39
advanced,2150,24
advanced,2151,29
advanced,2152,35
advanced,2153,32
advanced,2154,30
advanced,2155,24
advanced,2156,49
advanced,2157,19
advanced,2158,43
advanced,2159,38
advanced,2160,35
advanced,2161,39
advanced,2162,32
advanced,2163,37
advanced,2164,5
advanced,2165,77
advanced,2166,18
advanced,2167,10
advanced,2168,27
advanced,2169,46
advanced,2170,44
advanced,2171,32
advanced,2172,28
advanced,2173,26
advanced,2174,44
advanced,2175,30
advanced,2176,31
advanced,2177,15
advanced,2178,50
advanced,2179,57
advanced,2180,40
advanced,2181,30
advanced,2182,12
advanced,2183,39
advanced,2184,62
advanced,2185,19
advanced,2186,58
advanced,2187,26
advanced,2188,32
advanced,2189,49
advanced,2190,23
advanced,2191,55
advanced,2192,41
advanced,2193,36
advanced,2194,30
advanced,2195,11
advanced,2196,44
advanced,2197,69
advanced,2198,38
advanced,2199,58
advanced,2200,50
advanced,2201,25
advanced,2202,25
advanced,2203,33
advanced,2204,48
advanced,2205,26
advanced,2206,41
advanced,2207,28
advanced,2208,63
advanced,2209,34
advanced,2210,34
advanced,2211,47
advanced,2212,42
advanced,2213,31
advanced,2214,61
advanced,2215,29
advanced,2216,92
advanced,2217,45
advanced,2218,88
advanced,2219,36
advanced,2220,29
advanced,2221,32
advanced,2222,35
advanced,2223,84
advanced,2224,19
advanced,2225,55
advanced,2226,39
advanced,2227,65
advanced,2228,44
advanced,2229,49
advanced,2230,38
advanced,2231,19
advanced,2232,43
advanced,2233,21
advanced,2234,38
advanced,2235,37
advanced,2236,27
advanced,2237,17
advanced,2238,35
advanced,2239,36
advanced,2240,30
advanced,2241,33
advanced,2242,50
advanced,2243,17
advanced,2244,12
advanced,2245,31
advanced,2246,37
advanced,2247,50
advanced,2248,67
advanced,2249,58
advanced,2250,16
advanced,2251,39
advanced,2252,35
advanced,2253,39
advanced,2254,43
advanced,2255,10
advanced,2256,41
advanced,2257,41
advanced,2258,36
advanced,2259,21
advanced,2260,26
advanced,2261,28
advanced,2262,61
advanced,2263,38
advanced,2264,36
advanced,2265,31
advanced,2266,27
advanced,2267,16
advanced,2268,48
advanced,2269,64
advanced,2270,36
advanced,2271,41
advanced,2272,49
advanced,2273,36
advanced,2274,33
advanced,2275,12
advanced,2276,26
advanced,2277,29
advanced,2278,34
advanced,2279,52
advanced,2280,35
advanced,2281,50
advanced,2282,30
advanced,2283,42
advanced,2284,55
advanced,2285,32
advanced,2286,34
advanced,2287,38
advanced,2288,27
advanced,2289,48
advanced,2290,26
advanced,2291,22
advanced,2292,29
advanced,2293,35
advanced,2294,17
advanced,2295,38
advanced,2296,28
advanced,2297,23
advanced,2298,29
advanced,2299,38
advanced,2300,20
advanced,2301,53
advanced,2302,33
advanced,2303,40
advanced,2304,36
advanced,2305,31
advanced,2306,40
advanced,2307,19
advanced,2308,58
advanced,2309,21
advanced,2310,21
advanced,2311,22
advanced,2312,43
advanced,2313,49
advanced,2314,10
advanced,2315,42
advanced,2316,41
advanced,2317,38
advanced,2318,44
advanced,2319,42
advanced,2320,41
advanced,2321,34
advanced,2322,37
advanced,2323,45
advanced,2324,50
advanced,2325,28
advanced,2326,28
advanced,2327,25
advanced,2328,51
advanced,2329,27
advanced,2330,20
advanced,2331,12
advanced,2332,28
advanced,2333,39
advanced,2334,62
advanced,2335,36
advanced,2336,13
advanced,2337,36
advanced,2338,20
advanced,2339,34
advanced,2340,40
advanced,2341,37
advanced,2342,25
advanced,2343,67
advanced,2344,19
advanced,2345,23
advanced,2346,28
advanced,2347,45
advanced,2348,22
advanced,2349,29
advanced,2350,35
advanced,2351,53
advanced,2352,41
advanced,2353,27
advanced,2354,35
advanced,2355,51
advanced,2356,30
advanced,2357,26
advanced,2358,39
advanced,2359,41
advanced,2360,45
advanced,2361,54
advanced,2362,60
advanced,2363,26
advanced,2364,19
advanced,2365,38
advanced,2366,33
advanced,2367,31
advanced,2368,30
advanced,2369,45
advanced,2370,23
advanced,2371,34
advanced,2372,31
advanced,2373,41
advanced,2374,52
advanced,2375,20
advanced,2376,39
advanced,2377,44
advanced,2378,18
advanced,2379,85
advanced,2380,33
advanced,2381,26
advanced,2382,18
advanced,2383,38
advanced,2384,30
advanced,2385,40
advanced,2386,38
advanced,2387,38
advanced,2388,33
advanced,2389,29
advanced,2390,19
advanced,2391,29
advanced,2392,56
advanced,2393,46
advanced,2394,32
advanced,2395,42
advanced,2396,63
advanced,2397,32
advanced,2398,35
advanced,2399,41
advanced,2400,26
advanced,2401,38
advanced,2402,32
advanced,2403,52
advanced,2404,45
advanced,2405,10
advanced,2406,51
advanced,2407,32
advanced,2408,50
advanced,2409,61
advanced,2410,31
advanced,2411,38
advanced,2412,32
advanced,2413,55
advanced,2414,63
advanced,2415,45
advanced,2416,33
advanced,2417,32
advanced,2418,20
advanced,2419,33
advanced,2420,23
advanced,2421,35
advanced,2422,75
advanced,2423,22
advanced,2424,47
advanced,2425,31
advanced,2426,35
advanced,2427,27
advanced,2428,27
advanced,2429,31
advanced,2430,10
advanced,2431,58
advanced,2432,41
advanced,2433,37
advanced,2434,64
advanced,2435,38
advanced,2436,27
advanced,2437,31
advanced,2438,23
advanced,2439,21
advanced,2440,53
advanced,2441,60
advanced,2442,34
advanced,2443,34
advanced,2444,36
advanced,2445,59
advanced,2446,29
advanced,2447,61
advanced,2448,35
advanced,2449,24
advanced,2450,26
advanced,2451,58
advanced,2452,16
advanced,2453,49
advanced,2454,34
advanced,2455,53
advanced,2456,22
advanced,2457,26
advanced,2458,23
advanced,2459,21
advanced,2460,58
advanced,2461,41
advanced,2462,12
advanced,2463,27
advanced,2464,23
advanced,2465,19
advanced,2466,63
advanced,2467,39
advanced,2468,20
advanced,2469,25
advanced,2470,24
advanced,2471,31
advanced,2472,61
advanced,2473,75
advanced,2474,28
advanced,2475,37
advanced,2476,46
advanced,2477,23
advanced,2478,46
advanced,2479,55
advanced,2480,22
advanced,2481,21
advanced,2482,24
advanced,2483,35
advanced,2484,34
advanced,2485,61
advanced,2486,48
advanced,2487,15
advanced,2488,28
advanced,2489,24
advanced,2490,43
advanced,2491,54
advanced,2492,39
advanced,2493,41
advanced,2494,55
advanced,2495,14
advanced,2496,11
advanced,2497,38
advanced,2498,36
advanced,2499,26
advanced,2500,21
advanced,2501,16
advanced,2502,21
advanced,2503,31
advanced,2504,59
advanced,2505,37
advanced,2506,31
advanced,2507,22
advanced,2508,32
advanced,2509,36
advanced,2510,63
advanced,2511,49
advanced,2512,20
advanced,2513,27
advanced,2514,29
advanced,2515,35
advanced,2516,75
advanced,2517,55
advanced,2518,26
advanced,2519,34
advanced,2520,21
advanced,2521,27
advanced,2522,18
advanced,2523,42
advanced,2524,51
advanced,2525,20
advanced,2526,37
advanced,2527,23
advanced,2528,10
advanced,2529,50
advanced,2530,30
advanced,2531,31
advanced,2532,23
advanced,2533,103
advanced,2534,45
advanced,2535,25
advanced,2536,28
advanced,2537,59
advanced,2538,16
advanced,2539,50
advanced,2540,42
advanced,2541,23
advanced,2542,41
advanced,2543,40
advanced,2544,17
advanced,2545,24
advanced,2546,26
advanced,2547,25
advanced,2548,39
advanced,2549,21
advanced,2550,35
advanced,2551,42
advanced,2552,39
advanced,2553,26
advanced,2554,39
advanced,2555,43
advanced,2556,16
advanced,2557,34
advanced,2558,34
advanced,2559,32
advanced,2560,29
advanced,2561,28
advanced,2562,20
advanced,2563,25
advanced,2564,8
advanced,2565,27
advanced,2566,39
advanced,2567,24
advanced,2568,33
advanced,2569,37
advanced,2570,15
advanced,2571,42
advanced,2572,14
advanced,2573,44
advanced,2574,13
advanced,2575,30
advanced,2576,62
advanced,2577,43
advanced,2578,12
advanced,2579,45
advanced,2580,36
advanced,2581,52
advanced,2582,31
advanced,2583,50
advanced,2584,39
advanced,2585,24
advanced,2586,28
advanced,2587,60
advanced,2588,27
advanced,2589,29
advanced,2590,34
advanced,2591,31
advanced,2592,22
advanced,2593,42
advanced,2594,27
advanced,2595,28
advanced,2596,30
advanced,2597,29
advanced,2598,29
advanced,2599,41
advanced,2600,41
advanced,2601,42
advanced,2602,21
advanced,2603,26
advanced,2604,37
advanced,2605,29
advanced,2606,49
advanced,2607,28
advanced,2608,30
advanced,2609,78
advanced,2610,47
advanced,2611,38
advanced,2612,23
advanced,2613,40
advanced,2614,31
advanced,2615,41
advanced,2616,34
advanced,2617,25
advanced,2618,24
advanced,2619,33
advanced,2620,36
advanced,2621,26
advanced,2622,62
advanced,2623,38
advanced,2624,51
advanced,2625,49
advanced,2626,30
advanced,2627,34
advanced,2628,41
advanced,2629,23
advanced,2630,32
advanced,2631,56
advanced,2632,36
advanced,2633,38
advanced,2634,34
advanced,2635,46
advanced,2636,17
advanced,2637,60
advanced,2638,8
advanced,2639,54
advanced,2640,13
advanced,2641,44
advanced,2642,20
advanced,2643,18
advanced,2644,51
advanced,2645,52
advanced,2646,28
advanced,2647,20
advanced,2648,54
advanced,2649,44
advanced,2650,41
advanced,2651,29
advanced,2652,34
advanced,2653,34
advanced,2654,44
advanced,2655,48
advanced,2656,20
advanced,2657,31
advanced,2658,44
advanced,2659,30
advanced,2660,30
advanced,2661,27
advanced,2662,34
advanced,2663,66
advanced,2664,54
advanced,2665,16
advanced,2666,19
advanced,2667,18
advanced,2668,64
advanced,2669,54
advanced,2670,34
advanced,2671,43
advanced,2672,21
advanced,2673,42
advanced,2674,26
advanced,2675,37
advanced,2676,46
advanced,2677,37
advanced,2678,36
advanced,2679,24
advanced,2680,19
advanced,2681,44
advanced,2682,44
advanced,2683,26
advanced,2684,35
advanced,2685,27
advanced,2686,42
advanced,2687,44
advanced,2688,26
advanced,2689,41
advanced,2690,22
advanced,2691,49
advanced,2692,31
advanced,2693,30
advanced,2694,33
advanced,2695,41
advanced,2696,23
advanced,2697,21
advanced,2698,13
advanced,2699,19
advanced,2700,37
advanced,2701,8
advanced,2702,24
advanced,2703,48
advanced,2704,37
advanced,2705,36
advanced,2706,39
advanced,2707,28
advanced,2708,38
advanced,2709,35
advanced,2710,30
advanced,2711,33
advanced,2712,34
advanced,2713,25
advanced,2714,40
advanced,2715,15
advanced,2716,32
advanced,2717,35
advanced,2718,37
advanced,2719,54
advanced,2720,72
advanced,2721,38
advanced,2722,34
advanced,2723,58
advanced,2724,38
advanced,2725,17
advanced,2726,16
advanced,2727,41
advanced,2728,19
advanced,2729,43
advanced,2730,70
advanced,2731,83
advanced,2732,19
advanced,2733,43
advanced,2734,66
advanced,2735,52
advanced,2736,39
advanced,2737,18
advanced,2738,17
advanced,2739,32
advanced,2740,36
advanced,2741,32
advanced,2742,25
advanced,2743,26
advanced,2744,32
advanced,2745,15
advanced,2746,52
advanced,2747,22
advanced,2748,43
advanced,2749,57
advanced,2750,64
advanced,2751,48
advanced,2752,39
advanced,2753,22
advanced,2754,12
advanced,2755,25
advanced,2756,23
advanced,2757,24
advanced,2758,27
advanced,2759,27
advanced,2760,13
advanced,2761,50
advanced,2762,25
advanced,2763,18
advanced,2764,12
advanced,2765,28
advanced,2766,62
advanced,2767,31
advanced,2768,35
advanced,2769,37
advanced,2770,41
advanced,2771,49
advanced,2772,30
advanced,2773,23
advanced,2774,38
advanced,2775,18
advanced,2776,31
advanced,2777,47
advanced,2778,24
advanced,2779,24
advanced,2780,9
advanced,2781,35
advanced,2782,17
advanced,2783,20
advanced,2784,26
advanced,2785,45
advanced,2786,21
advanced,2787,21
advanced,2788,20
advanced,2789,32
advanced,2790,26
advanced,2791,39
advanced,2792,31
advanced,2793,18
advanced,2794,26
advanced,2795,49
advanced,2796,43
advanced,2797,26
advanced,2798,37
advanced,2799,99
advanced,2800,23
advanced,2801,48
advanced,2802,19
advanced,2803,49
advanced,2804,19
advanced,2805,30
advanced,2806,19
advanced,2807,38
advanced,2808,42
advanced,2809,37
advanced,2810,54
advanced,2811,49
advanced,2812,27
advanced,2813,64
advanced,2814,35
advanced,2815,62
advanced,2816,21
advanced,2817,35
advanced,2818,37
advanced,2819,11
advanced,2820,55
advanced,2821,49
advanced,2822,22
advanced,2823,37
advanced,2824,24
advanced,2825,52
advanced,2826,34
advanced,2827,40
advanced,2828,34
advanced,2829,40
advanced,2830,28
advanced,2831,37
advanced,2832,33
advanced,2833,38
advanced,2834,36
advanced,2835,47
advanced,2836,45
advanced,2837,38
advanced,2838,37
advanced,2839,23
advanced,2840,43
advanced,2841,32
advanced,2842,33
advanced,2843,19
advanced,2844,13
advanced,2845,37
advanced,2846,30
advanced,2847,10
advanced,2848,34
advanced,2849,37
advanced,2850,77
advanced,2851,32
advanced,2852,21
advanced,2853,31
advanced,2854,66
advanced,2855,34
advanced,2856,85
advanced,2857,45
advanced,2858,52
advanced,2859,29
advanced,2860,22
advanced,2861,55
advanced,2862,20
advanced,2863,68
advanced,2864,32
advanced,2865,28
advanced,2866,39
advanced,2867,25
advanced,2868,16
advanced,2869,34
advanced,2870,70
advanced,2871,61
advanced,2872,24
advanced,2873,32
advanced,2874,32
advanced,2875,20
advanced,2876,26
advanced,2877,15
advanced,2878,38
advanced,2879,28
advanced,2880,97
advanced,2881,28
advanced,2882,37
advanced,2883,23
advanced,2884,35
advanced,2885,44
advanced,2886,37
advanced,2887,43
advanced,2888,30
advanced,2889,33
advanced,2890,9
advanced,2891,35
advanced,2892,7
advanced,2893,59
advanced,2894,39
advanced,2895,42
advanced,2896,33
advanced,2897,16
advanced,2898,62
advanced,2899,21
advanced,2900,35
advanced,2901,46
advanced,2902,26
advanced,2903,23
advanced,2904,82
advanced,2905,9
advanced,2906,21
advanced,2907,42
advanced,2908,29
advanced,2909,29
advanced,2910,58
advanced,2911,42
advanced,2912,37
advanced,2913,19
advanced,2914,54
advanced,2915,49
advanced,2916,13
advanced,2917,50
advanced,2918,39
advanced,2919,30
advanced,2920,29
advanced,2921,26
advanced,2922,20
advanced,2923,32
advanced,2924,13
advanced,2925,34
advanced,2926,39
advanced,2927,25
advanced,2928,50
advanced,2929,23
advanced,2930,38
advanced,2931,18
advanced,2932,41
advanced,2933,40
advanced,2934,109
advanced,2935,28
advanced,2936,58
advanced,2937,29
advanced,2938,28
advanced,2939,12
advanced,2940,46
advanced,2941,43
advanced,2942,18
advanced,2943,30
advanced,2944,33
advanced,2945,13
advanced,2946,59
advanced,2947,34
advanced,2948,36
advanced,2949,52
advanced,2950,41
advanced,2951,27
advanced,2952,31
advanced,2953,33
advanced,2954,57
advanced,2955,6
advanced,2956,52
advanced,2957,25
advanced,2958,40
advanced,2959,40
advanced,2960,32
advanced,2961,51
advanced,2962,25
advanced,2963,43
advanced,2964,37
advanced,2965,25
advanced,2966,34
advanced,2967,24
advanced,2968,41
advanced,2969,29
advanced,2970,46
advanced,2971,23
advanced,2972,41
advanced,2973,41
advanced,2974,36
advanced,2975,31
advanced,2976,30
advanced,2977,9
advanced,2978,42
advanced,2979,30
advanced,2980,32
advanced,2981,21
advanced,2982,57
advanced,2983,18
advanced,2984,28
advanced,2985,21
advanced,2986,44
advanced,2987,27
advanced,2988,22
advanced,2989,37
advanced,2990,26
advanced,2991,55
advanced,2992,25
advanced,2993,27
advanced,2994,25
advanced,2995,26
advanced,2996,23
advanced,2997,27
advanced,2998,13
advanced,2999,47
advanced,3000,19
advanced,3001,54
advanced,3002,26
advanced,3003,31
advanced,3004,24
advanced,3005,29
advanced,3006,27
advanced,3007,46
advanced,3008,32
advanced,3009,63
advanced,3010,52
advanced,3011,34
advanced,3012,76
advanced,3013,28
advanced,3014,20
advanced,3015,39
advanced,3016,53
advanced,3017,50
advanced,3018,40
advanced,3019,36
advanced,3020,19
advanced,3021,24
advanced,3022,42
advanced,3023,19
advanced,3024,36
advanced,3025,32
advanced,3026,32
advanced,3027,22
advanced,3028,39
advanced,3029,47
advanced,3030,25
advanced,3031,42
advanced,3032,26
advanced,3033,20
advanced,3034,33
advanced,3035,39
advanced,3036,28
advanced,3037,31
advanced,3038,49
advanced,3039,30
advanced,3040,36
advanced,3041,47
advanced,3042,37
advanced,3043,19
advanced,3044,28
advanced,3045,34
advanced,3046,52
advanced,3047,15
advanced,3048,42
advanced,3049,80
advanced,3050,12
advanced,3051,29
advanced,3052,19
advanced,3053,26
advanced,3054,21
advanced,3055,52
advanced,3056,31
advanced,3057,25
advanced,3058,40
advanced,3059,31
advanced,3060,46
advanced,3061,50
advanced,3062,39
advanced,3063,98
advanced,3064,31
advanced,3065,54
advanced,3066,17
advanced,3067,60
advanced,3068,60
advanced,3069,34
advanced,3070,17
advanced,3071,38
advanced,3072,29
advanced,3073,29
advanced,3074,44
advanced,3075,81
advanced,3076,48
advanced,3077,26
advanced,3078,49
advanced,3079,41
advanced,3080,68
advanced,3081,21
advanced,3082,60
advanced,3083,31
advanced,3084,32
advanced,3085,17
advanced,3086,29
advanced,3087,68
advanced,3088,53
advanced,3089,32
advanced,3090,42
advanced,3091,50
advanced,3092,33
advanced,3093,34
advanced,3094,51
advanced,3095,39
advanced,3096,25
advanced,3097,37
advanced,3098,46
advanced,3099,28
advanced,3100,36
advanced,3101,30
advanced,3102,28
advanced,3103,38
advanced,3104,30
advanced,3105,71
advanced,3106,25
advanced,3107,28
advanced,3108,37
advanced,3109,33
advanced,3110,23
advanced,3111,29
advanced,3112,40
advanced,3113,50
advanced,3114,39
advanced,3115,30
advanced,3116,31
advanced,3117,39
advanced,3118,32
advanced,3119,31
advanced,3120,24
advanced,3121,87
advanced,3122,24
advanced,3123,39
advanced,3124,24
advanced,3125,48
advanced,3126,6
advanced,3127,31
advanced,3128,26
advanced,3129,45
advanced,3130,35
advanced,3131,15
advanced,3132,62
advanced,3133,20
advanced,3134,51
advanced,3135,34
advanced,3136,29
advanced,3137,52
advanced,3138,47
advanced,3139,22
advanced,3140,39
advanced,3141,49
advanced,3142,57
advanced,3143,34
advanced,3144,51
advanced,3145,24
advanced,3146,27
advanced,3147,6
advanced,3148,78
advanced,3149,44
advanced,3150,22
advanced,3151,42
advanced,3152,25
advanced,3153,40
advanced,3154,21
advanced,3155,15
advanced,3156,66
advanced,3157,41
advanced,3158,39
advanced,3159,36
advanced,3160,63
advanced,3161,25
advanced,3162,33
advanced,3163,25
advanced,3164,42
advanced,3165,26
advanced,3166,24
advanced,3167,24
advanced,3168,55
advanced,3169,14
advanced,3170,28
advanced,3171,60
advanced,3172,32
advanced,3173,21
advanced,3174,40
advanced,3175,36
advanced,3176,60
advanced,3177,54
advanced,3178,33
advanced,3179,45
advanced,3180,28
advanced,3181,34
advanced,3182,7
advanced,3183,30
advanced,3184,45
advanced,3185,31
advanced,3186,31
advanced,3187,35
advanced,3188,10
advanced,3189,40
advanced,3190,33
advanced,3191,23
advanced,3192,40
advanced,3193,43
advanced,3194,35
advanced,3195,18
advanced,3196,22
advanced,3197,21
advanced,3198,16
advanced,3199,28
advanced,3200,26
advanced,3201,54
advanced,3202,22
advanced,3203,20
advanced,3204,46
advanced,3205,38
advanced,3206,47
advanced,3207,32
advanced,3208,56
advanced,3209,25
advanced,3210,35
advanced,3211,44
advanced,3212,24
advanced,3213,50
advanced,3214,68
advanced,3215,45
advanced,3216,37
advanced,3217,21
advanced,3218,30
advanced,3219,37
advanced,3220,26
advanced,3221,34
advanced,3222,30
advanced,3223,29
advanced,3224,26
advanced,3225,38
advanced,3226,28
advanced,3227,26
advanced,3228,34
advanced,3229,28
advanced,3230,16
advanced,3231,25
advanced,3232,25
advanced,3233,25
advanced,3234,37
advanced,3235,33
advanced,3236,33
advanced,3237,98
advanced,3238,32
advanced,3239,24
advanced,3240,65
advanced,3241,65
advanced,3242,33
advanced,3243,54
advanced,3244,42
advanced,3245,20
advanced,3246,6
advanced,3247,21
advanced,3248,32
advanced,3249,17
advanced,3250,43
advanced,3251,31
advanced,3252,53
advanced,3253,25
advanced,3254,39
advanced,3255,45
advanced,3256,35
advanced,3257,35
advanced,3258,45
advanced,3259,35
advanced,3260,19
advanced,3261,64
advanced,3262,36
advanced,3263,37
advanced,3264,57
advanced,3265,25
advanced,3266,76
advanced,3267,37
advanced,3268,7
advanced,3269,72
advanced,3270,24
advanced,3271,9
advanced,3272,19
advanced,3273,20
advanced,3274,47
advanced,3275,27
advanced,3276,43
advanced,3277,37
advanced,3278,56
advanced,3279,27
advanced,3280,27
advanced,3281,46
advanced,3282,56
advanced,3283,35
advanced,3284,53
advanced,3285,42
advanced,3286,37
advanced,3287,29
advanced,3288,34
advanced,3289,37
advanced,3290,30
advanced,3291,40
advanced,3292,13
advanced,3293,34
advanced,3294,44
advanced,3295,30
advanced,3296,31
advanced,3297,43
advanced,3298,68
advanced,3299,38
advanced,3300,25
advanced,3301,24
advanced,3302,71
advanced,3303,52
advanced,3304,19
advanced,3305,15
advanced,3306,20
advanced,3307,37
advanced,3308,38
advanced,3309,31
advanced,3310,33
advanced,3311,32
advanced,3312,24
advanced,3313,28
advanced,3314,33
advanced,3315,39
advanced,3316,22
advanced,3317,31
advanced,3318,48
advanced,3319,16
advanced,3320,28
advanced,3321,48
advanced,3322,52
advanced,3323,25
advanced,3324,52
advanced,3325,33
advanced,3326,22
advanced,3327,27
advanced,3328,41
advanced,3329,29
advanced,3330,19
advanced,3331,17
advanced,3332,33
advanced,3333,38
advanced,3334,46
advanced,3335,47
advanced,3336,15
advanced,3337,44
advanced,3338,66
advanced,3339,42
advanced,3340,19
advanced,3341,15
advanced,3342,28
advanced,3343,30
advanced,3344,29
advanced,3345,61
advanced,3346,36
advanced,3347,45
advanced,3348,19
advanced,3349,36
advanced,3350,25
advanced,3351,55
advanced,3352,21
advanced,3353,31
advanced,3354,20
advanced,3355,28
advanced,3356,19
advanced,3357,41
advanced,3358,47
advanced,3359,38
advanced,3360,23
advanced,3361,20
advanced,3362,30
advanced,3363,61
advanced,3364,27
advanced,3365,45
advanced,3366,36
advanced,3367,73
advanced,3368,51
advanced,3369,60
advanced,3370,10
advanced,3371,17
advanced,3372,29
advanced,3373,37
advanced,3374,43
advanced,3375,29
advanced,3376,25
advanced,3377,43
advanced,3378,37
advanced,3379,52
advanced,3380,37
advanced,3381,28
advanced,3382,35
advanced,3383,23
advanced,3384,52
advanced,3385,19
advanced,3386,18
advanced,3387,22
advanced,3388,27
advanced,3389,59
advanced,3390,63
advanced,3391,17
advanced,3392,22
advanced,3393,46
advanced,3394,43
advanced,3395,23
advanced,3396,16
advanced,3397,26
advanced,3398,98
advanced,3399,11
advanced,3400,38
advanced,3401,39
advanced,3402,45
advanced,3403,29
advanced,3404,24
advanced,3405,63
advanced,3406,35
advanced,3407,27
advanced,3408,20
advanced,3409,42
advanced,3410,41
advanced,3411,27
advanced,3412,25
advanced,3413,16
advanced,3414,33
advanced,3415,40
advanced,3416,31
advanced,3417,31
advanced,3418,29
advanced,3419,15
advanced,3420,28
advanced,3421,40
advanced,3422,31
advanced,3423,38
advanced,3424,16
advanced,3425,60
advanced,3426,54
advanced,3427,52
advanced,3428,29
advanced,3429,43
advanced,3430,28
advanced,3431,41
advanced,3432,29
advanced,3433,39
advanced,3434,24
advanced,3435,45
advanced,3436,52
advanced,3437,17
advanced,3438,39
advanced,3439,31
advanced,3440,35
advanced,3441,32
advanced,3442,28
advanced,3443,50
advanced,3444,19
advanced,3445,55
advanced,3446,52
advanced,3447,63
advanced,3448,22
advanced,3449,32
advanced,3450,62
advanced,3451,26
advanced,3452,39
advanced,3453,62
advanced,3454,37
advanced,3455,63
advanced,3456,75
advanced,3457,52
advanced,3458,42
advanced,3459,13
advanced,3460,21
advanced,3461,30
advanced,3462,35
advanced,3463,61
advanced,3464,46
advanced,3465,37
advanced,3466,41
advanced,3467,43
advanced,3468,48
advanced,3469,45
advanced,3470,30
advanced,3471,54
advanced,3472,45
advanced,3473,50
advanced,3474,37
advanced,3475,26
advanced,3476,23
advanced,3477,64
advanced,3478,61
advanced,3479,51
advanced,3480,38
advanced,3481,24
advanced,3482,44
advanced,3483,28
advanced,3484,48
advanced,3485,20
advanced,3486,34
advanced,3487,30
advanced,3488,65
advanced,3489,36
advanced,3490,51
advanced,3491,27
advanced,3492,29
advanced,3493,46
advanced,3494,53
advanced,3495,28
advanced,3496,46
advanced,3497,43
advanced,3498,15
advanced,3499,49
advanced,3500,50
advanced,3501,31
advanced,3502,29
advanced,3503,38
advanced,3504,25
advanced,3505,19
advanced,3506,31
advanced,3507,49
advanced,3508,47
advanced,3509,8
advanced,3510,27
advanced,3511,32
advanced,3512,32
advanced,3513,60
advanced,3514,36
advanced,3515,29
advanced,3516,38
advanced,3517,29
advanced,3518,52
advanced,3519,61
advanced,3520,30
advanced,3521,42
advanced,3522,50
advanced,3523,21
advanced,3524,33
advanced,3525,32
advanced,3526,13
advanced,3527,35
advanced,3528,24
advanced,3529,25
advanced,3530,28
advanced,3531,33
advanced,3532,40
advanced,3533,27
advanced,3534,32
advanced,3535,48
advanced,3536,10
advanced,3537,13
advanced,3538,14
advanced,3539,83
advanced,3540,83
advanced,3541,25
advanced,3542,20
advanced,3543,23
advanced,3544,37
advanced,3545,47
advanced,3546,47
advanced,3547,46
advanced,3548,42
advanced,3549,37
advanced,3550,35
advanced,3551,37
advanced,3552,12
advanced,3553,49
advanced,3554,19
advanced,3555,28
advanced,3556,20
advanced,3557,26
advanced,3558,48
advanced,3559,60
advanced,3560,12
advanced,3561,55
advanced,3562,29
advanced,3563,26
advanced,3564,29
advanced,3565,38
advanced,3566,23
advanced,3567,48
advanced,3568,31
advanced,3569,14
advanced,3570,12
advanced,3571,21
advanced,3572,41
advanced,3573,28
advanced,3574,55
advanced,3575,31
advanced,3576,55
advanced,3577,18
advanced,3578,34
advanced,3579,18
advanced,3580,38
advanced,3581,18
advanced,3582,23
advanced,3583,43
advanced,3584,30
advanced,3585,26
advanced,3586,15
advanced,3587,10
advanced,3588,58
advanced,3589,30
advanced,3590,52
advanced,3591,11
advanced,3592,32
advanced,3593,88
advanced,3594,90
advanced,3595,29
advanced,3596,15
advanced,3597,17
advanced,3598,20
advanced,3599,67
advanced,3600,50
advanced,3601,25
advanced,3602,28
advanced,3603,25
advanced,3604,49
advanced,3605,22
advanced,3606,30
advanced,3607,54
advanced,3608,54
advanced,3609,41
advanced,3610,42
advanced,3611,21
advanced,3612,26
advanced,3613,29
advanced,3614,30
advanced,3615,35
advanced,3616,37
advanced,3617,35
advanced,3618,68
advanced,3619,22
advanced,3620,82
advanced,3621,37
advanced,3622,43
advanced,3623,54
advanced,3624,24
advanced,3625,22
advanced,3626,35
advanced,3627,23
advanced,3628,55
advanced,3629,31
advanced,3630,46
advanced,3631,45
advanced,3632,27
advanced,3633,25
advanced,3634,23
advanced,3635,41
advanced,3636,36
advanced,3637,28
advanced,3638,26
advanced,3639,33
advanced,3640,33
advanced,3641,24
advanced,3642,77
advanced,3643,45
advanced,3644,18
advanced,3645,36
advanced,3646,39
advanced,3647,22
advanced,3648,26
advanced,3649,27
advanced,3650,40
advanced,3651,29
advanced,3652,35
advanced,3653,31
advanced,3654,39
advanced,3655,15
advanced,3656,46
advanced,3657,34
advanced,3658,23
advanced,3659,36
advanced,3660,30
advanced,3661,47
advanced,3662,34
advanced,3663,38
advanced,3664,43
advanced,3665,12
advanced,3666,57
advanced,3667,36
advanced,3668,44
advanced,3669,26
advanced,3670,27
advanced,3671,30
advanced,3672,27
advanced,3673,29
advanced,3674,64
advanced,3675,38
advanced,3676,33
advanced,3677,46
advanced,3678,56
advanced,3679,28
advanced,3680,43
advanced,3681,28
advanced,3682,17
advanced,3683,16
advanced,3684,39
advanced,3685,33
advanced,3686,22
advanced,3687,23
advanced,3688,14
advanced,3689,73
advanced,3690,18
advanced,3691,30
advanced,3692,55
advanced,3693,28
advanced,3694,37
advanced,3695,33
advanced,3696,51
advanced,3697,72
advanced,3698,34
advanced,3699,23
advanced,3700,23
advanced,3701,28
advanced,3702,12
advanced,3703,19
advanced,3704,21
advanced,3705,39
advanced,3706,60
advanced,3707,23
advanced,3708,20
advanced,3709,34
advanced,3710,31
advanced,3711,32
advanced,3712,16
advanced,3713,32
advanced,3714,46
advanced,3715,30
advanced,3716,27
advanced,3717,17
advanced,3718,31
advanced,3719,37
advanced,3720,40
advanced,3721,44
advanced,3722,74
advanced,3723,26
advanced,3724,25
advanced,3725,24
advanced,3726,53
advanced,3727,34
advanced,3728,15
advanced,3729,40
advanced,3730,29
advanced,3731,68
advanced,3732,24
advanced,3733,22
advanced,3734,22
advanced,3735,23
advanced,3736,37
advanced,3737,19
advanced,3738,67
advanced,3739,36
advanced,3740,12
advanced,3741,20
advanced,3742,33
advanced,3743,46
advanced,3744,34
advanced,3745,22
advanced,3746,16
advanced,3747,32
advanced,3748,97
advanced,3749,47
advanced,3750,20
advanced,3751,45
advanced,3752,14
advanced,3753,27
advanced,3754,28
advanced,3755,37
advanced,3756,40
advanced,3757,22
advanced,3758,28
advanced,3759,41
advanced,3760,24
advanced,3761,44
advanced,3762,40
advanced,3763,38
advanced,3764,64
advanced,3765,32
advanced,3766,35
advanced,3767,47
advanced,3768,60
advanced,3769,34
advanced,3770,41
advanced,3771,27
advanced,3772,38
advanced,3773,18
advanced,3774,27
advanced,3775,58
advanced,3776,24
advanced,3777,29
advanced,3778,29
advanced,3779,28
advanced,3780,43
advanced,3781,27
advanced,3782,44
advanced,3783,62
advanced,3784,55
advanced,3785,11
advanced,3786,79
advanced,3787,23
advanced,3788,31
advanced,3789,30
advanced,3790,25
advanced,3791,43
advanced,3792,37
advanced,3793,23
advanced,3794,32
advanced,3795,25
advanced,3796,19
advanced,3797,30
advanced,3798,39
advanced,3799,46
advanced,3800,39
advanced,3801,77
advanced,3802,24
advanced,3803,51
advanced,3804,49
advanced,3805,22
advanced,3806,19
advanced,3807,49
advanced,3808,26
advanced,3809,29
advanced,3810,52
advanced,3811,86
advanced,3812,49
advanced,3813,23
advanced,3814,33
advanced,3815,46
advanced,3816,51
advanced,3817,28
advanced,3818,37
advanced,3819,34
advanced,3820,28
advanced,3821,65
advanced,3822,30
advanced,3823,22
advanced,3824,21
advanced,3825,23
advanced,3826,39
advanced,3827,38
advanced,3828,30
advanced,3829,33
advanced,3830,18
advanced,3831,33
advanced,3832,28
advanced,3833,17
advanced,3834,27
advanced,3835,36
advanced,3836,29
advanced,3837,16
advanced,3838,39
advanced,3839,40
advanced,3840,53
advanced,3841,29
advanced,3842,33
advanced,3843,35
advanced,3844,45
advanced,3845,11
advanced,3846,29
advanced,3847,50
advanced,3848,35
advanced,3849,37
advanced,3850,17
advanced,3851,37
advanced,3852,33
advanced,3853,32
advanced,3854,26
advanced,3855,36
advanced,3856,28
advanced,3857,12
advanced,3858,9
advanced,3859,47
advanced,3860,20
advanced,3861,50
advanced,3862,19
advanced,3863,44
advanced,3864,44
advanced,3865,28
advanced,3866,18
advanced,3867,53
advanced,3868,64
advanced,3869,48
advanced,3870,36
advanced,3871,30
advanced,3872,29
advanced,3873,17
advanced,3874,19
advanced,3875,39
advanced,3876,32
advanced,3877,24
advanced,3878,28
advanced,3879,24
advanced,3880,45
advanced,3881,53
advanced,3882,27
advanced,3883,40
advanced,3884,9
advanced,3885,34
advanced,3886,29
advanced,3887,24
advanced,3888,29
advanced,3889,60
advanced,3890,46
advanced,3891,31
advanced,3892,40
advanced,3893,68
advanced,3894,12
advanced,3895,50
advanced,3896,29
advanced,3897,35
advanced,3898,16
advanced,3899,59
advanced,3900,54
advanced,3901,37
advanced,3902,30
advanced,3903,57
advanced,3904,45
advanced,3905,57
advanced,3906,32
advanced,3907,42
advanced,3908,40
advanced,3909,53
advanced,3910,23
advanced,3911,32
advanced,3912,37
advanced,3913,14
advanced,3914,26
advanced,3915,23
advanced,3916,20
advanced,3917,25
advanced,3918,10
advanced,3919,14
advanced,3920,44
advanced,3921,15
advanced,3922,53
advanced,3923,34
advanced,3924,31
advanced,3925,18
advanced,3926,44
advanced,3927,28
advanced,3928,33
advanced,3929,114
advanced,3930,36
advanced,3931,51
advanced,3932,42
advanced,3933,27
advanced,3934,36
advanced,3935,39
advanced,3936,30
advanced,3937,36
advanced,3938,64
advanced,3939,14
advanced,3940,35
advanced,3941,30
advanced,3942,64
advanced,3943,37
advanced,3944,11
advanced,3945,38
advanced,3946,24
advanced,3947,36
advanced,3948,76
advanced,3949,23
advanced,3950,35
advanced,3951,24
advanced,3952,22
advanced,3953,31
advanced,3954,36
advanced,3955,21
advanced,3956,50
advanced,3957,46
advanced,3958,64
advanced,3959,35
advanced,3960,31
advanced,3961,46
advanced,3962,47
advanced,3963,22
advanced,3964,48
advanced,3965,21
advanced,3966,37
advanced,3967,24
advanced,3968,32
advanced,3969,13
advanced,3970,51
advanced,3971,65
advanced,3972,31
advanced,3973,42
advanced,3974,72
advanced,3975,33
advanced,3976,41
advanced,3977,29
advanced,3978,52
advanced,3979,28
advanced,3980,38
advanced,3981,43
advanced,3982,19
advanced,3983,18
advanced,3984,32
advanced,3985,24
advanced,3986,61
advanced,3987,20
advanced,3988,24
advanced,3989,55
advanced,3990,21
advanced,3991,23
advanced,3992,24
advanced,3993,37
advanced,3994,23
advanced,3995,24
advanced,3996,40
advanced,3997,29
advanced,3998,28
advanced,3999,42
advanced,4000,28
advanced,4001,26
advanced,4002,25
advanced,4003,38
advanced,4004,29
advanced,4005,26
advanced,4006,32
advanced,4007,19
advanced,4008,43
advanced,4009,21
advanced,4010,52
advanced,4011,30
advanced,4012,48
advanced,4013,26
advanced,4014,30
advanced,4015,30
advanced,4016,16
advanced,4017,19
advanced,4018,33
advanced,4019,33
advanced,4020,48
advanced,4021,65
advanced,4022,22
advanced,4023,20
advanced,4024,18
advanced,4025,39
advanced,4026,36
advanced,4027,13
advanced,4028,23
advanced,4029,47
advanced,4030,53
advanced,4031,49
advanced,4032,27
advanced,4033,37
advanced,4034,37
advanced,4035,38
advanced,4036,40
advanced,4037,28
advanced,4038,47
advanced,4039,29
advanced,4040,26
advanced,4041,26
advanced,4042,50
advanced,4043,25
advanced,4044,29
advanced,4045,63
advanced,4046,27
advanced,4047,41
advanced,4048,35
advanced,4049,28
advanced,4050,89
advanced,4051,59
advanced,4052,28
advanced,4053,23
advanced,4054,34
advanced,4055,37
advanced,4056,47
advanced,4057,39
advanced,4058,65
advanced,4059,33
advanced,4060,52
advanced,4061,32
advanced,4062,38
advanced,4063,13
advanced,4064,25
advanced,4065,26
advanced,4066,22
advanced,4067,40
advanced,4068,37
advanced,4069,29
advanced,4070,22
advanced,4071,32
advanced,4072,18
advanced,4073,24
advanced,4074,54
advanced,4075,30
advanced,4076,56
advanced,4077,22
advanced,4078,20
advanced,4079,55
advanced,4080,18
advanced,4081,45
advanced,4082,25
advanced,4083,15
advanced,4084,28
advanced,4085,58
advanced,4086,40
advanced,4087,37
advanced,4088,43
advanced,4089,50
advanced,4090,39
advanced,4091,28
advanced,4092,52
advanced,4093,40
advanced,4094,46
advanced,4095,45
advanced,4096,66
advanced,4097,40
advanced,4098,55
advanced,4099,25
advanced,4100,23
advanced,4101,32
advanced,4102,37
advanced,4103,26
advanced,4104,32
advanced,4105,27
advanced,4106,42
advanced,4107,59
advanced,4108,36
advanced,4109,51
advanced,4110,33
advanced,4111,19
advanced,4112,20
advanced,4113,36
advanced,4114,33
advanced,4115,23
advanced,4116,30
advanced,4117,27
advanced,4118,41
advanced,4119,50
advanced,4120,65
advanced,4121,38
advanced,4122,27
advanced,4123,19
advanced,4124,59
advanced,4125,30
advanced,4126,18
advanced,4127,36
advanced,4128,23
advanced,4129,19
advanced,4130,26
advanced,4131,30
advanced,4132,43
advanced,4133,54
advanced,4134,17
advanced,4135,35
advanced,4136,42
advanced,4137,36
advanced,4138,23
advanced,4139,30
advanced,4140,25
advanced,4141,50
advanced,4142,27
advanced,4143,23
advanced,4144,53
advanced,4145,49
advanced,4146,33
advanced,4147,28
advanced,4148,43
advanced,4149,56
advanced,4150,40
advanced,4151,45
advanced,4152,39
advanced,4153,50
advanced,4154,32
advanced,4155,37
advanced,4156,20
advanced,4157,51
advanced,4158,37
advanced,4159,22
advanced,4160,47
advanced,4161,21
advanced,4162,24
advanced,4163,19
advanced,4164,33
advanced,4165,17
advanced,4166,32
advanced,4167,30
advanced,4168,40
advanced,4169,47
advanced,4170,28
advanced,4171,40
advanced,4172,28
advanced,4173,57
advanced,4174,37
advanced,4175,70
advanced,4176,30
advanced,4177,63
advanced,4178,30
advanced,4179,11
advanced,4180,35
advanced,4181,20
advanced,4182,18
advanced,4183,26
advanced,4184,26
advanced,4185,52
advanced,4186,46
advanced,4187,32
advanced,4188,24
advanced,4189,29
advanced,4190,27
advanced,4191,23
advanced,4192,57
advanced,4193,34
advanced,4194,28
advanced,4195,12
advanced,4196,28
advanced,4197,28
advanced,4198,32
advanced,4199,29
advanced,4200,37
advanced,4201,41
advanced,4202,15
advanced,4203,21
advanced,4204,47
advanced,4205,39
advanced,4206,32
advanced,4207,28
advanced,4208,33
advanced,4209,53
advanced,4210,42
advanced,4211,32
advanced,4212,45
advanced,4213,62
advanced,4214,66
advanced,4215,37
advanced,4216,88
advanced,4217,24
advanced,4218,28
advanced,4219,44
advanced,4220,33
advanced,4221,40
advanced,4222,67
advanced,4223,31
advanced,4224,30
advanced,4225,22
advanced,4226,17
advanced,4227,56
advanced,4228,49
advanced,4229,54
advanced,4230,63
advanced,4231,24
advanced,4232,61
advanced,4233,44
advanced,4234,31
advanced,4235,38
advanced,4236,33
advanced,4237,33
advanced,4238,26
advanced,4239,20
advanced,4240,13
advanced,4241,49
advanced,4242,22
advanced,4243,45
advanced,4244,16
advanced,4245,32
advanced,4246,24
advanced,4247,27
advanced,4248,47
advanced,4249,19
advanced,4250,49
advanced,4251,34
advanced,4252,33
advanced,4253,24
advanced,4254,34
advanced,4255,56
advanced,4256,22
advanced,4257,31
advanced,4258,58
advanced,4259,28
advanced,4260,69
advanced,4261,34
advanced,4262,35
advanced,4263,21
advanced,4264,32
advanced,4265,18
advanced,4266,48
advanced,4267,28
advanced,4268,46
advanced,4269,38
advanced,4270,26
advanced,4271,38
advanced,4272,31
advanced,4273,26
advanced,4274,25
advanced,4275,35
advanced,4276,19
advanced,4277,27
advanced,4278,37
advanced,4279,39
advanced,4280,25
advanced,4281,27
advanced,4282,33
advanced,4283,24
advanced,4284,29
advanced,4285,46
advanced,4286,32
advanced,4287,48
advanced,4288,28
advanced,4289,42
advanced,4290,29
advanced,4291,39
advanced,4292,20
advanced,4293,10
advanced,4294,38
advanced,4295,18
advanced,4296,47
advanced,4297,43
advanced,4298,46
advanced,4299,11
advanced,4300,29
advanced,4301,44
advanced,4302,34
advanced,4303,24
advanced,4304,45
advanced,4305,57
advanced,4306,31
advanced,4307,26
advanced,4308,39
advanced,4309,15
advanced,4310,29
advanced,4311,49
advanced,4312,55
advanced,4313,30
advanced,4314,47
advanced,4315,30
advanced,4316,28
advanced,4317,29
advanced,4318,57
advanced,4319,40
advanced,4320,65
advanced,4321,42
advanced,4322,51
advanced,4323,58
advanced,4324,11
advanced,4325,36
advanced,4326,33
advanced,4327,48
advanced,4328,28
advanced,4329,65
advanced,4330,20
advanced,4331,24
advanced,4332,26
advanced,4333,30
advanced,4334,26
advanced,4335,40
advanced,4336,41
advanced,4337,21
advanced,4338,15
advanced,4339,42
advanced,4340,95
advanced,4341,27
advanced,4342,35
advanced,4343,30
advanced,4344,49
advanced,4345,35
advanced,4346,91
advanced,4347,22
advanced,4348,38
advanced,4349,28
advanced,4350,12
advanced,4351,24
advanced,4352,25
advanced,4353,32
advanced,4354,32
advanced,4355,35
advanced,4356,43
advanced,4357,46
advanced,4358,45
advanced,4359,39
advanced,4360,39
advanced,4361,37
advanced,4362,28
advanced,4363,29
advanced,4364,23
advanced,4365,20
advanced,4366,19
advanced,4367,30
advanced,4368,29
advanced,4369,50
advanced,4370,26
advanced,4371,40
advanced,4372,29
advanced,4373,42
advanced,4374,42
advanced,4375,49
advanced,4376,48
advanced,4377,25
advanced,4378,44
advanced,4379,31
advanced,4380,40
advanced,4381,20
advanced,4382,25
advanced,4383,40
advanced,4384,22
advanced,4385,62
advanced,4386,23
advanced,4387,49
advanced,4388,21
advanced,4389,28
advanced,4390,31
advanced,4391,75
advanced,4392,56
advanced,4393,50
advanced,4394,23
advanced,4395,25
advanced,4396,24
advanced,4397,24
advanced,4398,29
advanced,4399,58
advanced,4400,53
advanced,4401,32
advanced,4402,50
advanced,4403,49
advanced,4404,42
advanced,4405,72
advanced,4406,85
advanced,4407,18
advanced,4408,31
advanced,4409,30
advanced,4410,32
advanced,4411,28
advanced,4412,37
advanced,4413,32
advanced,4414,19
advanced,4415,18
advanced,4416,30
advanced,4417,47
advanced,4418,23
advanced,4419,33
advanced,4420,32
advanced,4421,31
advanced,4422,22
advanced,4423,17
advanced,4424,57
advanced,4425,22
advanced,4426,49
advanced,4427,21
advanced,4428,54
advanced,4429,29
advanced,4430,45
advanced,4431,61
advanced,4432,25
advanced,4433,36
advanced,4434,29
advanced,4435,50
advanced,4436,43
advanced,4437,7
advanced,4438,21
advanced,4439,27
advanced,4440,53
advanced,4441,35
advanced,4442,22
advanced,4443,35
advanced,4444,35
advanced,4445,22
advanced,4446,36
advanced,4447,47
advanced,4448,25
advanced,4449,80
advanced,4450,40
advanced,4451,40
advanced,4452,24
advanced,4453,9
advanced,4454,29
advanced,4455,39
advanced,4456,13
advanced,4457,28
advanced,4458,21
advanced,4459,22
advanced,4460,57
advanced,4461,47
advanced,4462,41
advanced,4463,33
advanced,4464,27
advanced,4465,61
advanced,4466,59
advanced,4467,47
advanced,4468,17
advanced,4469,44
advanced,4470,39
advanced,4471,53
advanced,4472,26
advanced,4473,54
advanced,4474,33
advanced,4475,34
advanced,4476,13
advanced,4477,27
advanced,4478,49
advanced,4479,67
advanced,4480,22
advanced,4481,95
advanced,4482,34
advanced,4483,19
advanced,4484,50
advanced,4485,58
advanced,4486,20
advanced,4487,33
advanced,4488,45
advanced,4489,40
advanced,4490,19
advanced,4491,38
advanced,4492,23
advanced,4493,16
advanced,4494,23
advanced,4495,17
advanced,4496,47
advanced,4497,28
advanced,4498,52
advanced,4499,28
advanced,4500,18
advanced,4501,46
advanced,4502,24
advanced,4503,12
advanced,4504,40
advanced,4505,35
advanced,4506,21
advanced,4507,39
advanced,4508,27
advanced,4509,49
advanced,4510,35
advanced,4511,37
advanced,4512,65
advanced,4513,47
advanced,4514,31
advanced,4515,19
advanced,4516,38
advanced,4517,49
advanced,4518,30
advanced,4519,37
advanced,4520,45
advanced,4521,38
advanced,4522,16
advanced,4523,42
advanced,4524,43
advanced,4525,65
advanced,4526,48
advanced,4527,35
advanced,4528,39
advanced,4529,30
advanced,4530,23
advanced,4531,30
advanced,4532,32
advanced,4533,16
advanced,4534,28
advanced,4535,37
advanced,4536,20
advanced,4537,26
advanced,4538,28
advanced,4539,16
advanced,4540,37
advanced,4541,12
advanced,4542,30
advanced,4543,36
advanced,4544,33
advanced,4545,48
advanced,4546,31
advanced,4547,20
advanced,4548,43
advanced,4549,35
advanced,4550,68
advanced,4551,38
advanced,4552,28
advanced,4553,32
advanced,4554,39
advanced,4555,25
advanced,4556,48
advanced,4557,26
advanced,4558,43
advanced,4559,26
advanced,4560,54
advanced,4561,14
advanced,4562,31
advanced,4563,35
advanced,4564,35
advanced,4565,18
advanced,4566,25
advanced,4567,41
advanced,4568,40
advanced,4569,53
advanced,4570,29
advanced,4571,31
advanced,4572,15
advanced,4573,28
advanced,4574,46
advanced,4575,42
advanced,4576,47
advanced,4577,81
advanced,4578,25
advanced,4579,39
advanced,4580,57
advanced,4581,19
advanced,4582,35
advanced,4583,45
advanced,4584,33
advanced,4585,36
advanced,4586,13
advanced,4587,46
advanced,4588,47
advanced,4589,56
advanced,4590,15
advanced,4591,25
advanced,4592,56
advanced,4593,44
advanced,4594,22
advanced,4595,54
advanced,4596,14
advanced,4597,44
advanced,4598,40
advanced,4599,56
advanced,4600,21
advanced,4601,27
advanced,4602,30
advanced,4603,46
advanced,4604,39
advanced,4605,41
advanced,4606,49
advanced,4607,24
advanced,4608,19
advanced,4609,33
advanced,4610,45
advanced,4611,29
advanced,4612,13
advanced,4613,14
advanced,4614,42
advanced,4615,33
advanced,4616,55
advanced,4617,51
advanced,4618,33
advanced,4619,25
advanced,4620,25
advanced,4621,58
advanced,4622,14
advanced,4623,42
advanced,4624,64
advanced,4625,24
advanced,4626,31
advanced,4627,11
advanced,4628,35
advanced,4629,44
advanced,4630,23
advanced,4631,26
advanced,4632,66
advanced,4633,11
advanced,4634,41
advanced,4635,34
advanced,4636,31
advanced,4637,20
advanced,4638,33
advanced,4639,9
advanced,4640,18
advanced,4641,39
advanced,4642,24
advanced,4643,39
advanced,4644,35
advanced,4645,21
advanced,4646,47
advanced,4647,20
advanced,4648,21
advanced,4649,42
advanced,4650,22
advanced,4651,21
advanced,4652,17
advanced,4653,30
advanced,4654,29
advanced,4655,38
advanced,4656,27
advanced,4657,46
advanced,4658,28
advanced,4659,22
advanced,4660,16
advanced,4661,22
advanced,4662,26
advanced,4663,26
advanced,4664,29
advanced,4665,33
advanced,4666,38
advanced,4667,41
advanced,4668,42
advanced,4669,11
advanced,4670,33
advanced,4671,32
advanced,4672,60
advanced,4673,24
advanced,4674,64
advanced,4675,50
advanced,4676,23
advanced,4677,14
advanced,4678,49
advanced,4679,32
advanced,4680,21
advanced,4681,27
advanced,4682,39
advanced,4683,33
advanced,4684,28
advanced,4685,44
advanced,4686,36
advanced,4687,31
advanced,4688,34
advanced,4689,28
advanced,4690,26
advanced,4691,24
advanced,4692,52
advanced,4693,40
advanced,4694,28
advanced,4695,27
advanced,4696,43
advanced,4697,45
advanced,4698,39
advanced,4699,43
advanced,4700,27
advanced,4701,64
advanced,4702,35
advanced,4703,49
advanced,4704,45
advanced,4705,35
advanced,4706,51
advanced,4707,27
advanced,4708,51
advanced,4709,51
advanced,4710,16
advanced,4711,53
advanced,4712,39
advanced,4713,35
advanced,4714,46
advanced,4715,29
advanced,4716,36
advanced,4717,53
advanced,4718,34
advanced,4719,56
advanced,4720,53
advanced,4721,54
advanced,4722,39
advanced,4723,48
advanced,4724,37
advanced,4725,29
advanced,4726,35
advanced,4727,32
advanced,4728,19
advanced,4729,35
advanced,4730,27
advanced,4731,43
advanced,4732,13
advanced,4733,50
advanced,4734,21
advanced,4735,24
advanced,4736,18
advanced,4737,49
advanced,4738,36
advanced,4739,43
advanced,4740,29
advanced,4741,33
advanced,4742,56
advanced,4743,46
advanced,4744,38
advanced,4745,83
advanced,4746,26
advanced,4747,19
advanced,4748,54
advanced,4749,24
advanced,4750,41
advanced,4751,57
advanced,4752,36
advanced,4753,37
advanced,4754,35
advanced,4755,50
advanced,4756,15
advanced,4757,38
advanced,4758,49
advanced,4759,22
advanced,4760,36
advanced,4761,34
advanced,4762,51
advanced,4763,33
advanced,4764,27
advanced,4765,62
advanced,4766,29
advanced,4767,27
advanced,4768,45
advanced,4769,15
advanced,4770,40
advanced,4771,39
advanced,4772,32
advanced,4773,20
advanced,4774,69
advanced,4775,11
advanced,4776,36
advanced,4777,29
advanced,4778,32
advanced,4779,49
advanced,4780,10
advanced,4781,30
advanced,4782,44
advanced,4783,25
advanced,4784,35
advanced,4785,30
advanced,4786,22
advanced,4787,67
advanced,4788,31
advanced,4789,30
advanced,4790,37
advanced,4791,42
advanced,4792,27
advanced,4793,19
advanced,4794,50
advanced,4795,40
advanced,4796,16
advanced,4797,37
advanced,4798,16
advanced,4799,36
advanced,4800,51
advanced,4801,25
advanced,4802,9
advanced,4803,14
advanced,4804,39
advanced,4805,50
advanced,4806,45
advanced,4807,66
advanced,4808,27
advanced,4809,52
advanced,4810,53
advanced,4811,28
advanced,4812,16
advanced,4813,34
advanced,4814,24
advanced,4815,27
advanced,4816,40
advanced,4817,40
advanced,4818,25
advanced,4819,45
advanced,4820,45
advanced,4821,71
advanced,4822,34
advanced,4823,40
advanced,4824,36
advanced,4825,32
advanced,4826,26
advanced,4827,15
advanced,4828,25
advanced,4829,25
advanced,4830,45
advanced,4831,35
advanced,4832,23
advanced,4833,15
advanced,4834,23
advanced,4835,12
advanced,4836,21
advanced,4837,28
advanced,4838,33
advanced,4839,23
advanced,4840,14
advanced,4841,33
advanced,4842,53
advanced,4843,15
advanced,4844,18
advanced,4845,15
advanced,4846,36
advanced,4847,44
advanced,4848,60
advanced,4849,22
advanced,4850,41
advanced,4851,40
advanced,4852,71
advanced,4853,29
advanced,4854,48
advanced,4855,34
advanced,4856,42
advanced,4857,24
advanced,4858,28
advanced,4859,32
advanced,4860,22
advanced,4861,34
advanced,4862,17
advanced,4863,16
advanced,4864,31
advanced,4865,45
advanced,4866,34
advanced,4867,37
advanced,4868,32
advanced,4869,29
advanced,4870,37
advanced,4871,30
advanced,4872,35
advanced,4873,25
advanced,4874,34
advanced,4875,45
advanced,4876,38
advanced,4877,30
advanced,4878,46
advanced,4879,42
advanced,4880,31
advanced,4881,22
advanced,4882,21
advanced,4883,17
advanced,4884,32
advanced,4885,74
advanced,4886,40
advanced,4887,36
advanced,4888,18
advanced,4889,16
advanced,4890,55
advanced,4891,37
advanced,4892,18
advanced,4893,12
advanced,4894,18
advanced,4895,55
advanced,4896,27
advanced,4897,45
advanced,4898,68
advanced,4899,27
advanced,4900,31
advanced,4901,31
advanced,4902,18
advanced,4903,35
advanced,4904,32
advanced,4905,28
advanced,4906,25
advanced,4907,27
advanced,4908,28
advanced,4909,26
advanced,4910,27
advanced,4911,33
advanced,4912,26
advanced,4913,90
advanced,4914,48
advanced,4915,35
advanced,4916,31
advanced,4917,37
advanced,4918,31
advanced,4919,35
advanced,4920,32
advanced,4921,25
advanced,4922,35
advanced,4923,42
advanced,4924,39
advanced,4925,28
advanced,4926,29
advanced,4927,27
advanced,4928,14
advanced,4929,30
advanced,4930,27
advanced,4931,33
advanced,4932,27
advanced,4933,33
advanced,4934,29
advanced,4935,50
advanced,4936,26
advanced,4937,47
advanced,4938,30
advanced,4939,29
advanced,4940,40
advanced,4941,26
advanced,4942,67
advanced,4943,31
advanced,4944,69
advanced,4945,35
advanced,4946,36
advanced,4947,27
advanced,4948,48
advanced,4949,48
advanced,4950,56
advanced,4951,25
advanced,4952,47
advanced,4953,48
advanced,4954,30
advanced,4955,22
advanced,4956,25
advanced,4957,25
advanced,4958,45
advanced,4959,29
advanced,4960,47
advanced,4961,37
advanced,4962,21
advanced,4963,29
advanced,4964,50
advanced,4965,17
advanced,4966,20
advanced,4967,24
advanced,4968,97
advanced,4969,22
advanced,4970,31
advanced,4971,24
advanced,4972,20
advanced,4973,37
advanced,4974,34
advanced,4975,44
advanced,4976,22
advanced,4977,43
advanced,4978,52
advanced,4979,44
advanced,4980,34
advanced,4981,17
advanced,4982,41
advanced,4983,34
advanced,4984,13
advanced,4985,29
advanced,4986,42
advanced,4987,28
advanced,4988,41
advanced,4989,54
advanced,4990,33
advanced,4991,22
advanced,4992,38
advanced,4993,46
advanced,4994,16
advanced,4995,25
advanced,4996,18
advanced,4997,55
advanced,4998,34
advanced,4999,20
advanced,5000,42
advanced,5001,35
advanced,5002,24
advanced,5003,22
advanced,5004,44
advanced,5005,25
advanced,5006,40
advanced,5007,26
advanced,5008,20
advanced,5009,23
advanced,5010,19
advanced,5011,47
advanced,5012,57
advanced,5013,26
advanced,5014,56
advanced,5015,20
advanced,5016,16
advanced,5017,64
advanced,5018,37
advanced,5019,25
advanced,5020,37
advanced,5021,11
advanced,5022,29
advanced,5023,35
advanced,5024,75
advanced,5025,50
advanced,5026,45
advanced,5027,27
advanced,5028,40
advanced,5029,49
advanced,5030,31
advanced,5031,33
advanced,5032,38
advanced,5033,21
advanced,5034,18
advanced,5035,30
advanced,5036,31
advanced,5037,28
advanced,5038,30
advanced,5039,58
advanced,5040,32
advanced,5041,24
advanced,5042,17
advanced,5043,30
advanced,5044,31
advanced,5045,35
advanced,5046,23
advanced,5047,20
advanced,5048,26
advanced,5049,44
advanced,5050,25
advanced,5051,38
advanced,5052,68
advanced,5053,40
advanced,5054,33
advanced,5055,31
advanced,5056,44
advanced,5057,31
advanced,5058,31
advanced,5059,39
advanced,5060,38
advanced,5061,35
advanced,5062,43
advanced,5063,43
advanced,5064,27
advanced,5065,34
advanced,5066,26
advanced,5067,21
advanced,5068,41
advanced,5069,41
advanced,5070,31
advanced,5071,30
advanced,5072,44
advanced,5073,18
advanced,5074,18
advanced,5075,14
advanced,5076,23
advanced,5077,30
advanced,5078,35
advanced,5079,31
advanced,5080,36
advanced,5081,27
advanced,5082,62
advanced,5083,23
advanced,5084,14
advanced,5085,15
advanced,5086,28
advanced,5087,64
advanced,5088,32
advanced,5089,34
advanced,5090,33
advanced,5091,47
advanced,5092,22
advanced,5093,24
advanced,5094,54
advanced,5095,46
advanced,5096,24
advanced,5097,42
advanced,5098,16
advanced,5099,31
advanced,5100,40
advanced,5101,34
advanced,5102,33
advanced,5103,31
advanced,5104,25
advanced,5105,28
advanced,5106,57
advanced,5107,32
advanced,5108,69
advanced,5109,22
advanced,5110,18
advanced,5111,40
advanced,5112,50
advanced,5113,21
advanced,5114,44
advanced,5115,33
advanced,5116,48
advanced,5117,21
advanced,5118,9
advanced,5119,11
advanced,5120,32
advanced,5121,42
advanced,5122,27
advanced,5123,35
advanced,5124,38
advanced,5125,26
advanced,5126,38
advanced,5127,33
advanced,5128,44
advanced,5129,62
advanced,5130,37
advanced,5131,39
advanced,5132,43
advanced,5133,67
advanced,5134,28
advanced,5135,33
advanced,5136,15
advanced,5137,31
advanced,5138,28
advanced,5139,18
advanced,5140,16
advanced,5141,33
advanced,5142,39
advanced,5143,30
advanced,5144,33
advanced,5145,19
advanced,5146,29
advanced,5147,64
advanced,5148,21
advanced,5149,27
advanced,5150,29
advanced,5151,24
advanced,5152,27
advanced,5153,18
advanced,5154,39
advanced,5155,38
advanced,5156,57
advanced,5157,38
advanced,5158,23
advanced,5159,18
advanced,5160,7
advanced,5161,49
advanced,5162,40
advanced,5163,51
advanced,5164,33
advanced,5165,37
advanced,5166,16
advanced,5167,29
advanced,5168,33
advanced,5169,36
advanced,5170,22
advanced,5171,24
advanced,5172,10
advanced,5173,26
advanced,5174,57
advanced,5175,20
advanced,5176,22
advanced,5177,30
advanced,5178,31
advanced,5179,33
advanced,5180,40
advanced,5181,15
advanced,5182,25
advanced,5183,52
advanced,5184,68
advanced,5185,19
advanced,5186,22
advanced,5187,25
advanced,5188,20
advanced,5189,30
advanced,5190,21
advanced,5191,21
advanced,5192,46
advanced,5193,35
advanced,5194,37
advanced,5195,18
advanced,5196,55
advanced,5197,19
advanced,5198,30
advanced,5199,11
advanced,5200,43
advanced,5201,37
advanced,5202,14
advanced,5203,38
advanced,5204,33
advanced,5205,13
advanced,5206,29
advanced,5207,24
advanced,5208,95
advanced,5209,63
advanced,5210,48
advanced,5211,47
advanced,5212,35
advanced,5213,52
advanced,5214,30
advanced,5215,58
advanced,5216,36
advanced,5217,29
advanced,5218,48
advanced,5219,39
advanced,5220,57
advanced,5221,15
advanced,5222,30
advanced,5223,43
advanced,5224,15
advanced,5225,30
advanced,5226,29
advanced,5227,32
advanced,5228,35
advanced,5229,25
advanced,5230,24
advanced,5231,50
advanced,5232,36
advanced,5233,26
advanced,5234,29
advanced,5235,30
advanced,5236,40
advanced,5237,48
advanced,5238,56
advanced,5239,27
advanced,5240,23
advanced,5241,53
advanced,5242,20
advanced,5243,38
advanced,5244,31
advanced,5245,45
advanced,5246,53
advanced,5247,48
advanced,5248,32
advanced,5249,42
advanced,5250,16
advanced,5251,38
advanced,5252,71
advanced,5253,30
advanced,5254,39
advanced,5255,19
advanced,5256,8
advanced,5257,34
advanced,5258,31
advanced,5259,39
advanced,5260,32
advanced,5261,84
advanced,5262,32
advanced,5263,36
advanced,5264,42
advanced,5265,37
advanced,5266,96
advanced,5267,14
advanced,5268,27
advanced,5269,44
advanced,5270,27
advanced,5271,21
advanced,5272,35
advanced,5273,21
advanced,5274,35
advanced,5275,38
advanced,5276,34
advanced,5277,31
advanced,5278,49
advanced,5279,26
advanced,5280,17
advanced,5281,51
advanced,5282,43
advanced,5283,21
advanced,5284,37
advanced,5285,48
advanced,5286,28
advanced,5287,23
advanced,5288,33
advanced,5289,40
advanced,5290,32
advanced,5291,11
advanced,5292,28
advanced,5293,26
advanced,5294,25
advanced,5295,48
advanced,5296,26
advanced,5297,44
advanced,5298,18
advanced,5299,29
advanced,5300,34
advanced,5301,39
advanced,5302,30
advanced,5303,23
advanced,5304,55
advanced,5305,36
advanced,5306,74
advanced,5307,47
advanced,5308,49
advanced,5309,29
advanced,5310,31
advanced,5311,29
advanced,5312,38
advanced,5313,22
advanced,5314,17
advanced,5315,51
advanced,5316,41
advanced,5317,32
advanced,5318,40
advanced,5319,38
advanced,5320,23
advanced,5321,36
advanced,5322,36
advanced,5323,30
advanced,5324,26
advanced,5325,33
advanced,5326,40
advanced,5327,24
advanced,5328,33
advanced,5329,36
advanced,5330,26
advanced,5331,22
advanced,5332,40
advanced,5333,40
advanced,5334,41
advanced,5335,20
advanced,5336,46
advanced,5337,38
advanced,5338,44
advanced,5339,26
advanced,5340,25
advanced,5341,44
advanced,5342,31
advanced,5343,54
advanced,5344,41
advanced,5345,41
advanced,5346,25
advanced,5347,59
advanced,5348,19
advanced,5349,35
advanced,5350,59
advanced,5351,22
advanced,5352,37
advanced,5353,34
advanced,5354,13
advanced,5355,33
advanced,5356,37
advanced,5357,56
advanced,5358,42
advanced,5359,34
advanced,5360,23
advanced,5361,20
advanced,5362,22
advanced,5363,48
advanced,5364,45
advanced,5365,45
advanced,5366,34
advanced,5367,38
advanced,5368,42
advanced,5369,38
advanced,5370,43
advanced,5371,26
advanced,5372,53
advanced,5373,43
advanced,5374,41
advanced,5375,31
advanced,5376,16
advanced,5377,21
advanced,5378,37
advanced,5379,44
advanced,5380,34
advanced,5381,29
advanced,5382,43
advanced,5383,25
advanced,5384,29
advanced,5385,46
advanced,5386,25
advanced,5387,28
advanced,5388,42
advanced,5389,11
advanced,5390,22
advanced,5391,22
advanced,5392,44
advanced,5393,73
advanced,5394,26
advanced,5395,43
advanced,5396,29
advanced,5397,23
advanced,5398,31
advanced,5399,28
advanced,5400,36
advanced,5401,27
advanced,5402,17
advanced,5403,17
advanced,5404,13
advanced,5405,6
advanced,5406,38
advanced,5407,36
advanced,5408,35
advanced,5409,21
advanced,5410,31
advanced,5411,40
advanced,5412,20
advanced,5413,12
advanced,5414,32
advanced,5415,68
advanced,5416,58
advanced,5417,30
advanced,5418,32
advanced,5419,39
advanced,5420,27
advanced,5421,34
advanced,5422,30
advanced,5423,37
advanced,5424,25
advanced,5425,18
advanced,5426,33
advanced,5427,36
advanced,5428,30
advanced,5429,47
advanced,5430,38
advanced,5431,27
advanced,5432,16
advanced,5433,42
advanced,5434,19
advanced,5435,42
advanced,5436,48
advanced,5437,31
advanced,5438,58
advanced,5439,31
advanced,5440,20
advanced,5441,39
advanced,5442,39
advanced,5443,69
advanced,5444,36
advanced,5445,16
advanced,5446,50
advanced,5447,41
advanced,5448,56
advanced,5449,31
advanced,5450,26
advanced,5451,24
advanced,5452,38
advanced,5453,43
advanced,5454,57
advanced,5455,31
advanced,5456,17
advanced,5457,28
advanced,5458,29
advanced,5459,27
advanced,5460,29
advanced,5461,15
advanced,5462,37
advanced,5463,28
advanced,5464,9
advanced,5465,43
advanced,5466,20
advanced,5467,22
advanced,5468,39
advanced,5469,33
advanced,5470,37
advanced,5471,45
advanced,5472,30
advanced,5473,38
advanced,5474,16
advanced,5475,30
advanced,5476,89
advanced,5477,62
advanced,5478,36
advanced,5479,21
advanced,5480,26
advanced,5481,19
advanced,5482,51
advanced,5483,28
advanced,5484,23
advanced,5485,24
advanced,5486,74
advanced,5487,36
advanced,5488,34
advanced,5489,35
advanced,5490,42
advanced,5491,37
advanced,5492,40
advanced,5493,68
advanced,5494,43
advanced,5495,24
advanced,5496,56
advanced,5497,42
advanced,5498,40
advanced,5499,22
advanced,5500,71
advanced,5501,25
advanced,5502,31
advanced,5503,33
advanced,5504,44
advanced,5505,39
advanced,5506,42
advanced,5507,45
advanced,5508,44
advanced,5509,28
advanced,5510,32
advanced,5511,6
advanced,5512,12
advanced,5513,16
advanced,5514,42
advanced,5515,41
advanced,5516,43
advanced,5517,31
advanced,5518,47
advanced,5519,25
advanced,5520,52
advanced,5521,47
advanced,5522,20
advanced,5523,16
advanced,5524,30
advanced,5525,19
advanced,5526,37
advanced,5527,43
advanced,5528,38
advanced,5529,64
advanced,5530,40
advanced,5531,31
advanced,5532,34
advanced,5533,44
advanced,5534,60
advanced,5535,52
advanced,5536,37
advanced,5537,40
advanced,5538,30
advanced,5539,13
advanced,5540,34
advanced,5541,37
advanced,5542,45
advanced,5543,20
advanced,5544,52
advanced,5545,19
advanced,5546,27
advanced,5547,20
advanced,5548,26
advanced,5549,30
advanced,5550,40
advanced,5551,18
advanced,5552,36
advanced,5553,45
advanced,5554,27
advanced,5555,20
advanced,5556,50
advanced,5557,56
advanced,5558,50
advanced,5559,40
advanced,5560,36
advanced,5561,57
advanced,5562,30
advanced,5563,31
advanced,5564,54
advanced,5565,21
advanced,5566,48
advanced,5567,21
advanced,5568,37
advanced,5569,31
advanced,5570,63
advanced,5571,31
advanced,5572,34
advanced,5573,42
advanced,5574,51
advanced,5575,37
advanced,5576,38
advanced,5577,40
advanced,5578,34
advanced,5579,55
advanced,5580,35
advanced,5581,35
advanced,5582,29
advanced,5583,22
advanced,5584,83
advanced,5585,40
advanced,5586,31
advanced,5587,24
advanced,5588,26
advanced,5589,15
advanced,5590,65
advanced,5591,28
advanced,5592,20
advanced,5593,23
advanced,5594,38
advanced,5595,58
advanced,5596,54
advanced,5597,10
advanced,5598,30
advanced,5599,47
advanced,5600,40
advanced,5601,54
advanced,5602,27
advanced,5603,23
advanced,5604,22
advanced,5605,52
advanced,5606,14
advanced,5607,15
advanced,5608,44
advanced,5609,19
advanced,5610,46
advanced,5611,28
advanced,5612,50
advanced,5613,27
advanced,5614,42
advanced,5615,23
advanced,5616,59
advanced,5617,23
advanced,5618,38
advanced,5619,42
advanced,5620,34
advanced,5621,47
advanced,5622,27
advanced,5623,22
advanced,5624,44
advanced,5625,18
advanced,5626,39
advanced,5627,39
advanced,5628,23
advanced,5629,19
advanced,5630,10
advanced,5631,12
advanced,5632,31
advanced,5633,54
advanced,5634,11
advanced,5635,36
advanced,5636,42
advanced,5637,27
advanced,5638,36
advanced,5639,20
advanced,5640,28
advanced,5641,43
advanced,5642,22
advanced,5643,17
advanced,5644,58
advanced,5645,58
advanced,5646,34
advanced,5647,44
advanced,5648,32
advanced,5649,28
advanced,5650,51
advanced,5651,31
advanced,5652,35
advanced,5653,40
advanced,5654,50
advanced,5655,36
advanced,5656,25
advanced,5657,32
advanced,5658,29
advanced,5659,29
advanced,5660,40
advanced,5661,37
advanced,5662,44
advanced,5663,37
advanced,5664,53
advanced,5665,42
advanced,5666,33
advanced,5667,40
advanced,5668,47
advanced,5669,28
advanced,5670,27
advanced,5671,37
advanced,5672,27
advanced,5673,40
advanced,5674,86
advanced,5675,48
advanced,5676,52
advanced,5677,23
advanced,5678,31
advanced,5679,51
advanced,5680,55
advanced,5681,44
advanced,5682,32
advanced,5683,34
advanced,5684,12
advanced,5685,11
advanced,5686,21
advanced,5687,36
advanced,5688,61
advanced,5689,53
advanced,5690,19
advanced,5691,45
advanced,5692,49
advanced,5693,22
advanced,5694,43
advanced,5695,31
advanced,5696,22
advanced,5697,19
advanced,5698,18
advanced,5699,58
advanced,5700,41
advanced,5701,22
advanced,5702,30
advanced,5703,8
advanced,5704,24
advanced,5705,50
advanced,5706,53
advanced,5707,23
advanced,5708,52
advanced,5709,26
advanced,5710,32
advanced,5711,32
advanced,5712,46
advanced,5713,19
advanced,5714,60
advanced,5715,52
advanced,5716,43
advanced,5717,34
advanced,5718,41
advanced,5719,59
advanced,5720,34
advanced,5721,18
advanced,5722,29
advanced,5723,24
advanced,5724,74
advanced,5725,30
advanced,5726,40
advanced,5727,52
advanced,5728,16
advanced,5729,29
advanced,5730,31
advanced,5731,18
advanced,5732,36
advanced,5733,29
advanced,5734,34
advanced,5735,41
advanced,5736,21
advanced,5737,38
advanced,5738,27
advanced,5739,45
advanced,5740,36
advanced,5741,65
advanced,5742,59
advanced,5743,37
advanced,5744,50
advanced,5745,17
advanced,5746,37
advanced,5747,31
advanced,5748,53
advanced,5749,50
advanced,5750,33
advanced,5751,54
advanced,5752,42
advanced,5753,10
advanced,5754,35
advanced,5755,37
advanced,5756,55
advanced,5757,20
advanced,5758,41
advanced,5759,76
advanced,5760,64
advanced,5761,29
advanced,5762,42
advanced,5763,52
advanced,5764,41
advanced,5765,48
advanced,5766,35
advanced,5767,62
advanced,5768,37
advanced,5769,21
advanced,5770,60
advanced,5771,19
advanced,5772,36
advanced,5773,35
advanced,5774,28
advanced,5775,29
advanced,5776,28
advanced,5777,30
advanced,5778,11
advanced,5779,37
advanced,5780,34
advanced,5781,29
advanced,5782,39
advanced,5783,19
advanced,5784,22
advanced,5785,44
advanced,5786,23
advanced,5787,58
advanced,5788,31
advanced,5789,28
advanced,5790,45
advanced,5791,48
advanced,5792,32
advanced,5793,39
advanced,5794,41
advanced,5795,45
advanced,5796,37
advanced,5797,11
advanced,5798,36
advanced,5799,40
advanced,5800,44
advanced,5801,26
advanced,5802,28
advanced,5803,31
advanced,5804,41
advanced,5805,40
advanced,5806,29
advanced,5807,15
advanced,5808,36
advanced,5809,28
advanced,5810,25
advanced,5811,27
advanced,5812,24
advanced,5813,38
advanced,5814,39
advanced,5815,43
advanced,5816,40
advanced,5817,22
advanced,5818,66
advanced,5819,39
advanced,5820,33
advanced,5821,38
advanced,5822,23
advanced,5823,54
advanced,5824,28
advanced,5825,23
advanced,5826,26
advanced,5827,47
advanced,5828,39
advanced,5829,49
advanced,5830,38
advanced,5831,16
advanced,5832,30
advanced,5833,45
advanced,5834,34
advanced,5835,30
advanced,5836,21
advanced,5837,46
advanced,5838,42
advanced,5839,28
advanced,5840,29
advanced,5841,27
advanced,5842,23
advanced,5843,40
advanced,5844,88
advanced,5845,47
advanced,5846,39
advanced,5847,43
advanced,5848,19
advanced,5849,35
advanced,5850,37
advanced,5851,34
advanced,5852,32
advanced,5853,17
advanced,5854,65
advanced,5855,31
advanced,5856,23
advanced,5857,35
advanced,5858,37
advanced,5859,21
advanced,5860,40
advanced,5861,26
advanced,5862,42
advanced,5863,27
advanced,5864,28
advanced,5865,45
advanced,5866,26
advanced,5867,21
advanced,5868,35
advanced,5869,45
advanced,5870,42
advanced,5871,19
advanced,5872,42
advanced,5873,59
advanced,5874,43
advanced,5875,46
advanced,5876,37
advanced,5877,49
advanced,5878,57
advanced,5879,23
advanced,5880,37
advanced,5881,20
advanced,5882,20
advanced,5883,35
advanced,5884,54
advanced,5885,29
advanced,5886,33
advanced,5887,30
advanced,5888,44
advanced,5889,28
advanced,5890,32
advanced,5891,13
advanced,5892,21
advanced,5893,51
advanced,5894,24
advanced,5895,18
advanced,5896,41
advanced,5897,35
advanced,5898,51
advanced,5899,72
advanced,5900,45
advanced,5901,45
advanced,5902,43
advanced,5903,32
advanced,5904,45
advanced,5905,58
advanced,5906,15
advanced,5907,26
advanced,5908,37
advanced,5909,31
advanced,5910,35
advanced,5911,46
advanced,5912,37
advanced,5913,27
advanced,5914,34
advanced,5915,65
advanced,5916,53
advanced,5917,69
advanced,5918,34
advanced,5919,44
advanced,5920,23
advanced,5921,25
advanced,5922,32
advanced,5923,56
advanced,5924,74
advanced,5925,22
advanced,5926,19
advanced,5927,8
advanced,5928,11
advanced,5929,47
advanced,5930,37
advanced,5931,32
advanced,5932,27
advanced,5933,20
advanced,5934,25
advanced,5935,35
advanced,5936,13
advanced,5937,42
advanced,5938,28
advanced,5939,52
advanced,5940,41
advanced,5941,37
advanced,5942,46
advanced,5943,13
advanced,5944,52
advanced,5945,45
advanced,5946,38
advanced,5947,53
advanced,5948,32
advanced,5949,36
advanced,5950,26
advanced,5951,23
advanced,5952,30
advanced,5953,50
advanced,5954,58
advanced,5955,38
advanced,5956,20
advanced,5957,50
advanced,5958,45
advanced,5959,25
advanced,5960,20
advanced,5961,50
advanced,5962,39
advanced,5963,29
advanced,5964,70
advanced,5965,46
advanced,5966,48
advanced,5967,26
advanced,5968,87
advanced,5969,26
advanced,5970,36
advanced,5971,53
advanced,5972,23
advanced,5973,25
advanced,5974,25
advanced,5975,46
advanced,5976,25
advanced,5977,34
advanced,5978,38
advanced,5979,29
advanced,5980,39
advanced,5981,76
advanced,5982,38
advanced,5983,37
advanced,5984,42
advanced,5985,28
advanced,5986,30
advanced,5987,34
advanced,5988,49
advanced,5989,48
advanced,5990,33
advanced,5991,32
advanced,5992,19
advanced,5993,22
advanced,5994,16
advanced,5995,31
advanced,5996,29
advanced,5997,30
advanced,5998,36
advanced,5999,28
advanced,6000,31
advanced,6001,31
advanced,6002,28
advanced,6003,46
advanced,6004,23
advanced,6005,28
advanced,6006,74
advanced,6007,40
advanced,6008,31
advanced,6009,31
advanced,6010,36
advanced,6011,21
advanced,6012,41
advanced,6013,32
advanced,6014,22
advanced,6015,52
advanced,6016,39
advanced,6017,32
advanced,6018,20
advanced,6019,61
advanced,6020,37
advanced,6021,56
advanced,6022,49
advanced,6023,32
advanced,6024,36
advanced,6025,39
advanced,6026,64
advanced,6027,25
advanced,6028,48
advanced,6029,43
advanced,6030,44
advanced,6031,15
advanced,6032,49
advanced,6033,43
advanced,6034,53
advanced,6035,27
advanced,6036,23
advanced,6037,15
advanced,6038,40
advanced,6039,21
advanced,6040,36
advanced,6041,59
advanced,6042,22
advanced,6043,40
advanced,6044,26
advanced,6045,36
advanced,6046,39
advanced,6047,52
advanced,6048,27
advanced,6049,54
advanced,6050,32
advanced,6051,33
advanced,6052,33
advanced,6053,48
advanced,6054,28
advanced,6055,18
advanced,6056,18
advanced,6057,38
advanced,6058,20
advanced,6059,20
advanced,6060,29
advanced,6061,26
advanced,6062,24
advanced,6063,30
advanced,6064,44
advanced,6065,52
advanced,6066,58
advanced,6067,52
advanced,6068,28
advanced,6069,24
advanced,6070,49
advanced,6071,40
advanced,6072,29
advanced,6073,48
advanced,6074,53
advanced,6075,22
advanced,6076,36
advanced,6077,31
advanced,6078,40
advanced,6079,11
advanced,6080,44
advanced,6081,36
advanced,6082,29
advanced,6083,21
advanced,6084,22
advanced,6085,72
advanced,6086,33
advanced,6087,16
advanced,6088,56
advanced,6089,50
advanced,6090,11
advanced,6091,74
advanced,6092,39
advanced,6093,24
advanced,6094,40
advanced,6095,40
advanced,6096,25
advanced,6097,33
advanced,6098,36
advanced,6099,45
advanced,6100,23
advanced,6101,27
advanced,6102,17
advanced,6103,32
advanced,6104,18
advanced,6105,51
advanced,6106,45
advanced,6107,55
advanced,6108,30
advanced,6109,59
advanced,6110,34
advanced,6111,32
advanced,6112,31
advanced,6113,37
advanced,6114,21
advanced,6115,52
advanced,6116,57
advanced,6117,31
advanced,6118,23
advanced,6119,52
advanced,6120,33
advanced,6121,34
advanced,6122,48
advanced,6123,18
advanced,6124,32
advanced,6125,45
advanced,6126,45
advanced,6127,44
advanced,6128,14
advanced,6129,45
advanced,6130,17
advanced,6131,16
advanced,6132,42
advanced,6133,49
advanced,6134,22
advanced,6135,29
advanced,6136,39
advanced,6137,9
advanced,6138,59
advanced,6139,39
advanced,6140,28
advanced,6141,31
advanced,6142,10
advanced,6143,54
advanced,6144,45
advanced,6145,45
advanced,6146,47
advanced,6147,22
advanced,6148,33
advanced,6149,38
advanced,6150,32
advanced,6151,104
advanced,6152,36
advanced,6153,34
advanced,6154,43
advanced,6155,45
advanced,6156,44
advanced,6157,15
advanced,6158,38
advanced,6159,23
advanced,6160,24
advanced,6161,67
advanced,6162,24
advanced,6163,35
advanced,6164,24
advanced,6165,33
advanced,6166,37
advanced,6167,40
advanced,6168,28
advanced,6169,38
advanced,6170,22
advanced,6171,33
advanced,6172,42
advanced,6173,33
advanced,6174,44
advanced,6175,32
advanced,6176,35
advanced,6177,25
advanced,6178,35
advanced,6179,47
advanced,6180,38
advanced,6181,35
advanced,6182,49
advanced,6183,35
advanced,6184,52
advanced,6185,43
advanced,6186,25
advanced,6187,40
advanced,6188,39
advanced,6189,71
advanced,6190,25
advanced,6191,37
advanced,6192,23
advanced,6193,24
advanced,6194,26
advanced,6195,32
advanced,6196,44
advanced,6197,8
advanced,6198,17
advanced,6199,28
advanced,6200,26
advanced,6201,28
advanced,6202,12
advanced,6203,51
advanced,6204,37
advanced,6205,24
advanced,6206,62
advanced,6207,21
advanced,6208,36
advanced,6209,31
advanced,6210,18
advanced,6211,69
advanced,6212,25
advanced,6213,10
advanced,6214,34
advanced,6215,17
advanced,6216,44
advanced,6217,39
advanced,6218,32
advanced,6219,20
advanced,6220,27
advanced,6221,39
advanced,6222,21
advanced,6223,32
advanced,6224,23
advanced,6225,25
advanced,6226,36
advanced,6227,28
advanced,6228,72
advanced,6229,28
advanced,6230,59
advanced,6231,42
advanced,6232,50
advanced,6233,32
advanced,6234,19
advanced,6235,38
advanced,6236,54
advanced,6237,30
advanced,6238,21
advanced,6239,27
advanced,6240,16
advanced,6241,49
advanced,6242,31
advanced,6243,22
advanced,6244,71
advanced,6245,32
advanced,6246,22
advanced,6247,35
advanced,6248,34
advanced,6249,39
advanced,6250,34
advanced,6251,26
advanced,6252,16
advanced,6253,64
advanced,6254,14
advanced,6255,33
advanced,6256,30
advanced,6257,47
advanced,6258,26
advanced,6259,48
advanced,6260,23
advanced,6261,31
advanced,6262,16
advanced,6263,35
advanced,6264,51
advanced,6265,35
advanced,6266,45
advanced,6267,25
advanced,6268,27
advanced,6269,16
advanced,6270,17
advanced,6271,71
advanced,6272,10
advanced,6273,83
advanced,6274,34
advanced,6275,47
advanced,6276,21
advanced,6277,42
advanced,6278,30
advanced,6279,23
advanced,6280,30
advanced,6281,15
advanced,6282,21
advanced,6283,24
advanced,6284,26
advanced,6285,62
advanced,6286,30
advanced,6287,41
advanced,6288,30
advanced,6289,21
advanced,6290,15
advanced,6291,26
advanced,6292,44
advanced,6293,39
advanced,6294,45
advanced,6295,61
advanced,6296,48
advanced,6297,37
advanced,6298,26
advanced,6299,90
advanced,6300,59
advanced,6301,18
advanced,6302,34
advanced,6303,41
advanced,6304,80
advanced,6305,28
advanced,6306,22
advanced,6307,27
advanced,6308,27
advanced,6309,36
advanced,6310,45
advanced,6311,15
advanced,6312,75
advanced,6313,24
advanced,6314,23
advanced,6315,38
advanced,6316,36
advanced,6317,39
advanced,6318,34
advanced,6319,39
advanced,6320,37
advanced,6321,24
advanced,6322,37
advanced,6323,28
advanced,6324,45
advanced,6325,62
advanced,6326,41
advanced,6327,12
advanced,6328,19
advanced,6329,30
advanced,6330,24
advanced,6331,42
advanced,6332,26
advanced,6333,41
advanced,6334,45
advanced,6335,27
advanced,6336,38
advanced,6337,42
advanced,6338,36
advanced,6339,29
advanced,6340,30
advanced,6341,34
advanced,6342,22
advanced,6343,42
advanced,6344,56
advanced,6345,30
advanced,6346,18
advanced,6347,20
advanced,6348,32
advanced,6349,53
advanced,6350,51
advanced,6351,31
advanced,6352,34
advanced,6353,81
advanced,6354,49
advanced,6355,98
advanced,6356,38
advanced,6357,21
advanced,6358,42
advanced,6359,35
advanced,6360,40
advanced,6361,52
advanced,6362,51
advanced,6363,32
advanced,6364,39
advanced,6365,27
advanced,6366,48
advanced,6367,56
advanced,6368,47
advanced,6369,39
advanced,6370,21
advanced,6371,51
advanced,6372,23
advanced,6373,43
advanced,6374,21
advanced,6375,22
advanced,6376,45
advanced,6377,17
advanced,6378,32
advanced,6379,50
advanced,6380,37
advanced,6381,25
advanced,6382,41
advanced,6383,27
advanced,6384,34
advanced,6385,50
advanced,6386,26
advanced,6387,20
advanced,6388,23
advanced,6389,35
advanced,6390,60
advanced,6391,32
advanced,6392,67
advanced,6393,23
advanced,6394,30
advanced,6395,17
advanced,6396,24
advanced,6397,38
advanced,6398,34
advanced,6399,20
advanced,6400,24
advanced,6401,62
advanced,6402,26
advanced,6403,37
advanced,6404,27
advanced,6405,71
advanced,6406,18
advanced,6407,25
advanced,6408,33
advanced,6409,48
advanced,6410,28
advanced,6411,39
advanced,6412,39
advanced,6413,23
advanced,6414,18
advanced,6415,32
advanced,6416,18
advanced,6417,35
advanced,6418,40
advanced,6419,33
advanced,6420,17
advanced,6421,32
advanced,6422,48
advanced,6423,25
advanced,6424,38
advanced,6425,30
advanced,6426,36
advanced,6427,26
advanced,6428,30
advanced,6429,35
advanced,6430,39
advanced,6431,23
advanced,6432,30
advanced,6433,44
advanced,6434,46
advanced,6435,39
advanced,6436,16
advanced,6437,30
advanced,6438,32
advanced,6439,16
advanced,6440,21
advanced,6441,54
advanced,6442,32
advanced,6443,16
advanced,6444,62
advanced,6445,38
advanced,6446,36
advanced,6447,31
advanced,6448,41
advanced,6449,24
advanced,6450,31
advanced,6451,45
advanced,6452,23
advanced,6453,56
advanced,6454,38
advanced,6455,41
advanced,6456,22
advanced,6457,9
advanced,6458,48
advanced,6459,42
advanced,6460,32
advanced,6461,53
advanced,6462,44
advanced,6463,43
advanced,6464,21
advanced,6465,35
advanced,6466,21
advanced,6467,44
advanced,6468,35
advanced,6469,23
advanced,6470,18
advanced,6471,25
advanced,6472,30
advanced,6473,27
advanced,6474,20
advanced,6475,35
advanced,6476,36
advanced,6477,53
advanced,6478,30
advanced,6479,28
advanced,6480,10
advanced,6481,27
advanced,6482,47
advanced,6483,23
advanced,6484,60
advanced,6485,33
advanced,6486,34
advanced,6487,21
advanced,6488,28
advanced,6489,23
advanced,6490,34
advanced,6491,32
advanced,6492,37
advanced,6493,22
advanced,6494,33
advanced,6495,32
advanced,6496,38
advanced,6497,30
advanced,6498,43
advanced,6499,22
advanced,6500,35
advanced,6501,31
advanced,6502,32
advanced,6503,50
advanced,6504,30
advanced,6505,58
advanced,6506,21
advanced,6507,46
advanced,6508,26
advanced,6509,46
advanced,6510,54
advanced,6511,47
advanced,6512,38
advanced,6513,24
advanced,6514,60
advanced,6515,36
advanced,6516,21
advanced,6517,22
advanced,6518,57
advanced,6519,27
advanced,6520,14
advanced,6521,37
advanced,6522,21
advanced,6523,31
advanced,6524,42
advanced,6525,72
advanced,6526,43
advanced,6527,29
advanced,6528,23
advanced,6529,81
advanced,6530,16
advanced,6531,48
advanced,6532,17
advanced,6533,21
advanced,6534,29
advanced,6535,15
advanced,6536,17
advanced,6537,28
advanced,6538,24
advanced,6539,31
advanced,6540,52
advanced,6541,21
advanced,6542,65
advanced,6543,49
advanced,6544,26
advanced,6545,25
advanced,6546,50
advanced,6547,30
advanced,6548,28
advanced,6549,47
advanced,6550,24
advanced,6551,42
advanced,6552,11
advanced,6553,30
advanced,6554,30
advanced,6555,29
advanced,6556,55
advanced,6557,32
advanced,6558,39
advanced,6559,34
advanced,6560,27
advanced,6561,37
advanced,6562,20
advanced,6563,25
advanced,6564,19
advanced,6565,48
advanced,6566,47
advanced,6567,30
advanced,6568,22
advanced,6569,53
advanced,6570,36
advanced,6571,29
advanced,6572,20
advanced,6573,29
advanced,6574,29
advanced,6575,50
advanced,6576,41
advanced,6577,45
advanced,6578,42
advanced,6579,58
advanced,6580,46
advanced,6581,20
advanced,6582,40
advanced,6583,18
advanced,6584,43
advanced,6585,28
advanced,6586,42
advanced,6587,33
advanced,6588,31
advanced,6589,30
advanced,6590,56
advanced,6591,21
advanced,6592,30
advanced,6593,38
advanced,6594,46
advanced,6595,28
advanced,6596,31
advanced,6597,42
advanced,6598,50
advanced,6599,33
advanced,6600,30
advanced,6601,38
advanced,6602,62
advanced,6603,43
advanced,6604,33
advanced,6605,12
advanced,6606,13
advanced,6607,45
advanced,6608,39
advanced,6609,35
advanced,6610,39
advanced,6611,24
advanced,6612,35
advanced,6613,22
advanced,6614,37
advanced,6615,27
advanced,6616,32
advanced,6617,20
advanced,6618,20
advanced,6619,74
advanced,6620,27
advanced,6621,42
advanced,6622,33
advanced,6623,21
advanced,6624,32
advanced,6625,47
advanced,6626,18
advanced,6627,30
advanced,6628,23
advanced,6629,34
advanced,6630,35
advanced,6631,28
advanced,6632,37
advanced,6633,28
advanced,6634,21
advanced,6635,50
advanced,6636,29
advanced,6637,21
advanced,6638,45
advanced,6639,15
advanced,6640,28
advanced,6641,38
advanced,6642,33
advanced,6643,18
advanced,6644,34
advanced,6645,34
advanced,6646,29
advanced,6647,39
advanced,6648,14
advanced,6649,40
advanced,6650,19
advanced,6651,39
advanced,6652,70
advanced,6653,43
advanced,6654,64
advanced,6655,17
advanced,6656,39
advanced,6657,32
advanced,6658,36
advanced,6659,30
advanced,6660,31
advanced,6661,41
advanced,6662,27
advanced,6663,38
advanced,6664,28
advanced,6665,28
advanced,6666,22
advanced,6667,45
advanced,6668,10
advanced,6669,38
advanced,6670,34
advanced,6671,49
advanced,6672,63
advanced,6673,25
advanced,6674,32
advanced,6675,30
advanced,6676,19
advanced,6677,27
advanced,6678,55
advanced,6679,33
advanced,6680,58
advanced,6681,48
advanced,6682,42
advanced,6683,18
advanced,6684,45
advanced,6685,50
advanced,6686,25
advanced,6687,40
advanced,6688,15
advanced,6689,16
advanced,6690,49
advanced,6691,40
advanced,6692,54
advanced,6693,39
advanced,6694,19
advanced,6695,28
advanced,6696,34
advanced,6697,20
advanced,6698,34
advanced,6699,23
advanced,6700,28
advanced,6701,9
advanced,6702,31
advanced,6703,53
advanced,6704,47
advanced,6705,38
advanced,6706,42
advanced,6707,23
advanced,6708,53
advanced,6709,45
advanced,6710,36
advanced,6711,30
advanced,6712,21
advanced,6713,53
advanced,6714,42
advanced,6715,42
advanced,6716,39
advanced,6717,28
advanced,6718,39
advanced,6719,41
advanced,6720,22
advanced,6721,29
advanced,6722,47
advanced,6723,42
advanced,6724,44
advanced,6725,17
advanced,6726,31
advanced,6727,30
advanced,6728,46
advanced,6729,15
advanced,6730,30
advanced,6731,20
advanced,6732,54
advanced,6733,35
advanced,6734,41
advanced,6735,18
advanced,6736,56
advanced,6737,31
advanced,6738,28
advanced,6739,31
advanced,6740,40
advanced,6741,39
advanced,6742,14
advanced,6743,22
advanced,6744,39
advanced,6745,21
advanced,6746,44
advanced,6747,32
advanced,6748,57
advanced,6749,59
advanced,6750,37
advanced,6751,20
advanced,6752,11
advanced,6753,26
advanced,6754,37
advanced,6755,53
advanced,6756,59
advanced,6757,24
advanced,6758,41
advanced,6759,47
advanced,6760,19
advanced,6761,25
advanced,6762,29
advanced,6763,26
advanced,6764,44
advanced,6765,27
advanced,6766,26
advanced,6767,38
advanced,6768,17
advanced,6769,24
advanced,6770,36
advanced,6771,51
advanced,6772,33
advanced,6773,21
advanced,6774,18
advanced,6775,36
advanced,6776,34
advanced,6777,25
advanced,6778,16
advanced,6779,42
advanced,6780,39
advanced,6781,37
advanced,6782,24
advanced,6783,40
advanced,6784,32
advanced,6785,40
advanced,6786,17
advanced,6787,41
advanced,6788,27
advanced,6789,38
advanced,6790,54
advanced,6791,29
advanced,6792,30
advanced,6793,101
advanced,6794,43
advanced,6795,73
advanced,6796,23
advanced,6797,8
advanced,6798,17
advanced,6799,37
advanced,6800,30
advanced,6801,33
advanced,6802,56
advanced,6803,43
advanced,6804,29
advanced,6805,46
advanced,6806,28
advanced,6807,36
advanced,6808,37
advanced,6809,68
advanced,6810,54
advanced,6811,33
advanced,6812,17
advanced,6813,62
advanced,6814,50
advanced,6815,42
advanced,6816,19
advanced,6817,34
advanced,6818,57
advanced,6819,22
advanced,6820,47
advanced,6821,45
advanced,6822,38
advanced,6823,40
advanced,6824,46
advanced,6825,32
advanced,6826,33
advanced,6827,14
advanced,6828,18
advanced,6829,38
advanced,6830,31
advanced,6831,46
advanced,6832,10
advanced,6833,24
advanced,6834,45
advanced,6835,58
advanced,6836,54
advanced,6837,16
advanced,6838,43
advanced,6839,39
advanced,6840,39
advanced,6841,49
advanced,6842,43
advanced,6843,52
advanced,6844,50
advanced,6845,18
advanced,6846,32
advanced,6847,43
advanced,6848,20
advanced,6849,47
advanced,6850,25
advanced,6851,19
advanced,6852,29
advanced,6853,48
advanced,6854,44
advanced,6855,21
advanced,6856,38
advanced,6857,43
advanced,6858,31
advanced,6859,28
advanced,6860,16
advanced,6861,16
advanced,6862,78
advanced,6863,37
advanced,6864,51
advanced,6865,32
advanced,6866,54
advanced,6867,21
advanced,6868,18
advanced,6869,39
advanced,6870,17
advanced,6871,26
advanced,6872,41
advanced,6873,19
advanced,6874,43
advanced,6875,33
advanced,6876,46
advanced,6877,31
advanced,6878,28
advanced,6879,30
advanced,6880,33
advanced,6881,31
advanced,6882,33
advanced,6883,38
advanced,6884,36
advanced,6885,25
advanced,6886,40
advanced,6887,18
advanced,6888,23
advanced,6889,32
advanced,6890,59
advanced,6891,37
advanced,6892,37
advanced,6893,21
advanced,6894,34
advanced,6895,51
advanced,6896,45
advanced,6897,22
advanced,6898,37
advanced,6899,33
advanced,6900,48
advanced,6901,22
advanced,6902,37
advanced,6903,42
advanced,6904,42
advanced,6905,20
advanced,6906,32
advanced,6907,30
advanced,6908,33
advanced,6909,54
advanced,6910,30
advanced,6911,35
advanced,6912,35
advanced,6913,21
advanced,6914,18
advanced,6915,37
advanced,6916,22
advanced,6917,27
advanced,6918,47
advanced,6919,29
advanced,6920,29
advanced,6921,26
advanced,6922,27
advanced,6923,44
advanced,6924,14
advanced,6925,38
advanced,6926,31
advanced,6927,53
advanced,6928,37
advanced,6929,29
advanced,6930,27
advanced,6931,40
advanced,6932,26
advanced,6933,93
advanced,6934,38
advanced,6935,13
advanced,6936,9
advanced,6937,32
advanced,6938,22
advanced,6939,36
advanced,6940,27
advanced,6941,20
advanced,6942,34
advanced,6943,12
advanced,6944,32
advanced,6945,42
advanced,6946,20
advanced,6947,37
advanced,6948,30
advanced,6949,25
advanced,6950,37
advanced,6951,17
advanced,6952,36
advanced,6953,19
advanced,6954,45
advanced,6955,40
advanced,6956,48
advanced,6957,41
advanced,6958,36
advanced,6959,33
advanced,6960,47
advanced,6961,105
advanced,6962,25
advanced,6963,31
advanced,6964,28
advanced,6965,34
advanced,6966,25
advanced,6967,20
advanced,6968,22
advanced,6969,48
advanced,6970,61
advanced,6971,17
advanced,6972,37
advanced,6973,22
advanced,6974,35
advanced,6975,29
advanced,6976,42
advanced,6977,23
advanced,6978,60
advanced,6979,13
advanced,6980,50
advanced,6981,26
advanced,6982,46
advanced,6983,14
advanced,6984,41
advanced,6985,35
advanced,6986,47
advanced,6987,36
advanced,6988,22
advanced,6989,33
advanced,6990,22
advanced,6991,32
advanced,6992,29
advanced,6993,34
advanced,6994,53
advanced,6995,77
advanced,6996,32
advanced,6997,56
advanced,6998,42
advanced,6999,40
advanced,7000,33
advanced,7001,25
advanced,7002,42
advanced,7003,55
advanced,7004,26
advanced,7005,35
advanced,7006,32
advanced,7007,42
advanced,7008,27
advanced,7009,30
advanced,7010,28
advanced,7011,52
advanced,7012,52
advanced,7013,15
advanced,7014,22
advanced,7015,59
advanced,7016,43
advanced,7017,21
advanced,7018,37
advanced,7019,25
advanced,7020,30
advanced,7021,13
advanced,7022,30
advanced,7023,52
advanced,7024,64
advanced,7025,39
advanced,7026,48
advanced,7027,30
advanced,7028,61
advanced,7029,49
advanced,7030,33
advanced,7031,29
advanced,7032,35
advanced,7033,27
advanced,7034,30
advanced,7035,39
advanced,7036,22
advanced,7037,48
advanced,7038,41
advanced,7039,47
advanced,7040,62
advanced,7041,42
advanced,7042,14
advanced,7043,36
advanced,7044,40
advanced,7045,13
advanced,7046,20
advanced,7047,37
advanced,7048,14
advanced,7049,23
advanced,7050,61
advanced,7051,28
advanced,7052,10
advanced,7053,32
advanced,7054,24
advanced,7055,32
advanced,7056,43
advanced,7057,43
advanced,7058,26
advanced,7059,37
advanced,7060,26
advanced,7061,14
advanced,7062,28
advanced,7063,21
advanced,7064,43
advanced,7065,16
advanced,7066,23
advanced,7067,47
advanced,7068,19
advanced,7069,17
advanced,7070,72
advanced,7071,16
advanced,7072,45
advanced,7073,33
advanced,7074,9
advanced,7075,40
advanced,7076,41
advanced,7077,15
advanced,7078,37
advanced,7079,14
advanced,7080,38
advanced,7081,21
advanced,7082,45
advanced,7083,38
advanced,7084,24
advanced,7085,34
advanced,7086,25
advanced,7087,24
advanced,7088,16
advanced,7089,33
advanced,7090,63
advanced,7091,35
advanced,7092,81
advanced,7093,62
advanced,7094,8
advanced,7095,53
advanced,7096,68
advanced,7097,41
advanced,7098,21
advanced,7099,30
advanced,7100,54
advanced,7101,65
advanced,7102,30
advanced,7103,19
advanced,7104,28
advanced,7105,43
advanced,7106,16
advanced,7107,29
advanced,7108,15
advanced,7109,28
advanced,7110,23
advanced,7111,21
advanced,7112,35
advanced,7113,40
advanced,7114,24
advanced,7115,30
advanced,7116,47
advanced,7117,49
advanced,7118,23
advanced,7119,28
advanced,7120,26
advanced,7121,88
advanced,7122,46
advanced,7123,33
advanced,7124,33
advanced,7125,26
advanced,7126,22
advanced,7127,40
advanced,7128,34
advanced,7129,60
advanced,7130,42
advanced,7131,43
advanced,7132,37
advanced,7133,20
advanced,7134,44
advanced,7135,32
advanced,7136,36
advanced,7137,37
advanced,7138,19
advanced,7139,19
advanced,7140,41
advanced,7141,58
advanced,7142,26
advanced,7143,24
advanced,7144,30
advanced,7145,22
advanced,7146,27
advanced,7147,9
advanced,7148,36
advanced,7149,38
advanced,7150,29
advanced,7151,37
advanced,7152,29
advanced,7153,41
advanced,7154,26
advanced,7155,31
advanced,7156,25
advanced,7157,45
advanced,7158,36
advanced,7159,70
advanced,7160,31
advanced,7161,42
advanced,7162,40
advanced,7163,10
advanced,7164,38
advanced,7165,20
advanced,7166,32
advanced,7167,36
advanced,7168,12
advanced,7169,26
advanced,7170,38
advanced,7171,27
advanced,7172,27
advanced,7173,10
advanced,7174,25
advanced,7175,17
advanced,7176,50
advanced,7177,43
advanced,7178,48
advanced,7179,26
advanced,7180,40
advanced,7181,47
advanced,7182,20
advanced,7183,61
advanced,7184,22
advanced,7185,42
advanced,7186,26
advanced,7187,24
advanced,7188,34
advanced,7189,30
advanced,7190,63
advanced,7191,31
advanced,7192,19
advanced,7193,23
advanced,7194,30
advanced,7195,49
advanced,7196,38
advanced,7197,16
advanced,7198,21
advanced,7199,40
advanced,7200,70
advanced,7201,32
advanced,7202,48
advanced,7203,29
advanced,7204,49
advanced,7205,57
advanced,7206,37
advanced,7207,29
advanced,7208,19
advanced,7209,19
advanced,7210,54
advanced,7211,30
advanced,7212,50
advanced,7213,11
advanced,7214,36
advanced,7215,29
advanced,7216,31
advanced,7217,23
advanced,7218,39
advanced,7219,60
advanced,7220,40
advanced,7221,21
advanced,7222,44
advanced,7223,35
advanced,7224,35
advanced,7225,39
advanced,7226,48
advanced,7227,26
advanced,7228,30
advanced,7229,70
advanced,7230,44
advanced,7231,85
advanced,7232,43
advanced,7233,37
advanced,7234,19
advanced,7235,19
advanced,7236,69
advanced,7237,32
advanced,7238,45
advanced,7239,47
advanced,7240,29
advanced,7241,32
advanced,7242,22
advanced,7243,37
advanced,7244,51
advanced,7245,38
advanced,7246,48
advanced,7247,18
advanced,7248,17
advanced,7249,23
advanced,7250,42
advanced,7251,22
advanced,7252,30
advanced,7253,35
advanced,7254,51
advanced,7255,9
advanced,7256,27
advanced,7257,6
advanced,7258,18
advanced,7259,31
advanced,7260,29
advanced,7261,34
advanced,7262,29
advanced,7263,25
advanced,7264,34
advanced,7265,25
advanced,7266,13
advanced,7267,60
advanced,7268,30
advanced,7269,34
advanced,7270,30
advanced,7271,43
advanced,7272,30
advanced,7273,13
advanced,7274,19
advanced,7275,19
advanced,7276,19
advanced,7277,32
advanced,7278,43
advanced,7279,22
advanced,7280,39
advanced,7281,25
advanced,7282,50
advanced,7283,28
advanced,7284,65
advanced,7285,38
advanced,7286,26
advanced,7287,49
advanced,7288,15
advanced,7289,36
advanced,7290,28
advanced,7291,22
advanced,7292,52
advanced,7293,46
advanced,7294,39
advanced,7295,29
advanced,7296,54
advanced,7297,17
advanced,7298,29
advanced,7299,22
advanced,7300,43
advanced,7301,19
advanced,7302,36
advanced,7303,18
advanced,7304,17
advanced,7305,30
advanced,7306,33
advanced,7307,12
advanced,7308,27
advanced,7309,32
advanced,7310,43
advanced,7311,17
advanced,7312,37
advanced,7313,11
advanced,7314,40
advanced,7315,36
advanced,7316,38
advanced,7317,42
advanced,7318,56
advanced,7319,45
advanced,7320,57
advanced,7321,39
advanced,7322,13
advanced,7323,15
advanced,7324,31
advanced,7325,68
advanced,7326,38
advanced,7327,82
advanced,7328,45
advanced,7329,53
advanced,7330,31
advanced,7331,46
advanced,7332,23
advanced,7333,44
advanced,7334,41
advanced,7335,21
advanced,7336,31
advanced,7337,36
advanced,7338,25
advanced,7339,30
advanced,7340,23
advanced,7341,40
advanced,7342,39
advanced,7343,12
advanced,7344,39
advanced,7345,29
advanced,7346,39
advanced,7347,39
advanced,7348,45
advanced,7349,13
advanced,7350,34
advanced,7351,29
advanced,7352,39
advanced,7353,19
advanced,7354,26
advanced,7355,33
advanced,7356,18
advanced,7357,25
advanced,7358,54
advanced,7359,29
advanced,7360,32
advanced,7361,34
advanced,7362,40
advanced,7363,46
advanced,7364,32
advanced,7365,35
advanced,7366,40
advanced,7367,55
advanced,7368,44
advanced,7369,51
advanced,7370,20
advanced,7371,34
advanced,7372,14
advanced,7373,36
advanced,7374,33
advanced,7375,25
advanced,7376,27
advanced,7377,30
advanced,7378,30
advanced,7379,39
advanced,7380,22
advanced,7381,51
advanced,7382,38
advanced,7383,59
advanced,7384,34
advanced,7385,50
advanced,7386,36
advanced,7387,22
advanced,7388,44
advanced,7389,30
advanced,7390,30
advanced,7391,40
advanced,7392,91
advanced,7393,21
advanced,7394,13
advanced,7395,50
advanced,7396,42
advanced,7397,32
advanced,7398,36
advanced,7399,54
advanced,7400,36
advanced,7401,50
advanced,7402,72
advanced,7403,37
advanced,7404,31
advanced,7405,45
advanced,7406,11
advanced,7407,28
advanced,7408,45
advanced,7409,67
advanced,7410,34
advanced,7411,23
advanced,7412,21
advanced,7413,28
advanced,7414,23
advanced,7415,28
advanced,7416,30
advanced,7417,48
advanced,7418,38
advanced,7419,14
advanced,7420,38
advanced,7421,58
advanced,7422,39
advanced,7423,15
advanced,7424,52
advanced,7425,11
advanced,7426,32
advanced,7427,34
advanced,7428,35
advanced,7429,26
advanced,7430,35
advanced,7431,38
advanced,7432,12
advanced,7433,31
advanced,7434,42
advanced,7435,40
advanced,7436,17
advanced,7437,66
advanced,7438,56
advanced,7439,23
advanced,7440,38
advanced,7441,62
advanced,7442,36
advanced,7443,48
advanced,7444,39
advanced,7445,44
advanced,7446,29
advanced,7447,30
advanced,7448,55
advanced,7449,36
advanced,7450,23
advanced,7451,29
advanced,7452,34
advanced,7453,24
advanced,7454,32
advanced,7455,23
advanced,7456,30
advanced,7457,40
advanced,7458,65
advanced,7459,33
advanced,7460,57
advanced,7461,37
advanced,7462,65
advanced,7463,14
advanced,7464,38
advanced,7465,11
advanced,7466,33
advanced,7467,31
advanced,7468,25
advanced,7469,10
advanced,7470,36
advanced,7471,24
advanced,7472,22
advanced,7473,59
advanced,7474,16
advanced,7475,37
advanced,7476,48
advanced,7477,47
advanced,7478,28
advanced,7479,21
advanced,7480,19
advanced,7481,55
advanced,7482,48
advanced,7483,39
advanced,7484,44
advanced,7485,20
advanced,7486,39
advanced,7487,25
advanced,7488,35
advanced,7489,57
advanced,7490,25
advanced,7491,50
advanced,7492,38
advanced,7493,30
advanced,7494,70
advanced,7495,20
advanced,7496,22
advanced,7497,26
advanced,7498,22
advanced,7499,36
advanced,7500,33
advanced,7501,28
advanced,7502,64
advanced,7503,27
advanced,7504,24
advanced,7505,68
advanced,7506,56
advanced,7507,78
advanced,7508,61
advanced,7509,32
advanced,7510,44
advanced,7511,35
advanced,7512,12
advanced,7513,45
advanced,7514,18
advanced,7515,37
advanced,7516,14
advanced,7517,34
advanced,7518,38
advanced,7519,21
advanced,7520,16
advanced,7521,84
advanced,7522,35
advanced,7523,41
advanced,7524,18
advanced,7525,27
advanced,7526,28
advanced,7527,24
advanced,7528,66
advanced,7529,35
advanced,7530,60
advanced,7531,40
advanced,7532,41
advanced,7533,83
advanced,7534,33
advanced,7535,57
advanced,7536,46
advanced,7537,25
advanced,7538,41
advanced,7539,35
advanced,7540,46
advanced,7541,32
advanced,7542,51
advanced,7543,14
advanced,7544,31
advanced,7545,40
advanced,7546,74
advanced,7547,36
advanced,7548,41
advanced,7549,41
advanced,7550,24
advanced,7551,33
advanced,7552,41
advanced,7553,50
advanced,7554,27
advanced,7555,35
advanced,7556,22
advanced,7557,28
advanced,7558,27
advanced,7559,22
advanced,7560,27
advanced,7561,50
advanced,7562,50
advanced,7563,14
advanced,7564,22
advanced,7565,23
advanced,7566,8
advanced,7567,22
advanced,7568,59
advanced,7569,12
advanced,7570,25
advanced,7571,31
advanced,7572,33
advanced,7573,29
advanced,7574,50
advanced,7575,73
advanced,7576,28
advanced,7577,42
advanced,7578,24
advanced,7579,14
advanced,7580,10
advanced,7581,56
advanced,7582,22
advanced,7583,40
advanced,7584,36
advanced,7585,53
advanced,7586,33
advanced,7587,61
advanced,7588,45
advanced,7589,28
advanced,7590,28
advanced,7591,21
advanced,7592,24
advanced,7593,31
advanced,7594,39
advanced,7595,20
advanced,7596,51
advanced,7597,31
advanced,7598,32
advanced,7599,29
advanced,7600,50
advanced,7601,15
advanced,7602,29
advanced,7603,54
advanced,7604,35
advanced,7605,47
advanced,7606,13
advanced,7607,33
advanced,7608,38
advanced,7609,19
advanced,7610,46
advanced,7611,42
advanced,7612,69
advanced,7613,30
advanced,7614,39
advanced,7615,23
advanced,7616,38
advanced,7617,22
advanced,7618,37
advanced,7619,34
advanced,7620,39
advanced,7621,45
advanced,7622,21
advanced,7623,22
advanced,7624,65
advanced,7625,50
advanced,7626,41
advanced,7627,38
advanced,7628,12
advanced,7629,41
advanced,7630,44
advanced,7631,9
advanced,7632,15
advanced,7633,31
advanced,7634,52
advanced,7635,10
advanced,7636,30
advanced,7637,51
advanced,7638,20
advanced,7639,26
advanced,7640,15
advanced,7641,31
advanced,7642,23
advanced,7643,32
advanced,7644,48
advanced,7645,38
advanced,7646,23
advanced,7647,34
advanced,7648,46
advanced,7649,27
advanced,7650,50
advanced,7651,55
advanced,7652,16
advanced,7653,39
advanced,7654,32
advanced,7655,40
advanced,7656,32
advanced,7657,31
advanced,7658,36
advanced,7659,12
advanced,7660,15
advanced,7661,51
advanced,7662,29
advanced,7663,73
advanced,7664,11
advanced,7665,50
advanced,7666,28
advanced,7667,39
advanced,7668,18
advanced,7669,53
advanced,7670,44
advanced,7671,26
advanced,7672,22
advanced,7673,20
advanced,7674,26
advanced,7675,34
advanced,7676,65
advanced,7677,44
advanced,7678,51
advanced,7679,46
advanced,7680,28
advanced,7681,44
advanced,7682,35
advanced,7683,43
advanced,7684,11
advanced,7685,46
advanced,7686,40
advanced,7687,45
advanced,7688,45
advanced,7689,26
advanced,7690,36
advanced,7691,59
advanced,7692,43
advanced,7693,33
advanced,7694,37
advanced,7695,10
advanced,7696,58
advanced,7697,24
advanced,7698,33
advanced,7699,10
advanced,7700,9
advanced,7701,23
advanced,7702,45
advanced,7703,43
advanced,7704,18
advanced,7705,27
advanced,7706,31
advanced,7707,53
advanced,7708,43
advanced,7709,26
advanced,7710,20
advanced,7711,13
advanced,7712,48
advanced,7713,19
advanced,7714,60
advanced,7715,51
advanced,7716,44
advanced,7717,31
advanced,7718,43
advanced,7719,37
advanced,7720,55
advanced,7721,43
advanced,7722,32
advanced,7723,41
advanced,7724,49
advanced,7725,30
advanced,7726,30
advanced,7727,53
advanced,7728,22
advanced,7729,61
advanced,7730,54
advanced,7731,20
advanced,7732,19
advanced,7733,38
advanced,7734,34
advanced,7735,36
advanced,7736,46
advanced,7737,29
advanced,7738,35
advanced,7739,25
advanced,7740,28
advanced,7741,39
advanced,7742,19
advanced,7743,45
advanced,7744,54
advanced,7745,92
advanced,7746,38
advanced,7747,38
advanced,7748,31
advanced,7749,50
advanced,7750,49
advanced,7751,38
advanced,7752,13
advanced,7753,13
advanced,7754,33
advanced,7755,21
advanced,7756,37
advanced,7757,44
advanced,7758,41
advanced,7759,25
advanced,7760,17
advanced,7761,30
advanced,7762,30
advanced,7763,45
advanced,7764,46
advanced,7765,46
advanced,7766,38
advanced,7767,38
advanced,7768,61
advanced,7769,52
advanced,7770,18
advanced,7771,76
advanced,7772,36
advanced,7773,40
advanced,7774,29
advanced,7775,27
advanced,7776,45
advanced,7777,41
advanced,7778,58
advanced,7779,15
advanced,7780,48
advanced,7781,24
advanced,7782,19
advanced,7783,29
advanced,7784,52
advanced,7785,30
advanced,7786,20
advanced,7787,22
advanced,7788,106
advanced,7789,35
advanced,7790,52
advanced,7791,14
advanced,7792,43
advanced,7793,29
advanced,7794,41
advanced,7795,33
advanced,7796,21
advanced,7797,46
advanced,7798,48
advanced,7799,45
advanced,7800,31
advanced,7801,42
advanced,7802,50
advanced,7803,68
advanced,7804,34
advanced,7805,25
advanced,7806,48
advanced,7807,19
advanced,7808,37
advanced,7809,34
advanced,7810,32
advanced,7811,31
advanced,7812,63
advanced,7813,77
advanced,7814,29
advanced,7815,35
advanced,7816,17
advanced,7817,34
advanced,7818,36
advanced,7819,53
advanced,7820,32
advanced,7821,41
advanced,7822,37
advanced,7823,16
advanced,7824,26
advanced,7825,11
advanced,7826,37
advanced,7827,83
advanced,7828,22
advanced,7829,49
advanced,7830,56
advanced,7831,54
advanced,7832,32
advanced,7833,28
advanced,7834,35
advanced,7835,49
advanced,7836,28
advanced,7837,27
advanced,7838,34
advanced,7839,24
advanced,7840,28
advanced,7841,32
advanced,7842,16
advanced,7843,30
advanced,7844,35
advanced,7845,35
advanced,7846,45
advanced,7847,29
advanced,7848,34
advanced,7849,38
advanced,7850,13
advanced,7851,55
advanced,7852,19
advanced,7853,37
advanced,7854,44
advanced,7855,50
advanced,7856,20
advanced,7857,22
advanced,7858,46
advanced,7859,21
advanced,7860,37
advanced,7861,20
advanced,7862,46
advanced,7863,54
advanced,7864,32
advanced,7865,25
advanced,7866,34
advanced,7867,13
advanced,7868,32
advanced,7869,36
advanced,7870,27
advanced,7871,32
advanced,7872,21
advanced,7873,55
advanced,7874,44
advanced,7875,59
advanced,7876,24
advanced,7877,23
advanced,7878,27
advanced,7879,37
advanced,7880,25
advanced,7881,22
advanced,7882,34
advanced,7883,46
advanced,7884,36
advanced,7885,37
advanced,7886,50
advanced,7887,40
advanced,7888,33
advanced,7889,35
advanced,7890,46
advanced,7891,34
advanced,7892,17
advanced,7893,23
advanced,7894,56
advanced,7895,32
advanced,7896,46
advanced,7897,44
advanced,7898,33
advanced,7899,42
advanced,7900,28
advanced,7901,43
advanced,7902,46
advanced,7903,34
advanced,7904,50
advanced,7905,35
advanced,7906,27
advanced,7907,26
advanced,7908,33
advanced,7909,28
advanced,7910,35
advanced,7911,46
advanced,7912,49
advanced,7913,41
advanced,7914,45
advanced,7915,52
advanced,7916,65
advanced,7917,33
advanced,7918,36
advanced,7919,48
advanced,7920,25
advanced,7921,54
advanced,7922,35
advanced,7923,17
advanced,7924,40
advanced,7925,47
advanced,7926,10
advanced,7927,31
advanced,7928,28
advanced,7929,35
advanced,7930,50
advanced,7931,33
advanced,7932,21
advanced,7933,28
advanced,7934,36
advanced,7935,40
advanced,7936,58
advanced,7937,46
advanced,7938,40
advanced,7939,23
advanced,7940,23
advanced,7941,31
advanced,7942,36
advanced,7943,36
advanced,7944,17
advanced,7945,82
advanced,7946,31
advanced,7947,34
advanced,7948,25
advanced,7949,38
advanced,7950,64
advanced,7951,25
advanced,7952,35
advanced,7953,44
advanced,7954,22
advanced,7955,44
advanced,7956,34
advanced,7957,36
advanced,7958,48
advanced,7959,28
advanced,7960,26
advanced,7961,32
advanced,7962,47
advanced,7963,29
advanced,7964,39
advanced,7965,35
advanced,7966,63
advanced,7967,34
advanced,7968,46
advanced,7969,14
advanced,7970,40
advanced,7971,32
advanced,7972,70
advanced,7973,8
advanced,7974,26
advanced,7975,38
advanced,7976,43
advanced,7977,44
advanced,7978,52
advanced,7979,57
advanced,7980,22
advanced,7981,39
advanced,7982,39
advanced,7983,37
advanced,7984,20
advanced,7985,30
advanced,7986,29
advanced,7987,70
advanced,7988,61
advanced,7989,58
advanced,7990,31
advanced,7991,44
advanced,7992,73
advanced,7993,39
advanced,7994,32
advanced,7995,28
advanced,7996,47
advanced,7997,42
advanced,7998,43
advanced,7999,28
advanced,8000,31
advanced,8001,14
advanced,8002,37
advanced,8003,45
advanced,8004,28
advanced,8005,32
advanced,8006,43
advanced,8007,22
advanced,8008,31
advanced,8009,36
advanced,8010,49
advanced,8011,26
advanced,8012,29
advanced,8013,24
advanced,8014,46
advanced,8015,28
advanced,8016,36
advanced,8017,33
advanced,8018,44
advanced,8019,23
advanced,8020,62
advanced,8021,20
advanced,8022,34
advanced,8023,19
advanced,8024,49
advanced,8025,50
advanced,8026,37
advanced,8027,16
advanced,8028,31
advanced,8029,51
advanced,8030,46
advanced,8031,38
advanced,8032,23
advanced,8033,43
advanced,8034,30
advanced,8035,35
advanced,8036,44
advanced,8037,27
advanced,8038,36
advanced,8039,36
advanced,8040,41
advanced,8041,34
advanced,8042,36
advanced,8043,43
advanced,8044,32
advanced,8045,19
advanced,8046,24
advanced,8047,28
advanced,8048,18
advanced,8049,18
advanced,8050,32
advanced,8051,42
advanced,8052,25
advanced,8053,16
advanced,8054,41
advanced,8055,58
advanced,8056,20
advanced,8057,45
advanced,8058,29
advanced,8059,32
advanced,8060,26
advanced,8061,63
advanced,8062,31
advanced,8063,32
advanced,8064,55
advanced,8065,23
advanced,8066,13
advanced,8067,17
advanced,8068,43
advanced,8069,39
advanced,8070,36
advanced,8071,27
advanced,8072,43
advanced,8073,44
advanced,8074,16
advanced,8075,14
advanced,8076,34
advanced,8077,23
advanced,8078,35
advanced,8079,29
advanced,8080,30
advanced,8081,38
advanced,8082,35
advanced,8083,22
advanced,8084,17
advanced,8085,26
advanced,8086,66
advanced,8087,37
advanced,8088,16
advanced,8089,50
advanced,8090,35
advanced,8091,24
advanced,8092,24
advanced,8093,60
advanced,8094,23
advanced,8095,28
advanced,8096,33
advanced,8097,27
advanced,8098,19
advanced,8099,51
advanced,8100,14
advanced,8101,32
advanced,8102,21
advanced,8103,19
advanced,8104,24
advanced,8105,34
advanced,8106,59
advanced,8107,30
advanced,8108,31
advanced,8109,25
advanced,8110,59
advanced,8111,35
advanced,8112,36
advanced,8113,32
advanced,8114,59
advanced,8115,70
advanced,8116,34
advanced,8117,34
advanced,8118,25
advanced,8119,63
advanced,8120,58
advanced,8121,23
advanced,8122,40
advanced,8123,31
advanced,8124,34
advanced,8125,25
advanced,8126,28
advanced,8127,53
advanced,8128,12
advanced,8129,21
advanced,8130,28
advanced,8131,40
advanced,8132,16
advanced,8133,41
advanced,8134,75
advanced,8135,34
advanced,8136,70
advanced,8137,22
advanced,8138,31
advanced,8139,29
advanced,8140,51
advanced,8141,25
advanced,8142,57
advanced,8143,29
advanced,8144,43
advanced,8145,44
advanced,8146,29
advanced,8147,35
advanced,8148,34
advanced,8149,19
advanced,8150,40
advanced,8151,62
advanced,8152,21
advanced,8153,28
advanced,8154,29
advanced,8155,28
advanced,8156,37
advanced,8157,49
advanced,8158,30
advanced,8159,32
advanced,8160,26
advanced,8161,17
advanced,8162,29
advanced,8163,68
advanced,8164,51
advanced,8165,27
advanced,8166,53
advanced,8167,43
advanced,8168,36
advanced,8169,28
advanced,8170,18
advanced,8171,32
advanced,8172,54
advanced,8173,27
advanced,8174,34
advanced,8175,32
advanced,8176,34
advanced,8177,36
advanced,8178,24
advanced,8179,9
advanced,8180,35
advanced,8181,33
advanced,8182,29
advanced,8183,27
advanced,8184,26
advanced,8185,24
advanced,8186,47
advanced,8187,41
advanced,8188,22
advanced,8189,15
advanced,8190,18
advanced,8191,23
advanced,8192,43
advanced,8193,40
advanced,8194,38
advanced,8195,39
advanced,8196,20
advanced,8197,47
advanced,8198,45
advanced,8199,36
advanced,8200,31
advanced,8201,18
advanced,8202,14
advanced,8203,37
advanced,8204,19
advanced,8205,31
advanced,8206,14
advanced,8207,33
advanced,8208,26
advanced,8209,46
advanced,8210,24
advanced,8211,49
advanced,8212,37
advanced,8213,45
advanced,8214,71
advanced,8215,41
advanced,8216,50
advanced,8217,29
advanced,8218,10
advanced,8219,21
advanced,8220,28
advanced,8221,25
advanced,8222,22
advanced,8223,30
advanced,8224,30
advanced,8225,49
advanced,8226,64
advanced,8227,25
advanced,8228,33
advanced,8229,26
advanced,8230,34
advanced,8231,58
advanced,8232,25
advanced,8233,27
advanced,8234,57
advanced,8235,37
advanced,8236,28
advanced,8237,82
advanced,8238,32
advanced,8239,35
advanced,8240,50
advanced,8241,24
advanced,8242,25
advanced,8243,33
advanced,8244,38
advanced,8245,29
advanced,8246,39
advanced,8247,35
advanced,8248,37
advanced,8249,23
advanced,8250,48
advanced,8251,100
advanced,8252,44
advanced,8253,26
advanced,8254,49
advanced,8255,31
advanced,8256,23
advanced,8257,25
advanced,8258,44
advanced,8259,37
advanced,8260,35
advanced,8261,67
advanced,8262,36
advanced,8263,55
advanced,8264,23
advanced,8265,36
advanced,8266,42
advanced,8267,38
advanced,8268,47
advanced,8269,38
advanced,8270,36
advanced,8271,54
advanced,8272,47
advanced,8273,43
advanced,8274,13
advanced,8275,38
advanced,8276,37
advanced,8277,12
advanced,8278,34
advanced,8279,50
advanced,8280,23
advanced,8281,38
advanced,8282,34
advanced,8283,19
advanced,8284,38
advanced,8285,21
advanced,8286,39
advanced,8287,46
advanced,8288,55
advanced,8289,65
advanced,8290,49
advanced,8291,22
advanced,8292,45
advanced,8293,35
advanced,8294,39
advanced,8295,52
advanced,8296,25
advanced,8297,53
advanced,8298,33
advanced,8299,40
advanced,8300,26
advanced,8301,50
advanced,8302,40
advanced,8303,24
advanced,8304,26
advanced,8305,41
advanced,8306,40
advanced,8307,32
advanced,8308,11
advanced,8309,27
advanced,8310,40
advanced,8311,29
advanced,8312,26
advanced,8313,30
advanced,8314,26
advanced,8315,27
advanced,8316,41
advanced,8317,26
advanced,8318,20
advanced,8319,31
advanced,8320,32
advanced,8321,14
advanced,8322,24
advanced,8323,42
advanced,8324,35
advanced,8325,30
advanced,8326,25
advanced,8327,28
advanced,8328,30
advanced,8329,59
advanced,8330,23
advanced,8331,16
advanced,8332,52
advanced,8333,64
advanced,8334,33
advanced,8335,58
advanced,8336,35
advanced,8337,25
advanced,8338,46
advanced,8339,19
advanced,8340,22
advanced,8341,48
advanced,8342,23
advanced,8343,20
advanced,8344,35
advanced,8345,38
advanced,8346,62
advanced,8347,25
advanced,8348,33
advanced,8349,57
advanced,8350,20
advanced,8351,17
advanced,8352,33
advanced,8353,74
advanced,8354,48
advanced,8355,12
advanced,8356,37
advanced,8357,40
advanced,8358,30
advanced,8359,50
advanced,8360,30
advanced,8361,50
advanced,8362,15
advanced,8363,31
advanced,8364,53
advanced,8365,52
advanced,8366,42
advanced,8367,16
advanced,8368,23
advanced,8369,34
advanced,8370,25
advanced,8371,28
advanced,8372,45
advanced,8373,34
advanced,8374,36
advanced,8375,22
advanced,8376,40
advanced,8377,41
advanced,8378,47
advanced,8379,7
advanced,8380,31
advanced,8381,46
advanced,8382,23
advanced,8383,24
advanced,8384,41
advanced,8385,39
advanced,8386,45
advanced,8387,40
advanced,8388,22
advanced,8389,32
advanced,8390,38
advanced,8391,50
advanced,8392,46
advanced,8393,33
advanced,8394,29
advanced,8395,25
advanced,8396,63
advanced,8397,16
advanced,8398,27
advanced,8399,49
advanced,8400,51
advanced,8401,18
advanced,8402,39
advanced,8403,14
advanced,8404,33
advanced,8405,43
advanced,8406,53
advanced,8407,32
advanced,8408,27
advanced,8409,56
advanced,8410,37
advanced,8411,55
advanced,8412,35
advanced,8413,46
advanced,8414,14
advanced,8415,34
advanced,8416,26
advanced,8417,22
advanced,8418,50
advanced,8419,27
advanced,8420,19
advanced,8421,29
advanced,8422,23
advanced,8423,24
advanced,8424,18
advanced,8425,51
advanced,8426,26
advanced,8427,29
advanced,8428,44
advanced,8429,41
advanced,8430,23
advanced,8431,42
advanced,8432,9
advanced,8433,58
advanced,8434,42
advanced,8435,31
advanced,8436,25
advanced,8437,55
advanced,8438,28
advanced,8439,47
advanced,8440,43
advanced,8441,17
advanced,8442,24
advanced,8443,32
advanced,8444,36
advanced,8445,43
advanced,8446,67
advanced,8447,78
advanced,8448,40
advanced,8449,30
advanced,8450,65
advanced,8451,16
advanced,8452,36
advanced,8453,46
advanced,8454,37
advanced,8455,41
advanced,8456,24
advanced,8457,36
advanced,8458,44
advanced,8459,59
advanced,8460,20
advanced,8461,24
advanced,8462,31
advanced,8463,45
advanced,8464,31
advanced,8465,20
advanced,8466,42
advanced,8467,49
advanced,8468,62
advanced,8469,44
advanced,8470,26
advanced,8471,38
advanced,8472,24
advanced,8473,54
advanced,8474,56
advanced,8475,49
advanced,8476,57
advanced,8477,27
advanced,8478,30
advanced,8479,29
advanced,8480,27
advanced,8481,32
advanced,8482,28
advanced,8483,28
advanced,8484,38
advanced,8485,20
advanced,8486,27
advanced,8487,17
advanced,8488,14
advanced,8489,37
advanced,8490,60
advanced,8491,21
advanced,8492,34
advanced,8493,19
advanced,8494,65
advanced,8495,37
advanced,8496,52
advanced,8497,53
advanced,8498,44
advanced,8499,21
advanced,8500,41
advanced,8501,40
advanced,8502,20
advanced,8503,53
advanced,8504,20
advanced,8505,26
advanced,8506,33
advanced,8507,46
advanced,8508,33
advanced,8509,32
advanced,8510,33
advanced,8511,27
advanced,8512,20
advanced,8513,61
advanced,8514,65
advanced,8515,37
advanced,8516,45
advanced,8517,55
advanced,8518,24
advanced,8519,33
advanced,8520,19
advanced,8521,16
advanced,8522,30
advanced,8523,44
advanced,8524,46
advanced,8525,28
advanced,8526,25
advanced,8527,30
advanced,8528,31
advanced,8529,55
advanced,8530,50
advanced,8531,21
advanced,8532,37
advanced,8533,37
advanced,8534,37
advanced,8535,63
advanced,8536,38
advanced,8537,65
advanced,8538,12
advanced,8539,57
advanced,8540,14
advanced,8541,30
advanced,8542,41
advanced,8543,36
advanced,8544,52
advanced,8545,35
advanced,8546,42
advanced,8547,46
advanced,8548,43
advanced,8549,32
advanced,8550,51
advanced,8551,37
advanced,8552,26
advanced,8553,54
advanced,8554,37
advanced,8555,36
advanced,8556,31
advanced,8557,29
advanced,8558,26
advanced,8559,40
advanced,8560,41
advanced,8561,24
advanced,8562,53
advanced,8563,49
advanced,8564,21
advanced,8565,28
advanced,8566,27
advanced,8567,17
advanced,8568,46
advanced,8569,49
advanced,8570,46
advanced,8571,30
advanced,8572,33
advanced,8573,19
advanced,8574,43
advanced,8575,30
advanced,8576,27
advanced,8577,24
advanced,8578,32
advanced,8579,45
advanced,8580,29
advanced,8581,13
advanced,8582,31
advanced,8583,33
advanced,8584,45
advanced,8585,38
advanced,8586,49
advanced,8587,36
advanced,8588,38
advanced,8589,26
advanced,8590,31
advanced,8591,12
advanced,8592,37
advanced,8593,36
advanced,8594,25
advanced,8595,57
advanced,8596,42
advanced,8597,39
advanced,8598,31
advanced,8599,83
advanced,8600,53
advanced,8601,28
advanced,8602,42
advanced,8603,30
advanced,8604,30
advanced,8605,44
advanced,8606,57
advanced,8607,42
advanced,8608,65
advanced,8609,92
advanced,8610,37
advanced,8611,14
advanced,8612,27
advanced,8613,23
advanced,8614,60
advanced,8615,38
advanced,8616,16
advanced,8617,17
advanced,8618,19
advanced,8619,23
advanced,8620,24
advanced,8621,28
advanced,8622,22
advanced,8623,25
advanced,8624,44
advanced,8625,39
advanced,8626,45
advanced,8627,17
advanced,8628,62
advanced,8629,41
advanced,8630,37
advanced,8631,56
advanced,8632,32
advanced,8633,49
advanced,8634,44
advanced,8635,32
advanced,8636,47
advanced,8637,27
advanced,8638,31
advanced,8639,24
advanced,8640,56
advanced,8641,10
advanced,8642,30
advanced,8643,41
advanced,8644,29
advanced,8645,38
advanced,8646,16
advanced,8647,23
advanced,8648,37
advanced,8649,46
advanced,8650,30
advanced,8651,19
advanced,8652,31
advanced,8653,33
advanced,8654,33
advanced,8655,26
advanced,8656,25
advanced,8657,14
advanced,8658,15
advanced,8659,34
advanced,8660,35
advanced,8661,28
advanced,8662,39
advanced,8663,38
advanced,8664,33
advanced,8665,28
advanced,8666,25
advanced,8667,24
advanced,8668,17
advanced,8669,6
advanced,8670,28
advanced,8671,25
advanced,8672,31
advanced,8673,34
advanced,8674,22
advanced,8675,45
advanced,8676,45
advanced,8677,28
advanced,8678,29
advanced,8679,22
advanced,8680,35
advanced,8681,31
advanced,8682,28
advanced,8683,63
advanced,8684,19
advanced,8685,53
advanced,8686,57
advanced,8687,14
advanced,8688,41
advanced,8689,58
advanced,8690,43
advanced,8691,32
advanced,8692,33
advanced,8693,25
advanced,8694,20
advanced,8695,53
advanced,8696,40
advanced,8697,14
advanced,8698,24
advanced,8699,30
advanced,8700,28
advanced,8701,54
advanced,8702,14
advanced,8703,52
advanced,8704,40
advanced,8705,41
advanced,8706,36
advanced,8707,32
advanced,8708,48
advanced,8709,35
advanced,8710,17
advanced,8711,43
advanced,8712,37
advanced,8713,24
advanced,8714,30
advanced,8715,77
advanced,8716,73
advanced,8717,30
advanced,8718,33
advanced,8719,39
advanced,8720,18
advanced,8721,33
advanced,8722,13
advanced,8723,63
advanced,8724,32
advanced,8725,23
advanced,8726,32
advanced,8727,34
advanced,8728,44
advanced,8729,39
advanced,8730,62
advanced,8731,28
advanced,8732,63
advanced,8733,29
advanced,8734,22
advanced,8735,11
advanced,8736,66
advanced,8737,36
advanced,8738,55
advanced,8739,46
advanced,8740,42
advanced,8741,25
advanced,8742,19
advanced,8743,59
advanced,8744,61
advanced,8745,27
advanced,8746,50
advanced,8747,15
advanced,8748,34
advanced,8749,52
advanced,8750,19
advanced,8751,27
advanced,8752,38
advanced,8753,33
advanced,8754,30
advanced,8755,15
advanced,8756,45
advanced,8757,36
advanced,8758,63
advanced,8759,41
advanced,8760,13
advanced,8761,43
advanced,8762,23
advanced,8763,44
advanced,8764,35
advanced,8765,25
advanced,8766,34
advanced,8767,37
advanced,8768,26
advanced,8769,54
advanced,8770,25
advanced,8771,38
advanced,8772,23
advanced,8773,19
advanced,8774,26
advanced,8775,43
advanced,8776,37
advanced,8777,40
advanced,8778,93
advanced,8779,34
advanced,8780,33
advanced,8781,24
advanced,8782,18
advanced,8783,45
advanced,8784,37
advanced,8785,28
advanced,8786,27
advanced,8787,58
advanced,8788,24
advanced,8789,52
advanced,8790,28
advanced,8791,18
advanced,8792,34
advanced,8793,30
advanced,8794,32
advanced,8795,28
advanced,8796,52
advanced,8797,36
advanced,8798,38
advanced,8799,34
advanced,8800,39
advanced,8801,19
advanced,8802,19
advanced,8803,36
advanced,8804,9
advanced,8805,26
advanced,8806,43
advanced,8807,54
advanced,8808,48
advanced,8809,42
advanced,8810,16
advanced,8811,52
advanced,8812,29
advanced,8813,42
advanced,8814,34
advanced,8815,31
advanced,8816,36
advanced,8817,32
advanced,8818,48
advanced,8819,53
advanced,8820,21
advanced,8821,24
advanced,8822,26
advanced,8823,49
advanced,8824,45
advanced,8825,41
advanced,8826,32
advanced,8827,20
advanced,8828,28
advanced,8829,28
advanced,8830,28
advanced,8831,15
advanced,8832,63
advanced,8833,35
advanced,8834,41
advanced,8835,46
advanced,8836,33
advanced,8837,22
advanced,8838,40
advanced,8839,37
advanced,8840,37
advanced,8841,29
advanced,8842,6
advanced,8843,25
advanced,8844,32
advanced,8845,26
advanced,8846,37
advanced,8847,23
advanced,8848,48
advanced,8849,37
advanced,8850,60
advanced,8851,31
advanced,8852,37
advanced,8853,50
advanced,8854,37
advanced,8855,33
advanced,8856,20
advanced,8857,34
advanced,8858,29
advanced,8859,43
advanced,8860,57
advanced,8861,29
advanced,8862,41
advanced,8863,27
advanced,8864,61
advanced,8865,28
advanced,8866,45
advanced,8867,45
advanced,8868,54
advanced,8869,43
advanced,8870,37
advanced,8871,27
advanced,8872,69
advanced,8873,29
advanced,8874,38
advanced,8875,35
advanced,8876,29
advanced,8877,19
advanced,8878,21
advanced,8879,38
advanced,8880,32
advanced,8881,43
advanced,8882,28
advanced,8883,35
advanced,8884,37
advanced,8885,33
advanced,8886,28
advanced,8887,42
advanced,8888,29
advanced,8889,28
advanced,8890,29
advanced,8891,35
advanced,8892,32
advanced,8893,45
advanced,8894,37
advanced,8895,24
advanced,8896,43
advanced,8897,42
advanced,8898,19
advanced,8899,19
advanced,8900,38
advanced,8901,45
advanced,8902,32
advanced,8903,23
advanced,8904,58
advanced,8905,27
advanced,8906,24
advanced,8907,38
advanced,8908,25
advanced,8909,16
advanced,8910,84
advanced,8911,38
advanced,8912,34
advanced,8913,39
advanced,8914,29
advanced,8915,41
advanced,8916,42
advanced,8917,49
advanced,8918,19
advanced,8919,46
advanced,8920,56
advanced,8921,37
advanced,8922,31
advanced,8923,37
advanced,8924,42
advanced,8925,19
advanced,8926,58
advanced,8927,31
advanced,8928,37
advanced,8929,25
advanced,8930,12
advanced,8931,33
advanced,8932,36
advanced,8933,47
advanced,8934,44
advanced,8935,14
advanced,8936,9
advanced,8937,35
advanced,8938,31
advanced,8939,21
advanced,8940,35
advanced,8941,24
advanced,8942,30
advanced,8943,40
advanced,8944,49
advanced,8945,29
advanced,8946,19
advanced,8947,38
advanced,8948,20
advanced,8949,42
advanced,8950,31
advanced,8951,26
advanced,8952,24
advanced,8953,22
advanced,8954,24
advanced,8955,27
advanced,8956,28
advanced,8957,26
advanced,8958,52
advanced,8959,12
advanced,8960,24
advanced,8961,15
advanced,8962,36
advanced,8963,41
advanced,8964,37
advanced,8965,67
advanced,8966,53
advanced,8967,23
advanced,8968,25
advanced,8969,20
advanced,8970,25
advanced,8971,13
advanced,8972,35
advanced,8973,39
advanced,8974,20
advanced,8975,59
advanced,8976,71
advanced,8977,27
advanced,8978,37
advanced,8979,29
advanced,8980,35
advanced,8981,36
advanced,8982,22
advanced,8983,30
advanced,8984,35
advanced,8985,33
advanced,8986,24
advanced,8987,35
advanced,8988,31
advanced,8989,44
advanced,8990,25
advanced,8991,50
advanced,8992,16
advanced,8993,19
advanced,8994,50
advanced,8995,24
advanced,8996,27
advanced,8997,36
advanced,8998,73
advanced,8999,19
advanced,9000,45
advanced,9001,17
advanced,9002,24
advanced,9003,34
advanced,9004,34
advanced,9005,30
advanced,9006,24
advanced,9007,21
advanced,9008,51
advanced,9009,18
advanced,9010,43
advanced,9011,30
advanced,9012,34
advanced,9013,33
advanced,9014,35
advanced,9015,46
advanced,9016,19
advanced,9017,38
advanced,9018,44
advanced,9019,42
advanced,9020,52
advanced,9021,53
advanced,9022,41
advanced,9023,27
advanced,9024,25
advanced,9025,33
advanced,9026,30
advanced,9027,26
advanced,9028,25
advanced,9029,59
advanced,9030,13
advanced,9031,24
advanced,9032,55
advanced,9033,43
advanced,9034,31
advanced,9035,42
advanced,9036,47
advanced,9037,32
advanced,9038,37
advanced,9039,42
advanced,9040,38
advanced,9041,79
advanced,9042,32
advanced,9043,15
advanced,9044,27
advanced,9045,47
advanced,9046,67
advanced,9047,47
advanced,9048,30
advanced,9049,33
advanced,9050,16
advanced,9051,29
advanced,9052,17
advanced,9053,55
advanced,9054,57
advanced,9055,30
advanced,9056,16
advanced,9057,26
advanced,9058,32
advanced,9059,24
advanced,9060,34
advanced,9061,33
advanced,9062,40
advanced,9063,17
advanced,9064,28
advanced,9065,26
advanced,9066,43
advanced,9067,44
advanced,9068,40
advanced,9069,41
advanced,9070,44
advanced,9071,22
advanced,9072,36
advanced,9073,27
advanced,9074,39
advanced,9075,12
advanced,9076,38
advanced,9077,7
advanced,9078,37
advanced,9079,33
advanced,9080,22
advanced,9081,23
advanced,9082,33
advanced,9083,56
advanced,9084,12
advanced,9085,20
advanced,9086,26
advanced,9087,26
advanced,9088,24
advanced,9089,39
advanced,9090,37
advanced,9091,33
advanced,9092,48
advanced,9093,44
advanced,9094,53
advanced,9095,42
advanced,9096,20
advanced,9097,23
advanced,9098,15
advanced,9099,44
advanced,9100,38
advanced,9101,36
advanced,9102,78
advanced,9103,30
advanced,9104,46
advanced,9105,37
advanced,9106,82
advanced,9107,49
advanced,9108,26
advanced,9109,43
advanced,9110,30
advanced,9111,39
advanced,9112,23
advanced,9113,60
advanced,9114,42
advanced,9115,40
advanced,9116,49
advanced,9117,88
advanced,9118,30
advanced,9119,48
advanced,9120,23
advanced,9121,42
advanced,9122,20
advanced,9123,41
advanced,9124,21
advanced,9125,47
advanced,9126,36
advanced,9127,28
advanced,9128,22
advanced,9129,9
advanced,9130,24
advanced,9131,31
advanced,9132,27
advanced,9133,43
advanced,9134,46
advanced,9135,33
advanced,9136,41
advanced,9137,39
advanced,9138,31
advanced,9139,21
advanced,9140,29
advanced,9141,55
advanced,9142,19
advanced,9143,46
advanced,9144,37
advanced,9145,32
advanced,9146,31
advanced,9147,31
advanced,9148,20
advanced,9149,28
advanced,9150,22
advanced,9151,22
advanced,9152,30
advanced,9153,20
advanced,9154,38
advanced,9155,26
advanced,9156,34
advanced,9157,16
advanced,9158,16
advanced,9159,73
advanced,9160,44
advanced,9161,44
advanced,9162,20
advanced,9163,28
advanced,9164,12
advanced,9165,41
advanced,9166,22
advanced,9167,32
advanced,9168,28
advanced,9169,54
advanced,9170,12
advanced,9171,20
advanced,9172,27
advanced,9173,44
advanced,9174,28
advanced,9175,28
advanced,9176,45
advanced,9177,19
advanced,9178,29
advanced,9179,41
advanced,9180,37
advanced,9181,30
advanced,9182,32
advanced,9183,30
advanced,9184,35
advanced,9185,49
advanced,9186,31
advanced,9187,23
advanced,9188,22
advanced,9189,40
advanced,9190,29
advanced,9191,46
advanced,9192,29
advanced,9193,17
advanced,9194,61
advanced,9195,26
advanced,9196,47
advanced,9197,37
advanced,9198,10
advanced,9199,33
advanced,9200,28
advanced,9201,11
advanced,9202,44
advanced,9203,23
advanced,9204,26
advanced,9205,38
advanced,9206,42
advanced,9207,50
advanced,9208,27
advanced,9209,57
advanced,9210,29
advanced,9211,46
advanced,9212,23
advanced,9213,34
advanced,9214,24
advanced,9215,100
advanced,9216,29
advanced,9217,34
advanced,9218,24
advanced,9219,22
advanced,9220,43
advanced,9221,67
advanced,9222,35
advanced,9223,26
advanced,9224,36
advanced,9225,16
advanced,9226,25
advanced,9227,29
advanced,9228,39
advanced,9229,34
advanced,9230,43
advanced,9231,20
advanced,9232,43
advanced,9233,11
advanced,9234,30
advanced,9235,36
advanced,9236,16
advanced,9237,54
advanced,9238,19
advanced,9239,39
advanced,9240,45
advanced,9241,46
advanced,9242,25
advanced,9243,29
advanced,9244,34
advanced,9245,34
advanced,9246,59
advanced,9247,47
advanced,9248,31
advanced,9249,29
advanced,9250,21
advanced,9251,41
advanced,9252,24
advanced,9253,52
advanced,9254,33
advanced,9255,32
advanced,9256,51
advanced,9257,22
advanced,9258,38
advanced,9259,23
advanced,9260,32
advanced,9261,23
advanced,9262,18
advanced,9263,30
advanced,9264,16
advanced,9265,26
advanced,9266,39
advanced,9267,30
advanced,9268,22
advanced,9269,50
advanced,9270,25
advanced,9271,46
advanced,9272,30
advanced,9273,55
advanced,9274,37
advanced,9275,27
advanced,9276,17
advanced,9277,36
advanced,9278,29
advanced,9279,18
advanced,9280,17
advanced,9281,37
advanced,9282,31
advanced,9283,17
advanced,9284,29
advanced,9285,46
advanced,9286,58
advanced,9287,23
advanced,9288,37
advanced,9289,25
advanced,9290,42
advanced,9291,37
advanced,9292,51
advanced,9293,28
advanced,9294,64
advanced,9295,44
advanced,9296,27
advanced,9297,43
advanced,9298,27
advanced,9299,52
advanced,9300,18
advanced,9301,19
advanced,9302,28
advanced,9303,54
advanced,9304,34
advanced,9305,35
advanced,9306,28
advanced,9307,46
advanced,9308,42
advanced,9309,43
advanced,9310,22
advanced,9311,21
advanced,9312,46
advanced,9313,39
advanced,9314,25
advanced,9315,11
advanced,9316,52
advanced,9317,31
advanced,9318,47
advanced,9319,45
advanced,9320,48
advanced,9321,21
advanced,9322,19
advanced,9323,30
advanced,9324,36
advanced,9325,39
advanced,9326,30
advanced,9327,48
advanced,9328,74
advanced,9329,29
advanced,9330,26
advanced,9331,24
advanced,9332,35
advanced,9333,26
advanced,9334,44
advanced,9335,12
advanced,9336,29
advanced,9337,36
advanced,9338,45
advanced,9339,43
advanced,9340,17
advanced,9341,23
advanced,9342,45
advanced,9343,27
advanced,9344,53
advanced,9345,29
advanced,9346,33
advanced,9347,38
advanced,9348,24
advanced,9349,21
advanced,9350,27
advanced,9351,34
advanced,9352,29
advanced,9353,32
advanced,9354,38
advanced,9355,22
advanced,9356,42
advanced,9357,23
advanced,9358,56
advanced,9359,66
advanced,9360,52
advanced,9361,23
advanced,9362,31
advanced,9363,22
advanced,9364,22
advanced,9365,29
advanced,9366,52
advanced,9367,31
advanced,9368,18
advanced,9369,36
advanced,9370,34
advanced,9371,68
advanced,9372,29
advanced,9373,31
advanced,9374,47
advanced,9375,51
advanced,9376,46
advanced,9377,34
advanced,9378,32
advanced,9379,32
advanced,9380,21
advanced,9381,38
advanced,9382,44
advanced,9383,28
advanced,9384,47
advanced,9385,33
advanced,9386,18
advanced,9387,57
advanced,9388,20
advanced,9389,34
advanced,9390,32
advanced,9391,33
advanced,9392,43
advanced,9393,41
advanced,9394,34
advanced,9395,26
advanced,9396,24
advanced,9397,51
advanced,9398,51
advanced,9399,32
advanced,9400,38
advanced,9401,27
advanced,9402,21
advanced,9403,28
advanced,9404,49
advanced,9405,34
advanced,9406,36
advanced,9407,43
advanced,9408,35
advanced,9409,43
advanced,9410,82
advanced,9411,32
advanced,9412,52
advanced,9413,7
advanced,9414,19
advanced,9415,10
advanced,9416,37
advanced,9417,40
advanced,9418,17
advanced,9419,32
advanced,9420,28
advanced,9421,62
advanced,9422,39
advanced,9423,34
advanced,9424,28
advanced,9425,30
advanced,9426,93
advanced,9427,16
advanced,9428,35
advanced,9429,39
advanced,9430,42
advanced,9431,32
advanced,9432,29
advanced,9433,33
advanced,9434,29
advanced,9435,29
advanced,9436,69
advanced,9437,50
advanced,9438,26
advanced,9439,22
advanced,9440,39
advanced,9441,21
advanced,9442,38
advanced,9443,54
advanced,9444,47
advanced,9445,32
advanced,9446,59
advanced,9447,23
advanced,9448,70
advanced,9449,31
advanced,9450,44
advanced,9451,19
advanced,9452,44
advanced,9453,36
advanced,9454,31
advanced,9455,44
advanced,9456,20
advanced,9457,63
advanced,9458,40
advanced,9459,47
advanced,9460,49
advanced,9461,81
advanced,9462,33
advanced,9463,30
advanced,9464,42
advanced,9465,27
advanced,9466,23
advanced,9467,45
advanced,9468,41
advanced,9469,39
advanced,9470,35
advanced,9471,39
advanced,9472,35
advanced,9473,31
advanced,9474,37
advanced,9475,34
advanced,9476,51
advanced,9477,21
advanced,9478,33
advanced,9479,21
advanced,9480,25
advanced,9481,35
advanced,9482,27
advanced,9483,60
advanced,9484,29
advanced,9485,38
advanced,9486,44
advanced,9487,32
advanced,9488,44
advanced,9489,22
advanced,9490,35
advanced,9491,29
advanced,9492,43
advanced,9493,47
advanced,9494,35
advanced,9495,37
advanced,9496,34
advanced,9497,35
advanced,9498,41
advanced,9499,29
advanced,9500,34
advanced,9501,15
advanced,9502,56
advanced,9503,23
advanced,9504,35
advanced,9505,32
advanced,9506,73
advanced,9507,21
advanced,9508,42
advanced,9509,33
advanced,9510,12
advanced,9511,19
advanced,9512,32
advanced,9513,38
advanced,9514,35
advanced,9515,30
advanced,9516,22
advanced,9517,47
advanced,9518,42
advanced,9519,28
advanced,9520,33
advanced,9521,32
advanced,9522,36
advanced,9523,45
advanced,9524,48
advanced,9525,41
advanced,9526,18
advanced,9527,22
advanced,9528,27
advanced,9529,40
advanced,9530,21
advanced,9531,21
advanced,9532,34
advanced,9533,38
advanced,9534,32
advanced,9535,28
advanced,9536,23
advanced,9537,33
advanced,9538,35
advanced,9539,26
advanced,9540,33
advanced,9541,22
advanced,9542,37
advanced,9543,36
advanced,9544,31
advanced,9545,31
advanced,9546,42
advanced,9547,44
advanced,9548,28
advanced,9549,27
advanced,9550,27
advanced,9551,27
advanced,9552,42
advanced,9553,15
advanced,9554,34
advanced,9555,51
advanced,9556,25
advanced,9557,40
advanced,9558,28
advanced,9559,27
advanced,9560,48
advanced,9561,23
advanced,9562,38
advanced,9563,37
advanced,9564,20
advanced,9565,41
advanced,9566,32
advanced,9567,67
advanced,9568,52
advanced,9569,34
advanced,9570,11
advanced,9571,34
advanced,9572,24
advanced,9573,51
advanced,9574,34
advanced,9575,33
advanced,9576,28
advanced,9577,35
advanced,9578,14
advanced,9579,59
advanced,9580,10
advanced,9581,24
advanced,9582,35
advanced,9583,66
advanced,9584,39
advanced,9585,42
advanced,9586,27
advanced,9587,24
advanced,9588,19
advanced,9589,50
advanced,9590,35
advanced,9591,45
advanced,9592,23
advanced,9593,38
advanced,9594,25
advanced,9595,14
advanced,9596,57
advanced,9597,18
advanced,9598,46
advanced,9599,38
advanced,9600,36
advanced,9601,17
advanced,9602,26
advanced,9603,25
advanced,9604,28
advanced,9605,27
advanced,9606,20
advanced,9607,38
advanced,9608,19
advanced,9609,38
advanced,9610,36
advanced,9611,46
advanced,9612,40
advanced,9613,41
advanced,9614,34
advanced,9615,19
advanced,9616,31
advanced,9617,54
advanced,9618,36
advanced,9619,22
advanced,9620,42
advanced,9621,39
advanced,9622,38
advanced,9623,35
advanced,9624,18
advanced,9625,43
advanced,9626,38
advanced,9627,43
advanced,9628,35
advanced,9629,37
advanced,9630,28
advanced,9631,54
advanced,9632,60
advanced,9633,38
advanced,9634,38
advanced,9635,54
advanced,9636,32
advanced,9637,29
advanced,9638,39
advanced,9639,31
advanced,9640,39
advanced,9641,66
advanced,9642,50
advanced,9643,30
advanced,9644,35
advanced,9645,47
advanced,9646,34
advanced,9647,55
advanced,9648,12
advanced,9649,25
advanced,9650,22
advanced,9651,60
advanced,9652,19
advanced,9653,61
advanced,9654,14
advanced,9655,43
advanced,9656,22
advanced,9657,33
advanced,9658,35
advanced,9659,51
advanced,9660,19
advanced,9661,35
advanced,9662,48
advanced,9663,27
advanced,9664,54
advanced,9665,33
advanced,9666,25
advanced,9667,37
advanced,9668,46
advanced,9669,52
advanced,9670,34
advanced,9671,44
advanced,9672,42
advanced,9673,18
advanced,9674,25
advanced,9675,44
advanced,9676,64
advanced,9677,42
advanced,9678,36
advanced,9679,29
advanced,9680,37
advanced,9681,43
advanced,9682,28
advanced,9683,62
advanced,9684,20
advanced,9685,37
advanced,9686,25
advanced,9687,26
advanced,9688,34
advanced,9689,26
advanced,9690,41
advanced,9691,31
advanced,9692,19
advanced,9693,36
advanced,9694,48
advanced,9695,48
advanced,9696,24
advanced,9697,31
advanced,9698,31
advanced,9699,80
advanced,9700,62
advanced,9701,44
advanced,9702,32
advanced,9703,34
advanced,9704,21
advanced,9705,67
advanced,9706,25
advanced,9707,43
advanced,9708,25
advanced,9709,34
advanced,9710,22
advanced,9711,32
advanced,9712,20
advanced,9713,25
advanced,9714,20
advanced,9715,42
advanced,9716,40
advanced,9717,33
advanced,9718,59
advanced,9719,32
advanced,9720,31
advanced,9721,37
advanced,9722,54
advanced,9723,40
advanced,9724,74
advanced,9725,68
advanced,9726,42
advanced,9727,25
advanced,9728,38
advanced,9729,30
advanced,9730,28
advanced,9731,43
advanced,9732,31
advanced,9733,43
advanced,9734,38
advanced,9735,45
advanced,9736,16
advanced,9737,23
advanced,9738,45
advanced,9739,36
advanced,9740,32
advanced,9741,37
advanced,9742,48
advanced,9743,15
advanced,9744,25
advanced,9745,78
advanced,9746,17
advanced,9747,24
advanced,9748,39
advanced,9749,30
advanced,9750,21
advanced,9751,25
advanced,9752,18
advanced,9753,39
advanced,9754,21
advanced,9755,26
advanced,9756,17
advanced,9757,68
advanced,9758,38
advanced,9759,36
advanced,9760,24
advanced,9761,22
advanced,9762,23
advanced,9763,44
advanced,9764,33
advanced,9765,33
advanced,9766,30
advanced,9767,37
advanced,9768,9
advanced,9769,48
advanced,9770,27
advanced,9771,53
advanced,9772,40
advanced,9773,47
advanced,9774,16
advanced,9775,36
advanced,9776,60
advanced,9777,39
advanced,9778,49
advanced,9779,33
advanced,9780,33
advanced,9781,27
advanced,9782,60
advanced,9783,26
advanced,9784,44
advanced,9785,16
advanced,9786,15
advanced,9787,25
advanced,9788,34
advanced,9789,28
advanced,9790,37
advanced,9791,17
advanced,9792,38
advanced,9793,43
advanced,9794,27
advanced,9795,37
advanced,9796,30
advanced,9797,15
advanced,9798,36
advanced,9799,49
advanced,9800,30
advanced,9801,27
advanced,9802,52
advanced,9803,50
advanced,9804,69
advanced,9805,51
advanced,9806,42
advanced,9807,37
advanced,9808,21
advanced,9809,62
advanced,9810,27
advanced,9811,37
advanced,9812,45
advanced,9813,22
advanced,9814,57
advanced,9815,21
advanced,9816,41
advanced,9817,36
advanced,9818,29
advanced,9819,5
advanced,9820,24
advanced,9821,35
advanced,9822,66
advanced,9823,27
advanced,9824,54
advanced,9825,39
advanced,9826,54
advanced,9827,11
advanced,9828,38
advanced,9829,28
advanced,9830,70
advanced,9831,14
advanced,9832,47
advanced,9833,51
advanced,9834,49
advanced,9835,33
advanced,9836,40
advanced,9837,36
advanced,9838,42
advanced,9839,27
advanced,9840,50
advanced,9841,39
advanced,9842,26
advanced,9843,37
advanced,9844,37
advanced,9845,27
advanced,9846,40
advanced,9847,38
advanced,9848,30
advanced,9849,15
advanced,9850,30
advanced,9851,31
advanced,9852,25
advanced,9853,44
advanced,9854,44
advanced,9855,37
advanced,9856,50
advanced,9857,17
advanced,9858,29
advanced,9859,29
advanced,9860,38
advanced,9861,24
advanced,9862,42
advanced,9863,61
advanced,9864,35
advanced,9865,32
advanced,9866,21
advanced,9867,23
advanced,9868,22
advanced,9869,25
advanced,9870,37
advanced,9871,18
advanced,9872,51
advanced,9873,32
advanced,9874,25
advanced,9875,12
advanced,9876,32
advanced,9877,32
advanced,9878,46
advanced,9879,50
advanced,9880,27
advanced,9881,39
advanced,9882,27
advanced,9883,40
advanced,9884,47
advanced,9885,24
advanced,9886,17
advanced,9887,70
advanced,9888,47
advanced,9889,72
advanced,9890,26
advanced,9891,40
advanced,9892,33
advanced,9893,42
advanced,9894,22
advanced,9895,36
advanced,9896,25
advanced,9897,34
advanced,9898,38
advanced,9899,22
advanced,9900,47
advanced,9901,32
advanced,9902,41
advanced,9903,36
advanced,9904,25
advanced,9905,23
advanced,9906,35
advanced,9907,10
advanced,9908,22
advanced,9909,39
advanced,9910,29
advanced,9911,36
advanced,9912,26
advanced,9913,29
advanced,9914,21
advanced,9915,22
advanced,9916,17
advanced,9917,52
advanced,9918,35
advanced,9919,23
advanced,9920,52
advanced,9921,30
advanced,9922,49
advanced,9923,46
advanced,9924,40
advanced,9925,44
advanced,9926,28
advanced,9927,82
advanced,9928,27
advanced,9929,53
advanced,9930,28
advanced,9931,46
advanced,9932,26
advanced,9933,44
advanced,9934,35
advanced,9935,28
advanced,9936,39
advanced,9937,20
advanced,9938,24
advanced,9939,30
advanced,9940,54
advanced,9941,40
advanced,9942,20
advanced,9943,28
advanced,9944,52
advanced,9945,34
advanced,9946,50
advanced,9947,32
advanced,9948,41
advanced,9949,26
advanced,9950,14
advanced,9951,15
advanced,9952,30
advanced,9953,21
advanced,9954,8
advanced,9955,37
advanced,9956,21
advanced,9957,43
advanced,9958,47
advanced,9959,18
advanced,9960,31
advanced,9961,32
advanced,9962,24
advanced,9963,18
advanced,9964,14
advanced,9965,22
advanced,9966,12
advanced,9967,22
advanced,9968,42
advanced,9969,30
advanced,9970,58
advanced,9971,33
advanced,9972,31
advanced,9973,20
advanced,9974,9
advanced,9975,53
advanced,9976,35
advanced,9977,41
advanced,9978,44
advanced,9979,37
advanced,9980,50
advanced,9981,28
advanced,9982,44
advanced,9983,44
advanced,9984,25
advanced,9985,42
advanced,9986,19
advanced,9987,25
advanced,9988,26
advanced,9989,30
advanced,9990,49
advanced,9991,42
advanced,9992,35
advanced,9993,13
advanced,9994,46
advanced,9995,42
advanced,9996,32
advanced,9997,39
advanced,9998,18
advanced,9999,20
advanced,10000,25
advanced,10001,27
advanced,10002,35
advanced,10003,37
advanced,10004,43
advanced,10005,61
advanced,10006,66
advanced,10007,38
advanced,10008,48
advanced,10009,37
advanced,10010,46
advanced,10011,29
advanced,10012,52
advanced,10013,42
advanced,10014,26
advanced,10015,55
advanced,10016,33
advanced,10017,18
advanced,10018,46
advanced,10019,32
advanced,10020,28
advanced,10021,29
advanced,10022,34
advanced,10023,18
advanced,10024,26
advanced,10025,39
advanced,10026,17
advanced,10027,32
advanced,10028,37
advanced,10029,33
advanced,10030,33
advanced,10031,50
advanced,10032,28
advanced,10033,35
advanced,10034,18
advanced,10035,53
advanced,10036,53
advanced,10037,37
advanced,10038,27
advanced,10039,42
advanced,10040,17
advanced,10041,24
advanced,10042,15
advanced,10043,31
advanced,10044,36
advanced,10045,39
advanced,10046,28
advanced,10047,24
advanced,10048,35
advanced,10049,16
advanced,10050,26
advanced,10051,24
advanced,10052,18
advanced,10053,36
advanced,10054,44
advanced,10055,52
advanced,10056,12
advanced,10057,80
advanced,10058,13
advanced,10059,14
advanced,10060,33
advanced,10061,94
advanced,10062,29
advanced,10063,27
advanced,10064,24
advanced,10065,55
advanced,10066,31
advanced,10067,51
advanced,10068,25
advanced,10069,16
advanced,10070,34
advanced,10071,30
advanced,10072,25
advanced,10073,17
advanced,10074,25
advanced,10075,30
advanced,10076,47
advanced,10077,23
advanced,10078,35
advanced,10079,47
advanced,10080,41
advanced,10081,35
advanced,10082,20
advanced,10083,42
advanced,10084,32
advanced,10085,15
advanced,10086,29
advanced,10087,25
advanced,10088,42
advanced,10089,39
advanced,10090,24
advanced,10091,23
advanced,10092,34
advanced,10093,32
advanced,10094,46
advanced,10095,56
advanced,10096,6
advanced,10097,23
advanced,10098,37
advanced,10099,20
advanced,10100,16
advanced,10101,32
advanced,10102,32
advanced,10103,30
advanced,10104,42
advanced,10105,45
advanced,10106,22
advanced,10107,72
advanced,10108,33
advanced,10109,35
advanced,10110,36
advanced,10111,23
advanced,10112,28
advanced,10113,41
advanced,10114,17
advanced,10115,37
advanced,10116,18
advanced,10117,40
advanced,10118,52
advanced,10119,19
advanced,10120,26
advanced,10121,37
advanced,10122,15
advanced,10123,38
advanced,10124,25
advanced,10125,24
advanced,10126,22
advanced,10127,19
advanced,10128,69
advanced,10129,29
advanced,10130,22
advanced,10131,36
advanced,10132,30
advanced,10133,38
advanced,10134,35
advanced,10135,38
advanced,10136,49
advanced,10137,11
advanced,10138,20
advanced,10139,63
advanced,10140,44
advanced,10141,67
advanced,10142,27
advanced,10143,48
advanced,10144,20
advanced,10145,66
advanced,10146,43
advanced,10147,42
advanced,10148,30
advanced,10149,21
advanced,10150,33
advanced,10151,32
advanced,10152,58
advanced,10153,31
advanced,10154,32
advanced,10155,28
advanced,10156,36
advanced,10157,56
advanced,10158,55
advanced,10159,46
advanced,10160,24
advanced,10161,55
advanced,10162,51
advanced,10163,25
advanced,10164,21
advanced,10165,40
advanced,10166,29
advanced,10167,44
advanced,10168,47
advanced,10169,41
advanced,10170,25
advanced,10171,11
advanced,10172,34
advanced,10173,59
advanced,10174,54
advanced,10175,24
advanced,10176,23
advanced,10177,75
advanced,10178,23
advanced,10179,26
advanced,10180,20
advanced,10181,51
advanced,10182,53
advanced,10183,63
advanced,10184,25
advanced,10185,49
advanced,10186,71
advanced,10187,17
advanced,10188,24
advanced,10189,52
advanced,10190,29
advanced,10191,56
advanced,10192,42
advanced,10193,28
advanced,10194,59
advanced,10195,34
advanced,10196,41
advanced,10197,27
advanced,10198,104
advanced,10199,32
advanced,10200,48
advanced,10201,42
advanced,10202,36
advanced,10203,23
advanced,10204,44
advanced,10205,33
advanced,10206,37
advanced,10207,39
advanced,10208,42
advanced,10209,35
advanced,10210,40
advanced,10211,55
advanced,10212,21
advanced,10213,32
advanced,10214,27
advanced,10215,61
advanced,10216,34
advanced,10217,48
advanced,10218,41
advanced,10219,27
advanced,10220,45
advanced,10221,45
advanced,10222,44
advanced,10223,23
advanced,10224,27
advanced,10225,40
advanced,10226,20
advanced,10227,28
advanced,10228,15
advanced,10229,31
advanced,10230,31
advanced,10231,27
advanced,10232,53
advanced,10233,58
advanced,10234,48
advanced,10235,57
advanced,10236,29
advanced,10237,36
advanced,10238,32
advanced,10239,26
advanced,10240,28
advanced,10241,31
advanced,10242,51
advanced,10243,25
advanced,10244,41
advanced,10245,24
advanced,10246,45
advanced,10247,90
advanced,10248,13
advanced,10249,24
advanced,10250,16
advanced,10251,39
advanced,10252,32
advanced,10253,39
advanced,10254,38
advanced,10255,47
advanced,10256,37
advanced,10257,34
advanced,10258,55
advanced,10259,44
advanced,10260,28
advanced,10261,56
advanced,10262,14
advanced,10263,23
advanced,10264,25
advanced,10265,22
advanced,10266,22
advanced,10267,40
advanced,10268,44
advanced,10269,43
advanced,10270,35
advanced,10271,36
advanced,10272,37
advanced,10273,41
advanced,10274,35
advanced,10275,14
advanced,10276,21
advanced,10277,27
advanced,10278,49
advanced,10279,56
advanced,10280,18
advanced,10281,48
advanced,10282,41
advanced,10283,43
advanced,10284,22
advanced,10285,52
advanced,10286,64
advanced,10287,22
advanced,10288,42
advanced,10289,23
advanced,10290,25
advanced,10291,16
advanced,10292,53
advanced,10293,65
advanced,10294,50
advanced,10295,62
advanced,10296,32
advanced,10297,50
advanced,10298,66
advanced,10299,31
advanced,10300,42
advanced,10301,73
advanced,10302,27
advanced,10303,15
advanced,10304,32
advanced,10305,20
advanced,10306,41
advanced,10307,58
advanced,10308,27
advanced,10309,33
advanced,10310,19
advanced,10311,38
advanced,10312,20
advanced,10313,25
advanced,10314,47
advanced,10315,44
advanced,10316,46
advanced,10317,35
advanced,10318,30
advanced,10319,31
advanced,10320,32
advanced,10321,20
advanced,10322,35
advanced,10323,60
advanced,10324,27
advanced,10325,34
advanced,10326,33
advanced,10327,13
advanced,10328,28
advanced,10329,39
advanced,10330,14
advanced,10331,22
advanced,10332,91
advanced,10333,31
advanced,10334,39
advanced,10335,22
advanced,10336,29
advanced,10337,27
advanced,10338,45
advanced,10339,42
advanced,10340,11
advanced,10341,41
advanced,10342,10
advanced,10343,36
advanced,10344,38
advanced,10345,44
advanced,10346,34
advanced,10347,27
advanced,10348,34
advanced,10349,28
advanced,10350,38
advanced,10351,24
advanced,10352,29
advanced,10353,31
advanced,10354,32
advanced,10355,66
advanced,10356,22
advanced,10357,30
advanced,10358,57
advanced,10359,22
advanced,10360,30
advanced,10361,54
advanced,10362,21
advanced,10363,49
advanced,10364,26
advanced,10365,24
advanced,10366,27
advanced,10367,27
advanced,10368,31
advanced,10369,36
advanced,10370,45
advanced,10371,41
advanced,10372,29
advanced,10373,32
advanced,10374,11
advanced,10375,37
advanced,10376,16
advanced,10377,63
advanced,10378,53
advanced,10379,25
advanced,10380,17
advanced,10381,17
advanced,10382,9
advanced,10383,25
advanced,10384,41
advanced,10385,51
advanced,10386,61
advanced,10387,44
advanced,10388,37
advanced,10389,33
advanced,10390,17
advanced,10391,31
advanced,10392,32
advanced,10393,34
advanced,10394,35
advanced,10395,16
advanced,10396,23
advanced,10397,22
advanced,10398,27
advanced,10399,48
advanced,10400,29
advanced,10401,17
advanced,10402,24
advanced,10403,29
advanced,10404,27
advanced,10405,21
advanced,10406,26
advanced,10407,39
advanced,10408,46
advanced,10409,36
advanced,10410,18
advanced,10411,36
advanced,10412,23
advanced,10413,31
advanced,10414,57
advanced,10415,34
advanced,10416,32
advanced,10417,49
advanced,10418,25
advanced,10419,42
advanced,10420,28
advanced,10421,18
advanced,10422,69
advanced,10423,57
advanced,10424,57
advanced,10425,34
advanced,10426,39
advanced,10427,34
advanced,10428,81
advanced,10429,33
advanced,10430,64
advanced,10431,32
advanced,10432,34
advanced,10433,33
advanced,10434,13
advanced,10435,34
advanced,10436,53
advanced,10437,61
advanced,10438,54
advanced,10439,33
advanced,10440,25
advanced,10441,24
advanced,10442,24
advanced,10443,42
advanced,10444,30
advanced,10445,22
advanced,10446,25
advanced,10447,44
advanced,10448,38
advanced,10449,38
advanced,10450,47
advanced,10451,39
advanced,10452,39
advanced,10453,35
advanced,10454,33
advanced,10455,35
advanced,10456,33
advanced,10457,60
advanced,10458,51
advanced,10459,31
advanced,10460,31
advanced,10461,48
advanced,10462,31
advanced,10463,30
advanced,10464,57
advanced,10465,26
advanced,10466,52
advanced,10467,45
advanced,10468,53
advanced,10469,19
advanced,10470,67
advanced,10471,40
advanced,10472,18
advanced,10473,23
advanced,10474,39
advanced,10475,27
advanced,10476,33
advanced,10477,27
advanced,10478,14
advanced,10479,19
advanced,10480,28
advanced,10481,66
advanced,10482,40
advanced,10483,39
advanced,10484,33
advanced,10485,51
advanced,10486,62
advanced,10487,12
advanced,10488,53
advanced,10489,7
advanced,10490,34
advanced,10491,25
advanced,10492,36
advanced,10493,27
advanced,10494,51
advanced,10495,20
advanced,10496,32
advanced,10497,51
advanced,10498,26
advanced,10499,40
advanced,10500,35
advanced,10501,30
advanced,10502,30
advanced,10503,28
advanced,10504,39
advanced,10505,50
advanced,10506,39
advanced,10507,21
advanced,10508,28
advanced,10509,49
advanced,10510,42
advanced,10511,45
advanced,10512,44
advanced,10513,23
advanced,10514,49
advanced,10515,40
advanced,10516,80
advanced,10517,23
advanced,10518,63
advanced,10519,21
advanced,10520,37
advanced,10521,23
advanced,10522,34
advanced,10523,25
advanced,10524,24
advanced,10525,41
advanced,10526,24
advanced,10527,26
advanced,10528,32
advanced,10529,71
advanced,10530,36
advanced,10531,41
advanced,10532,8
advanced,10533,35
advanced,10534,45
advanced,10535,19
advanced,10536,29
advanced,10537,22
advanced,10538,28
advanced,10539,34
advanced,10540,22
advanced,10541,35
advanced,10542,14
advanced,10543,31
advanced,10544,18
advanced,10545,21
advanced,10546,40
advanced,10547,36
advanced,10548,14
advanced,10549,32
advanced,10550,41
advanced,10551,13
advanced,10552,11
advanced,10553,59
advanced,10554,59
advanced,10555,31
advanced,10556,22
advanced,10557,40
advanced,10558,21
advanced,10559,25
advanced,10560,39
advanced,10561,38
advanced,10562,50
advanced,10563,29
advanced,10564,27
advanced,10565,26
advanced,10566,40
advanced,10567,40
advanced,10568,47
advanced,10569,33
advanced,10570,27
advanced,10571,25
advanced,10572,46
advanced,10573,52
advanced,10574,37
advanced,10575,38
advanced,10576,24
advanced,10577,21
advanced,10578,36
advanced,10579,40
advanced,10580,41
advanced,10581,29
advanced,10582,27
advanced,10583,106
advanced,10584,36
advanced,10585,27
advanced,10586,38
advanced,10587,21
advanced,10588,50
advanced,10589,32
advanced,10590,23
advanced,10591,34
advanced,10592,33
advanced,10593,24
advanced,10594,36
advanced,10595,20
advanced,10596,16
advanced,10597,45
advanced,10598,31
advanced,10599,41
advanced,10600,43
advanced,10601,38
advanced,10602,35
advanced,10603,20
advanced,10604,32
advanced,10605,20
advanced,10606,17
advanced,10607,35
advanced,10608,49
advanced,10609,40
advanced,10610,19
advanced,10611,36
advanced,10612,46
advanced,10613,35
advanced,10614,31
advanced,10615,16
advanced,10616,34
advanced,10617,47
advanced,10618,30
advanced,10619,23
advanced,10620,23
advanced,10621,24
advanced,10622,10
advanced,10623,38
advanced,10624,40
advanced,10625,42
advanced,10626,29
advanced,10627,28
advanced,10628,24
advanced,10629,45
advanced,10630,31
advanced,10631,38
advanced,10632,28
advanced,10633,33
advanced,10634,29
advanced,10635,40
advanced,10636,37
advanced,10637,43
advanced,10638,29
advanced,10639,22
advanced,10640,21
advanced,10641,23
advanced,10642,45
advanced,10643,25
advanced,10644,36
advanced,10645,41
advanced,10646,39
advanced,10647,28
advanced,10648,10
advanced,10649,42
advanced,10650,82
advanced,10651,43
advanced,10652,30
advanced,10653,16
advanced,10654,34
advanced,10655,28
advanced,10656,40
advanced,10657,29
advanced,10658,48
advanced,10659,56
advanced,10660,57
advanced,10661,80
advanced,10662,40
advanced,10663,29
advanced,10664,23
advanced,10665,28
advanced,10666,27
advanced,10667,24
advanced,10668,19
advanced,10669,36
advanced,10670,21
advanced,10671,44
advanced,10672,18
advanced,10673,60
advanced,10674,46
advanced,10675,29
advanced,10676,39
advanced,10677,34
advanced,10678,41
advanced,10679,22
advanced,10680,25
advanced,10681,33
advanced,10682,30
advanced,10683,38
advanced,10684,30
advanced,10685,57
advanced,10686,17
advanced,10687,42
advanced,10688,51
advanced,10689,66
advanced,10690,28
advanced,10691,37
advanced,10692,37
advanced,10693,29
advanced,10694,30
advanced,10695,48
advanced,10696,17
advanced,10697,40
advanced,10698,43
advanced,10699,13
advanced,10700,29
advanced,10701,33
advanced,10702,18
advanced,10703,29
advanced,10704,50
advanced,10705,41
advanced,10706,24
advanced,10707,34
advanced,10708,30
advanced,10709,38
advanced,10710,23
advanced,10711,37
advanced,10712,18
advanced,10713,18
advanced,10714,30
advanced,10715,44
advanced,10716,34
advanced,10717,30
advanced,10718,30
advanced,10719,25
advanced,10720,47
advanced,10721,32
advanced,10722,14
advanced,10723,28
advanced,10724,31
advanced,10725,29
advanced,10726,23
advanced,10727,31
advanced,10728,33
advanced,10729,30
advanced,10730,39
advanced,10731,30
advanced,10732,53
advanced,10733,19
advanced,10734,53
advanced,10735,18
advanced,10736,37
advanced,10737,69
advanced,10738,52
advanced,10739,27
advanced,10740,30
advanced,10741,54
advanced,10742,11
advanced,10743,21
advanced,10744,34
advanced,10745,25
advanced,10746,37
advanced,10747,38
advanced,10748,47
advanced,10749,31
advanced,10750,18
advanced,10751,25
advanced,10752,28
advanced,10753,26
advanced,10754,68
advanced,10755,26
advanced,10756,46
advanced,10757,37
advanced,10758,27
advanced,10759,36
advanced,10760,39
advanced,10761,25
advanced,10762,35
advanced,10763,35
advanced,10764,36
advanced,10765,23
advanced,10766,17
advanced,10767,18
advanced,10768,36
advanced,10769,31
advanced,10770,31
advanced,10771,32
advanced,10772,19
advanced,10773,38
advanced,10774,64
advanced,10775,37
advanced,10776,34
advanced,10777,29
advanced,10778,18
advanced,10779,32
advanced,10780,58
advanced,10781,36
advanced,10782,18
advanced,10783,76
advanced,10784,43
advanced,10785,28
advanced,10786,33
advanced,10787,38
advanced,10788,25
advanced,10789,53
advanced,10790,44
advanced,10791,32
advanced,10792,25
advanced,10793,51
advanced,10794,33
advanced,10795,27
advanced,10796,50
advanced,10797,12
advanced,10798,40
advanced,10799,36
advanced,10800,37
advanced,10801,21
advanced,10802,31
advanced,10803,30
advanced,10804,44
advanced,10805,29
advanced,10806,24
advanced,10807,29
advanced,10808,30
advanced,10809,74
advanced,10810,49
advanced,10811,18
advanced,10812,7
advanced,10813,39
advanced,10814,36
advanced,10815,58
advanced,10816,36
advanced,10817,32
advanced,10818,24
advanced,10819,65
advanced,10820,18
advanced,10821,54
advanced,10822,54
advanced,10823,33
advanced,10824,36
advanced,10825,28
advanced,10826,45
advanced,10827,28
advanced,10828,29
advanced,10829,34
advanced,10830,33
advanced,10831,44
advanced,10832,28
advanced,10833,51
advanced,10834,53
advanced,10835,38
advanced,10836,30
advanced,10837,28
advanced,10838,31
advanced,10839,35
advanced,10840,66
advanced,10841,22
advanced,10842,17
advanced,10843,46
advanced,10844,23
advanced,10845,44
advanced,10846,33
advanced,10847,33
advanced,10848,34
advanced,10849,28
advanced,10850,22
advanced,10851,70
advanced,10852,41
advanced,10853,49
advanced,10854,20
advanced,10855,20
advanced,10856,30
advanced,10857,35
advanced,10858,41
advanced,10859,28
advanced,10860,30
advanced,10861,34
advanced,10862,35
advanced,10863,47
advanced,10864,39
advanced,10865,39
advanced,10866,33
advanced,10867,57
advanced,10868,21
advanced,10869,61
advanced,10870,17
advanced,10871,32
advanced,10872,37
advanced,10873,18
advanced,10874,41
advanced,10875,44
advanced,10876,10
advanced,10877,48
advanced,10878,62
advanced,10879,31
advanced,10880,15
advanced,10881,40
advanced,10882,54
advanced,10883,24
advanced,10884,31
advanced,10885,61
advanced,10886,34
advanced,10887,26
advanced,10888,75
advanced,10889,35
advanced,10890,35
advanced,10891,54
advanced,10892,28
advanced,10893,35
advanced,10894,37
advanced,10895,21
advanced,10896,57
advanced,10897,22
advanced,10898,36
advanced,10899,27
advanced,10900,8
advanced,10901,48
advanced,10902,42
advanced,10903,35
advanced,10904,39
advanced,10905,23
advanced,10906,26
advanced,10907,25
advanced,10908,37
advanced,10909,27
advanced,10910,23
advanced,10911,60
advanced,10912,67
advanced,10913,44
advanced,10914,23
advanced,10915,46
advanced,10916,22
advanced,10917,44
advanced,10918,38
advanced,10919,38
advanced,10920,75
advanced,10921,33
advanced,10922,13
advanced,10923,53
advanced,10924,36
advanced,10925,45
advanced,10926,17
advanced,10927,16
advanced,10928,59
advanced,10929,40
advanced,10930,28
advanced,10931,11
advanced,10932,23
advanced,10933,47
advanced,10934,25
advanced,10935,35
advanced,10936,22
advanced,10937,33
advanced,10938,27
advanced,10939,25
advanced,10940,32
advanced,10941,42
advanced,10942,27
advanced,10943,31
advanced,10944,26
advanced,10945,40
advanced,10946,65
advanced,10947,38
advanced,10948,43
advanced,10949,44
advanced,10950,22
advanced,10951,39
advanced,10952,40
advanced,10953,44
advanced,10954,45
advanced,10955,30
advanced,10956,33
advanced,10957,20
advanced,10958,56
advanced,10959,36
advanced,10960,44
advanced,10961,57
advanced,10962,57
advanced,10963,25
advanced,10964,17
advanced,10965,17
advanced,10966,60
advanced,10967,71
advanced,10968,27
advanced,10969,58
advanced,10970,27
advanced,10971,42
advanced,10972,13
advanced,10973,20
advanced,10974,44
advanced,10975,52
advanced,10976,43
advanced,10977,37
advanced,10978,22
advanced,10979,47
advanced,10980,31
advanced,10981,43
advanced,10982,31
advanced,10983,34
advanced,10984,38
advanced,10985,30
advanced,10986,28
advanced,10987,28
advanced,10988,29
advanced,10989,24
advanced,10990,45
advanced,10991,56
advanced,10992,44
advanced,10993,40
advanced,10994,34
advanced,10995,36
advanced,10996,60
advanced,10997,41
advanced,10998,47
advanced,10999,20
advanced,11000,40
advanced,11001,17
advanced,11002,19
advanced,11003,38
advanced,11004,48
advanced,11005,39
advanced,11006,23
advanced,11007,36
advanced,11008,46
advanced,11009,40
advanced,11010,61
advanced,11011,32
advanced,11012,8
advanced,11013,49
advanced,11014,38
advanced,11015,41
advanced,11016,24
advanced,11017,42
advanced,11018,52
advanced,11019,24
advanced,11020,30
advanced,11021,62
advanced,11022,28
advanced,11023,43
advanced,11024,33
advanced,11025,42
advanced,11026,25
advanced,11027,27
advanced,11028,43
advanced,11029,34
advanced,11030,37
advanced,11031,33
advanced,11032,54
advanced,11033,43
advanced,11034,35
advanced,11035,38
advanced,11036,21
advanced,11037,39
advanced,11038,22
advanced,11039,45
advanced,11040,26
advanced,11041,28
advanced,11042,23
advanced,11043,30
advanced,11044,28
advanced,11045,30
advanced,11046,37
advanced,11047,46
advanced,11048,35
advanced,11049,25
advanced,11050,45
advanced,11051,45
advanced,11052,34
advanced,11053,39
advanced,11054,37
advanced,11055,31
advanced,11056,22
advanced,11057,31
advanced,11058,29
advanced,11059,32
advanced,11060,45
advanced,11061,53
advanced,11062,45
advanced,11063,23
advanced,11064,25
advanced,11065,8
advanced,11066,13
advanced,11067,36
advanced,11068,27
advanced,11069,39
advanced,11070,28
advanced,11071,50
advanced,11072,62
advanced,11073,20
advanced,11074,36
advanced,11075,60
advanced,11076,28
advanced,11077,29
advanced,11078,49
advanced,11079,21
advanced,11080,15
advanced,11081,54
advanced,11082,68
advanced,11083,37
advanced,11084,26
advanced,11085,39
advanced,11086,49
advanced,11087,51
advanced,11088,27
advanced,11089,24
advanced,11090,30
advanced,11091,44
advanced,11092,13
advanced,11093,19
advanced,11094,52
advanced,11095,28
advanced,11096,54
advanced,11097,36
advanced,11098,32
advanced,11099,35
advanced,11100,48
advanced,11101,35
advanced,11102,36
advanced,11103,27
advanced,11104,21
advanced,11105,23
advanced,11106,50
advanced,11107,41
advanced,11108,26
advanced,11109,51
advanced,11110,50
advanced,11111,33
advanced,11112,39
advanced,11113,41
advanced,11114,25
advanced,11115,14
advanced,11116,26
advanced,11117,40
advanced,11118,33
advanced,11119,28
advanced,11120,28
advanced,11121,41
advanced,11122,23
advanced,11123,45
advanced,11124,33
advanced,11125,16
advanced,11126,19
advanced,11127,38
advanced,11128,36
advanced,11129,28
advanced,11130,41
advanced,11131,43
advanced,11132,43
advanced,11133,49
advanced,11134,26
advanced,11135,23
advanced,11136,31
advanced,11137,23
advanced,11138,45
advanced,11139,71
advanced,11140,26
advanced,11141,25
advanced,11142,17
advanced,11143,11
advanced,11144,12
advanced,11145,78
advanced,11146,25
advanced,11147,47
advanced,11148,36
advanced,11149,13
advanced,11150,26
advanced,11151,17
advanced,11152,44
advanced,11153,32
advanced,11154,35
advanced,11155,32
advanced,11156,37
advanced,11157,31
advanced,11158,43
advanced,11159,43
advanced,11160,31
advanced,11161,74
advanced,11162,45
advanced,11163,37
advanced,11164,34
advanced,11165,25
advanced,11166,41
advanced,11167,60
advanced,11168,23
advanced,11169,27
advanced,11170,9
advanced,11171,43
advanced,11172,26
advanced,11173,23
advanced,11174,57
advanced,11175,76
advanced,11176,65
advanced,11177,46
advanced,11178,23
advanced,11179,35
advanced,11180,71
advanced,11181,35
advanced,11182,34
advanced,11183,44
advanced,11184,20
advanced,11185,41
advanced,11186,42
advanced,11187,32
advanced,11188,36
advanced,11189,19
advanced,11190,34
advanced,11191,53
advanced,11192,53
advanced,11193,40
advanced,11194,29
advanced,11195,26
advanced,11196,81
advanced,11197,30
advanced,11198,45
advanced,11199,48
advanced,11200,36
advanced,11201,30
advanced,11202,31
advanced,11203,27
advanced,11204,44
advanced,11205,26
advanced,11206,47
advanced,11207,31
advanced,11208,32
advanced,11209,38
advanced,11210,40
advanced,11211,27
advanced,11212,39
advanced,11213,24
advanced,11214,50
advanced,11215,28
advanced,11216,25
advanced,11217,30
advanced,11218,27
advanced,11219,40
advanced,11220,25
advanced,11221,25
advanced,11222,32
advanced,11223,29
advanced,11224,41
advanced,11225,24
advanced,11226,6
advanced,11227,30
advanced,11228,36
advanced,11229,28
advanced,11230,20
advanced,11231,34
advanced,11232,21
advanced,11233,54
advanced,11234,34
advanced,11235,19
advanced,11236,18
advanced,11237,23
advanced,11238,35
advanced,11239,32
advanced,11240,46
advanced,11241,28
advanced,11242,50
advanced,11243,24
advanced,11244,25
advanced,11245,19
advanced,11246,28
advanced,11247,52
advanced,11248,12
advanced,11249,37
advanced,11250,41
advanced,11251,38
advanced,11252,39
advanced,11253,42
advanced,11254,42
advanced,11255,74
advanced,11256,73
advanced,11257,20
advanced,11258,47
advanced,11259,35
advanced,11260,18
advanced,11261,56
advanced,11262,33
advanced,11263,20
advanced,11264,32
advanced,11265,57
advanced,11266,26
advanced,11267,19
advanced,11268,33
advanced,11269,31
advanced,11270,38
advanced,11271,39
advanced,11272,30
advanced,11273,40
advanced,11274,24
advanced,11275,36
advanced,11276,29
advanced,11277,25
advanced,11278,38
advanced,11279,53
advanced,11280,28
advanced,11281,36
advanced,11282,30
advanced,11283,29
advanced,11284,23
advanced,11285,39
advanced,11286,49
advanced,11287,24
advanced,11288,40
advanced,11289,86
advanced,11290,17
advanced,11291,25
advanced,11292,23
advanced,11293,20
advanced,11294,30
advanced,11295,14
advanced,11296,18
advanced,11297,80
advanced,11298,26
advanced,11299,32
advanced,11300,20
advanced,11301,23
advanced,11302,12
advanced,11303,41
advanced,11304,37
advanced,11305,54
advanced,11306,47
advanced,11307,30
advanced,11308,37
advanced,11309,26
advanced,11310,47
advanced,11311,63
advanced,11312,50
advanced,11313,30
advanced,11314,34
advanced,11315,26
advanced,11316,27
advanced,11317,26
advanced,11318,52
advanced,11319,27
advanced,11320,41
advanced,11321,29
advanced,11322,54
advanced,11323,41
advanced,11324,36
advanced,11325,39
advanced,11326,31
advanced,11327,43
advanced,11328,35
advanced,11329,18
advanced,11330,36
advanced,11331,36
advanced,11332,44
advanced,11333,63
advanced,11334,35
advanced,11335,41
advanced,11336,65
advanced,11337,28
advanced,11338,31
advanced,11339,34
advanced,11340,42
advanced,11341,30
advanced,11342,38
advanced,11343,58
advanced,11344,44
advanced,11345,45
advanced,11346,36
advanced,11347,26
advanced,11348,44
advanced,11349,42
advanced,11350,55
advanced,11351,29
advanced,11352,16
advanced,11353,16
advanced,11354,30
advanced,11355,23
advanced,11356,40
advanced,11357,29
advanced,11358,56
advanced,11359,28
advanced,11360,44
advanced,11361,53
advanced,11362,22
advanced,11363,31
advanced,11364,24
advanced,11365,35
advanced,11366,24
advanced,11367,23
advanced,11368,45
advanced,11369,33
advanced,11370,24
advanced,11371,25
advanced,11372,44
advanced,11373,52
advanced,11374,34
advanced,11375,27
advanced,11376,49
advanced,11377,27
advanced,11378,53
advanced,11379,29
advanced,11380,69
advanced,11381,19
advanced,11382,35
advanced,11383,29
advanced,11384,13
advanced,11385,25
advanced,11386,27
advanced,11387,32
advanced,11388,18
advanced,11389,18
advanced,11390,30
advanced,11391,29
advanced,11392,41
advanced,11393,60
advanced,11394,40
advanced,11395,23
advanced,11396,28
advanced,11397,18
advanced,11398,22
advanced,11399,22
advanced,11400,32
advanced,11401,19
advanced,11402,17
advanced,11403,21
advanced,11404,33
advanced,11405,12
advanced,11406,31
advanced,11407,60
advanced,11408,33
advanced,11409,15
advanced,11410,52
advanced,11411,50
advanced,11412,27
advanced,11413,27
advanced,11414,36
advanced,11415,36
advanced,11416,26
advanced,11417,37
advanced,11418,36
advanced,11419,20
advanced,11420,51
advanced,11421,22
advanced,11422,23
advanced,11423,19
advanced,11424,16
advanced,11425,23
advanced,11426,16
advanced,11427,17
advanced,11428,16
advanced,11429,22
advanced,11430,29
advanced,11431,26
advanced,11432,43
advanced,11433,33
advanced,11434,32
advanced,11435,31
advanced,11436,20
advanced,11437,62
advanced,11438,32
advanced,11439,45
advanced,11440,34
advanced,11441,51
advanced,11442,48
advanced,11443,36
advanced,11444,22
advanced,11445,43
advanced,11446,21
advanced,11447,35
advanced,11448,21
advanced,11449,32
advanced,11450,60
advanced,11451,19
advanced,11452,11
advanced,11453,27
advanced,11454,23
advanced,11455,57
advanced,11456,47
advanced,11457,38
advanced,11458,32
advanced,11459,25
advanced,11460,55
advanced,11461,48
advanced,11462,13
advanced,11463,34
advanced,11464,31
advanced,11465,22
advanced,11466,27
advanced,11467,45
advanced,11468,33
advanced,11469,36
advanced,11470,29
advanced,11471,44
advanced,11472,35
advanced,11473,37
advanced,11474,26
advanced,11475,34
advanced,11476,42
advanced,11477,35
advanced,11478,27
advanced,11479,47
advanced,11480,22
advanced,11481,27
advanced,11482,34
advanced,11483,34
advanced,11484,26
advanced,11485,15
advanced,11486,10
advanced,11487,52
advanced,11488,21
advanced,11489,35
advanced,11490,21
advanced,11491,37
advanced,11492,14
advanced,11493,58
advanced,11494,41
advanced,11495,50
advanced,11496,39
advanced,11497,52
advanced,11498,20
advanced,11499,43
advanced,11500,26
advanced,11501,51
advanced,11502,35
advanced,11503,29
advanced,11504,49
advanced,11505,36
advanced,11506,21
advanced,11507,32
advanced,11508,23
advanced,11509,70
advanced,11510,34
advanced,11511,39
advanced,11512,51
advanced,11513,27
advanced,11514,26
advanced,11515,48
advanced,11516,51
advanced,11517,29
advanced,11518,36
advanced,11519,15
advanced,11520,22
advanced,11521,30
advanced,11522,48
advanced,11523,35
advanced,11524,34
advanced,11525,23
advanced,11526,48
advanced,11527,55
advanced,11528,22
advanced,11529,68
advanced,11530,46
advanced,11531,40
advanced,11532,52
advanced,11533,25
advanced,11534,27
advanced,11535,30
advanced,11536,35
advanced,11537,25
advanced,11538,56
advanced,11539,27
advanced,11540,35
advanced,11541,13
advanced,11542,37
advanced,11543,42
advanced,11544,45
advanced,11545,33
advanced,11546,52
advanced,11547,29
advanced,11548,44
advanced,11549,29
advanced,11550,37
advanced,11551,21
advanced,11552,31
advanced,11553,32
advanced,11554,31
advanced,11555,38
advanced,11556,69
advanced,11557,29
advanced,11558,37
advanced,11559,40
advanced,11560,23
advanced,11561,25
advanced,11562,22
advanced,11563,22
advanced,11564,20
advanced,11565,35
advanced,11566,53
advanced,11567,39
advanced,11568,17
advanced,11569,37
advanced,11570,31
advanced,11571,67
advanced,11572,32
advanced,11573,24
advanced,11574,20
advanced,11575,35
advanced,11576,34
advanced,11577,30
advanced,11578,41
advanced,11579,26
advanced,11580,37
advanced,11581,29
advanced,11582,18
advanced,11583,59
advanced,11584,35
advanced,11585,42
advanced,11586,58
advanced,11587,32
advanced,11588,41
advanced,11589,39
advanced,11590,39
advanced,11591,49
advanced,11592,25
advanced,11593,22
advanced,11594,16
advanced,11595,39
advanced,11596,33
advanced,11597,24
advanced,11598,64
advanced,11599,33
advanced,11600,49
advanced,11601,29
advanced,11602,38
advanced,11603,61
advanced,11604,23
advanced,11605,34
advanced,11606,38
advanced,11607,54
advanced,11608,47
advanced,11609,25
advanced,11610,36
advanced,11611,25
advanced,11612,21
advanced,11613,62
advanced,11614,13
advanced,11615,51
advanced,11616,49
advanced,11617,26
advanced,11618,33
advanced,11619,42
advanced,11620,19
advanced,11621,52
advanced,11622,52
advanced,11623,38
advanced,11624,23
advanced,11625,36
advanced,11626,37
advanced,11627,28
advanced,11628,33
advanced,11629,27
advanced,11630,27
advanced,11631,31
advanced,11632,62
advanced,11633,70
advanced,11634,56
advanced,11635,19
advanced,11636,40
advanced,11637,30
advanced,11638,52
advanced,11639,64
advanced,11640,19
advanced,11641,68
advanced,11642,43
advanced,11643,26
advanced,11644,20
advanced,11645,42
advanced,11646,76
advanced,11647,50
advanced,11648,55
advanced,11649,41
advanced,11650,47
advanced,11651,25
advanced,11652,36
advanced,11653,20
advanced,11654,27
advanced,11655,69
advanced,11656,53
advanced,11657,46
advanced,11658,26
advanced,11659,18
advanced,11660,48
advanced,11661,42
advanced,11662,41
advanced,11663,28
advanced,11664,27
advanced,11665,24
advanced,11666,28
advanced,11667,36
advanced,11668,31
advanced,11669,34
advanced,11670,50
advanced,11671,49
advanced,11672,25
advanced,11673,15
advanced,11674,16
advanced,11675,22
advanced,11676,54
advanced,11677,78
advanced,11678,34
advanced,11679,36
advanced,11680,41
advanced,11681,51
advanced,11682,29
advanced,11683,55
advanced,11684,62
advanced,11685,60
advanced,11686,18
advanced,11687,37
advanced,11688,35
advanced,11689,49
advanced,11690,30
advanced,11691,41
advanced,11692,24
advanced,11693,40
advanced,11694,45
advanced,11695,32
advanced,11696,33
advanced,11697,43
advanced,11698,45
advanced,11699,27
advanced,11700,44
advanced,11701,41
advanced,11702,29
advanced,11703,37
advanced,11704,36
advanced,11705,25
advanced,11706,19
advanced,11707,57
advanced,11708,37
advanced,11709,24
advanced,11710,27
advanced,11711,9
advanced,11712,29
advanced,11713,34
advanced,11714,30
advanced,11715,24
advanced,11716,50
advanced,11717,50
advanced,11718,24
advanced,11719,31
advanced,11720,30
advanced,11721,22
advanced,11722,41
advanced,11723,46
advanced,11724,90
advanced,11725,35
advanced,11726,19
advanced,11727,45
advanced,11728,67
advanced,11729,61
advanced,11730,73
advanced,11731,42
advanced,11732,22
advanced,11733,64
advanced,11734,37
advanced,11735,32
advanced,11736,17
advanced,11737,53
advanced,11738,22
advanced,11739,48
advanced,11740,70
advanced,11741,22
advanced,11742,52
advanced,11743,51
advanced,11744,30
advanced,11745,36
advanced,11746,17
advanced,11747,18
advanced,11748,28
advanced,11749,29
advanced,11750,27
advanced,11751,21
advanced,11752,12
advanced,11753,62
advanced,11754,58
advanced,11755,17
advanced,11756,28
advanced,11757,32
advanced,11758,53
advanced,11759,38
advanced,11760,39
advanced,11761,31
advanced,11762,22
advanced,11763,24
advanced,11764,46
advanced,11765,45
advanced,11766,26
advanced,11767,45
advanced,11768,24
advanced,11769,35
advanced,11770,30
advanced,11771,37
advanced,11772,37
advanced,11773,36
advanced,11774,27
advanced,11775,22
advanced,11776,15
advanced,11777,19
advanced,11778,17
advanced,11779,35
advanced,11780,43
advanced,11781,58
advanced,11782,39
advanced,11783,26
advanced,11784,13
advanced,11785,14
advanced,11786,34
advanced,11787,47
advanced,11788,16
advanced,11789,49
advanced,11790,36
advanced,11791,23
advanced,11792,26
advanced,11793,19
advanced,11794,19
advanced,11795,19
advanced,11796,29
advanced,11797,27
advanced,11798,57
advanced,11799,46
advanced,11800,18
advanced,11801,39
advanced,11802,25
advanced,11803,45
advanced,11804,67
advanced,11805,40
advanced,11806,30
advanced,11807,27
advanced,11808,56
advanced,11809,22
advanced,11810,26
advanced,11811,16
advanced,11812,48
advanced,11813,71
advanced,11814,38
advanced,11815,37
advanced,11816,38
advanced,11817,79
advanced,11818,30
advanced,11819,32
advanced,11820,53
advanced,11821,20
advanced,11822,28
advanced,11823,46
advanced,11824,34
advanced,11825,34
advanced,11826,8
advanced,11827,23
advanced,11828,11
advanced,11829,25
advanced,11830,55
advanced,11831,31
advanced,11832,27
advanced,11833,50
advanced,11834,28
advanced,11835,18
advanced,11836,41
advanced,11837,39
advanced,11838,31
advanced,11839,34
advanced,11840,48
advanced,11841,35
advanced,11842,24
advanced,11843,22
advanced,11844,17
advanced,11845,50
advanced,11846,43
advanced,11847,41
advanced,11848,12
advanced,11849,13
advanced,11850,39
advanced,11851,16
advanced,11852,55
advanced,11853,36
advanced,11854,34
advanced,11855,40
advanced,11856,43
advanced,11857,47
advanced,11858,43
advanced,11859,33
advanced,11860,34
advanced,11861,34
advanced,11862,31
advanced,11863,36
advanced,11864,27
advanced,11865,26
advanced,11866,48
advanced,11867,74
advanced,11868,41
advanced,11869,30
advanced,11870,31
advanced,11871,33
advanced,11872,10
advanced,11873,27
advanced,11874,47
advanced,11875,49
advanced,11876,23
advanced,11877,43
advanced,11878,74
advanced,11879,61
advanced,11880,26
advanced,11881,55
advanced,11882,25
advanced,11883,35
advanced,11884,32
advanced,11885,43
advanced,11886,52
advanced,11887,59
advanced,11888,32
advanced,11889,22
advanced,11890,31
advanced,11891,23
advanced,11892,41
advanced,11893,36
advanced,11894,22
advanced,11895,46
advanced,11896,22
advanced,11897,53
advanced,11898,31
advanced,11899,25
advanced,11900,66
advanced,11901,21
advanced,11902,26
advanced,11903,42
advanced,11904,23
advanced,11905,50
advanced,11906,36
advanced,11907,53
advanced,11908,61
advanced,11909,36
advanced,11910,34
advanced,11911,32
advanced,11912,45
advanced,11913,45
advanced,11914,28
advanced,11915,37
advanced,11916,44
advanced,11917,44
advanced,11918,48
advanced,11919,43
advanced,11920,47
advanced,11921,32
advanced,11922,26
advanced,11923,34
advanced,11924,39
advanced,11925,53
advanced,11926,44
advanced,11927,27
advanced,11928,37
advanced,11929,30
advanced,11930,34
advanced,11931,42
advanced,11932,32
advanced,11933,34
advanced,11934,43
advanced,11935,20
advanced,11936,45
advanced,11937,39
advanced,11938,76
advanced,11939,33
advanced,11940,25
advanced,11941,14
advanced,11942,47
advanced,11943,19
advanced,11944,43
advanced,11945,14
advanced,11946,26
advanced,11947,38
advanced,11948,45
advanced,11949,40
advanced,11950,41
advanced,11951,41
advanced,11952,32
advanced,11953,36
advanced,11954,34
advanced,11955,31
advanced,11956,29
advanced,11957,68
advanced,11958,32
advanced,11959,26
advanced,11960,47
advanced,11961,41
advanced,11962,49
advanced,11963,65
advanced,11964,26
advanced,11965,34
advanced,11966,52
advanced,11967,37
advanced,11968,31
advanced,11969,30
advanced,11970,57
advanced,11971,19
advanced,11972,11
advanced,11973,17
advanced,11974,31
advanced,11975,21
advanced,11976,37
advanced,11977,24
advanced,11978,16
advanced,11979,43
advanced,11980,40
advanced,11981,91
advanced,11982,18
advanced,11983,39
advanced,11984,51
advanced,11985,37
advanced,11986,35
advanced,11987,29
advanced,11988,49
advanced,11989,28
advanced,11990,36
advanced,11991,53
advanced,11992,45
advanced,11993,25
advanced,11994,24
advanced,11995,56
advanced,11996,29
advanced,11997,46
advanced,11998,45
advanced,11999,22
advanced,12000,19
advanced,12001,35
advanced,12002,31
advanced,12003,52
advanced,12004,34
advanced,12005,17
advanced,12006,19
advanced,12007,35
advanced,12008,21
advanced,12009,27
advanced,12010,60
advanced,12011,69
advanced,12012,79
advanced,12013,55
advanced,12014,42
advanced,12015,65
advanced,12016,26
advanced,12017,29
advanced,12018,49
advanced,12019,46
advanced,12020,22
advanced,12021,21
advanced,12022,28
advanced,12023,17
advanced,12024,31
advanced,12025,29
advanced,12026,38
advanced,12027,63
advanced,12028,35
advanced,12029,21
advanced,12030,28
advanced,12031,30
advanced,12032,26
advanced,12033,39
advanced,12034,30
advanced,12035,36
advanced,12036,29
advanced,12037,12
advanced,12038,48
advanced,12039,40
advanced,12040,21
advanced,12041,22
advanced,12042,52
advanced,12043,17
advanced,12044,48
advanced,12045,35
advanced,12046,44
advanced,12047,22
advanced,12048,22
advanced,12049,51
advanced,12050,27
advanced,12051,38
advanced,12052,65
advanced,12053,37
advanced,12054,63
advanced,12055,41
advanced,12056,71
advanced,12057,45
advanced,12058,53
advanced,12059,70
advanced,12060,22
advanced,12061,33
advanced,12062,24
advanced,12063,35
advanced,12064,32
advanced,12065,55
advanced,12066,34
advanced,12067,40
advanced,12068,30
advanced,12069,16
advanced,12070,31
advanced,12071,45
advanced,12072,91
advanced,12073,32
advanced,12074,16
advanced,12075,33
advanced,12076,34
advanced,12077,38
advanced,12078,23
advanced,12079,61
advanced,12080,23
advanced,12081,30
advanced,12082,62
advanced,12083,18
advanced,12084,32
advanced,12085,23
advanced,12086,32
advanced,12087,43
advanced,12088,26
advanced,12089,35
advanced,12090,40
advanced,12091,35
advanced,12092,44
advanced,12093,29
advanced,12094,50
advanced,12095,43
advanced,12096,81
advanced,12097,38
advanced,12098,38
advanced,12099,19
advanced,12100,16
advanced,12101,24
advanced,12102,33
advanced,12103,25
advanced,12104,39
advanced,12105,20
advanced,12106,42
advanced,12107,20
advanced,12108,29
advanced,12109,33
advanced,12110,17
advanced,12111,13
advanced,12112,28
advanced,12113,36
advanced,12114,32
advanced,12115,43
advanced,12116,44
advanced,12117,31
advanced,12118,11
advanced,12119,13
advanced,12120,53
advanced,12121,34
advanced,12122,32
advanced,12123,54
advanced,12124,39
advanced,12125,8
advanced,12126,27
advanced,12127,44
advanced,12128,76
advanced,12129,32
advanced,12130,27
advanced,12131,27
advanced,12132,26
advanced,12133,12
advanced,12134,33
advanced,12135,15
advanced,12136,21
advanced,12137,39
advanced,12138,21
advanced,12139,31
advanced,12140,38
advanced,12141,36
advanced,12142,53
advanced,12143,30
advanced,12144,37
advanced,12145,31
advanced,12146,36
advanced,12147,29
advanced,12148,51
advanced,12149,30
advanced,12150,33
advanced,12151,42
advanced,12152,48
advanced,12153,34
advanced,12154,41
advanced,12155,31
advanced,12156,35
advanced,12157,13
advanced,12158,16
advanced,12159,25
advanced,12160,11
advanced,12161,42
advanced,12162,24
advanced,12163,46
advanced,12164,40
advanced,12165,24
advanced,12166,51
advanced,12167,52
advanced,12168,59
advanced,12169,29
advanced,12170,39
advanced,12171,10
advanced,12172,32
advanced,12173,58
advanced,12174,33
advanced,12175,18
advanced,12176,35
advanced,12177,48
advanced,12178,67
advanced,12179,61
advanced,12180,41
advanced,12181,53
advanced,12182,74
advanced,12183,23
advanced,12184,29
advanced,12185,12
advanced,12186,55
advanced,12187,34
advanced,12188,40
advanced,12189,27
advanced,12190,41
advanced,12191,39
advanced,12192,37
advanced,12193,15
advanced,12194,62
advanced,12195,32
advanced,12196,41
advanced,12197,34
advanced,12198,47
advanced,12199,15
advanced,12200,44
advanced,12201,73
advanced,12202,27
advanced,12203,31
advanced,12204,27
advanced,12205,20
advanced,12206,28
advanced,12207,58
advanced,12208,55
advanced,12209,37
advanced,12210,36
advanced,12211,18
advanced,12212,50
advanced,12213,25
advanced,12214,33
advanced,12215,26
advanced,12216,53
advanced,12217,36
advanced,12218,38
advanced,12219,17
advanced,12220,12
advanced,12221,46
advanced,12222,29
advanced,12223,33
advanced,12224,18
advanced,12225,47
advanced,12226,9
advanced,12227,10
advanced,12228,25
advanced,12229,17
advanced,12230,47
advanced,12231,29
advanced,12232,19
advanced,12233,16
advanced,12234,42
advanced,12235,29
advanced,12236,23
advanced,12237,22
advanced,12238,45
advanced,12239,42
advanced,12240,24
advanced,12241,33
advanced,12242,68
advanced,12243,35
advanced,12244,34
advanced,12245,21
advanced,12246,45
advanced,12247,28
advanced,12248,37
advanced,12249,43
advanced,12250,48
advanced,12251,33
advanced,12252,27
advanced,12253,29
advanced,12254,34
advanced,12255,16
advanced,12256,19
advanced,12257,50
advanced,12258,17
advanced,12259,23
advanced,12260,39
advanced,12261,23
advanced,12262,47
advanced,12263,22
advanced,12264,20
advanced,12265,30
advanced,12266,48
advanced,12267,25
advanced,12268,7
advanced,12269,23
advanced,12270,31
advanced,12271,40
advanced,12272,36
advanced,12273,25
advanced,12274,61
advanced,12275,53
advanced,12276,46
advanced,12277,26
advanced,12278,45
advanced,12279,40
advanced,12280,31
advanced,12281,73
advanced,12282,42
advanced,12283,29
advanced,12284,47
advanced,12285,36
advanced,12286,41
advanced,12287,47
advanced,12288,26
advanced,12289,25
advanced,12290,28
advanced,12291,23
advanced,12292,29
advanced,12293,28
advanced,12294,9
advanced,12295,14
advanced,12296,61
advanced,12297,27
advanced,12298,23
advanced,12299,31
advanced,12300,34
advanced,12301,28
advanced,12302,9
advanced,12303,68
advanced,12304,16
advanced,12305,31
advanced,12306,32
advanced,12307,37
advanced,12308,25
advanced,12309,20
advanced,12310,31
advanced,12311,47
advanced,12312,15
advanced,12313,43
advanced,12314,21
advanced,12315,36
advanced,12316,35
advanced,12317,31
advanced,12318,44
advanced,12319,50
advanced,12320,37
advanced,12321,71
advanced,12322,47
advanced,12323,34
advanced,12324,29
advanced,12325,23
advanced,12326,71
advanced,12327,39
advanced,12328,62
advanced,12329,50
advanced,12330,28
advanced,12331,64
advanced,12332,24
advanced,12333,29
advanced,12334,29
advanced,12335,21
advanced,12336,45
advanced,12337,51
advanced,12338,26
advanced,12339,27
advanced,12340,33
advanced,12341,31
advanced,12342,28
advanced,12343,23
advanced,12344,33
advanced,12345,39
advanced,12346,20
advanced,12347,27
advanced,12348,48
advanced,12349,33
advanced,12350,29
advanced,12351,29
advanced,12352,27
advanced,12353,42
advanced,12354,30
advanced,12355,41
advanced,12356,53
advanced,12357,55
advanced,12358,45
advanced,12359,22
advanced,12360,42
advanced,12361,36
advanced,12362,36
advanced,12363,32
advanced,12364,28
advanced,12365,28
advanced,12366,33
advanced,12367,41
advanced,12368,22
advanced,12369,59
advanced,12370,21
advanced,12371,30
advanced,12372,37
advanced,12373,43
advanced,12374,35
advanced,12375,51
advanced,12376,24
advanced,12377,41
advanced,12378,27
advanced,12379,61
advanced,12380,14
advanced,12381,42
advanced,12382,37
advanced,12383,26
advanced,12384,18
advanced,12385,30
advanced,12386,49
advanced,12387,58
advanced,12388,31
advanced,12389,44
advanced,12390,38
advanced,12391,33
advanced,12392,33
advanced,12393,45
advanced,12394,28
advanced,12395,50
advanced,12396,16
advanced,12397,59
advanced,12398,19
advanced,12399,16
advanced,12400,37
advanced,12401,48
advanced,12402,24
advanced,12403,40
advanced,12404,58
advanced,12405,20
advanced,12406,21
advanced,12407,28
advanced,12408,55
advanced,12409,32
advanced,12410,44
advanced,12411,43
advanced,12412,52
advanced,12413,20
advanced,12414,23
advanced,12415,29
advanced,12416,24
advanced,12417,41
advanced,12418,32
advanced,12419,22
advanced,12420,29
advanced,12421,42
advanced,12422,63
advanced,12423,27
advanced,12424,44
advanced,12425,18
advanced,12426,37
advanced,12427,33
advanced,12428,36
advanced,12429,40
advanced,12430,51
advanced,12431,21
advanced,12432,19
advanced,12433,40
advanced,12434,23
advanced,12435,38
advanced,12436,58
advanced,12437,46
advanced,12438,29
advanced,12439,39
advanced,12440,33
advanced,12441,27
advanced,12442,27
advanced,12443,10
advanced,12444,28
advanced,12445,22
advanced,12446,32
advanced,12447,37
advanced,12448,15
advanced,12449,30
advanced,12450,37
advanced,12451,23
advanced,12452,22
advanced,12453,56
advanced,12454,38
advanced,12455,9
advanced,12456,21
advanced,12457,30
advanced,12458,15
advanced,12459,35
advanced,12460,30
advanced,12461,52
advanced,12462,28
advanced,12463,37
advanced,12464,64
advanced,12465,27
advanced,12466,38
advanced,12467,25
advanced,12468,44
advanced,12469,27
advanced,12470,14
advanced,12471,26
advanced,12472,82
advanced,12473,42
advanced,12474,42
advanced,12475,28
advanced,12476,18
advanced,12477,11
advanced,12478,60
advanced,12479,55
advanced,12480,30
advanced,12481,22
advanced,12482,52
advanced,12483,37
advanced,12484,34
advanced,12485,52
advanced,12486,33
advanced,12487,45
advanced,12488,40
advanced,12489,23
advanced,12490,53
advanced,12491,31
advanced,12492,25
advanced,12493,30
advanced,12494,31
advanced,12495,29
advanced,12496,20
advanced,12497,26
advanced,12498,30
advanced,12499,24
advanced,12500,21
advanced,12501,51
advanced,12502,29
advanced,12503,32
advanced,12504,28
advanced,12505,37
advanced,12506,40
advanced,12507,28
advanced,12508,68
advanced,12509,25
advanced,12510,70
advanced,12511,45
advanced,12512,39
advanced,12513,20
advanced,12514,80
advanced,12515,20
advanced,12516,46
advanced,12517,24
advanced,12518,21
advanced,12519,47
advanced,12520,30
advanced,12521,29
advanced,12522,11
advanced,12523,16
advanced,12524,25
advanced,12525,36
advanced,12526,27
advanced,12527,50
advanced,12528,46
advanced,12529,46
advanced,12530,25
advanced,12531,54
advanced,12532,31
advanced,12533,21
advanced,12534,32
advanced,12535,33
advanced,12536,35
advanced,12537,42
advanced,12538,18
advanced,12539,27
advanced,12540,28
advanced,12541,42
advanced,12542,41
advanced,12543,21
advanced,12544,32
advanced,12545,39
advanced,12546,19
advanced,12547,44
advanced,12548,29
advanced,12549,40
advanced,12550,58
advanced,12551,12
advanced,12552,30
advanced,12553,39
advanced,12554,56
advanced,12555,35
advanced,12556,64
advanced,12557,18
advanced,12558,24
advanced,12559,19
advanced,12560,23
advanced,12561,35
advanced,12562,33
advanced,12563,32
advanced,12564,63
advanced,12565,16
advanced,12566,21
advanced,12567,47
advanced,12568,34
advanced,12569,62
advanced,12570,40
advanced,12571,39
advanced,12572,54
advanced,12573,13
advanced,12574,46
advanced,12575,33
advanced,12576,41
advanced,12577,45
advanced,12578,33
advanced,12579,28
advanced,12580,39
advanced,12581,28
advanced,12582,45
advanced,12583,44
advanced,12584,21
advanced,12585,55
advanced,12586,41
advanced,12587,29
advanced,12588,34
advanced,12589,59
advanced,12590,38
advanced,12591,12
advanced,12592,26
advanced,12593,19
advanced,12594,37
advanced,12595,40
advanced,12596,66
advanced,12597,16
advanced,12598,22
advanced,12599,41
advanced,12600,14
advanced,12601,29
advanced,12602,27
advanced,12603,28
advanced,12604,27
advanced,12605,33
advanced,12606,37
advanced,12607,25
advanced,12608,32
advanced,12609,15
advanced,12610,40
advanced,12611,18
advanced,12612,26
advanced,12613,66
advanced,12614,38
advanced,12615,62
advanced,12616,49
advanced,12617,37
advanced,12618,40
advanced,12619,41
advanced,12620,31
advanced,12621,27
advanced,12622,27
advanced,12623,29
advanced,12624,24
advanced,12625,11
advanced,12626,38
advanced,12627,32
advanced,12628,20
advanced,12629,38
advanced,12630,40
advanced,12631,25
advanced,12632,50
advanced,12633,44
advanced,12634,48
advanced,12635,19
advanced,12636,31
advanced,12637,40
advanced,12638,44
advanced,12639,32
advanced,12640,41
advanced,12641,34
advanced,12642,30
advanced,12643,48
advanced,12644,49
advanced,12645,29
advanced,12646,43
advanced,12647,53
advanced,12648,41
advanced,12649,27
advanced,12650,26
advanced,12651,24
advanced,12652,45
advanced,12653,40
advanced,12654,68
advanced,12655,33
advanced,12656,37
advanced,12657,38
advanced,12658,26
advanced,12659,20
advanced,12660,27
advanced,12661,40
advanced,12662,33
advanced,12663,23
advanced,12664,38
advanced,12665,29
advanced,12666,55
advanced,12667,33
advanced,12668,27
advanced,12669,43
advanced,12670,23
advanced,12671,42
advanced,12672,34
advanced,12673,20
advanced,12674,32
advanced,12675,38
advanced,12676,44
advanced,12677,31
advanced,12678,58
advanced,12679,32
advanced,12680,43
advanced,12681,22
advanced,12682,24
advanced,12683,29
advanced,12684,80
advanced,12685,59
advanced,12686,35
advanced,12687,43
advanced,12688,40
advanced,12689,36
advanced,12690,22
advanced,12691,87
advanced,12692,22
advanced,12693,76
advanced,12694,12
advanced,12695,43
advanced,12696,19
advanced,12697,63
advanced,12698,53
advanced,12699,38
advanced,12700,21
advanced,12701,42
advanced,12702,30
advanced,12703,32
advanced,12704,22
advanced,12705,20
advanced,12706,36
advanced,12707,32
advanced,12708,34
advanced,12709,27
advanced,12710,53
advanced,12711,50
advanced,12712,23
advanced,12713,22
advanced,12714,22
advanced,12715,20
advanced,12716,51
advanced,12717,58
advanced,12718,45
advanced,12719,35
advanced,12720,37
advanced,12721,31
advanced,12722,42
advanced,12723,23
advanced,12724,42
advanced,12725,47
advanced,12726,62
advanced,12727,51
advanced,12728,25
advanced,12729,36
advanced,12730,16
advanced,12731,31
advanced,12732,26
advanced,12733,13
advanced,12734,16
advanced,12735,32
advanced,12736,20
advanced,12737,20
advanced,12738,42
advanced,12739,36
advanced,12740,75
advanced,12741,43
advanced,12742,28
advanced,12743,49
advanced,12744,22
advanced,12745,33
advanced,12746,29
advanced,12747,21
advanced,12748,29
advanced,12749,79
advanced,12750,22
advanced,12751,31
advanced,12752,49
advanced,12753,42
advanced,12754,37
advanced,12755,25
advanced,12756,55
advanced,12757,52
advanced,12758,45
advanced,12759,21
advanced,12760,14
advanced,12761,28
advanced,12762,44
advanced,12763,23
advanced,12764,44
advanced,12765,24
advanced,12766,47
advanced,12767,40
advanced,12768,54
advanced,12769,29
advanced,12770,23
advanced,12771,50
advanced,12772,53
advanced,12773,33
advanced,12774,19
advanced,12775,44
advanced,12776,40
advanced,12777,55
advanced,12778,71
advanced,12779,23
advanced,12780,40
advanced,12781,21
advanced,12782,58
advanced,12783,31
advanced,12784,48
advanced,12785,22
advanced,12786,30
advanced,12787,11
advanced,12788,41
advanced,12789,30
advanced,12790,38
advanced,12791,28
advanced,12792,17
advanced,12793,31
advanced,12794,48
advanced,12795,25
advanced,12796,29
advanced,12797,30
advanced,12798,29
advanced,12799,23
advanced,12800,22
advanced,12801,37
advanced,12802,47
advanced,12803,27
advanced,12804,30
advanced,12805,26
advanced,12806,68
advanced,12807,21
advanced,12808,30
advanced,12809,31
advanced,12810,35
advanced,12811,44
advanced,12812,13
advanced,12813,58
advanced,12814,30
advanced,12815,29
advanced,12816,24
advanced,12817,17
advanced,12818,25
advanced,12819,44
advanced,12820,32
advanced,12821,19
advanced,12822,22
advanced,12823,11
advanced,12824,39
advanced,12825,11
advanced,12826,49
advanced,12827,59
advanced,12828,35
advanced,12829,30
advanced,12830,58
advanced,12831,103
advanced,12832,62
advanced,12833,19
advanced,12834,34
advanced,12835,33
advanced,12836,57
advanced,12837,20
advanced,12838,32
advanced,12839,49
advanced,12840,23
advanced,12841,30
advanced,12842,46
advanced,12843,47
advanced,12844,34
advanced,12845,44
advanced,12846,68
advanced,12847,12
advanced,12848,17
advanced,12849,24
advanced,12850,33
advanced,12851,40
advanced,12852,30
advanced,12853,43
advanced,12854,27
advanced,12855,13
advanced,12856,35
advanced,12857,50
advanced,12858,42
advanced,12859,39
advanced,12860,39
advanced,12861,21
advanced,12862,23
advanced,12863,35
advanced,12864,58
advanced,12865,21
advanced,12866,22
advanced,12867,29
advanced,12868,52
advanced,12869,11
advanced,12870,35
advanced,12871,25
advanced,12872,30
advanced,12873,26
advanced,12874,31
advanced,12875,22
advanced,12876,64
advanced,12877,25
advanced,12878,51
advanced,12879,19
advanced,12880,31
advanced,12881,37
advanced,12882,30
advanced,12883,20
advanced,12884,42
advanced,12885,30
advanced,12886,34
advanced,12887,25
advanced,12888,17
advanced,12889,36
advanced,12890,20
advanced,12891,30
advanced,12892,12
advanced,12893,43
advanced,12894,46
advanced,12895,35
advanced,12896,62
advanced,12897,35
advanced,12898,22
advanced,12899,10
advanced,12900,91
advanced,12901,39
advanced,12902,32
advanced,12903,67
advanced,12904,19
advanced,12905,19
advanced,12906,35
advanced,12907,23
advanced,12908,40
advanced,12909,10
advanced,12910,37
advanced,12911,35
advanced,12912,67
advanced,12913,24
advanced,12914,54
advanced,12915,28
advanced,12916,31
advanced,12917,30
advanced,12918,17
advanced,12919,17
advanced,12920,31
advanced,12921,38
advanced,12922,28
advanced,12923,35
advanced,12924,18
advanced,12925,31
advanced,12926,49
advanced,12927,25
advanced,12928,44
advanced,12929,95
advanced,12930,19
advanced,12931,52
advanced,12932,25
advanced,12933,66
advanced,12934,33
advanced,12935,26
advanced,12936,46
advanced,12937,24
advanced,12938,33
advanced,12939,26
advanced,12940,28
advanced,12941,42
advanced,12942,37
advanced,12943,30
advanced,12944,33
advanced,12945,37
advanced,12946,25
advanced,12947,33
advanced,12948,17
advanced,12949,20
advanced,12950,57
advanced,12951,39
advanced,12952,12
advanced,12953,20
advanced,12954,19
advanced,12955,16
advanced,12956,40
advanced,12957,57
advanced,12958,39
advanced,12959,93
advanced,12960,58
advanced,12961,28
advanced,12962,26
advanced,12963,40
advanced,12964,42
advanced,12965,22
advanced,12966,37
advanced,12967,39
advanced,12968,14
advanced,12969,24
advanced,12970,29
advanced,12971,41
advanced,12972,16
advanced,12973,40
advanced,12974,44
advanced,12975,27
advanced,12976,56
advanced,12977,45
advanced,12978,18
advanced,12979,26
advanced,12980,56
advanced,12981,30
advanced,12982,38
advanced,12983,35
advanced,12984,58
advanced,12985,11
advanced,12986,38
advanced,12987,17
advanced,12988,31
advanced,12989,16
advanced,12990,26
advanced,12991,52
advanced,12992,20
advanced,12993,30
advanced,12994,24
advanced,12995,38
advanced,12996,29
advanced,12997,26
advanced,12998,14
advanced,12999,24
advanced,13000,54
advanced,13001,10
advanced,13002,42
advanced,13003,26
advanced,13004,18
advanced,13005,34
advanced,13006,34
advanced,13007,30
advanced,13008,62
advanced,13009,46
advanced,13010,54
advanced,13011,68
advanced,13012,29
advanced,13013,67
advanced,13014,27
advanced,13015,32
advanced,13016,24
advanced,13017,22
advanced,13018,34
advanced,13019,45
advanced,13020,61
advanced,13021,31
advanced,13022,35
advanced,13023,32
advanced,13024,49
advanced,13025,25
advanced,13026,32
advanced,13027,35
advanced,13028,21
advanced,13029,27
advanced,13030,21
advanced,13031,16
advanced,13032,10
advanced,13033,19
advanced,13034,39
advanced,13035,12
advanced,13036,93
advanced,13037,21
advanced,13038,47
advanced,13039,64
advanced,13040,8
advanced,13041,43
advanced,13042,30
advanced,13043,36
advanced,13044,41
advanced,13045,41
advanced,13046,47
advanced,13047,27
advanced,13048,50
advanced,13049,24
advanced,13050,35
advanced,13051,20
advanced,13052,60
advanced,13053,42
advanced,13054,36
advanced,13055,48
advanced,13056,34
advanced,13057,24
advanced,13058,54
advanced,13059,22
advanced,13060,33
advanced,13061,69
advanced,13062,23
advanced,13063,31
advanced,13064,53
advanced,13065,46
advanced,13066,18
advanced,13067,28
advanced,13068,39
advanced,13069,13
advanced,13070,35
advanced,13071,38
advanced,13072,57
advanced,13073,55
advanced,13074,13
advanced,13075,35
advanced,13076,24
advanced,13077,30
advanced,13078,40
advanced,13079,47
advanced,13080,44
advanced,13081,13
advanced,13082,59
advanced,13083,69
advanced,13084,30
advanced,13085,14
advanced,13086,37
advanced,13087,30
advanced,13088,28
advanced,13089,11
advanced,13090,28
advanced,13091,48
advanced,13092,25
advanced,13093,14
advanced,13094,33
advanced,13095,41
advanced,13096,41
advanced,13097,36
advanced,13098,75
advanced,13099,34
advanced,13100,36
advanced,13101,14
advanced,13102,31
advanced,13103,19
advanced,13104,42
advanced,13105,30
advanced,13106,53
advanced,13107,20
advanced,13108,37
advanced,13109,28
advanced,13110,19
advanced,13111,30
advanced,13112,29
advanced,13113,25
advanced,13114,23
advanced,13115,36
advanced,13116,62
advanced,13117,20
advanced,13118,17
advanced,13119,30
advanced,13120,59
advanced,13121,20
advanced,13122,22
advanced,13123,53
advanced,13124,18
advanced,13125,49
advanced,13126,21
advanced,13127,38
advanced,13128,29
advanced,13129,40
advanced,13130,60
advanced,13131,30
advanced,13132,61
advanced,13133,17
advanced,13134,42
advanced,13135,44
advanced,13136,50
advanced,13137,24
advanced,13138,42
advanced,13139,30
advanced,13140,12
advanced,13141,29
advanced,13142,38
advanced,13143,25
advanced,13144,30
advanced,13145,29
advanced,13146,63
advanced,13147,36
advanced,13148,34
advanced,13149,69
advanced,13150,40
advanced,13151,63
advanced,13152,31
advanced,13153,24
advanced,13154,35
advanced,13155,36
advanced,13156,43
advanced,13157,25
advanced,13158,45
advanced,13159,53
advanced,13160,27
advanced,13161,51
advanced,13162,37
advanced,13163,63
advanced,13164,48
advanced,13165,28
advanced,13166,41
advanced,13167,65
advanced,13168,36
advanced,13169,36
advanced,13170,37
advanced,13171,33
advanced,13172,51
advanced,13173,29
advanced,13174,30
advanced,13175,36
advanced,13176,32
advanced,13177,45
advanced,13178,29
advanced,13179,29
advanced,13180,37
advanced,13181,46
advanced,13182,45
advanced,13183,30
advanced,13184,35
advanced,13185,22
advanced,13186,48
advanced,13187,38
advanced,13188,27
advanced,13189,10
advanced,13190,28
advanced,13191,26
advanced,13192,27
advanced,13193,26
advanced,13194,28
advanced,13195,37
advanced,13196,31
advanced,13197,36
advanced,13198,30
advanced,13199,50
advanced,13200,24
advanced,13201,29
advanced,13202,26
advanced,13203,17
advanced,13204,36
advanced,13205,44
advanced,13206,54
advanced,13207,49
advanced,13208,39
advanced,13209,24
advanced,13210,35
advanced,13211,52
advanced,13212,24
advanced,13213,31
advanced,13214,71
advanced,13215,43
advanced,13216,21
advanced,13217,12
advanced,13218,72
advanced,13219,24
advanced,13220,40
advanced,13221,39
advanced,13222,7
advanced,13223,41
advanced,13224,41
advanced,13225,16
advanced,13226,42
advanced,13227,44
advanced,13228,44
advanced,13229,35
advanced,13230,25
advanced,13231,50
advanced,13232,57
advanced,13233,10
advanced,13234,56
advanced,13235,13
advanced,13236,34
advanced,13237,26
advanced,13238,32
advanced,13239,24
advanced,13240,44
advanced,13241,21
advanced,13242,28
advanced,13243,39
advanced,13244,26
advanced,13245,37
advanced,13246,28
advanced,13247,18
advanced,13248,31
advanced,13249,47
advanced,13250,42
advanced,13251,47
advanced,13252,18
advanced,13253,92
advanced,13254,18
advanced,13255,61
advanced,13256,44
advanced,13257,89
advanced,13258,29
advanced,13259,48
advanced,13260,29
advanced,13261,21
advanced,13262,37
advanced,13263,39
advanced,13264,36
advanced,13265,42
advanced,13266,34
advanced,13267,56
advanced,13268,44
advanced,13269,30
advanced,13270,45
advanced,13271,25
advanced,13272,69
advanced,13273,34
advanced,13274,36
advanced,13275,36
advanced,13276,35
advanced,13277,15
advanced,13278,44
advanced,13279,29
advanced,13280,39
advanced,13281,18
advanced,13282,50
advanced,13283,57
advanced,13284,15
advanced,13285,48
advanced,13286,18
advanced,13287,33
advanced,13288,35
advanced,13289,29
advanced,13290,26
advanced,13291,37
advanced,13292,31
advanced,13293,42
advanced,13294,20
advanced,13295,42
advanced,13296,47
advanced,13297,12
advanced,13298,20
advanced,13299,22
advanced,13300,26
advanced,13301,15
advanced,13302,46
advanced,13303,61
advanced,13304,46
advanced,13305,25
advanced,13306,20
advanced,13307,42
advanced,13308,31
advanced,13309,13
advanced,13310,36
advanced,13311,40
advanced,13312,37
advanced,13313,28
advanced,13314,18
advanced,13315,17
advanced,13316,33
advanced,13317,22
advanced,13318,46
advanced,13319,20
advanced,13320,42
advanced,13321,44
advanced,13322,26
advanced,13323,19
advanced,13324,35
advanced,13325,51
advanced,13326,21
advanced,13327,38
advanced,13328,25
advanced,13329,52
advanced,13330,44
advanced,13331,81
advanced,13332,28
advanced,13333,40
advanced,13334,47
advanced,13335,20
advanced,13336,38
advanced,13337,33
advanced,13338,44
advanced,13339,21
advanced,13340,49
advanced,13341,65
advanced,13342,17
advanced,13343,43
advanced,13344,36
advanced,13345,9
advanced,13346,26
advanced,13347,46
advanced,13348,31
advanced,13349,32
advanced,13350,30
advanced,13351,21
advanced,13352,36
advanced,13353,24
advanced,13354,43
advanced,13355,34
advanced,13356,50
advanced,13357,45
advanced,13358,30
advanced,13359,49
advanced,13360,19
advanced,13361,23
advanced,13362,24
advanced,13363,37
advanced,13364,25
advanced,13365,39
advanced,13366,11
advanced,13367,47
advanced,13368,34
advanced,13369,39
advanced,13370,36
advanced,13371,39
advanced,13372,30
advanced,13373,18
advanced,13374,23
advanced,13375,22
advanced,13376,27
advanced,13377,32
advanced,13378,48
advanced,13379,23
advanced,13380,36
advanced,13381,43
advanced,13382,69
advanced,13383,32
advanced,13384,31
advanced,13385,25
advanced,13386,30
advanced,13387,39
advanced,13388,15
advanced,13389,36
advanced,13390,26
advanced,13391,42
advanced,13392,33
advanced,13393,31
advanced,13394,39
advanced,13395,39
advanced,13396,37
advanced,13397,43
advanced,13398,45
advanced,13399,20
advanced,13400,26
advanced,13401,26
advanced,13402,32
advanced,13403,34
advanced,13404,29
advanced,13405,36
advanced,13406,24
advanced,13407,54
advanced,13408,44
advanced,13409,18
advanced,13410,50
advanced,13411,30
advanced,13412,48
advanced,13413,39
advanced,13414,67
advanced,13415,26
advanced,13416,39
advanced,13417,15
advanced,13418,28
advanced,13419,31
advanced,13420,49
advanced,13421,39
advanced,13422,27
advanced,13423,34
advanced,13424,33
advanced,13425,44
advanced,13426,48
advanced,13427,34
advanced,13428,18
advanced,13429,38
advanced,13430,33
advanced,13431,22
advanced,13432,41
advanced,13433,56
advanced,13434,53
advanced,13435,32
advanced,13436,41
advanced,13437,19
advanced,13438,40
advanced,13439,19
advanced,13440,23
advanced,13441,25
advanced,13442,40
advanced,13443,34
advanced,13444,50
advanced,13445,37
advanced,13446,44
advanced,13447,14
advanced,13448,25
advanced,13449,30
advanced,13450,35
advanced,13451,42
advanced,13452,46
advanced,13453,24
advanced,13454,29
advanced,13455,26
advanced,13456,43
advanced,13457,48
advanced,13458,57
advanced,13459,29
advanced,13460,30
advanced,13461,60
advanced,13462,44
advanced,13463,54
advanced,13464,41
advanced,13465,31
advanced,13466,33
advanced,13467,16
advanced,13468,30
advanced,13469,43
advanced,13470,44
advanced,13471,22
advanced,13472,27
advanced,13473,43
advanced,13474,40
advanced,13475,33
advanced,13476,16
advanced,13477,48
advanced,13478,27
advanced,13479,34
advanced,13480,47
advanced,13481,14
advanced,13482,23
advanced,13483,71
advanced,13484,43
advanced,13485,44
advanced,13486,25
advanced,13487,13
advanced,13488,67
advanced,13489,57
advanced,13490,32
advanced,13491,51
advanced,13492,52
advanced,13493,28
advanced,13494,26
advanced,13495,37
advanced,13496,35
advanced,13497,62
advanced,13498,58
advanced,13499,28
advanced,13500,24
advanced,13501,42
advanced,13502,41
advanced,13503,24
advanced,13504,29
advanced,13505,35
advanced,13506,61
advanced,13507,34
advanced,13508,47
advanced,13509,36
advanced,13510,64
advanced,13511,38
advanced,13512,35
advanced,13513,49
advanced,13514,50
advanced,13515,8
advanced,13516,20
advanced,13517,35
advanced,13518,47
advanced,13519,37
advanced,13520,22
advanced,13521,28
advanced,13522,23
advanced,13523,18
advanced,13524,36
advanced,13525,29
advanced,13526,32
advanced,13527,41
advanced,13528,33
advanced,13529,33
advanced,13530,25
advanced,13531,35
advanced,13532,25
advanced,13533,43
advanced,13534,47
advanced,13535,30
advanced,13536,41
advanced,13537,33
advanced,13538,33
advanced,13539,85
advanced,13540,17
advanced,13541,52
advanced,13542,44
advanced,13543,18
advanced,13544,26
advanced,13545,23
advanced,13546,19
advanced,13547,58
advanced,13548,21
advanced,13549,33
advanced,13550,24
advanced,13551,45
advanced,13552,27
advanced,13553,38
advanced,13554,54
advanced,13555,43
advanced,13556,44
advanced,13557,48
advanced,13558,43
advanced,13559,27
advanced,13560,15
advanced,13561,59
advanced,13562,26
advanced,13563,49
advanced,13564,32
advanced,13565,30
advanced,13566,30
advanced,13567,32
advanced,13568,34
advanced,13569,27
advanced,13570,44
advanced,13571,26
advanced,13572,11
advanced,13573,43
advanced,13574,37
advanced,13575,45
advanced,13576,40
advanced,13577,24
advanced,13578,36
advanced,13579,60
advanced,13580,39
advanced,13581,27
advanced,13582,22
advanced,13583,33
advanced,13584,28
advanced,13585,54
advanced,13586,33
advanced,13587,29
advanced,13588,50
advanced,13589,8
advanced,13590,26
advanced,13591,27
advanced,13592,24
advanced,13593,24
advanced,13594,32
advanced,13595,35
advanced,13596,44
advanced,13597,50
advanced,13598,43
advanced,13599,36
advanced,13600,52
advanced,13601,46
advanced,13602,51
advanced,13603,24
advanced,13604,34
advanced,13605,24
advanced,13606,71
advanced,13607,35
advanced,13608,30
advanced,13609,41
advanced,13610,24
advanced,13611,25
advanced,13612,41
advanced,13613,38
advanced,13614,36
advanced,13615,17
advanced,13616,22
advanced,13617,26
advanced,13618,51
advanced,13619,43
advanced,13620,35
advanced,13621,32
advanced,13622,22
advanced,13623,52
advanced,13624,52
advanced,13625,22
advanced,13626,17
advanced,13627,52
advanced,13628,44
advanced,13629,51
advanced,13630,46
advanced,13631,23
advanced,13632,31
advanced,13633,45
advanced,13634,9
advanced,13635,17
advanced,13636,31
advanced,13637,42
advanced,13638,32
advanced,13639,16
advanced,13640,56
advanced,13641,39
advanced,13642,18
advanced,13643,14
advanced,13644,43
advanced,13645,22
advanced,13646,13
advanced,13647,20
advanced,13648,47
advanced,13649,28
advanced,13650,20
advanced,13651,33
advanced,13652,39
advanced,13653,19
advanced,13654,48
advanced,13655,33
advanced,13656,34
advanced,13657,13
advanced,13658,28
advanced,13659,15
advanced,13660,44
advanced,13661,26
advanced,13662,31
advanced,13663,47
advanced,13664,67
advanced,13665,26
advanced,13666,35
advanced,13667,37
advanced,13668,39
advanced,13669,38
advanced,13670,25
advanced,13671,19
advanced,13672,15
advanced,13673,51
advanced,13674,16
advanced,13675,53
advanced,13676,31
advanced,13677,13
advanced,13678,37
advanced,13679,24
advanced,13680,26
advanced,13681,32
advanced,13682,50
advanced,13683,37
advanced,13684,81
advanced,13685,33
advanced,13686,13
advanced,13687,40
advanced,13688,34
advanced,13689,60
advanced,13690,43
advanced,13691,25
advanced,13692,29
advanced,13693,32
advanced,13694,45
advanced,13695,14
advanced,13696,27
advanced,13697,54
advanced,13698,23
advanced,13699,44
advanced,13700,37
advanced,13701,46
advanced,13702,48
advanced,13703,27
advanced,13704,59
advanced,13705,28
advanced,13706,21
advanced,13707,24
advanced,13708,7
advanced,13709,39
advanced,13710,16
advanced,13711,40
advanced,13712,34
advanced,13713,48
advanced,13714,17
advanced,13715,45
advanced,13716,61
advanced,13717,14
advanced,13718,58
advanced,13719,24
advanced,13720,60
advanced,13721,53
advanced,13722,41
advanced,13723,23
advanced,13724,37
advanced,13725,43
advanced,13726,39
advanced,13727,23
advanced,13728,28
advanced,13729,14
advanced,13730,48
advanced,13731,49
advanced,13732,63
advanced,13733,29
advanced,13734,38
advanced,13735,27
advanced,13736,40
advanced,13737,26
advanced,13738,26
advanced,13739,57
advanced,13740,70
advanced,13741,31
advanced,13742,37
advanced,13743,45
advanced,13744,43
advanced,13745,30
advanced,13746,53
advanced,13747,19
advanced,13748,22
advanced,13749,45
advanced,13750,31
advanced,13751,30
advanced,13752,30
advanced,13753,30
advanced,13754,34
advanced,13755,20
advanced,13756,35
advanced,13757,52
advanced,13758,19
advanced,13759,20
advanced,13760,30
advanced,13761,30
advanced,13762,41
advanced,13763,31
advanced,13764,40
advanced,13765,54
advanced,13766,25
advanced,13767,46
advanced,13768,51
advanced,13769,88
advanced,13770,21
advanced,13771,30
advanced,13772,54
advanced,13773,15
advanced,13774,40
advanced,13775,47
advanced,13776,26
advanced,13777,22
advanced,13778,31
advanced,13779,14
advanced,13780,42
advanced,13781,39
advanced,13782,31
advanced,13783,46
advanced,13784,52
advanced,13785,29
advanced,13786,30
advanced,13787,21
advanced,13788,56
advanced,13789,42
advanced,13790,26
advanced,13791,64
advanced,13792,27
advanced,13793,35
advanced,13794,58
advanced,13795,43
advanced,13796,21
advanced,13797,26
advanced,13798,26
advanced,13799,20
advanced,13800,29
advanced,13801,19
advanced,13802,29
advanced,13803,130
advanced,13804,36
advanced,13805,31
advanced,13806,39
advanced,13807,15
advanced,13808,56
advanced,13809,27
advanced,13810,31
advanced,13811,32
advanced,13812,23
advanced,13813,42
advanced,13814,39
advanced,13815,53
advanced,13816,21
advanced,13817,36
advanced,13818,28
advanced,13819,29
advanced,13820,46
advanced,13821,57
advanced,13822,28
advanced,13823,32
advanced,13824,14
advanced,13825,26
advanced,13826,29
advanced,13827,18
advanced,13828,59
advanced,13829,38
advanced,13830,26
advanced,13831,26
advanced,13832,35
advanced,13833,37
advanced,13834,33
advanced,13835,21
advanced,13836,11
advanced,13837,38
advanced,13838,24
advanced,13839,24
advanced,13840,58
advanced,13841,36
advanced,13842,15
advanced,13843,42
advanced,13844,29
advanced,13845,17
advanced,13846,29
advanced,13847,40
advanced,13848,29
advanced,13849,25
advanced,13850,55
advanced,13851,25
advanced,13852,29
advanced,13853,52
advanced,13854,24
advanced,13855,29
advanced,13856,14
advanced,13857,31
advanced,13858,41
advanced,13859,34
advanced,13860,44
advanced,13861,50
advanced,13862,50
advanced,13863,39
advanced,13864,41
advanced,13865,40
advanced,13866,21
advanced,13867,42
advanced,13868,35
advanced,13869,97
advanced,13870,41
advanced,13871,30
advanced,13872,26
advanced,13873,24
advanced,13874,74
advanced,13875,55
advanced,13876,25
advanced,13877,49
advanced,13878,25
advanced,13879,17
advanced,13880,46
advanced,13881,59
advanced,13882,25
advanced,13883,28
advanced,13884,21
advanced,13885,36
advanced,13886,40
advanced,13887,23
advanced,13888,35
advanced,13889,42
advanced,13890,65
advanced,13891,47
advanced,13892,49
advanced,13893,24
advanced,13894,31
advanced,13895,26
advanced,13896,18
advanced,13897,31
advanced,13898,9
advanced,13899,32
advanced,13900,21
advanced,13901,44
advanced,13902,37
advanced,13903,32
advanced,13904,18
advanced,13905,12
advanced,13906,18
advanced,13907,34
advanced,13908,34
advanced,13909,27
advanced,13910,50
advanced,13911,16
advanced,13912,32
advanced,13913,41
advanced,13914,54
advanced,13915,25
advanced,13916,29
advanced,13917,86
advanced,13918,41
advanced,13919,41
advanced,13920,17
advanced,13921,43
advanced,13922,32
advanced,13923,49
advanced,13924,20
advanced,13925,28
advanced,13926,50
advanced,13927,35
advanced,13928,20
advanced,13929,11
advanced,13930,49
advanced,13931,40
advanced,13932,33
advanced,13933,41
advanced,13934,31
advanced,13935,41
advanced,13936,25
advanced,13937,40
advanced,13938,59
advanced,13939,37
advanced,13940,30
advanced,13941,26
advanced,13942,30
advanced,13943,33
advanced,13944,43
advanced,13945,43
advanced,13946,38
advanced,13947,24
advanced,13948,56
advanced,13949,21
advanced,13950,35
advanced,13951,45
advanced,13952,37
advanced,13953,45
advanced,13954,26
advanced,13955,30
advanced,13956,62
advanced,13957,38
advanced,13958,37
advanced,13959,7
advanced,13960,79
advanced,13961,23
advanced,13962,37
advanced,13963,47
advanced,13964,38
advanced,13965,43
advanced,13966,53
advanced,13967,31
advanced,13968,31
advanced,13969,29
advanced,13970,41
advanced,13971,35
advanced,13972,16
advanced,13973,46
advanced,13974,70
advanced,13975,18
advanced,13976,21
advanced,13977,33
advanced,13978,29
advanced,13979,23
advanced,13980,36
advanced,13981,39
advanced,13982,18
advanced,13983,33
advanced,13984,29
advanced,13985,23
advanced,13986,31
advanced,13987,30
advanced,13988,16
advanced,13989,23
advanced,13990,49
advanced,13991,21
advanced,13992,57
advanced,13993,25
advanced,13994,31
advanced,13995,47
advanced,13996,47
advanced,13997,9
advanced,13998,34
advanced,13999,23
advanced,14000,43
advanced,14001,79
advanced,14002,58
advanced,14003,65
advanced,14004,35
advanced,14005,31
advanced,14006,28
advanced,14007,51
advanced,14008,24
advanced,14009,40
advanced,14010,30
advanced,14011,26
advanced,14012,19
advanced,14013,24
advanced,14014,38
advanced,14015,39
advanced,14016,47
advanced,14017,22
advanced,14018,24
advanced,14019,54
advanced,14020,20
advanced,14021,32
advanced,14022,33
advanced,14023,18
advanced,14024,33
advanced,14025,13
advanced,14026,44
advanced,14027,18
advanced,14028,30
advanced,14029,38
advanced,14030,25
advanced,14031,25
advanced,14032,51
advanced,14033,22
advanced,14034,32
advanced,14035,22
advanced,14036,18
advanced,14037,21
advanced,14038,40
advanced,14039,28
advanced,14040,33
advanced,14041,51
advanced,14042,24
advanced,14043,60
advanced,14044,44
advanced,14045,28
advanced,14046,33
advanced,14047,70
advanced,14048,11
advanced,14049,36
advanced,14050,25
advanced,14051,33
advanced,14052,22
advanced,14053,23
advanced,14054,30
advanced,14055,30
advanced,14056,24
advanced,14057,33
advanced,14058,17
advanced,14059,16
advanced,14060,45
advanced,14061,33
advanced,14062,40
advanced,14063,36
advanced,14064,35
advanced,14065,31
advanced,14066,46
advanced,14067,72
advanced,14068,58
advanced,14069,57
advanced,14070,20
advanced,14071,52
advanced,14072,31
advanced,14073,42
advanced,14074,40
advanced,14075,35
advanced,14076,39
advanced,14077,25
advanced,14078,17
advanced,14079,22
advanced,14080,31
advanced,14081,23
advanced,14082,29
advanced,14083,21
advanced,14084,14
advanced,14085,34
advanced,14086,25
advanced,14087,18
advanced,14088,24
advanced,14089,21
advanced,14090,40
advanced,14091,25
advanced,14092,51
advanced,14093,46
advanced,14094,30
advanced,14095,33
advanced,14096,36
advanced,14097,35
advanced,14098,38
advanced,14099,35
advanced,14100,35
advanced,14101,50
advanced,14102,37
advanced,14103,42
advanced,14104,32
advanced,14105,12
advanced,14106,26
advanced,14107,41
advanced,14108,27
advanced,14109,45
advanced,14110,11
advanced,14111,55
advanced,14112,39
advanced,14113,48
advanced,14114,10
advanced,14115,56
advanced,14116,40
advanced,14117,54
advanced,14118,52
advanced,14119,25
advanced,14120,32
advanced,14121,37
advanced,14122,25
advanced,14123,41
advanced,14124,30
advanced,14125,7
advanced,14126,22
advanced,14127,41
advanced,14128,12
advanced,14129,22
advanced,14130,29
advanced,14131,26
advanced,14132,39
advanced,14133,31
advanced,14134,53
advanced,14135,35
advanced,14136,51
advanced,14137,69
advanced,14138,43
advanced,14139,30
advanced,14140,17
advanced,14141,57
advanced,14142,18
advanced,14143,43
advanced,14144,24
advanced,14145,49
advanced,14146,31
advanced,14147,40
advanced,14148,41
advanced,14149,32
advanced,14150,22
advanced,14151,28
advanced,14152,33
advanced,14153,56
advanced,14154,84
advanced,14155,78
advanced,14156,96
advanced,14157,22
advanced,14158,33
advanced,14159,37
advanced,14160,33
advanced,14161,20
advanced,14162,41
advanced,14163,29
advanced,14164,30
advanced,14165,31
advanced,14166,20
advanced,14167,48
advanced,14168,49
advanced,14169,14
advanced,14170,24
advanced,14171,48
advanced,14172,20
advanced,14173,61
advanced,14174,29
advanced,14175,25
advanced,14176,31
advanced,14177,29
advanced,14178,39
advanced,14179,54
advanced,14180,39
advanced,14181,40
advanced,14182,31
advanced,14183,15
advanced,14184,46
advanced,14185,55
advanced,14186,21
advanced,14187,35
advanced,14188,35
advanced,14189,44
advanced,14190,40
advanced,14191,35
advanced,14192,27
advanced,14193,40
advanced,14194,32
advanced,14195,45
advanced,14196,35
advanced,14197,34
advanced,14198,18
advanced,14199,27
advanced,14200,30
advanced,14201,30
advanced,14202,25
advanced,14203,46
advanced,14204,43
advanced,14205,47
advanced,14206,29
advanced,14207,16
advanced,14208,30
advanced,14209,49
advanced,14210,34
advanced,14211,30
advanced,14212,35
advanced,14213,33
advanced,14214,30
advanced,14215,42
advanced,14216,53
advanced,14217,52
advanced,14218,68
advanced,14219,24
advanced,14220,35
advanced,14221,18
advanced,14222,11
advanced,14223,25
advanced,14224,18
advanced,14225,20
advanced,14226,49
advanced,14227,72
advanced,14228,17
advanced,14229,28
advanced,14230,44
advanced,14231,16
advanced,14232,18
advanced,14233,31
advanced,14234,55
advanced,14235,26
advanced,14236,44
advanced,14237,30
advanced,14238,28
advanced,14239,42
advanced,14240,44
advanced,14241,23
advanced,14242,37
advanced,14243,45
advanced,14244,32
advanced,14245,31
advanced,14246,37
advanced,14247,41
advanced,14248,31
advanced,14249,60
advanced,14250,21
advanced,14251,106
advanced,14252,33
advanced,14253,35
advanced,14254,50
advanced,14255,26
advanced,14256,50
advanced,14257,16
advanced,14258,30
advanced,14259,64
advanced,14260,51
advanced,14261,44
advanced,14262,12
advanced,14263,30
advanced,14264,35
advanced,14265,32
advanced,14266,14
advanced,14267,61
advanced,14268,50
advanced,14269,12
advanced,14270,71
advanced,14271,10
advanced,14272,27
advanced,14273,11
advanced,14274,27
advanced,14275,13
advanced,14276,19
advanced,14277,31
advanced,14278,32
advanced,14279,51
advanced,14280,29
advanced,14281,79
advanced,14282,22
advanced,14283,13
advanced,14284,31
advanced,14285,37
advanced,14286,23
advanced,14287,28
advanced,14288,20
advanced,14289,60
advanced,14290,60
advanced,14291,42
advanced,14292,36
advanced,14293,34
advanced,14294,42
advanced,14295,25
advanced,14296,59
advanced,14297,33
advanced,14298,47
advanced,14299,36
advanced,14300,34
advanced,14301,41
advanced,14302,41
advanced,14303,27
advanced,14304,40
advanced,14305,36
advanced,14306,43
advanced,14307,30
advanced,14308,40
advanced,14309,41
advanced,14310,34
advanced,14311,59
advanced,14312,15
advanced,14313,37
advanced,14314,25
advanced,14315,47
advanced,14316,30
advanced,14317,25
advanced,14318,28
advanced,14319,44
advanced,14320,22
advanced,14321,39
advanced,14322,19
advanced,14323,31
advanced,14324,35
advanced,14325,57
advanced,14326,36
advanced,14327,19
advanced,14328,32
advanced,14329,23
advanced,14330,33
advanced,14331,77
advanced,14332,42
advanced,14333,27
advanced,14334,44
advanced,14335,41
advanced,14336,30
advanced,14337,30
advanced,14338,17
advanced,14339,28
advanced,14340,56
advanced,14341,41
advanced,14342,40
advanced,14343,59
advanced,14344,28
advanced,14345,28
advanced,14346,40
advanced,14347,9
advanced,14348,39
advanced,14349,21
advanced,14350,20
advanced,14351,40
advanced,14352,64
advanced,14353,44
advanced,14354,31
advanced,14355,26
advanced,14356,62
advanced,14357,33
advanced,14358,26
advanced,14359,40
advanced,14360,39
advanced,14361,51
advanced,14362,31
advanced,14363,28
advanced,14364,40
advanced,14365,24
advanced,14366,21
advanced,14367,38
advanced,14368,36
advanced,14369,39
advanced,14370,27
advanced,14371,60
advanced,14372,27
advanced,14373,36
advanced,14374,38
advanced,14375,27
advanced,14376,43
advanced,14377,35
advanced,14378,44
advanced,14379,33
advanced,14380,15
advanced,14381,64
advanced,14382,24
advanced,14383,43
advanced,14384,22
advanced,14385,55
advanced,14386,47
advanced,14387,37
advanced,14388,27
advanced,14389,11
advanced,14390,64
advanced,14391,28
advanced,14392,44
advanced,14393,37
advanced,14394,59
advanced,14395,52
advanced,14396,51
advanced,14397,33
advanced,14398,35
advanced,14399,23
advanced,14400,28
advanced,14401,38
advanced,14402,22
advanced,14403,24
advanced,14404,26
advanced,14405,44
advanced,14406,35
advanced,14407,25
advanced,14408,13
advanced,14409,17
advanced,14410,45
advanced,14411,20
advanced,14412,25
advanced,14413,11
advanced,14414,17
advanced,14415,39
advanced,14416,22
advanced,14417,48
advanced,14418,106
advanced,14419,48
advanced,14420,27
advanced,14421,30
advanced,14422,36
advanced,14423,41
advanced,14424,42
advanced,14425,24
advanced,14426,28
advanced,14427,36
advanced,14428,34
advanced,14429,33
advanced,14430,38
advanced,14431,17
advanced,14432,30
advanced,14433,37
advanced,14434,48
advanced,14435,22
advanced,14436,39
advanced,14437,29
advanced,14438,22
advanced,14439,32
advanced,14440,25
advanced,14441,50
advanced,14442,37
advanced,14443,22
advanced,14444,21
advanced,14445,16
advanced,14446,57
advanced,14447,35
advanced,14448,38
advanced,14449,22
advanced,14450,46
advanced,14451,69
advanced,14452,34
advanced,14453,39
advanced,14454,54
advanced,14455,28
advanced,14456,15
advanced,14457,34
advanced,14458,22
advanced,14459,40
advanced,14460,27
advanced,14461,45
advanced,14462,61
advanced,14463,39
advanced,14464,54
advanced,14465,35
advanced,14466,39
advanced,14467,31
advanced,14468,53
advanced,14469,39
advanced,14470,51
advanced,14471,52
advanced,14472,62
advanced,14473,32
advanced,14474,18
advanced,14475,17
advanced,14476,12
advanced,14477,76
advanced,14478,26
advanced,14479,35
advanced,14480,47
advanced,14481,25
advanced,14482,59
advanced,14483,37
advanced,14484,29
advanced,14485,18
advanced,14486,27
advanced,14487,33
advanced,14488,33
advanced,14489,16
advanced,14490,57
advanced,14491,32
advanced,14492,41
advanced,14493,31
advanced,14494,32
advanced,14495,36
advanced,14496,38
advanced,14497,56
advanced,14498,39
advanced,14499,53
advanced,14500,27
advanced,14501,39
advanced,14502,38
advanced,14503,22
advanced,14504,31
advanced,14505,30
advanced,14506,35
advanced,14507,29
advanced,14508,26
advanced,14509,38
advanced,14510,28
advanced,14511,11
advanced,14512,24
advanced,14513,35
advanced,14514,23
advanced,14515,38
advanced,14516,41
advanced,14517,19
advanced,14518,24
advanced,14519,29
advanced,14520,16
advanced,14521,34
advanced,14522,33
advanced,14523,16
advanced,14524,50
advanced,14525,26
advanced,14526,57
advanced,14527,13
advanced,14528,42
advanced,14529,23
advanced,14530,91
advanced,14531,18
advanced,14532,25
advanced,14533,61
advanced,14534,34
advanced,14535,15
advanced,14536,37
advanced,14537,20
advanced,14538,26
advanced,14539,22
advanced,14540,17
advanced,14541,47
advanced,14542,35
advanced,14543,45
advanced,14544,29
advanced,14545,51
advanced,14546,31
advanced,14547,20
advanced,14548,37
advanced,14549,47
advanced,14550,40
advanced,14551,34
advanced,14552,33
advanced,14553,28
advanced,14554,27
advanced,14555,37
advanced,14556,37
advanced,14557,41
advanced,14558,51
advanced,14559,23
advanced,14560,18
advanced,14561,40
advanced,14562,21
advanced,14563,45
advanced,14564,35
advanced,14565,39
advanced,14566,56
advanced,14567,24
advanced,14568,29
advanced,14569,23
advanced,14570,20
advanced,14571,41
advanced,14572,34
advanced,14573,54
advanced,14574,45
advanced,14575,23
advanced,14576,50
advanced,14577,26
advanced,14578,35
advanced,14579,33
advanced,14580,45
advanced,14581,46
advanced,14582,43
advanced,14583,33
advanced,14584,31
advanced,14585,36
advanced,14586,38
advanced,14587,35
advanced,14588,21
advanced,14589,27
advanced,14590,44
advanced,14591,32
advanced,14592,24
advanced,14593,45
advanced,14594,32
advanced,14595,39
advanced,14596,61
advanced,14597,28
advanced,14598,27
advanced,14599,115
advanced,14600,26
advanced,14601,35
advanced,14602,48
advanced,14603,19
advanced,14604,17
advanced,14605,29
advanced,14606,14
advanced,14607,32
advanced,14608,48
advanced,14609,30
advanced,14610,35
advanced,14611,41
advanced,14612,46
advanced,14613,31
advanced,14614,47
advanced,14615,28
advanced,14616,38
advanced,14617,18
advanced,14618,25
advanced,14619,28
advanced,14620,30
advanced,14621,40
advanced,14622,56
advanced,14623,41
advanced,14624,69
advanced,14625,13
advanced,14626,20
advanced,14627,37
advanced,14628,19
advanced,14629,49
advanced,14630,74
advanced,14631,29
advanced,14632,43
advanced,14633,84
advanced,14634,50
advanced,14635,33
advanced,14636,31
advanced,14637,23
advanced,14638,43
advanced,14639,28
advanced,14640,39
advanced,14641,32
advanced,14642,39
advanced,14643,40
advanced,14644,27
advanced,14645,52
advanced,14646,64
advanced,14647,35
advanced,14648,18
advanced,14649,47
advanced,14650,22
advanced,14651,36
advanced,14652,53
advanced,14653,57
advanced,14654,25
advanced,14655,23
advanced,14656,22
advanced,14657,16
advanced,14658,20
advanced,14659,38
advanced,14660,36
advanced,14661,40
advanced,14662,36
advanced,14663,20
advanced,14664,21
advanced,14665,22
advanced,14666,41
advanced,14667,52
advanced,14668,45
advanced,14669,13
advanced,14670,27
advanced,14671,38
advanced,14672,30
advanced,14673,46
advanced,14674,55
advanced,14675,18
advanced,14676,56
advanced,14677,23
advanced,14678,15
advanced,14679,42
advanced,14680,35
advanced,14681,38
advanced,14682,58
advanced,14683,34
advanced,14684,41
advanced,14685,45
advanced,14686,15
advanced,14687,31
advanced,14688,52
advanced,14689,20
advanced,14690,34
advanced,14691,37
advanced,14692,28
advanced,14693,32
advanced,14694,21
advanced,14695,29
advanced,14696,24
advanced,14697,35
advanced,14698,34
advanced,14699,25
advanced,14700,17
advanced,14701,38
advanced,14702,31
advanced,14703,49
advanced,14704,28
advanced,14705,22
advanced,14706,37
advanced,14707,44
advanced,14708,41
advanced,14709,10
advanced,14710,56
advanced,14711,41
advanced,14712,38
advanced,14713,40
advanced,14714,61
advanced,14715,18
advanced,14716,45
advanced,14717,47
advanced,14718,22
advanced,14719,11
advanced,14720,32
advanced,14721,26
advanced,14722,29
advanced,14723,33
advanced,14724,46
advanced,14725,53
advanced,14726,22
advanced,14727,50
advanced,14728,17
advanced,14729,48
advanced,14730,22
advanced,14731,55
advanced,14732,90
advanced,14733,29
advanced,14734,46
advanced,14735,34
advanced,14736,42
advanced,14737,67
advanced,14738,25
advanced,14739,23
advanced,14740,34
advanced,14741,36
advanced,14742,30
advanced,14743,35
advanced,14744,49
advanced,14745,21
advanced,14746,27
advanced,14747,31
advanced,14748,36
advanced,14749,36
advanced,14750,36
advanced,14751,26
advanced,14752,37
advanced,14753,49
advanced,14754,21
advanced,14755,17
advanced,14756,46
advanced,14757,42
advanced,14758,43
advanced,14759,22
advanced,14760,64
advanced,14761,29
advanced,14762,48
advanced,14763,21
advanced,14764,32
advanced,14765,39
advanced,14766,49
advanced,14767,38
advanced,14768,48
advanced,14769,65
advanced,14770,34
advanced,14771,31
advanced,14772,26
advanced,14773,32
advanced,14774,21
advanced,14775,73
advanced,14776,32
advanced,14777,21
advanced,14778,38
advanced,14779,46
advanced,14780,55
advanced,14781,23
advanced,14782,27
advanced,14783,38
advanced,14784,22
advanced,14785,24
advanced,14786,61
advanced,14787,41
advanced,14788,27
advanced,14789,32
advanced,14790,17
advanced,14791,26
advanced,14792,41
advanced,14793,44
advanced,14794,24
advanced,14795,43
advanced,14796,61
advanced,14797,45
advanced,14798,42
advanced,14799,50
advanced,14800,22
advanced,14801,16
advanced,14802,46
advanced,14803,40
advanced,14804,20
advanced,14805,31
advanced,14806,28
advanced,14807,29
advanced,14808,32
advanced,14809,35
advanced,14810,53
advanced,14811,29
advanced,14812,34
advanced,14813,44
advanced,14814,13
advanced,14815,51
advanced,14816,23
advanced,14817,56
advanced,14818,19
advanced,14819,55
advanced,14820,21
advanced,14821,29
advanced,14822,25
advanced,14823,64
advanced,14824,17
advanced,14825,38
advanced,14826,34
advanced,14827,46
advanced,14828,28
advanced,14829,42
advanced,14830,40
advanced,14831,24
advanced,14832,44
advanced,14833,32
advanced,14834,30
advanced,14835,30
advanced,14836,14
advanced,14837,20
advanced,14838,52
advanced,14839,37
advanced,14840,29
advanced,14841,37
advanced,14842,18
advanced,14843,30
advanced,14844,36
advanced,14845,39
advanced,14846,35
advanced,14847,35
advanced,14848,26
advanced,14849,51
advanced,14850,46
advanced,14851,26
advanced,14852,21
advanced,14853,37
advanced,14854,31
advanced,14855,25
advanced,14856,39
advanced,14857,60
advanced,14858,32
advanced,14859,36
advanced,14860,40
advanced,14861,44
advanced,14862,15
advanced,14863,43
advanced,14864,56
advanced,14865,72
advanced,14866,28
advanced,14867,23
advanced,14868,24
advanced,14869,43
advanced,14870,22
advanced,14871,30
advanced,14872,58
advanced,14873,52
advanced,14874,31
advanced,14875,31
advanced,14876,40
advanced,14877,50
advanced,14878,22
advanced,14879,31
advanced,14880,36
advanced,14881,76
advanced,14882,43
advanced,14883,93
advanced,14884,50
advanced,14885,39
advanced,14886,26
advanced,14887,28
advanced,14888,24
advanced,14889,136
advanced,14890,30
advanced,14891,34
advanced,14892,40
advanced,14893,19
advanced,14894,27
advanced,14895,40
advanced,14896,30
advanced,14897,23
advanced,14898,27
advanced,14899,47
advanced,14900,51
advanced,14901,17
advanced,14902,39
advanced,14903,23
advanced,14904,22
advanced,14905,18
advanced,14906,18
advanced,14907,16
advanced,14908,32
advanced,14909,47
advanced,14910,29
advanced,14911,73
advanced,14912,37
advanced,14913,35
advanced,14914,56
advanced,14915,23
advanced,14916,9
advanced,14917,38
advanced,14918,23
advanced,14919,41
advanced,14920,31
advanced,14921,28
advanced,14922,48
advanced,14923,77
advanced,14924,51
advanced,14925,34
advanced,14926,42
advanced,14927,19
advanced,14928,47
advanced,14929,39
advanced,14930,16
advanced,14931,26
advanced,14932,42
advanced,14933,43
advanced,14934,22
advanced,14935,37
advanced,14936,26
advanced,14937,22
advanced,14938,32
advanced,14939,26
advanced,14940,51
advanced,14941,38
advanced,14942,35
advanced,14943,35
advanced,14944,26
advanced,14945,24
advanced,14946,10
advanced,14947,42
advanced,14948,40
advanced,14949,30
advanced,14950,49
advanced,14951,24
advanced,14952,35
advanced,14953,49
advanced,14954,44
advanced,14955,20
advanced,14956,36
advanced,14957,40
advanced,14958,44
advanced,14959,36
advanced,14960,54
advanced,14961,38
advanced,14962,40
advanced,14963,30
advanced,14964,28
advanced,14965,29
advanced,14966,40
advanced,14967,13
advanced,14968,29
advanced,14969,32
advanced,14970,45
advanced,14971,26
advanced,14972,57
advanced,14973,22
advanced,14974,41
advanced,14975,45
advanced,14976,43
advanced,14977,57
advanced,14978,18
advanced,14979,50
advanced,14980,30
advanced,14981,28
advanced,14982,32
advanced,14983,35
advanced,14984,36
advanced,14985,28
advanced,14986,32
advanced,14987,45
advanced,14988,29
advanced,14989,24
advanced,14990,49
advanced,14991,34
advanced,14992,34
advanced,14993,77
advanced,14994,44
advanced,14995,39
advanced,14996,44
advanced,14997,49
advanced,14998,41
advanced,14999,46
advanced,15000,15
advanced,15001,35
advanced,15002,13
advanced,15003,32
advanced,15004,39
advanced,15005,35
advanced,15006,28
advanced,15007,28
advanced,15008,21
advanced,15009,8
advanced,15010,37
advanced,15011,62
advanced,15012,40
advanced,15013,28
advanced,15014,11
advanced,15015,31
advanced,15016,27
advanced,15017,22
advanced,15018,35
advanced,15019,22
advanced,15020,33
advanced,15021,33
advanced,15022,44
advanced,15023,37
advanced,15024,70
advanced,15025,22
advanced,15026,44
advanced,15027,50
advanced,15028,21
advanced,15029,39
advanced,15030,56
advanced,15031,46
advanced,15032,32
advanced,15033,22
advanced,15034,50
advanced,15035,48
advanced,15036,17
advanced,15037,12
advanced,15038,26
advanced,15039,17
advanced,15040,24
advanced,15041,38
advanced,15042,27
advanced,15043,33
advanced,15044,42
advanced,15045,35
advanced,15046,23
advanced,15047,36
advanced,15048,10
advanced,15049,14
advanced,15050,36
advanced,15051,22
advanced,15052,33
advanced,15053,37
advanced,15054,25
advanced,15055,36
advanced,15056,20
advanced,15057,36
advanced,15058,23
advanced,15059,29
advanced,15060,29
advanced,15061,30
advanced,15062,43
advanced,15063,81
advanced,15064,22
advanced,15065,17
advanced,15066,57
advanced,15067,40
advanced,15068,32
advanced,15069,33
advanced,15070,28
advanced,15071,38
advanced,15072,50
advanced,15073,21
advanced,15074,25
advanced,15075,23
advanced,15076,20
advanced,15077,38
advanced,15078,43
advanced,15079,30
advanced,15080,44
advanced,15081,63
advanced,15082,35
advanced,15083,20
advanced,15084,21
advanced,15085,24
advanced,15086,10
advanced,15087,23
advanced,15088,30
advanced,15089,41
advanced,15090,45
advanced,15091,36
advanced,15092,21
advanced,15093,34
advanced,15094,34
advanced,15095,32
advanced,15096,17
advanced,15097,32
advanced,15098,55
advanced,15099,62
advanced,15100,22
advanced,15101,19
advanced,15102,35
advanced,15103,47
advanced,15104,37
advanced,15105,26
advanced,15106,39
advanced,15107,53
advanced,15108,43
advanced,15109,37
advanced,15110,59
advanced,15111,25
advanced,15112,30
advanced,15113,28
advanced,15114,38
advanced,15115,37
advanced,15116,42
advanced,15117,14
advanced,15118,18
advanced,15119,22
advanced,15120,19
advanced,15121,31
advanced,15122,13
advanced,15123,15
advanced,15124,41
advanced,15125,44
advanced,15126,22
advanced,15127,17
advanced,15128,21
advanced,15129,28
advanced,15130,46
advanced,15131,28
advanced,15132,27
advanced,15133,17
advanced,15134,26
advanced,15135,45
advanced,15136,35
advanced,15137,28
advanced,15138,30
advanced,15139,51
advanced,15140,29
advanced,15141,48
advanced,15142,25
advanced,15143,37
advanced,15144,32
advanced,15145,43
advanced,15146,36
advanced,15147,42
advanced,15148,48
advanced,15149,28
advanced,15150,22
advanced,15151,16
advanced,15152,29
advanced,15153,20
advanced,15154,42
advanced,15155,35
advanced,15156,28
advanced,15157,40
advanced,15158,21
advanced,15159,22
advanced,15160,57
advanced,15161,38
advanced,15162,21
advanced,15163,40
advanced,15164,38
advanced,15165,14
advanced,15166,25
advanced,15167,17
advanced,15168,8
advanced,15169,34
advanced,15170,37
advanced,15171,43
advanced,15172,35
advanced,15173,49
advanced,15174,39
advanced,15175,49
advanced,15176,52
advanced,15177,31
advanced,15178,40
advanced,15179,34
advanced,15180,57
advanced,15181,51
advanced,15182,31
advanced,15183,60
advanced,15184,23
advanced,15185,18
advanced,15186,68
advanced,15187,52
advanced,15188,33
advanced,15189,26
advanced,15190,33
advanced,15191,47
advanced,15192,46
advanced,15193,15
advanced,15194,44
advanced,15195,34
advanced,15196,39
advanced,15197,37
advanced,15198,22
advanced,15199,35
advanced,15200,50
advanced,15201,33
advanced,15202,23
advanced,15203,20
advanced,15204,80
advanced,15205,39
advanced,15206,25
advanced,15207,47
advanced,15208,28
advanced,15209,22
advanced,15210,22
advanced,15211,25
advanced,15212,21
advanced,15213,33
advanced,15214,18
advanced,15215,21
advanced,15216,14
advanced,15217,45
advanced,15218,33
advanced,15219,37
advanced,15220,69
advanced,15221,29
advanced,15222,25
advanced,15223,23
advanced,15224,34
advanced,15225,46
advanced,15226,74
advanced,15227,19
advanced,15228,54
advanced,15229,57
advanced,15230,38
advanced,15231,68
advanced,15232,62
advanced,15233,24
advanced,15234,35
advanced,15235,51
advanced,15236,56
advanced,15237,47
advanced,15238,26
advanced,15239,31
advanced,15240,56
advanced,15241,88
advanced,15242,16
advanced,15243,43
advanced,15244,52
advanced,15245,36
advanced,15246,17
advanced,15247,39
advanced,15248,24
advanced,15249,48
advanced,15250,38
advanced,15251,15
advanced,15252,40
advanced,15253,39
advanced,15254,33
advanced,15255,77
advanced,15256,16
advanced,15257,22
advanced,15258,24
advanced,15259,46
advanced,15260,39
advanced,15261,25
advanced,15262,48
advanced,15263,32
advanced,15264,50
advanced,15265,43
advanced,15266,41
advanced,15267,52
advanced,15268,27
advanced,15269,29
advanced,15270,24
advanced,15271,45
advanced,15272,19
advanced,15273,89
advanced,15274,53
advanced,15275,46
advanced,15276,22
advanced,15277,20
advanced,15278,33
advanced,15279,12
advanced,15280,55
advanced,15281,21
advanced,15282,28
advanced,15283,35
advanced,15284,37
advanced,15285,24
advanced,15286,37
advanced,15287,59
advanced,15288,36
advanced,15289,18
advanced,15290,40
advanced,15291,52
advanced,15292,47
advanced,15293,36
advanced,15294,35
advanced,15295,21
advanced,15296,49
advanced,15297,40
advanced,15298,31
advanced,15299,25
advanced,15300,18
advanced,15301,14
advanced,15302,27
advanced,15303,33
advanced,15304,42
advanced,15305,37
advanced,15306,50
advanced,15307,45
advanced,15308,30
advanced,15309,49
advanced,15310,24
advanced,15311,23
advanced,15312,38
advanced,15313,79
advanced,15314,11
advanced,15315,38
advanced,15316,14
advanced,15317,46
advanced,15318,43
advanced,15319,45
advanced,15320,35
advanced,15321,30
advanced,15322,26
advanced,15323,56
advanced,15324,33
advanced,15325,28
advanced,15326,41
advanced,15327,29
advanced,15328,35
advanced,15329,30
advanced,15330,61
advanced,15331,54
advanced,15332,50
advanced,15333,48
advanced,15334,18
advanced,15335,35
advanced,15336,22
advanced,15337,24
advanced,15338,50
advanced,15339,21
advanced,15340,24
advanced,15341,48
advanced,15342,42
advanced,15343,27
advanced,15344,38
advanced,15345,33
advanced,15346,40
advanced,15347,37
advanced,15348,51
advanced,15349,15
advanced,15350,62
advanced,15351,33
advanced,15352,51
advanced,15353,15
advanced,15354,53
advanced,15355,40
advanced,15356,38
advanced,15357,80
advanced,15358,31
advanced,15359,41
advanced,15360,9
advanced,15361,27
advanced,15362,45
advanced,15363,37
advanced,15364,28
advanced,15365,36
advanced,15366,55
advanced,15367,53
advanced,15368,34
advanced,15369,13
advanced,15370,22
advanced,15371,35
advanced,15372,36
advanced,15373,26
advanced,15374,21
advanced,15375,41
advanced,15376,40
advanced,15377,36
advanced,15378,31
advanced,15379,24
advanced,15380,77
advanced,15381,27
advanced,15382,40
advanced,15383,36
advanced,15384,48
advanced,15385,28
advanced,15386,136
advanced,15387,41
advanced,15388,35
advanced,15389,14
advanced,15390,32
advanced,15391,57
advanced,15392,29
advanced,15393,24
advanced,15394,36
advanced,15395,48
advanced,15396,33
advanced,15397,51
advanced,15398,59
advanced,15399,44
advanced,15400,47
advanced,15401,34
advanced,15402,47
advanced,15403,23
advanced,15404,27
advanced,15405,23
advanced,15406,19
advanced,15407,15
advanced,15408,33
advanced,15409,31
advanced,15410,31
advanced,15411,36
advanced,15412,17
advanced,15413,19
advanced,15414,27
advanced,15415,56
advanced,15416,24
advanced,15417,21
advanced,15418,26
advanced,15419,50
advanced,15420,25
advanced,15421,23
advanced,15422,27
advanced,15423,29
advanced,15424,18
advanced,15425,47
advanced,15426,28
advanced,15427,52
advanced,15428,42
advanced,15429,26
advanced,15430,11
advanced,15431,51
advanced,15432,40
advanced,15433,49
advanced,15434,16
advanced,15435,31
advanced,15436,44
advanced,15437,94
advanced,15438,23
advanced,15439,55
advanced,15440,35
advanced,15441,32
advanced,15442,33
advanced,15443,30
advanced,15444,51
advanced,15445,42
advanced,15446,34
advanced,15447,33
advanced,15448,34
advanced,15449,28
advanced,15450,32
advanced,15451,106
advanced,15452,77
advanced,15453,26
advanced,15454,31
advanced,15455,15
advanced,15456,33
advanced,15457,33
advanced,15458,26
advanced,15459,28
advanced,15460,46
advanced,15461,37
advanced,15462,16
advanced,15463,19
advanced,15464,32
advanced,15465,27
advanced,15466,24
advanced,15467,34
advanced,15468,24
advanced,15469,34
advanced,15470,28
advanced,15471,39
advanced,15472,40
advanced,15473,58
advanced,15474,39
advanced,15475,42
advanced,15476,44
advanced,15477,34
advanced,15478,52
advanced,15479,36
advanced,15480,23
advanced,15481,42
advanced,15482,22
advanced,15483,75
advanced,15484,45
advanced,15485,37
advanced,15486,27
advanced,15487,19
advanced,15488,33
advanced,15489,71
advanced,15490,38
advanced,15491,32
advanced,15492,38
advanced,15493,22
advanced,15494,26
advanced,15495,36
advanced,15496,37
advanced,15497,23
advanced,15498,35
advanced,15499,32
advanced,15500,51
advanced,15501,45
advanced,15502,43
advanced,15503,45
advanced,15504,32
advanced,15505,29
advanced,15506,24
advanced,15507,48
advanced,15508,45
advanced,15509,19
advanced,15510,33
advanced,15511,36
advanced,15512,16
advanced,15513,40
advanced,15514,54
advanced,15515,22
advanced,15516,45
advanced,15517,30
advanced,15518,52
advanced,15519,38
advanced,15520,36
advanced,15521,47
advanced,15522,32
advanced,15523,37
advanced,15524,28
advanced,15525,27
advanced,15526,8
advanced,15527,29
advanced,15528,36
advanced,15529,35
advanced,15530,44
advanced,15531,29
advanced,15532,45
advanced,15533,30
advanced,15534,48
advanced,15535,53
advanced,15536,31
advanced,15537,47
advanced,15538,37
advanced,15539,23
advanced,15540,27
advanced,15541,47
advanced,15542,21
advanced,15543,42
advanced,15544,13
advanced,15545,24
advanced,15546,17
advanced,15547,35
advanced,15548,31
advanced,15549,74
advanced,15550,23
advanced,15551,45
advanced,15552,33
advanced,15553,23
advanced,15554,41
advanced,15555,88
advanced,15556,37
advanced,15557,32
advanced,15558,24
advanced,15559,34
advanced,15560,25
advanced,15561,24
advanced,15562,27
advanced,15563,51
advanced,15564,46
advanced,15565,54
advanced,15566,18
advanced,15567,35
advanced,15568,35
advanced,15569,30
advanced,15570,22
advanced,15571,38
advanced,15572,27
advanced,15573,25
advanced,15574,39
advanced,15575,52
advanced,15576,28
advanced,15577,40
advanced,15578,52
advanced,15579,50
advanced,15580,35
advanced,15581,54
advanced,15582,35
advanced,15583,27
advanced,15584,50
advanced,15585,29
advanced,15586,28
advanced,15587,35
advanced,15588,29
advanced,15589,29
advanced,15590,48
advanced,15591,34
advanced,15592,16
advanced,15593,34
advanced,15594,52
advanced,15595,18
advanced,15596,38
advanced,15597,41
advanced,15598,31
advanced,15599,37
advanced,15600,45
advanced,15601,29
advanced,15602,36
advanced,15603,56
advanced,15604,40
advanced,15605,59
advanced,15606,51
advanced,15607,32
advanced,15608,22
advanced,15609,41
advanced,15610,38
advanced,15611,15
advanced,15612,61
advanced,15613,46
advanced,15614,20
advanced,15615,47
advanced,15616,21
advanced,15617,22
advanced,15618,55
advanced,15619,51
advanced,15620,14
advanced,15621,47
advanced,15622,31
advanced,15623,23
advanced,15624,28
advanced,15625,35
advanced,15626,32
advanced,15627,35
advanced,15628,42
advanced,15629,35
advanced,15630,62
advanced,15631,47
advanced,15632,31
advanced,15633,28
advanced,15634,48
advanced,15635,28
advanced,15636,18
advanced,15637,60
advanced,15638,22
advanced,15639,45
advanced,15640,28
advanced,15641,25
advanced,15642,31
advanced,15643,42
advanced,15644,40
advanced,15645,10
advanced,15646,41
advanced,15647,46
advanced,15648,39
advanced,15649,21
advanced,15650,21
advanced,15651,45
advanced,15652,35
advanced,15653,23
advanced,15654,24
advanced,15655,23
advanced,15656,34
advanced,15657,16
advanced,15658,15
advanced,15659,32
advanced,15660,45
advanced,15661,25
advanced,15662,43
advanced,15663,19
advanced,15664,25
advanced,15665,20
advanced,15666,42
advanced,15667,40
advanced,15668,32
advanced,15669,46
advanced,15670,33
advanced,15671,20
advanced,15672,30
advanced,15673,29
advanced,15674,62
advanced,15675,31
advanced,15676,34
advanced,15677,42
advanced,15678,70
advanced,15679,29
advanced,15680,17
advanced,15681,24
advanced,15682,49
advanced,15683,44
advanced,15684,34
advanced,15685,44
advanced,15686,41
advanced,15687,46
advanced,15688,46
advanced,15689,32
advanced,15690,50
advanced,15691,27
advanced,15692,73
advanced,15693,20
advanced,15694,23
advanced,15695,27
advanced,15696,29
advanced,15697,31
advanced,15698,30
advanced,15699,73
advanced,15700,41
advanced,15701,46
advanced,15702,33
advanced,15703,20
advanced,15704,58
advanced,15705,26
advanced,15706,33
advanced,15707,32
advanced,15708,31
advanced,15709,38
advanced,15710,56
advanced,15711,24
advanced,15712,24
advanced,15713,28
advanced,15714,26
advanced,15715,47
advanced,15716,30
advanced,15717,41
advanced,15718,44
advanced,15719,11
advanced,15720,29
advanced,15721,16
advanced,15722,25
advanced,15723,34
advanced,15724,53
advanced,15725,16
advanced,15726,55
advanced,15727,39
advanced,15728,84
advanced,15729,27
advanced,15730,23
advanced,15731,34
advanced,15732,17
advanced,15733,39
advanced,15734,54
advanced,15735,27
advanced,15736,39
advanced,15737,35
advanced,15738,11
advanced,15739,46
advanced,15740,35
advanced,15741,32
advanced,15742,22
advanced,15743,39
advanced,15744,18
advanced,15745,38
advanced,15746,42
advanced,15747,22
advanced,15748,36
advanced,15749,25
advanced,15750,34
advanced,15751,47
advanced,15752,15
advanced,15753,41
advanced,15754,15
advanced,15755,21
advanced,15756,31
advanced,15757,34
advanced,15758,73
advanced,15759,25
advanced,15760,27
advanced,15761,25
advanced,15762,34
advanced,15763,40
advanced,15764,37
advanced,15765,41
advanced,15766,38
advanced,15767,42
advanced,15768,21
advanced,15769,57
advanced,15770,32
advanced,15771,23
advanced,15772,33
advanced,15773,11
advanced,15774,41
advanced,15775,24
advanced,15776,20
advanced,15777,25
advanced,15778,29
advanced,15779,46
advanced,15780,32
advanced,15781,35
advanced,15782,33
advanced,15783,36
advanced,15784,23
advanced,15785,48
advanced,15786,38
advanced,15787,46
advanced,15788,38
advanced,15789,23
advanced,15790,32
advanced,15791,36
advanced,15792,49
advanced,15793,59
advanced,15794,34
advanced,15795,41
advanced,15796,50
advanced,15797,32
advanced,15798,58
advanced,15799,9
advanced,15800,30
advanced,15801,27
advanced,15802,16
advanced,15803,28
advanced,15804,35
advanced,15805,31
advanced,15806,52
advanced,15807,27
advanced,15808,15
advanced,15809,29
advanced,15810,52
advanced,15811,25
advanced,15812,36
advanced,15813,18
advanced,15814,32
advanced,15815,32
advanced,15816,35
advanced,15817,31
advanced,15818,34
advanced,15819,12
advanced,15820,40
advanced,15821,35
advanced,15822,12
advanced,15823,31
advanced,15824,38
advanced,15825,39
advanced,15826,65
advanced,15827,39
advanced,15828,19
advanced,15829,22
advanced,15830,74
advanced,15831,42
advanced,15832,32
advanced,15833,25
advanced,15834,42
advanced,15835,22
advanced,15836,38
advanced,15837,81
advanced,15838,54
advanced,15839,33
advanced,15840,46
advanced,15841,24
advanced,15842,18
advanced,15843,65
advanced,15844,30
advanced,15845,59
advanced,15846,39
advanced,15847,28
advanced,15848,37
advanced,15849,22
advanced,15850,8
advanced,15851,48
advanced,15852,22
advanced,15853,41
advanced,15854,47
advanced,15855,40
advanced,15856,57
advanced,15857,24
advanced,15858,33
advanced,15859,69
advanced,15860,35
advanced,15861,29
advanced,15862,44
advanced,15863,36
advanced,15864,24
advanced,15865,44
advanced,15866,39
advanced,15867,32
advanced,15868,26
advanced,15869,27
advanced,15870,26
advanced,15871,31
advanced,15872,17
advanced,15873,15
advanced,15874,40
advanced,15875,23
advanced,15876,27
advanced,15877,9
advanced,15878,14
advanced,15879,50
advanced,15880,33
advanced,15881,38
advanced,15882,32
advanced,15883,32
advanced,15884,39
advanced,15885,47
advanced,15886,43
advanced,15887,61
advanced,15888,29
advanced,15889,40
advanced,15890,25
advanced,15891,29
advanced,15892,34
advanced,15893,22
advanced,15894,37
advanced,15895,52
advanced,15896,38
advanced,15897,34
advanced,15898,21
advanced,15899,32
advanced,15900,40
advanced,15901,64
advanced,15902,26
advanced,15903,26
advanced,15904,42
advanced,15905,35
advanced,15906,15
advanced,15907,38
advanced,15908,45
advanced,15909,36
advanced,15910,44
advanced,15911,33
advanced,15912,43
advanced,15913,21
advanced,15914,40
advanced,15915,37
advanced,15916,11
advanced,15917,40
advanced,15918,42
advanced,15919,35
advanced,15920,26
advanced,15921,59
advanced,15922,18
advanced,15923,35
advanced,15924,38
advanced,15925,43
advanced,15926,22
advanced,15927,29
advanced,15928,42
advanced,15929,24
advanced,15930,31
advanced,15931,45
advanced,15932,23
advanced,15933,39
advanced,15934,55
advanced,15935,47
advanced,15936,32
advanced,15937,18
advanced,15938,40
advanced,15939,52
advanced,15940,28
advanced,15941,55
advanced,15942,25
advanced,15943,44
advanced,15944,64
advanced,15945,62
advanced,15946,41
advanced,15947,28
advanced,15948,95
advanced,15949,27
advanced,15950,17
advanced,15951,37
advanced,15952,27
advanced,15953,44
advanced,15954,51
advanced,15955,43
advanced,15956,30
advanced,15957,30
advanced,15958,44
advanced,15959,36
advanced,15960,48
advanced,15961,17
advanced,15962,32
advanced,15963,20
advanced,15964,21
advanced,15965,16
advanced,15966,50
advanced,15967,28
advanced,15968,23
advanced,15969,28
advanced,15970,40
advanced,15971,25
advanced,15972,27
advanced,15973,50
advanced,15974,38
advanced,15975,37
advanced,15976,20
advanced,15977,41
advanced,15978,34
advanced,15979,18
advanced,15980,43
advanced,15981,42
advanced,15982,36
advanced,15983,39
advanced,15984,42
advanced,15985,29
advanced,15986,21
advanced,15987,70
advanced,15988,33
advanced,15989,63
advanced,15990,22
advanced,15991,27
advanced,15992,36
advanced,15993,50
advanced,15994,49
advanced,15995,30
advanced,15996,33
advanced,15997,38
advanced,15998,36
advanced,15999,42
advanced,16000,23
advanced,16001,49
advanced,16002,38
advanced,16003,31
advanced,16004,40
advanced,16005,23
advanced,16006,48
advanced,16007,49
advanced,16008,26
advanced,16009,52
advanced,16010,46
advanced,16011,31
advanced,16012,25
advanced,16013,35
advanced,16014,25
advanced,16015,34
advanced,16016,28
advanced,16017,22
advanced,16018,33
advanced,16019,39
advanced,16020,32
advanced,16021,19
advanced,16022,26
advanced,16023,33
advanced,16024,38
advanced,16025,38
advanced,16026,25
advanced,16027,29
advanced,16028,41
advanced,16029,26
advanced,16030,24
advanced,16031,28
advanced,16032,29
advanced,16033,20
advanced,16034,39
advanced,16035,65
advanced,16036,31
advanced,16037,36
advanced,16038,27
advanced,16039,20
advanced,16040,52
advanced,16041,45
advanced,16042,23
advanced,16043,10
advanced,16044,44
advanced,16045,18
advanced,16046,32
advanced,16047,42
advanced,16048,22
advanced,16049,50
advanced,16050,25
advanced,16051,15
advanced,16052,45
advanced,16053,25
advanced,16054,39
advanced,16055,39
advanced,16056,26
advanced,16057,28
advanced,16058,34
advanced,16059,30
advanced,16060,35
advanced,16061,44
advanced,16062,27
advanced,16063,35
advanced,16064,47
advanced,16065,31
advanced,16066,19
advanced,16067,35
advanced,16068,41
advanced,16069,44
advanced,16070,15
advanced,16071,19
advanced,16072,21
advanced,16073,51
advanced,16074,43
advanced,16075,40
advanced,16076,30
advanced,16077,24
advanced,16078,43
advanced,16079,54
advanced,16080,29
advanced,16081,31
advanced,16082,45
advanced,16083,38
advanced,16084,39
advanced,16085,42
advanced,16086,57
advanced,16087,28
advanced,16088,40
advanced,16089,32
advanced,16090,42
advanced,16091,52
advanced,16092,21
advanced,16093,24
advanced,16094,50
advanced,16095,27
advanced,16096,11
advanced,16097,30
advanced,16098,17
advanced,16099,46
advanced,16100,50
advanced,16101,26
advanced,16102,34
advanced,16103,40
advanced,16104,53
advanced,16105,20
advanced,16106,38
advanced,16107,30
advanced,16108,28
advanced,16109,15
advanced,16110,27
advanced,16111,36
advanced,16112,31
advanced,16113,63
advanced,16114,56
advanced,16115,25
advanced,16116,36
advanced,16117,69
advanced,16118,37
advanced,16119,39
advanced,16120,24
advanced,16121,49
advanced,16122,25
advanced,16123,23
advanced,16124,62
advanced,16125,21
advanced,16126,38
advanced,16127,38
advanced,16128,43
advanced,16129,41
advanced,16130,31
advanced,16131,26
advanced,16132,34
advanced,16133,48
advanced,16134,21
advanced,16135,15
advanced,16136,48
advanced,16137,52
advanced,16138,46
advanced,16139,37
advanced,16140,27
advanced,16141,38
advanced,16142,26
advanced,16143,28
advanced,16144,10
advanced,16145,28
advanced,16146,24
advanced,16147,25
advanced,16148,24
advanced,16149,32
advanced,16150,22
advanced,16151,42
advanced,16152,38
advanced,16153,40
advanced,16154,27
advanced,16155,43
advanced,16156,34
advanced,16157,46
advanced,16158,15
advanced,16159,27
advanced,16160,24
advanced,16161,35
advanced,16162,50
advanced,16163,39
advanced,16164,20
advanced,16165,39
advanced,16166,59
advanced,16167,57
advanced,16168,48
advanced,16169,9
advanced,16170,29
advanced,16171,34
advanced,16172,35
advanced,16173,35
advanced,16174,75
advanced,16175,33
advanced,16176,71
advanced,16177,19
advanced,16178,32
advanced,16179,33
advanced,16180,37
advanced,16181,19
advanced,16182,25
advanced,16183,36
advanced,16184,53
advanced,16185,45
advanced,16186,54
advanced,16187,49
advanced,16188,25
advanced,16189,30
advanced,16190,42
advanced,16191,33
advanced,16192,49
advanced,16193,29
advanced,16194,42
advanced,16195,37
advanced,16196,20
advanced,16197,44
advanced,16198,24
advanced,16199,80
advanced,16200,32
advanced,16201,29
advanced,16202,45
advanced,16203,33
advanced,16204,41
advanced,16205,39
advanced,16206,32
advanced,16207,31
advanced,16208,19
advanced,16209,50
advanced,16210,38
advanced,16211,62
advanced,16212,27
advanced,16213,41
advanced,16214,24
advanced,16215,42
advanced,16216,31
advanced,16217,42
advanced,16218,30
advanced,16219,21
advanced,16220,34
advanced,16221,29
advanced,16222,45
advanced,16223,42
advanced,16224,28
advanced,16225,47
advanced,16226,37
advanced,16227,75
advanced,16228,18
advanced,16229,27
advanced,16230,48
advanced,16231,55
advanced,16232,20
advanced,16233,42
advanced,16234,26
advanced,16235,58
advanced,16236,26
advanced,16237,50
advanced,16238,24
advanced,16239,43
advanced,16240,39
advanced,16241,37
advanced,16242,30
advanced,16243,33
advanced,16244,28
advanced,16245,20
advanced,16246,67
advanced,16247,40
advanced,16248,59
advanced,16249,35
advanced,16250,48
advanced,16251,39
advanced,16252,35
advanced,16253,48
advanced,16254,39
advanced,16255,33
advanced,16256,46
advanced,16257,37
advanced,16258,61
advanced,16259,20
advanced,16260,35
advanced,16261,29
advanced,16262,37
advanced,16263,33
advanced,16264,43
advanced,16265,41
advanced,16266,32
advanced,16267,43
advanced,16268,28
advanced,16269,21
advanced,16270,70
advanced,16271,61
advanced,16272,47
advanced,16273,28
advanced,16274,31
advanced,16275,11
advanced,16276,34
advanced,16277,16
advanced,16278,28
advanced,16279,18
advanced,16280,19
advanced,16281,18
advanced,16282,35
advanced,16283,33
advanced,16284,42
advanced,16285,27
advanced,16286,38
advanced,16287,38
advanced,16288,21
advanced,16289,28
advanced,16290,27
advanced,16291,27
advanced,16292,12
advanced,16293,53
advanced,16294,49
advanced,16295,34
advanced,16296,41
advanced,16297,42
advanced,16298,48
advanced,16299,31
advanced,16300,31
advanced,16301,21
advanced,16302,37
advanced,16303,7
advanced,16304,42
advanced,16305,30
advanced,16306,9
advanced,16307,41
advanced,16308,14
advanced,16309,40
advanced,16310,22
advanced,16311,33
advanced,16312,22
advanced,16313,18
advanced,16314,27
advanced,16315,38
advanced,16316,21
advanced,16317,53
advanced,16318,32
advanced,16319,43
advanced,16320,10
advanced,16321,35
advanced,16322,36
advanced,16323,47
advanced,16324,26
advanced,16325,26
advanced,16326,23
advanced,16327,36
advanced,16328,29
advanced,16329,24
advanced,16330,34
advanced,16331,34
advanced,16332,38
advanced,16333,20
advanced,16334,29
advanced,16335,33
advanced,16336,32
advanced,16337,27
advanced,16338,33
advanced,16339,40
advanced,16340,30
advanced,16341,31
advanced,16342,43
advanced,16343,25
advanced,16344,52
advanced,16345,43
advanced,16346,14
advanced,16347,41
advanced,16348,35
advanced,16349,32
advanced,16350,42
advanced,16351,48
advanced,16352,47
advanced,16353,37
advanced,16354,74
advanced,16355,48
advanced,16356,28
advanced,16357,35
advanced,16358,25
advanced,16359,36
advanced,16360,25
advanced,16361,24
advanced,16362,80
advanced,16363,38
advanced,16364,25
advanced,16365,64
advanced,16366,26
advanced,16367,39
advanced,16368,43
advanced,16369,42
advanced,16370,48
advanced,16371,41
advanced,16372,24
advanced,16373,24
advanced,16374,46
advanced,16375,15
advanced,16376,12
advanced,16377,52
advanced,16378,14
advanced,16379,42
advanced,16380,92
advanced,16381,40
advanced,16382,29
advanced,16383,40
advanced,16384,33
advanced,16385,21
advanced,16386,49
advanced,16387,36
advanced,16388,39
advanced,16389,22
advanced,16390,22
advanced,16391,24
advanced,16392,28
advanced,16393,40
advanced,16394,50
advanced,16395,42
advanced,16396,19
advanced,16397,49
advanced,16398,30
advanced,16399,39
advanced,16400,38
advanced,16401,45
advanced,16402,46
advanced,16403,41
advanced,16404,54
advanced,16405,21
advanced,16406,41
advanced,16407,48
advanced,16408,31
advanced,16409,22
advanced,16410,22
advanced,16411,19
advanced,16412,32
advanced,16413,30
advanced,16414,60
advanced,16415,39
advanced,16416,18
advanced,16417,28
advanced,16418,104
advanced,16419,51
advanced,16420,21
advanced,16421,67
advanced,16422,38
advanced,16423,37
advanced,16424,30
advanced,16425,40
advanced,16426,34
advanced,16427,44
advanced,16428,25
advanced,16429,37
advanced,16430,22
advanced,16431,39
advanced,16432,44
advanced,16433,32
advanced,16434,35
advanced,16435,68
advanced,16436,31
advanced,16437,47
advanced,16438,53
advanced,16439,33
advanced,16440,33
advanced,16441,31
advanced,16442,31
advanced,16443,36
advanced,16444,41
advanced,16445,38
advanced,16446,12
advanced,16447,22
advanced,16448,28
advanced,16449,43
advanced,16450,47
advanced,16451,37
advanced,16452,40
advanced,16453,30
advanced,16454,33
advanced,16455,56
advanced,16456,16
advanced,16457,33
advanced,16458,55
advanced,16459,30
advanced,16460,25
advanced,16461,34
advanced,16462,28
advanced,16463,32
advanced,16464,19
advanced,16465,53
advanced,16466,33
advanced,16467,36
advanced,16468,8
advanced,16469,22
advanced,16470,40
advanced,16471,35
advanced,16472,24
advanced,16473,49
advanced,16474,30
advanced,16475,23
advanced,16476,43
advanced,16477,32
advanced,16478,42
advanced,16479,33
advanced,16480,62
advanced,16481,43
advanced,16482,31
advanced,16483,26
advanced,16484,10
advanced,16485,23
advanced,16486,43
advanced,16487,61
advanced,16488,18
advanced,16489,29
advanced,16490,27
advanced,16491,21
advanced,16492,21
advanced,16493,56
advanced,16494,27
advanced,16495,33
advanced,16496,26
advanced,16497,54
advanced,16498,11
advanced,16499,36
advanced,16500,102
advanced,16501,45
advanced,16502,23
advanced,16503,35
advanced,16504,5
advanced,16505,36
advanced,16506,44
advanced,16507,30
advanced,16508,49
advanced,16509,28
advanced,16510,21
advanced,16511,17
advanced,16512,70
advanced,16513,31
advanced,16514,41
advanced,16515,37
advanced,16516,27
advanced,16517,60
advanced,16518,40
advanced,16519,29
advanced,16520,40
advanced,16521,12
advanced,16522,31
advanced,16523,24
advanced,16524,22
advanced,16525,33
advanced,16526,25
advanced,16527,42
advanced,16528,24
advanced,16529,17
advanced,16530,47
advanced,16531,44
advanced,16532,32
advanced,16533,41
advanced,16534,39
advanced,16535,33
advanced,16536,27
advanced,16537,42
advanced,16538,20
advanced,16539,45
advanced,16540,43
advanced,16541,34
advanced,16542,13
advanced,16543,30
advanced,16544,44
advanced,16545,53
advanced,16546,45
advanced,16547,23
advanced,16548,40
advanced,16549,44
advanced,16550,37
advanced,16551,34
advanced,16552,44
advanced,16553,34
advanced,16554,39
advanced,16555,40
advanced,16556,32
advanced,16557,51
advanced,16558,58
advanced,16559,28
advanced,16560,49
advanced,16561,33
advanced,16562,28
advanced,16563,54
advanced,16564,38
advanced,16565,42
advanced,16566,63
advanced,16567,23
advanced,16568,42
advanced,16569,25
advanced,16570,44
advanced,16571,59
advanced,16572,27
advanced,16573,21
advanced,16574,45
advanced,16575,28
advanced,16576,36
advanced,16577,32
advanced,16578,39
advanced,16579,26
advanced,16580,30
advanced,16581,41
advanced,16582,27
advanced,16583,41
advanced,16584,28
advanced,16585,28
advanced,16586,27
advanced,16587,31
advanced,16588,21
advanced,16589,19
advanced,16590,30
advanced,16591,25
advanced,16592,26
advanced,16593,26
advanced,16594,66
advanced,16595,32
advanced,16596,42
advanced,16597,24
advanced,16598,43
advanced,16599,50
advanced,16600,37
advanced,16601,43
advanced,16602,20
advanced,16603,35
advanced,16604,31
advanced,16605,23
advanced,16606,19
advanced,16607,60
advanced,16608,34
advanced,16609,45
advanced,16610,27
advanced,16611,36
advanced,16612,29
advanced,16613,27
advanced,16614,24
advanced,16615,36
advanced,16616,29
advanced,16617,29
advanced,16618,14
advanced,16619,46
advanced,16620,14
advanced,16621,30
advanced,16622,33
advanced,16623,43
advanced,16624,52
advanced,16625,75
advanced,16626,18
advanced,16627,14
advanced,16628,55
advanced,16629,24
advanced,16630,56
advanced,16631,35
advanced,16632,52
advanced,16633,25
advanced,16634,39
advanced,16635,30
advanced,16636,20
advanced,16637,34
advanced,16638,32
advanced,16639,29
advanced,16640,33
advanced,16641,36
advanced,16642,23
advanced,16643,21
advanced,16644,30
advanced,16645,45
advanced,16646,22
advanced,16647,27
advanced,16648,52
advanced,16649,20
advanced,16650,16
advanced,16651,30
advanced,16652,29
advanced,16653,37
advanced,16654,47
advanced,16655,23
advanced,16656,37
advanced,16657,46
advanced,16658,21
advanced,16659,32
advanced,16660,32
advanced,16661,15
advanced,16662,12
advanced,16663,88
advanced,16664,50
advanced,16665,31
advanced,16666,42
advanced,16667,37
advanced,16668,22
advanced,16669,34
advanced,16670,34
advanced,16671,42
advanced,16672,45
advanced,16673,35
advanced,16674,22
advanced,16675,26
advanced,16676,37
advanced,16677,23
advanced,16678,23
advanced,16679,34
advanced,16680,48
advanced,16681,48
advanced,16682,34
advanced,16683,13
advanced,16684,40
advanced,16685,43
advanced,16686,15
advanced,16687,46
advanced,16688,25
advanced,16689,9
advanced,16690,58
advanced,16691,32
advanced,16692,26
advanced,16693,45
advanced,16694,65
advanced,16695,31
advanced,16696,19
advanced,16697,29
advanced,16698,39
advanced,16699,27
advanced,16700,52
advanced,16701,37
advanced,16702,46
advanced,16703,49
advanced,16704,46
advanced,16705,19
advanced,16706,29
advanced,16707,56
advanced,16708,25
advanced,16709,32
advanced,16710,37
advanced,16711,42
advanced,16712,25
advanced,16713,58
advanced,16714,42
advanced,16715,53
advanced,16716,31
advanced,16717,40
advanced,16718,53
advanced,16719,30
advanced,16720,81
advanced,16721,13
advanced,16722,34
advanced,16723,20
advanced,16724,28
advanced,16725,67
advanced,16726,32
advanced,16727,20
advanced,16728,24
advanced,16729,19
advanced,16730,36
advanced,16731,42
advanced,16732,24
advanced,16733,43
advanced,16734,48
advanced,16735,43
advanced,16736,29
advanced,16737,42
advanced,16738,80
advanced,16739,29
advanced,16740,20
advanced,16741,46
advanced,16742,43
advanced,16743,55
advanced,16744,26
advanced,16745,33
advanced,16746,18
advanced,16747,27
advanced,16748,40
advanced,16749,40
advanced,16750,48
advanced,16751,11
advanced,16752,51
advanced,16753,28
advanced,16754,29
advanced,16755,45
advanced,16756,25
advanced,16757,15
advanced,16758,31
advanced,16759,15
advanced,16760,25
advanced,16761,45
advanced,16762,48
advanced,16763,62
advanced,16764,23
advanced,16765,41
advanced,16766,50
advanced,16767,40
advanced,16768,54
advanced,16769,39
advanced,16770,24
advanced,16771,46
advanced,16772,37
advanced,16773,35
advanced,16774,39
advanced,16775,32
advanced,16776,57
advanced,16777,27
advanced,16778,27
advanced,16779,49
advanced,16780,33
advanced,16781,31
advanced,16782,28
advanced,16783,76
advanced,16784,20
advanced,16785,23
advanced,16786,16
advanced,16787,33
advanced,16788,21
advanced,16789,50
advanced,16790,28
advanced,16791,29
advanced,16792,29
advanced,16793,50
advanced,16794,27
advanced,16795,28
advanced,16796,43
advanced,16797,57
advanced,16798,29
advanced,16799,34
advanced,16800,21
advanced,16801,30
advanced,16802,22
advanced,16803,36
advanced,16804,68
advanced,16805,42
advanced,16806,33
advanced,16807,35
advanced,16808,31
advanced,16809,41
advanced,16810,32
advanced,16811,26
advanced,16812,35
advanced,16813,47
advanced,16814,22
advanced,16815,48
advanced,16816,40
advanced,16817,42
advanced,16818,15
advanced,16819,10
advanced,16820,45
advanced,16821,28
advanced,16822,33
advanced,16823,53
advanced,16824,20
advanced,16825,32
advanced,16826,30
advanced,16827,30
advanced,16828,23
advanced,16829,32
advanced,16830,36
advanced,16831,42
advanced,16832,21
advanced,16833,43
advanced,16834,18
advanced,16835,30
advanced,16836,25
advanced,16837,56
advanced,16838,20
advanced,16839,35
advanced,16840,12
advanced,16841,51
advanced,16842,45
advanced,16843,28
advanced,16844,23
advanced,16845,39
advanced,16846,32
advanced,16847,37
advanced,16848,44
advanced,16849,28
advanced,16850,51
advanced,16851,20
advanced,16852,31
advanced,16853,29
advanced,16854,37
advanced,16855,30
advanced,16856,81
advanced,16857,48
advanced,16858,40
advanced,16859,59
advanced,16860,24
advanced,16861,34
advanced,16862,37
advanced,16863,26
advanced,16864,18
advanced,16865,10
advanced,16866,19
advanced,16867,84
advanced,16868,24
advanced,16869,32
advanced,16870,31
advanced,16871,50
advanced,16872,43
advanced,16873,16
advanced,16874,28
advanced,16875,12
advanced,16876,85
advanced,16877,31
advanced,16878,38
advanced,16879,66
advanced,16880,22
advanced,16881,18
advanced,16882,19
advanced,16883,28
advanced,16884,20
advanced,16885,28
advanced,16886,35
advanced,16887,61
advanced,16888,20
advanced,16889,10
advanced,16890,11
advanced,16891,19
advanced,16892,32
advanced,16893,39
advanced,16894,36
advanced,16895,37
advanced,16896,12
advanced,16897,36
advanced,16898,40
advanced,16899,30
advanced,16900,39
advanced,16901,61
advanced,16902,26
advanced,16903,29
advanced,16904,18
advanced,16905,20
advanced,16906,21
advanced,16907,23
advanced,16908,25
advanced,16909,34
advanced,16910,53
advanced,16911,32
advanced,16912,34
advanced,16913,21
advanced,16914,18
advanced,16915,27
advanced,16916,25
advanced,16917,51
advanced,16918,39
advanced,16919,28
advanced,16920,23
advanced,16921,29
advanced,16922,37
advanced,16923,24
advanced,16924,26
advanced,16925,32
advanced,16926,36
advanced,16927,35
advanced,16928,54
advanced,16929,23
advanced,16930,24
advanced,16931,22
advanced,16932,39
advanced,16933,50
advanced,16934,39
advanced,16935,40
advanced,16936,32
advanced,16937,28
advanced,16938,33
advanced,16939,26
advanced,16940,25
advanced,16941,20
advanced,16942,55
advanced,16943,33
advanced,16944,11
advanced,16945,31
advanced,16946,38
advanced,16947,46
advanced,16948,30
advanced,16949,52
advanced,16950,27
advanced,16951,35
advanced,16952,47
advanced,16953,21
advanced,16954,47
advanced,16955,23
advanced,16956,88
advanced,16957,27
advanced,16958,32
advanced,16959,30
advanced,16960,61
advanced,16961,43
advanced,16962,34
advanced,16963,60
advanced,16964,30
advanced,16965,31
advanced,16966,26
advanced,16967,22
advanced,16968,27
advanced,16969,31
advanced,16970,15
advanced,16971,11
advanced,16972,28
advanced,16973,36
advanced,16974,30
advanced,16975,36
advanced,16976,37
advanced,16977,30
advanced,16978,28
advanced,16979,32
advanced,16980,17
advanced,16981,15
advanced,16982,63
advanced,16983,42
advanced,16984,22
advanced,16985,41
advanced,16986,15
advanced,16987,22
advanced,16988,23
advanced,16989,54
advanced,16990,24
advanced,16991,34
advanced,16992,24
advanced,16993,48
advanced,16994,36
advanced,16995,25
advanced,16996,9
advanced,16997,20
advanced,16998,33
advanced,16999,50
advanced,17000,32
advanced,17001,48
advanced,17002,36
advanced,17003,58
advanced,17004,37
advanced,17005,9
advanced,17006,49
advanced,17007,38
advanced,17008,36
advanced,17009,34
advanced,17010,32
advanced,17011,25
advanced,17012,70
advanced,17013,25
advanced,17014,15
advanced,17015,47
advanced,17016,25
advanced,17017,21
advanced,17018,46
advanced,17019,48
advanced,17020,17
advanced,17021,41
advanced,17022,42
advanced,17023,47
advanced,17024,51
advanced,17025,17
advanced,17026,21
advanced,17027,41
advanced,17028,28
advanced,17029,55
advanced,17030,28
advanced,17031,29
advanced,17032,15
advanced,17033,27
advanced,17034,64
advanced,17035,29
advanced,17036,27
advanced,17037,40
advanced,17038,29
advanced,17039,26
advanced,17040,15
advanced,17041,22
advanced,17042,20
advanced,17043,34
advanced,17044,22
advanced,17045,68
advanced,17046,55
advanced,17047,33
advanced,17048,34
advanced,17049,33
advanced,17050,91
advanced,17051,40
advanced,17052,38
advanced,17053,33
advanced,17054,57
advanced,17055,20
advanced,17056,26
advanced,17057,24
advanced,17058,28
advanced,17059,12
advanced,17060,59
advanced,17061,28
advanced,17062,72
advanced,17063,44
advanced,17064,31
advanced,17065,13
advanced,17066,42
advanced,17067,17
advanced,17068,32
advanced,17069,20
advanced,17070,50
advanced,17071,34
advanced,17072,31
advanced,17073,35
advanced,17074,12
advanced,17075,26
advanced,17076,18
advanced,17077,46
advanced,17078,28
advanced,17079,14
advanced,17080,24
advanced,17081,38
advanced,17082,37
advanced,17083,33
advanced,17084,35
advanced,17085,51
advanced,17086,20
advanced,17087,52
advanced,17088,22
advanced,17089,17
advanced,17090,18
advanced,17091,35
advanced,17092,35
advanced,17093,26
advanced,17094,74
advanced,17095,31
advanced,17096,40
advanced,17097,27
advanced,17098,30
advanced,17099,34
advanced,17100,26
advanced,17101,25
advanced,17102,35
advanced,17103,32
advanced,17104,22
advanced,17105,30
advanced,17106,41
advanced,17107,92
advanced,17108,33
advanced,17109,23
advanced,17110,48
advanced,17111,52
advanced,17112,21
advanced,17113,37
advanced,17114,31
advanced,17115,21
advanced,17116,47
advanced,17117,28
advanced,17118,38
advanced,17119,35
advanced,17120,32
advanced,17121,52
advanced,17122,19
advanced,17123,28
advanced,17124,37
advanced,17125,32
advanced,17126,40
advanced,17127,34
advanced,17128,42
advanced,17129,38
advanced,17130,23
advanced,17131,43
advanced,17132,11
advanced,17133,47
advanced,17134,29
advanced,17135,66
advanced,17136,45
advanced,17137,29
advanced,17138,31
advanced,17139,35
advanced,17140,36
advanced,17141,43
advanced,17142,55
advanced,17143,64
advanced,17144,51
advanced,17145,45
advanced,17146,47
advanced,17147,26
advanced,17148,38
advanced,17149,50
advanced,17150,29
advanced,17151,35
advanced,17152,18
advanced,17153,56
advanced,17154,57
advanced,17155,38
advanced,17156,43
advanced,17157,33
advanced,17158,28
advanced,17159,49
advanced,17160,37
advanced,17161,40
advanced,17162,31
advanced,17163,26
advanced,17164,37
advanced,17165,49
advanced,17166,25
advanced,17167,31
advanced,17168,22
advanced,17169,38
advanced,17170,56
advanced,17171,43
advanced,17172,8
advanced,17173,35
advanced,17174,70
advanced,17175,40
advanced,17176,26
advanced,17177,24
advanced,17178,32
advanced,17179,29
advanced,17180,43
advanced,17181,19
advanced,17182,36
advanced,17183,32
advanced,17184,35
advanced,17185,25
advanced,17186,38
advanced,17187,19
advanced,17188,49
advanced,17189,18
advanced,17190,11
advanced,17191,34
advanced,17192,26
advanced,17193,29
advanced,17194,35
advanced,17195,41
advanced,17196,32
advanced,17197,22
advanced,17198,35
advanced,17199,35
advanced,17200,60
advanced,17201,54
advanced,17202,74
advanced,17203,82
advanced,17204,11
advanced,17205,12
advanced,17206,63
advanced,17207,29
advanced,17208,25
advanced,17209,30
advanced,17210,48
advanced,17211,23
advanced,17212,44
advanced,17213,36
advanced,17214,22
advanced,17215,41
advanced,17216,74
advanced,17217,58
advanced,17218,41
advanced,17219,74
advanced,17220,21
advanced,17221,69
advanced,17222,26
advanced,17223,30
advanced,17224,54
advanced,17225,34
advanced,17226,25
advanced,17227,56
advanced,17228,49
advanced,17229,44
advanced,17230,24
advanced,17231,26
advanced,17232,24
advanced,17233,48
advanced,17234,30
advanced,17235,32
advanced,17236,14
advanced,17237,57
advanced,17238,34
advanced,17239,28
advanced,17240,16
advanced,17241,30
advanced,17242,20
advanced,17243,36
advanced,17244,29
advanced,17245,16
advanced,17246,16
advanced,17247,49
advanced,17248,12
advanced,17249,27
advanced,17250,9
advanced,17251,20
advanced,17252,27
advanced,17253,37
advanced,17254,31
advanced,17255,23
advanced,17256,44
advanced,17257,37
advanced,17258,35
advanced,17259,38
advanced,17260,28
advanced,17261,37
advanced,17262,62
advanced,17263,47
advanced,17264,30
advanced,17265,15
advanced,17266,50
advanced,17267,27
advanced,17268,24
advanced,17269,21
advanced,17270,24
advanced,17271,41
advanced,17272,42
advanced,17273,38
advanced,17274,33
advanced,17275,61
advanced,17276,32
advanced,17277,43
advanced,17278,30
advanced,17279,30
advanced,17280,32
advanced,17281,48
advanced,17282,22
advanced,17283,18
advanced,17284,17
advanced,17285,33
advanced,17286,13
advanced,17287,23
advanced,17288,39
advanced,17289,31
advanced,17290,52
advanced,17291,17
advanced,17292,17
advanced,17293,22
advanced,17294,23
advanced,17295,22
advanced,17296,58
advanced,17297,30
advanced,17298,26
advanced,17299,18
advanced,17300,23
advanced,17301,29
advanced,17302,69
advanced,17303,26
advanced,17304,33
advanced,17305,41
advanced,17306,26
advanced,17307,33
advanced,17308,49
advanced,17309,44
advanced,17310,43
advanced,17311,13
advanced,17312,49
advanced,17313,34
advanced,17314,24
advanced,17315,54
advanced,17316,29
advanced,17317,22
advanced,17318,30
advanced,17319,38
advanced,17320,28
advanced,17321,55
advanced,17322,23
advanced,17323,25
advanced,17324,37
advanced,17325,52
advanced,17326,29
advanced,17327,19
advanced,17328,38
advanced,17329,27
advanced,17330,32
advanced,17331,31
advanced,17332,41
advanced,17333,29
advanced,17334,39
advanced,17335,31
advanced,17336,31
advanced,17337,30
advanced,17338,34
advanced,17339,31
advanced,17340,29
advanced,17341,17
advanced,17342,33
advanced,17343,45
advanced,17344,17
advanced,17345,50
advanced,17346,25
advanced,17347,37
advanced,17348,14
advanced,17349,56
advanced,17350,36
advanced,17351,9
advanced,17352,55
advanced,17353,64
advanced,17354,19
advanced,17355,39
advanced,17356,44
advanced,17357,39
advanced,17358,22
advanced,17359,28
advanced,17360,37
advanced,17361,15
advanced,17362,38
advanced,17363,38
advanced,17364,37
advanced,17365,41
advanced,17366,24
advanced,17367,37
advanced,17368,44
advanced,17369,33
advanced,17370,18
advanced,17371,25
advanced,17372,50
advanced,17373,33
advanced,17374,57
advanced,17375,20
advanced,17376,34
advanced,17377,22
advanced,17378,57
advanced,17379,40
advanced,17380,20
advanced,17381,54
advanced,17382,35
advanced,17383,47
advanced,17384,48
advanced,17385,58
advanced,17386,30
advanced,17387,24
advanced,17388,24
advanced,17389,40
advanced,17390,41
advanced,17391,36
advanced,17392,53
advanced,17393,14
advanced,17394,42
advanced,17395,41
advanced,17396,44
advanced,17397,34
advanced,17398,22
advanced,17399,45
advanced,17400,23
advanced,17401,34
advanced,17402,30
advanced,17403,10
advanced,17404,26
advanced,17405,46
advanced,17406,24
advanced,17407,35
advanced,17408,10
advanced,17409,20
advanced,17410,22
advanced,17411,30
advanced,17412,13
advanced,17413,32
advanced,17414,27
advanced,17415,34
advanced,17416,51
advanced,17417,19
advanced,17418,27
advanced,17419,20
advanced,17420,16
advanced,17421,25
advanced,17422,47
advanced,17423,30
advanced,17424,53
advanced,17425,54
advanced,17426,31
advanced,17427,19
advanced,17428,22
advanced,17429,17
advanced,17430,48
advanced,17431,73
advanced,17432,27
advanced,17433,38
advanced,17434,22
advanced,17435,28
advanced,17436,52
advanced,17437,45
advanced,17438,59
advanced,17439,30
advanced,17440,80
advanced,17441,28
advanced,17442,41
advanced,17443,17
advanced,17444,29
advanced,17445,55
advanced,17446,32
advanced,17447,25
advanced,17448,46
advanced,17449,30
advanced,17450,46
advanced,17451,49
advanced,17452,33
advanced,17453,24
advanced,17454,37
advanced,17455,25
advanced,17456,24
advanced,17457,27
advanced,17458,49
advanced,17459,44
advanced,17460,30
advanced,17461,30
advanced,17462,16
advanced,17463,29
advanced,17464,32
advanced,17465,28
advanced,17466,47
advanced,17467,33
advanced,17468,14
advanced,17469,35
advanced,17470,26
advanced,17471,36
advanced,17472,66
advanced,17473,47
advanced,17474,43
advanced,17475,42
advanced,17476,69
advanced,17477,40
advanced,17478,20
advanced,17479,34
advanced,17480,33
advanced,17481,23
advanced,17482,42
advanced,17483,22
advanced,17484,46
advanced,17485,60
advanced,17486,22
advanced,17487,66
advanced,17488,57
advanced,17489,36
advanced,17490,24
advanced,17491,34
advanced,17492,37
advanced,17493,51
advanced,17494,28
advanced,17495,27
advanced,17496,33
advanced,17497,63
advanced,17498,12
advanced,17499,31
advanced,17500,21
advanced,17501,23
advanced,17502,72
advanced,17503,57
advanced,17504,55
advanced,17505,25
advanced,17506,40
advanced,17507,33
advanced,17508,27
advanced,17509,11
advanced,17510,37
advanced,17511,36
advanced,17512,88
advanced,17513,20
advanced,17514,46
advanced,17515,36
advanced,17516,23
advanced,17517,40
advanced,17518,37
advanced,17519,30
advanced,17520,48
advanced,17521,21
advanced,17522,31
advanced,17523,23
advanced,17524,32
advanced,17525,39
advanced,17526,60
advanced,17527,18
advanced,17528,17
advanced,17529,6
advanced,17530,26
advanced,17531,22
advanced,17532,41
advanced,17533,38
advanced,17534,37
advanced,17535,28
advanced,17536,18
advanced,17537,30
advanced,17538,11
advanced,17539,37
advanced,17540,30
advanced,17541,21
advanced,17542,28
advanced,17543,43
advanced,17544,22
advanced,17545,20
advanced,17546,34
advanced,17547,46
advanced,17548,21
advanced,17549,32
advanced,17550,36
advanced,17551,45
advanced,17552,27
advanced,17553,33
advanced,17554,60
advanced,17555,39
advanced,17556,28
advanced,17557,35
advanced,17558,55
advanced,17559,18
advanced,17560,55
advanced,17561,20
advanced,17562,29
advanced,17563,22
advanced,17564,83
advanced,17565,27
advanced,17566,21
advanced,17567,12
advanced,17568,13
advanced,17569,26
advanced,17570,15
advanced,17571,31
advanced,17572,38
advanced,17573,14
advanced,17574,38
advanced,17575,39
advanced,17576,25
advanced,17577,22
advanced,17578,23
advanced,17579,20
advanced,17580,13
advanced,17581,19
advanced,17582,23
advanced,17583,25
advanced,17584,34
advanced,17585,32
advanced,17586,35
advanced,17587,30
advanced,17588,41
advanced,17589,41
advanced,17590,38
advanced,17591,43
advanced,17592,38
advanced,17593,44
advanced,17594,53
advanced,17595,111
advanced,17596,27
advanced,17597,36
advanced,17598,24
advanced,17599,29
advanced,17600,11
advanced,17601,32
advanced,17602,32
advanced,17603,44
advanced,17604,44
advanced,17605,37
advanced,17606,22
advanced,17607,16
advanced,17608,25
advanced,17609,35
advanced,17610,34
advanced,17611,42
advanced,17612,70
advanced,17613,33
advanced,17614,18
advanced,17615,56
advanced,17616,36
advanced,17617,39
advanced,17618,20
advanced,17619,44
advanced,17620,44
advanced,17621,39
advanced,17622,48
advanced,17623,37
advanced,17624,58
advanced,17625,9
advanced,17626,31
advanced,17627,37
advanced,17628,33
advanced,17629,53
advanced,17630,25
advanced,17631,38
advanced,17632,30
advanced,17633,55
advanced,17634,25
advanced,17635,29
advanced,17636,26
advanced,17637,17
advanced,17638,41
advanced,17639,26
advanced,17640,26
advanced,17641,39
advanced,17642,20
advanced,17643,32
advanced,17644,24
advanced,17645,20
advanced,17646,17
advanced,17647,50
advanced,17648,35
advanced,17649,11
advanced,17650,33
advanced,17651,49
advanced,17652,47
advanced,17653,19
advanced,17654,25
advanced,17655,21
advanced,17656,44
advanced,17657,16
advanced,17658,22
advanced,17659,33
advanced,17660,28
advanced,17661,45
advanced,17662,24
advanced,17663,48
advanced,17664,23
advanced,17665,43
advanced,17666,21
advanced,17667,30
advanced,17668,35
advanced,17669,55
advanced,17670,39
advanced,17671,46
advanced,17672,28
advanced,17673,54
advanced,17674,28
advanced,17675,49
advanced,17676,38
advanced,17677,53
advanced,17678,30
advanced,17679,51
advanced,17680,29
advanced,17681,40
advanced,17682,45
advanced,17683,47
advanced,17684,31
advanced,17685,58
advanced,17686,48
advanced,17687,28
advanced,17688,31
advanced,17689,34
advanced,17690,37
advanced,17691,62
advanced,17692,22
advanced,17693,39
advanced,17694,50
advanced,17695,42
advanced,17696,45
advanced,17697,15
advanced,17698,32
advanced,17699,38
advanced,17700,40
advanced,17701,25
advanced,17702,28
advanced,17703,32
advanced,17704,70
advanced,17705,24
advanced,17706,14
advanced,17707,69
advanced,17708,23
advanced,17709,25
advanced,17710,25
advanced,17711,51
advanced,17712,52
advanced,17713,54
advanced,17714,54
advanced,17715,43
advanced,17716,44
advanced,17717,30
advanced,17718,39
advanced,17719,13
advanced,17720,30
advanced,17721,42
advanced,17722,57
advanced,17723,61
advanced,17724,27
advanced,17725,25
advanced,17726,34
advanced,17727,17
advanced,17728,50
advanced,17729,21
advanced,17730,61
advanced,17731,34
advanced,17732,24
advanced,17733,33
advanced,17734,10
advanced,17735,31
advanced,17736,33
advanced,17737,57
advanced,17738,28
advanced,17739,26
advanced,17740,49
advanced,17741,55
advanced,17742,16
advanced,17743,38
advanced,17744,37
advanced,17745,43
advanced,17746,19
advanced,17747,55
advanced,17748,40
advanced,17749,26
advanced,17750,44
advanced,17751,26
advanced,17752,26
advanced,17753,55
advanced,17754,23
advanced,17755,33
advanced,17756,27
advanced,17757,26
advanced,17758,26
advanced,17759,21
advanced,17760,37
advanced,17761,48
advanced,17762,37
advanced,17763,37
advanced,17764,52
advanced,17765,31
advanced,17766,21
advanced,17767,60
advanced,17768,26
advanced,17769,41
advanced,17770,28
advanced,17771,35
advanced,17772,31
advanced,17773,20
advanced,17774,26
advanced,17775,53
advanced,17776,32
advanced,17777,30
advanced,17778,39
advanced,17779,40
advanced,17780,15
advanced,17781,47
advanced,17782,32
advanced,17783,23
advanced,17784,24
advanced,17785,37
advanced,17786,30
advanced,17787,18
advanced,17788,35
advanced,17789,47
advanced,17790,25
advanced,17791,36
advanced,17792,68
advanced,17793,15
advanced,17794,14
advanced,17795,31
advanced,17796,13
advanced,17797,27
advanced,17798,26
advanced,17799,54
advanced,17800,19
advanced,17801,35
advanced,17802,29
advanced,17803,38
advanced,17804,25
advanced,17805,21
advanced,17806,25
advanced,17807,19
advanced,17808,46
advanced,17809,16
advanced,17810,35
advanced,17811,30
advanced,17812,9
advanced,17813,11
advanced,17814,28
advanced,17815,30
advanced,17816,43
advanced,17817,55
advanced,17818,30
advanced,17819,50
advanced,17820,51
advanced,17821,25
advanced,17822,26
advanced,17823,31
advanced,17824,39
advanced,17825,47
advanced,17826,26
advanced,17827,26
advanced,17828,57
advanced,17829,35
advanced,17830,42
advanced,17831,28
advanced,17832,37
advanced,17833,28
advanced,17834,31
advanced,17835,30
advanced,17836,29
advanced,17837,43
advanced,17838,36
advanced,17839,22
advanced,17840,47
advanced,17841,32
advanced,17842,16
advanced,17843,65
advanced,17844,18
advanced,17845,17
advanced,17846,27
advanced,17847,25
advanced,17848,30
advanced,17849,28
advanced,17850,58
advanced,17851,54
advanced,17852,20
advanced,17853,42
advanced,17854,44
advanced,17855,17
advanced,17856,44
advanced,17857,35
advanced,17858,30
advanced,17859,39
advanced,17860,19
advanced,17861,26
advanced,17862,20
advanced,17863,50
advanced,17864,16
advanced,17865,43
advanced,17866,57
advanced,17867,29
advanced,17868,28
advanced,17869,29
advanced,17870,50
advanced,17871,51
advanced,17872,25
advanced,17873,45
advanced,17874,20
advanced,17875,30
advanced,17876,13
advanced,17877,66
advanced,17878,41
advanced,17879,62
advanced,17880,37
advanced,17881,25
advanced,17882,33
advanced,17883,20
advanced,17884,29
advanced,17885,23
advanced,17886,50
advanced,17887,25
advanced,17888,40
advanced,17889,28
advanced,17890,22
advanced,17891,27
advanced,17892,32
advanced,17893,27
advanced,17894,34
advanced,17895,56
advanced,17896,14
advanced,17897,15
advanced,17898,46
advanced,17899,43
advanced,17900,24
advanced,17901,48
advanced,17902,35
advanced,17903,17
advanced,17904,17
advanced,17905,26
advanced,17906,20
advanced,17907,26
advanced,17908,30
advanced,17909,40
advanced,17910,21
advanced,17911,44
advanced,17912,38
advanced,17913,38
advanced,17914,24
advanced,17915,36
advanced,17916,30
advanced,17917,25
advanced,17918,27
advanced,17919,50
advanced,17920,34
advanced,17921,15
advanced,17922,26
advanced,17923,15
advanced,17924,45
advanced,17925,31
advanced,17926,23
advanced,17927,36
advanced,17928,29
advanced,17929,33
advanced,17930,24
advanced,17931,35
advanced,17932,36
advanced,17933,32
advanced,17934,51
advanced,17935,26
advanced,17936,21
advanced,17937,20
advanced,17938,23
advanced,17939,79
advanced,17940,27
advanced,17941,54
advanced,17942,61
advanced,17943,38
advanced,17944,61
advanced,17945,59
advanced,17946,51
advanced,17947,33
advanced,17948,26
advanced,17949,28
advanced,17950,11
advanced,17951,18
advanced,17952,28
advanced,17953,22
advanced,17954,20
advanced,17955,28
advanced,17956,37
advanced,17957,34
advanced,17958,11
advanced,17959,37
advanced,17960,58
advanced,17961,65
advanced,17962,28
advanced,17963,32
advanced,17964,26
advanced,17965,22
advanced,17966,40
advanced,17967,51
advanced,17968,57
advanced,17969,26
advanced,17970,33
advanced,17971,28
advanced,17972,43
advanced,17973,53
advanced,17974,50
advanced,17975,35
advanced,17976,22
advanced,17977,36
advanced,17978,42
advanced,17979,26
advanced,17980,42
advanced,17981,20
advanced,17982,38
advanced,17983,41
advanced,17984,28
advanced,17985,63
advanced,17986,48
advanced,17987,32
advanced,17988,10
advanced,17989,33
advanced,17990,32
advanced,17991,26
advanced,17992,46
advanced,17993,65
advanced,17994,37
advanced,17995,45
advanced,17996,38
advanced,17997,37
advanced,17998,31
advanced,17999,35
advanced,18000,19
advanced,18001,26
advanced,18002,36
advanced,18003,39
advanced,18004,29
advanced,18005,51
advanced,18006,25
advanced,18007,48
advanced,18008,68
advanced,18009,39
advanced,18010,28
advanced,18011,27
advanced,18012,33
advanced,18013,34
advanced,18014,40
advanced,18015,55
advanced,18016,27
advanced,18017,28
advanced,18018,33
advanced,18019,50
advanced,18020,21
advanced,18021,23
advanced,18022,41
advanced,18023,19
advanced,18024,31
advanced,18025,33
advanced,18026,16
advanced,18027,39
advanced,18028,40
advanced,18029,26
advanced,18030,38
advanced,18031,40
advanced,18032,13
advanced,18033,52
advanced,18034,36
advanced,18035,27
advanced,18036,30
advanced,18037,33
advanced,18038,34
advanced,18039,23
advanced,18040,22
advanced,18041,30
advanced,18042,42
advanced,18043,30
advanced,18044,14
advanced,18045,65
advanced,18046,22
advanced,18047,31
advanced,18048,51
advanced,18049,52
advanced,18050,39
advanced,18051,57
advanced,18052,34
advanced,18053,38
advanced,18054,51
advanced,18055,37
advanced,18056,30
advanced,18057,32
advanced,18058,28
advanced,18059,95
advanced,18060,49
advanced,18061,45
advanced,18062,32
advanced,18063,56
advanced,18064,58
advanced,18065,44
advanced,18066,41
advanced,18067,10
advanced,18068,41
advanced,18069,47
advanced,18070,23
advanced,18071,37
advanced,18072,75
advanced,18073,38
advanced,18074,23
advanced,18075,53
advanced,18076,39
advanced,18077,45
advanced,18078,35
advanced,18079,58
advanced,18080,49
advanced,18081,46
advanced,18082,49
advanced,18083,25
advanced,18084,43
advanced,18085,49
advanced,18086,54
advanced,18087,26
advanced,18088,43
advanced,18089,36
advanced,18090,37
advanced,18091,20
advanced,18092,37
advanced,18093,55
advanced,18094,28
advanced,18095,47
advanced,18096,51
advanced,18097,62
advanced,18098,20
advanced,18099,32
advanced,18100,20
advanced,18101,33
advanced,18102,32
advanced,18103,17
advanced,18104,56
advanced,18105,56
advanced,18106,29
advanced,18107,21
advanced,18108,32
advanced,18109,37
advanced,18110,41
advanced,18111,37
advanced,18112,26
advanced,18113,27
advanced,18114,28
advanced,18115,33
advanced,18116,35
advanced,18117,15
advanced,18118,56
advanced,18119,27
advanced,18120,38
advanced,18121,31
advanced,18122,38
advanced,18123,19
advanced,18124,52
advanced,18125,46
advanced,18126,55
advanced,18127,34
advanced,18128,35
advanced,18129,31
advanced,18130,28
advanced,18131,35
advanced,18132,26
advanced,18133,17
advanced,18134,63
advanced,18135,19
advanced,18136,45
advanced,18137,29
advanced,18138,21
advanced,18139,55
advanced,18140,29
advanced,18141,39
advanced,18142,44
advanced,18143,28
advanced,18144,16
advanced,18145,42
advanced,18146,89
advanced,18147,18
advanced,18148,64
advanced,18149,35
advanced,18150,74
advanced,18151,30
advanced,18152,40
advanced,18153,19
advanced,18154,39
advanced,18155,47
advanced,18156,39
advanced,18157,46
advanced,18158,32
advanced,18159,50
advanced,18160,48
advanced,18161,19
advanced,18162,28
advanced,18163,28
advanced,18164,28
advanced,18165,25
advanced,18166,55
advanced,18167,25
advanced,18168,48
advanced,18169,32
advanced,18170,22
advanced,18171,48
advanced,18172,35
advanced,18173,25
advanced,18174,36
advanced,18175,49
advanced,18176,29
advanced,18177,22
advanced,18178,54
advanced,18179,34
advanced,18180,30
advanced,18181,44
advanced,18182,15
advanced,18183,22
advanced,18184,40
advanced,18185,36
advanced,18186,58
advanced,18187,35
advanced,18188,29
advanced,18189,29
advanced,18190,37
advanced,18191,35
advanced,18192,68
advanced,18193,31
advanced,18194,38
advanced,18195,51
advanced,18196,48
advanced,18197,36
advanced,18198,41
advanced,18199,56
advanced,18200,20
advanced,18201,36
advanced,18202,26
advanced,18203,28
advanced,18204,36
advanced,18205,32
advanced,18206,33
advanced,18207,64
advanced,18208,9
advanced,18209,52
advanced,18210,34
advanced,18211,54
advanced,18212,47
advanced,18213,28
advanced,18214,25
advanced,18215,45
advanced,18216,59
advanced,18217,50
advanced,18218,62
advanced,18219,30
advanced,18220,44
advanced,18221,23
advanced,18222,42
advanced,18223,58
advanced,18224,39
advanced,18225,48
advanced,18226,41
advanced,18227,31
advanced,18228,54
advanced,18229,32
advanced,18230,19
advanced,18231,25
advanced,18232,53
advanced,18233,57
advanced,18234,38
advanced,18235,23
advanced,18236,45
advanced,18237,36
advanced,18238,16
advanced,18239,83
advanced,18240,21
advanced,18241,23
advanced,18242,27
advanced,18243,38
advanced,18244,50
advanced,18245,25
advanced,18246,37
advanced,18247,38
advanced,18248,93
advanced,18249,29
advanced,18250,22
advanced,18251,9
advanced,18252,47
advanced,18253,42
advanced,18254,30
advanced,18255,24
advanced,18256,26
advanced,18257,44
advanced,18258,49
advanced,18259,20
advanced,18260,33
advanced,18261,45
advanced,18262,32
advanced,18263,69
advanced,18264,47
advanced,18265,14
advanced,18266,43
advanced,18267,59
advanced,18268,30
advanced,18269,41
advanced,18270,27
advanced,18271,37
advanced,18272,24
advanced,18273,22
advanced,18274,58
advanced,18275,38
advanced,18276,23
advanced,18277,23
advanced,18278,24
advanced,18279,37
advanced,18280,30
advanced,18281,8
advanced,18282,18
advanced,18283,32
advanced,18284,24
advanced,18285,33
advanced,18286,31
advanced,18287,33
advanced,18288,19
advanced,18289,68
advanced,18290,13
advanced,18291,30
advanced,18292,45
advanced,18293,45
advanced,18294,58
advanced,18295,62
advanced,18296,40
advanced,18297,33
advanced,18298,26
advanced,18299,30
advanced,18300,28
advanced,18301,21
advanced,18302,20
advanced,18303,22
advanced,18304,19
advanced,18305,38
advanced,18306,55
advanced,18307,35
advanced,18308,25
advanced,18309,31
advanced,18310,35
advanced,18311,27
advanced,18312,20
advanced,18313,71
advanced,18314,18
advanced,18315,34
advanced,18316,33
advanced,18317,39
advanced,18318,40
advanced,18319,39
advanced,18320,42
advanced,18321,23
advanced,18322,74
advanced,18323,43
advanced,18324,34
advanced,18325,28
advanced,18326,14
advanced,18327,36
advanced,18328,30
advanced,18329,13
advanced,18330,49
advanced,18331,52
advanced,18332,65
advanced,18333,24
advanced,18334,21
advanced,18335,24
advanced,18336,39
advanced,18337,30
advanced,18338,39
advanced,18339,37
advanced,18340,16
advanced,18341,23
advanced,18342,35
advanced,18343,15
advanced,18344,20
advanced,18345,17
advanced,18346,42
advanced,18347,14
advanced,18348,21
advanced,18349,44
advanced,18350,45
advanced,18351,39
advanced,18352,55
advanced,18353,40
advanced,18354,38
advanced,18355,29
advanced,18356,27
advanced,18357,40
advanced,18358,41
advanced,18359,28
advanced,18360,18
advanced,18361,42
advanced,18362,51
advanced,18363,51
advanced,18364,41
advanced,18365,37
advanced,18366,33
advanced,18367,48
advanced,18368,20
advanced,18369,73
advanced,18370,22
advanced,18371,22
advanced,18372,53
advanced,18373,74
advanced,18374,30
advanced,18375,16
advanced,18376,42
advanced,18377,40
advanced,18378,26
advanced,18379,24
advanced,18380,27
advanced,18381,36
advanced,18382,21
advanced,18383,55
advanced,18384,32
advanced,18385,28
advanced,18386,29
advanced,18387,25
advanced,18388,49
advanced,18389,48
advanced,18390,45
advanced,18391,17
advanced,18392,16
advanced,18393,22
advanced,18394,44
advanced,18395,37
advanced,18396,44
advanced,18397,39
advanced,18398,38
advanced,18399,56
advanced,18400,37
advanced,18401,47
advanced,18402,21
advanced,18403,15
advanced,18404,45
advanced,18405,16
advanced,18406,41
advanced,18407,32
advanced,18408,40
advanced,18409,25
advanced,18410,45
advanced,18411,28
advanced,18412,23
advanced,18413,25
advanced,18414,57
advanced,18415,41
advanced,18416,27
advanced,18417,42
advanced,18418,64
advanced,18419,28
advanced,18420,47
advanced,18421,40
advanced,18422,31
advanced,18423,27
advanced,18424,27
advanced,18425,85
advanced,18426,54
advanced,18427,34
advanced,18428,29
advanced,18429,29
advanced,18430,48
advanced,18431,29
advanced,18432,33
advanced,18433,32
advanced,18434,43
advanced,18435,22
advanced,18436,30
advanced,18437,16
advanced,18438,35
advanced,18439,23
advanced,18440,41
advanced,18441,63
advanced,18442,42
advanced,18443,31
advanced,18444,33
advanced,18445,30
advanced,18446,30
advanced,18447,19
advanced,18448,37
advanced,18449,29
advanced,18450,31
advanced,18451,45
advanced,18452,93
advanced,18453,41
advanced,18454,35
advanced,18455,42
advanced,18456,19
advanced,18457,37
advanced,18458,53
advanced,18459,39
advanced,18460,36
advanced,18461,48
advanced,18462,33
advanced,18463,21
advanced,18464,25
advanced,18465,23
advanced,18466,24
advanced,18467,45
advanced,18468,24
advanced,18469,17
advanced,18470,41
advanced,18471,29
advanced,18472,26
advanced,18473,45
advanced,18474,40
advanced,18475,22
advanced,18476,17
advanced,18477,21
advanced,18478,38
advanced,18479,29
advanced,18480,30
advanced,18481,44
advanced,18482,12
advanced,18483,37
advanced,18484,32
advanced,18485,24
advanced,18486,33
advanced,18487,47
advanced,18488,38
advanced,18489,12
advanced,18490,30
advanced,18491,40
advanced,18492,43
advanced,18493,43
advanced,18494,38
advanced,18495,32
advanced,18496,36
advanced,18497,32
advanced,18498,25
advanced,18499,19
advanced,18500,45
advanced,18501,56
advanced,18502,32
advanced,18503,43
advanced,18504,43
advanced,18505,32
advanced,18506,25
advanced,18507,53
advanced,18508,32
advanced,18509,45
advanced,18510,25
advanced,18511,30
advanced,18512,12
advanced,18513,28
advanced,18514,17
advanced,18515,37
advanced,18516,29
advanced,18517,68
advanced,18518,63
advanced,18519,53
advanced,18520,49
advanced,18521,60
advanced,18522,50
advanced,18523,36
advanced,18524,34
advanced,18525,96
advanced,18526,32
advanced,18527,35
advanced,18528,34
advanced,18529,41
advanced,18530,32
advanced,18531,23
advanced,18532,27
advanced,18533,24
advanced,18534,13
advanced,18535,25
advanced,18536,24
advanced,18537,39
advanced,18538,25
advanced,18539,37
advanced,18540,31
advanced,18541,10
advanced,18542,29
advanced,18543,23
advanced,18544,37
advanced,18545,28
advanced,18546,32
advanced,18547,35
advanced,18548,55
advanced,18549,44
advanced,18550,22
advanced,18551,45
advanced,18552,54
advanced,18553,28
advanced,18554,42
advanced,18555,56
advanced,18556,33
advanced,18557,21
advanced,18558,29
advanced,18559,54
advanced,18560,40
advanced,18561,22
advanced,18562,24
advanced,18563,22
advanced,18564,26
advanced,18565,38
advanced,18566,38
advanced,18567,63
advanced,18568,35
advanced,18569,29
advanced,18570,64
advanced,18571,56
advanced,18572,30
advanced,18573,20
advanced,18574,54
advanced,18575,30
advanced,18576,27
advanced,18577,47
advanced,18578,44
advanced,18579,20
advanced,18580,37
advanced,18581,23
advanced,18582,28
advanced,18583,19
advanced,18584,24
advanced,18585,38
advanced,18586,61
advanced,18587,39
advanced,18588,33
advanced,18589,88
advanced,18590,30
advanced,18591,24
advanced,18592,61
advanced,18593,72
advanced,18594,27
advanced,18595,18
advanced,18596,38
advanced,18597,38
advanced,18598,19
advanced,18599,51
advanced,18600,46
advanced,18601,49
advanced,18602,32
advanced,18603,62
advanced,18604,27
advanced,18605,35
advanced,18606,38
advanced,18607,24
advanced,18608,58
advanced,18609,37
advanced,18610,48
advanced,18611,80
advanced,18612,23
advanced,18613,32
advanced,18614,39
advanced,18615,32
advanced,18616,30
advanced,18617,61
advanced,18618,31
advanced,18619,69
advanced,18620,63
advanced,18621,48
advanced,18622,28
advanced,18623,25
advanced,18624,31
advanced,18625,41
advanced,18626,40
advanced,18627,46
advanced,18628,48
advanced,18629,54
advanced,18630,23
advanced,18631,28
advanced,18632,20
advanced,18633,19
advanced,18634,23
advanced,18635,60
advanced,18636,28
advanced,18637,54
advanced,18638,44
advanced,18639,27
advanced,18640,45
advanced,18641,22
advanced,18642,37
advanced,18643,34
advanced,18644,33
advanced,18645,36
advanced,18646,56
advanced,18647,51
advanced,18648,46
advanced,18649,22
advanced,18650,50
advanced,18651,97
advanced,18652,44
advanced,18653,41
advanced,18654,30
advanced,18655,48
advanced,18656,34
advanced,18657,24
advanced,18658,16
advanced,18659,43
advanced,18660,65
advanced,18661,11
advanced,18662,22
advanced,18663,65
advanced,18664,22
advanced,18665,42
advanced,18666,41
advanced,18667,66
advanced,18668,15
advanced,18669,20
advanced,18670,55
advanced,18671,44
advanced,18672,31
advanced,18673,24
advanced,18674,25
advanced,18675,38
advanced,18676,37
advanced,18677,27
advanced,18678,50
advanced,18679,15
advanced,18680,46
advanced,18681,11
advanced,18682,34
advanced,18683,28
advanced,18684,55
advanced,18685,41
advanced,18686,31
advanced,18687,17
advanced,18688,47
advanced,18689,16
advanced,18690,39
advanced,18691,32
advanced,18692,30
advanced,18693,76
advanced,18694,23
advanced,18695,26
advanced,18696,37
advanced,18697,33
advanced,18698,14
advanced,18699,29
advanced,18700,53
advanced,18701,35
advanced,18702,63
advanced,18703,29
advanced,18704,39
advanced,18705,47
advanced,18706,30
advanced,18707,42
advanced,18708,36
advanced,18709,32
advanced,18710,55
advanced,18711,29
advanced,18712,15
advanced,18713,49
advanced,18714,33
advanced,18715,41
advanced,18716,29
advanced,18717,21
advanced,18718,46
advanced,18719,19
advanced,18720,24
advanced,18721,32
advanced,18722,37
advanced,18723,42
advanced,18724,51
advanced,18725,32
advanced,18726,27
advanced,18727,46
advanced,18728,39
advanced,18729,36
advanced,18730,32
advanced,18731,32
advanced,18732,33
advanced,18733,12
advanced,18734,19
advanced,18735,23
advanced,18736,36
advanced,18737,39
advanced,18738,46
advanced,18739,19
advanced,18740,37
advanced,18741,58
advanced,18742,37
advanced,18743,63
advanced,18744,24
advanced,18745,37
advanced,18746,24
advanced,18747,22
advanced,18748,15
advanced,18749,58
advanced,18750,25
advanced,18751,44
advanced,18752,42
advanced,18753,29
advanced,18754,18
advanced,18755,42
advanced,18756,44
advanced,18757,18
advanced,18758,57
advanced,18759,40
advanced,18760,43
advanced,18761,56
advanced,18762,31
advanced,18763,26
advanced,18764,38
advanced,18765,28
advanced,18766,30
advanced,18767,34
advanced,18768,13
advanced,18769,25
advanced,18770,55
advanced,18771,39
advanced,18772,35
advanced,18773,27
advanced,18774,34
advanced,18775,41
advanced,18776,30
advanced,18777,38
advanced,18778,17
advanced,18779,37
advanced,18780,27
advanced,18781,30
advanced,18782,53
advanced,18783,49
advanced,18784,33
advanced,18785,19
advanced,18786,38
advanced,18787,34
advanced,18788,28
advanced,18789,50
advanced,18790,55
advanced,18791,45
advanced,18792,51
advanced,18793,56
advanced,18794,38
advanced,18795,39
advanced,18796,48
advanced,18797,61
advanced,18798,62
advanced,18799,42
advanced,18800,28
advanced,18801,37
advanced,18802,19
advanced,18803,38
advanced,18804,34
advanced,18805,18
advanced,18806,46
advanced,18807,42
advanced,18808,39
advanced,18809,26
advanced,18810,16
advanced,18811,28
advanced,18812,22
advanced,18813,75
advanced,18814,30
advanced,18815,52
advanced,18816,68
advanced,18817,36
advanced,18818,47
advanced,18819,59
advanced,18820,40
advanced,18821,39
advanced,18822,60
advanced,18823,55
advanced,18824,34
advanced,18825,11
advanced,18826,18
advanced,18827,20
advanced,18828,24
advanced,18829,14
advanced,18830,17
advanced,18831,42
advanced,18832,30
advanced,18833,48
advanced,18834,25
advanced,18835,27
advanced,18836,32
advanced,18837,24
advanced,18838,41
advanced,18839,36
advanced,18840,43
advanced,18841,27
advanced,18842,29
advanced,18843,44
advanced,18844,11
advanced,18845,33
advanced,18846,33
advanced,18847,47
advanced,18848,47
advanced,18849,36
advanced,18850,13
advanced,18851,23
advanced,18852,48
advanced,18853,34
advanced,18854,34
advanced,18855,27
advanced,18856,47
advanced,18857,23
advanced,18858,15
advanced,18859,37
advanced,18860,30
advanced,18861,25
advanced,18862,47
advanced,18863,55
advanced,18864,23
advanced,18865,43
advanced,18866,26
advanced,18867,10
advanced,18868,27
advanced,18869,42
advanced,18870,20
advanced,18871,50
advanced,18872,27
advanced,18873,19
advanced,18874,32
advanced,18875,37
advanced,18876,25
advanced,18877,28
advanced,18878,46
advanced,18879,17
advanced,18880,28
advanced,18881,31
advanced,18882,34
advanced,18883,42
advanced,18884,26
advanced,18885,27
advanced,18886,28
advanced,18887,29
advanced,18888,49
advanced,18889,56
advanced,18890,21
advanced,18891,55
advanced,18892,39
advanced,18893,27
advanced,18894,44
advanced,18895,45
advanced,18896,28
advanced,18897,32
advanced,18898,28
advanced,18899,24
advanced,18900,27
advanced,18901,48
advanced,18902,27
advanced,18903,26
advanced,18904,22
advanced,18905,40
advanced,18906,44
advanced,18907,21
advanced,18908,19
advanced,18909,38
advanced,18910,26
advanced,18911,54
advanced,18912,25
advanced,18913,22
advanced,18914,54
advanced,18915,65
advanced,18916,34
advanced,18917,12
advanced,18918,50
advanced,18919,38
advanced,18920,31
advanced,18921,30
advanced,18922,60
advanced,18923,22
advanced,18924,54
advanced,18925,29
advanced,18926,53
advanced,18927,45
advanced,18928,93
advanced,18929,79
advanced,18930,43
advanced,18931,31
advanced,18932,29
advanced,18933,31
advanced,18934,33
advanced,18935,44
advanced,18936,30
advanced,18937,30
advanced,18938,13
advanced,18939,32
advanced,18940,40
advanced,18941,46
advanced,18942,48
advanced,18943,26
advanced,18944,41
advanced,18945,16
advanced,18946,24
advanced,18947,39
advanced,18948,48
advanced,18949,65
advanced,18950,33
advanced,18951,34
advanced,18952,37
advanced,18953,35
advanced,18954,39
advanced,18955,25
advanced,18956,27
advanced,18957,28
advanced,18958,45
advanced,18959,27
advanced,18960,37
advanced,18961,45
advanced,18962,34
advanced,18963,53
advanced,18964,31
advanced,18965,27
advanced,18966,24
advanced,18967,40
advanced,18968,9
advanced,18969,31
advanced,18970,33
advanced,18971,27
advanced,18972,79
advanced,18973,35
advanced,18974,25
advanced,18975,24
advanced,18976,52
advanced,18977,24
advanced,18978,38
advanced,18979,77
advanced,18980,53
advanced,18981,42
advanced,18982,35
advanced,18983,85
advanced,18984,26
advanced,18985,15
advanced,18986,40
advanced,18987,40
advanced,18988,26
advanced,18989,41
advanced,18990,44
advanced,18991,30
advanced,18992,13
advanced,18993,34
advanced,18994,37
advanced,18995,58
advanced,18996,56
advanced,18997,60
advanced,18998,33
advanced,18999,10
advanced,19000,21
advanced,19001,40
advanced,19002,17
advanced,19003,29
advanced,19004,26
advanced,19005,28
advanced,19006,45
advanced,19007,7
advanced,19008,27
advanced,19009,14
advanced,19010,43
advanced,19011,28
advanced,19012,18
advanced,19013,55
advanced,19014,13
advanced,19015,36
advanced,19016,24
advanced,19017,31
advanced,19018,54
advanced,19019,30
advanced,19020,40
advanced,19021,36
advanced,19022,29
advanced,19023,25
advanced,19024,46
advanced,19025,81
advanced,19026,35
advanced,19027,36
advanced,19028,40
advanced,19029,26
advanced,19030,47
advanced,19031,35
advanced,19032,37
advanced,19033,13
advanced,19034,40
advanced,19035,13
advanced,19036,33
advanced,19037,29
advanced,19038,25
advanced,19039,33
advanced,19040,40
advanced,19041,33
advanced,19042,19
advanced,19043,36
advanced,19044,53
advanced,19045,29
advanced,19046,43
advanced,19047,40
advanced,19048,15
advanced,19049,52
advanced,19050,39
advanced,19051,19
advanced,19052,49
advanced,19053,23
advanced,19054,32
advanced,19055,22
advanced,19056,43
advanced,19057,16
advanced,19058,23
advanced,19059,19
advanced,19060,27
advanced,19061,47
advanced,19062,43
advanced,19063,44
advanced,19064,39
advanced,19065,56
advanced,19066,24
advanced,19067,30
advanced,19068,38
advanced,19069,35
advanced,19070,24
advanced,19071,27
advanced,19072,28
advanced,19073,20
advanced,19074,56
advanced,19075,43
advanced,19076,37
advanced,19077,29
advanced,19078,68
advanced,19079,22
advanced,19080,70
advanced,19081,28
advanced,19082,83
advanced,19083,24
advanced,19084,27
advanced,19085,32
advanced,19086,21
advanced,19087,20
advanced,19088,22
advanced,19089,36
advanced,19090,49
advanced,19091,25
advanced,19092,14
advanced,19093,40
advanced,19094,26
advanced,19095,40
advanced,19096,34
advanced,19097,41
advanced,19098,45
advanced,19099,14
advanced,19100,24
advanced,19101,30
advanced,19102,43
advanced,19103,24
advanced,19104,42
advanced,19105,28
advanced,19106,19
advanced,19107,59
advanced,19108,18
advanced,19109,99
advanced,19110,37
advanced,19111,22
advanced,19112,28
advanced,19113,26
advanced,19114,7
advanced,19115,16
advanced,19116,35
advanced,19117,26
advanced,19118,13
advanced,19119,38
advanced,19120,42
advanced,19121,23
advanced,19122,27
advanced,19123,61
advanced,19124,37
advanced,19125,35
advanced,19126,46
advanced,19127,35
advanced,19128,35
advanced,19129,29
advanced,19130,41
advanced,19131,30
advanced,19132,45
advanced,19133,25
advanced,19134,21
advanced,19135,32
advanced,19136,46
advanced,19137,12
advanced,19138,42
advanced,19139,69
advanced,19140,25
advanced,19141,52
advanced,19142,37
advanced,19143,66
advanced,19144,25
advanced,19145,32
advanced,19146,21
advanced,19147,27
advanced,19148,47
advanced,19149,21
advanced,19150,88
advanced,19151,28
advanced,19152,34
advanced,19153,37
advanced,19154,34
advanced,19155,27
advanced,19156,54
advanced,19157,49
advanced,19158,38
advanced,19159,36
advanced,19160,35
advanced,19161,22
advanced,19162,30
advanced,19163,22
advanced,19164,36
advanced,19165,54
advanced,19166,40
advanced,19167,17
advanced,19168,53
advanced,19169,26
advanced,19170,51
advanced,19171,50
advanced,19172,123
advanced,19173,21
advanced,19174,47
advanced,19175,44
advanced,19176,48
advanced,19177,24
advanced,19178,40
advanced,19179,28
advanced,19180,56
advanced,19181,36
advanced,19182,46
advanced,19183,23
advanced,19184,32
advanced,19185,38
advanced,19186,28
advanced,19187,45
advanced,19188,36
advanced,19189,16
advanced,19190,36
advanced,19191,32
advanced,19192,37
advanced,19193,43
advanced,19194,25
advanced,19195,40
advanced,19196,55
advanced,19197,27
advanced,19198,52
advanced,19199,34
advanced,19200,55
advanced,19201,12
advanced,19202,42
advanced,19203,31
advanced,19204,16
advanced,19205,29
advanced,19206,37
advanced,19207,35
advanced,19208,43
advanced,19209,60
advanced,19210,12
advanced,19211,53
advanced,19212,35
advanced,19213,38
advanced,19214,24
advanced,19215,31
advanced,19216,21
advanced,19217,23
advanced,19218,31
advanced,19219,27
advanced,19220,43
advanced,19221,13
advanced,19222,28
advanced,19223,20
advanced,19224,26
advanced,19225,29
advanced,19226,37
advanced,19227,44
advanced,19228,23
advanced,19229,35
advanced,19230,37
advanced,19231,46
advanced,19232,42
advanced,19233,31
advanced,19234,38
advanced,19235,23
advanced,19236,27
advanced,19237,30
advanced,19238,24
advanced,19239,44
advanced,19240,28
advanced,19241,33
advanced,19242,38
advanced,19243,38
advanced,19244,61
advanced,19245,24
advanced,19246,36
advanced,19247,15
advanced,19248,28
advanced,19249,42
advanced,19250,44
advanced,19251,35
advanced,19252,16
advanced,19253,44
advanced,19254,25
advanced,19255,22
advanced,19256,38
advanced,19257,46
advanced,19258,52
advanced,19259,34
advanced,19260,50
advanced,19261,39
advanced,19262,68
advanced,19263,39
advanced,19264,27
advanced,19265,33
advanced,19266,33
advanced,19267,33
advanced,19268,10
advanced,19269,37
advanced,19270,19
advanced,19271,34
advanced,19272,19
advanced,19273,33
advanced,19274,26
advanced,19275,52
advanced,19276,30
advanced,19277,22
advanced,19278,48
advanced,19279,55
advanced,19280,26
advanced,19281,50
advanced,19282,29
advanced,19283,54
advanced,19284,37
advanced,19285,25
advanced,19286,24
advanced,19287,18
advanced,19288,43
advanced,19289,50
advanced,19290,20
advanced,19291,38
advanced,19292,44
advanced,19293,31
advanced,19294,41
advanced,19295,33
advanced,19296,37
advanced,19297,69
advanced,19298,28
advanced,19299,36
advanced,19300,32
advanced,19301,29
advanced,19302,26
advanced,19303,17
advanced,19304,21
advanced,19305,31
advanced,19306,38
advanced,19307,26
advanced,19308,24
advanced,19309,30
advanced,19310,24
advanced,19311,68
advanced,19312,79
advanced,19313,39
advanced,19314,62
advanced,19315,31
advanced,19316,43
advanced,19317,16
advanced,19318,65
advanced,19319,23
advanced,19320,33
advanced,19321,23
advanced,19322,42
advanced,19323,27
advanced,19324,33
advanced,19325,30
advanced,19326,24
advanced,19327,32
advanced,19328,69
advanced,19329,14
advanced,19330,39
advanced,19331,28
advanced,19332,33
advanced,19333,36
advanced,19334,18
advanced,19335,19
advanced,19336,6
advanced,19337,39
advanced,19338,19
advanced,19339,21
advanced,19340,37
advanced,19341,42
advanced,19342,42
advanced,19343,53
advanced,19344,15
advanced,19345,19
advanced,19346,48
advanced,19347,30
advanced,19348,29
advanced,19349,36
advanced,19350,24
advanced,19351,15
advanced,19352,50
advanced,19353,39
advanced,19354,19
advanced,19355,51
advanced,19356,46
advanced,19357,54
advanced,19358,43
advanced,19359,26
advanced,19360,37
advanced,19361,19
advanced,19362,23
advanced,19363,18
advanced,19364,29
advanced,19365,52
advanced,19366,27
advanced,19367,30
advanced,19368,35
advanced,19369,39
advanced,19370,46
advanced,19371,33
advanced,19372,40
advanced,19373,78
advanced,19374,37
advanced,19375,70
advanced,19376,26
advanced,19377,61
advanced,19378,30
advanced,19379,40
advanced,19380,37
advanced,19381,19
advanced,19382,18
advanced,19383,43
advanced,19384,46
advanced,19385,63
advanced,19386,73
advanced,19387,48
advanced,19388,44
advanced,19389,68
advanced,19390,37
advanced,19391,32
advanced,19392,27
advanced,19393,12
advanced,19394,29
advanced,19395,51
advanced,19396,25
advanced,19397,26
advanced,19398,47
advanced,19399,58
advanced,19400,36
advanced,19401,39
advanced,19402,31
advanced,19403,48
advanced,19404,55
advanced,19405,18
advanced,19406,22
advanced,19407,23
advanced,19408,31
advanced,19409,36
advanced,19410,21
advanced,19411,13
advanced,19412,53
advanced,19413,47
advanced,19414,56
advanced,19415,25
advanced,19416,54
advanced,19417,37
advanced,19418,38
advanced,19419,82
advanced,19420,32
advanced,19421,21
advanced,19422,16
advanced,19423,51
advanced,19424,30
advanced,19425,30
advanced,19426,29
advanced,19427,22
advanced,19428,54
advanced,19429,48
advanced,19430,41
advanced,19431,45
advanced,19432,46
advanced,19433,38
advanced,19434,34
advanced,19435,31
advanced,19436,63
advanced,19437,41
advanced,19438,62
advanced,19439,9
advanced,19440,40
advanced,19441,22
advanced,19442,34
advanced,19443,50
advanced,19444,25
advanced,19445,21
advanced,19446,19
advanced,19447,35
advanced,19448,50
advanced,19449,35
advanced,19450,57
advanced,19451,52
advanced,19452,33
advanced,19453,47
advanced,19454,15
advanced,19455,14
advanced,19456,42
advanced,19457,68
advanced,19458,19
advanced,19459,31
advanced,19460,45
advanced,19461,44
advanced,19462,25
advanced,19463,18
advanced,19464,28
advanced,19465,7
advanced,19466,45
advanced,19467,39
advanced,19468,13
advanced,19469,30
advanced,19470,27
advanced,19471,19
advanced,19472,20
advanced,19473,40
advanced,19474,45
advanced,19475,15
advanced,19476,35
advanced,19477,48
advanced,19478,27
advanced,19479,16
advanced,19480,32
advanced,19481,22
advanced,19482,36
advanced,19483,19
advanced,19484,31
advanced,19485,47
advanced,19486,44
advanced,19487,32
advanced,19488,23
advanced,19489,28
advanced,19490,27
advanced,19491,44
advanced,19492,33
advanced,19493,18
advanced,19494,49
advanced,19495,63
advanced,19496,22
advanced,19497,30
advanced,19498,32
advanced,19499,27
advanced,19500,29
advanced,19501,63
advanced,19502,17
advanced,19503,33
advanced,19504,54
advanced,19505,52
advanced,19506,17
advanced,19507,16
advanced,19508,49
advanced,19509,13
advanced,19510,14
advanced,19511,28
advanced,19512,34
advanced,19513,46
advanced,19514,30
advanced,19515,54
advanced,19516,49
advanced,19517,8
advanced,19518,53
advanced,19519,50
advanced,19520,45
advanced,19521,45
advanced,19522,34
advanced,19523,32
advanced,19524,23
advanced,19525,54
advanced,19526,25
advanced,19527,49
advanced,19528,25
advanced,19529,74
advanced,19530,32
advanced,19531,24
advanced,19532,39
advanced,19533,43
advanced,19534,32
advanced,19535,26
advanced,19536,32
advanced,19537,33
advanced,19538,63
advanced,19539,49
advanced,19540,38
advanced,19541,37
advanced,19542,45
advanced,19543,46
advanced,19544,35
advanced,19545,41
advanced,19546,45
advanced,19547,44
advanced,19548,8
advanced,19549,29
advanced,19550,30
advanced,19551,38
advanced,19552,23
advanced,19553,39
advanced,19554,37
advanced,19555,38
advanced,19556,40
advanced,19557,35
advanced,19558,40
advanced,19559,23
advanced,19560,22
advanced,19561,34
advanced,19562,15
advanced,19563,35
advanced,19564,31
advanced,19565,19
advanced,19566,37
advanced,19567,24
advanced,19568,39
advanced,19569,25
advanced,19570,12
advanced,19571,44
advanced,19572,46
advanced,19573,32
advanced,19574,31
advanced,19575,47
advanced,19576,34
advanced,19577,76
advanced,19578,33
advanced,19579,28
advanced,19580,58
advanced,19581,24
advanced,19582,44
advanced,19583,29
advanced,19584,34
advanced,19585,30
advanced,19586,35
advanced,19587,35
advanced,19588,22
advanced,19589,27
advanced,19590,35
advanced,19591,37
advanced,19592,67
advanced,19593,35
advanced,19594,29
advanced,19595,23
advanced,19596,58
advanced,19597,35
advanced,19598,52
advanced,19599,35
advanced,19600,33
advanced,19601,17
advanced,19602,26
advanced,19603,21
advanced,19604,34
advanced,19605,36
advanced,19606,56
advanced,19607,35
advanced,19608,15
advanced,19609,34
advanced,19610,21
advanced,19611,19
advanced,19612,29
advanced,19613,44
advanced,19614,34
advanced,19615,30
advanced,19616,22
advanced,19617,27
advanced,19618,26
advanced,19619,64
advanced,19620,22
advanced,19621,53
advanced,19622,38
advanced,19623,30
advanced,19624,57
advanced,19625,34
advanced,19626,49
advanced,19627,52
advanced,19628,32
advanced,19629,15
advanced,19630,20
advanced,19631,47
advanced,19632,58
advanced,19633,32
advanced,19634,35
advanced,19635,11
advanced,19636,45
advanced,19637,32
advanced,19638,21
advanced,19639,43
advanced,19640,41
advanced,19641,23
advanced,19642,18
advanced,19643,36
advanced,19644,53
advanced,19645,15
advanced,19646,9
advanced,19647,30
advanced,19648,53
advanced,19649,39
advanced,19650,28
advanced,19651,22
advanced,19652,36
advanced,19653,52
advanced,19654,13
advanced,19655,31
advanced,19656,21
advanced,19657,51
advanced,19658,46
advanced,19659,25
advanced,19660,9
advanced,19661,24
advanced,19662,65
advanced,19663,38
advanced,19664,63
advanced,19665,27
advanced,19666,22
advanced,19667,31
advanced,19668,30
advanced,19669,47
advanced,19670,32
advanced,19671,30
advanced,19672,30
advanced,19673,45
advanced,19674,31
advanced,19675,40
advanced,19676,12
advanced,19677,54
advanced,19678,28
advanced,19679,35
advanced,19680,37
advanced,19681,54
advanced,19682,23
advanced,19683,45
advanced,19684,25
advanced,19685,35
advanced,19686,35
advanced,19687,25
advanced,19688,33
advanced,19689,82
advanced,19690,79
advanced,19691,28
advanced,19692,23
advanced,19693,30
advanced,19694,21
advanced,19695,24
advanced,19696,31
advanced,19697,56
advanced,19698,30
advanced,19699,42
advanced,19700,50
advanced,19701,42
advanced,19702,47
advanced,19703,35
advanced,19704,34
advanced,19705,46
advanced,19706,27
advanced,19707,27
advanced,19708,27
advanced,19709,53
advanced,19710,39
advanced,19711,46
advanced,19712,25
advanced,19713,20
advanced,19714,32
advanced,19715,50
advanced,19716,21
advanced,19717,29
advanced,19718,33
advanced,19719,41
advanced,19720,17
advanced,19721,74
advanced,19722,28
advanced,19723,28
advanced,19724,33
advanced,19725,38
advanced,19726,26
advanced,19727,54
advanced,19728,40
advanced,19729,41
advanced,19730,23
advanced,19731,23
advanced,19732,81
advanced,19733,40
advanced,19734,47
advanced,19735,27
advanced,19736,31
advanced,19737,9
advanced,19738,50
advanced,19739,32
advanced,19740,63
advanced,19741,39
advanced,19742,41
advanced,19743,47
advanced,19744,24
advanced,19745,50
advanced,19746,29
advanced,19747,27
advanced,19748,16
advanced,19749,29
advanced,19750,35
advanced,19751,28
advanced,19752,16
advanced,19753,20
advanced,19754,42
advanced,19755,37
advanced,19756,32
advanced,19757,33
advanced,19758,48
advanced,19759,27
advanced,19760,50
advanced,19761,33
advanced,19762,40
advanced,19763,31
advanced,19764,22
advanced,19765,34
advanced,19766,40
advanced,19767,46
advanced,19768,30
advanced,19769,42
advanced,19770,10
advanced,19771,39
advanced,19772,31
advanced,19773,44
advanced,19774,45
advanced,19775,19
advanced,19776,31
advanced,19777,44
advanced,19778,46
advanced,19779,28
advanced,19780,36
advanced,19781,34
advanced,19782,32
advanced,19783,18
advanced,19784,70
advanced,19785,44
advanced,19786,32
advanced,19787,18
advanced,19788,34
advanced,19789,43
advanced,19790,36
advanced,19791,60
advanced,19792,39
advanced,19793,33
advanced,19794,24
advanced,19795,26
advanced,19796,46
advanced,19797,45
advanced,19798,55
advanced,19799,36
advanced,19800,21
advanced,19801,36
advanced,19802,48
advanced,19803,24
advanced,19804,40
advanced,19805,55
advanced,19806,32
advanced,19807,19
advanced,19808,47
advanced,19809,53
advanced,19810,37
advanced,19811,36
advanced,19812,34
advanced,19813,37
advanced,19814,24
advanced,19815,30
advanced,19816,27
advanced,19817,34
advanced,19818,28
advanced,19819,20
advanced,19820,23
advanced,19821,20
advanced,19822,35
advanced,19823,19
advanced,19824,36
advanced,19825,28
advanced,19826,63
advanced,19827,42
advanced,19828,25
advanced,19829,54
advanced,19830,36
advanced,19831,18
advanced,19832,51
advanced,19833,31
advanced,19834,31
advanced,19835,30
advanced,19836,10
advanced,19837,36
advanced,19838,32
advanced,19839,45
advanced,19840,52
advanced,19841,28
advanced,19842,26
advanced,19843,27
advanced,19844,27
advanced,19845,9
advanced,19846,48
advanced,19847,50
advanced,19848,19
advanced,19849,27
advanced,19850,47
advanced,19851,50
advanced,19852,19
advanced,19853,19
advanced,19854,110
advanced,19855,9
advanced,19856,40
advanced,19857,54
advanced,19858,32
advanced,19859,17
advanced,19860,33
advanced,19861,21
advanced,19862,48
advanced,19863,32
advanced,19864,23
advanced,19865,37
advanced,19866,25
advanced,19867,51
advanced,19868,31
advanced,19869,42
advanced,19870,38
advanced,19871,22
advanced,19872,44
advanced,19873,27
advanced,19874,26
advanced,19875,39
advanced,19876,39
advanced,19877,19
advanced,19878,26
advanced,19879,38
advanced,19880,41
advanced,19881,30
advanced,19882,25
advanced,19883,25
advanced,19884,42
advanced,19885,34
advanced,19886,28
advanced,19887,16
advanced,19888,44
advanced,19889,41
advanced,19890,32
advanced,19891,62
advanced,19892,23
advanced,19893,23
advanced,19894,92
advanced,19895,46
advanced,19896,43
advanced,19897,28
advanced,19898,53
advanced,19899,37
advanced,19900,29
advanced,19901,31
advanced,19902,46
advanced,19903,22
advanced,19904,84
advanced,19905,51
advanced,19906,29
advanced,19907,20
advanced,19908,52
advanced,19909,33
advanced,19910,61
advanced,19911,42
advanced,19912,30
advanced,19913,17
advanced,19914,24
advanced,19915,25
advanced,19916,29
advanced,19917,33
advanced,19918,34
advanced,19919,21
advanced,19920,41
advanced,19921,61
advanced,19922,37
advanced,19923,30
advanced,19924,36
advanced,19925,29
advanced,19926,32
advanced,19927,27
advanced,19928,27
advanced,19929,31
advanced,19930,46
advanced,19931,17
advanced,19932,38
advanced,19933,46
advanced,19934,69
advanced,19935,34
advanced,19936,19
advanced,19937,30
advanced,19938,56
advanced,19939,24
advanced,19940,33
advanced,19941,44
advanced,19942,65
advanced,19943,30
advanced,19944,40
advanced,19945,45
advanced,19946,29
advanced,19947,22
advanced,19948,21
advanced,19949,28
advanced,19950,17
advanced,19951,9
advanced,19952,23
advanced,19953,50
advanced,19954,38
advanced,19955,23
advanced,19956,21
advanced,19957,34
advanced,19958,9
advanced,19959,30
advanced,19960,26
advanced,19961,56
advanced,19962,33
advanced,19963,32
advanced,19964,26
advanced,19965,38
advanced,19966,51
advanced,19967,32
advanced,19968,39
advanced,19969,59
advanced,19970,27
advanced,19971,46
advanced,19972,25
advanced,19973,36
advanced,19974,22
advanced,19975,67
advanced,19976,34
advanced,19977,9
advanced,19978,25
advanced,19979,25
advanced,19980,40
advanced,19981,36
advanced,19982,55
advanced,19983,18
advanced,19984,69
advanced,19985,17
advanced,19986,39
advanced,19987,59
advanced,19988,25
advanced,19989,29
advanced,19990,39
advanced,19991,83
advanced,19992,80
advanced,19993,19
advanced,19994,57
advanced,19995,71
advanced,19996,40
advanced,19997,65
advanced,19998,37
advanced,19999,23
advanced,20000,36
advanced,20001,33
advanced,20002,34
advanced,20003,36
advanced,20004,52
advanced,20005,24
advanced,20006,57
advanced,20007,35
advanced,20008,46
advanced,20009,51
advanced,20010,42
advanced,20011,33
advanced,20012,20
advanced,20013,63
advanced,20014,52
advanced,20015,12
advanced,20016,22
advanced,20017,32
advanced,20018,18
advanced,20019,31
advanced,20020,32
advanced,20021,41
advanced,20022,49
advanced,20023,62
advanced,20024,33
advanced,20025,42
advanced,20026,33
advanced,20027,51
advanced,20028,45
advanced,20029,11
advanced,20030,55
advanced,20031,34
advanced,20032,36
advanced,20033,14
advanced,20034,36
advanced,20035,31
advanced,20036,22
advanced,20037,20
advanced,20038,56
advanced,20039,26
advanced,20040,27
advanced,20041,34
advanced,20042,32
advanced,20043,29
advanced,20044,35
advanced,20045,30
advanced,20046,50
advanced,20047,36
advanced,20048,49
advanced,20049,68
advanced,20050,27
advanced,20051,39
advanced,20052,26
advanced,20053,28
advanced,20054,34
advanced,20055,10
advanced,20056,36
advanced,20057,40
advanced,20058,43
advanced,20059,37
advanced,20060,39
advanced,20061,41
advanced,20062,64
advanced,20063,41
advanced,20064,50
advanced,20065,39
advanced,20066,57
advanced,20067,48
advanced,20068,46
advanced,20069,53
advanced,20070,69
advanced,20071,29
advanced,20072,31
advanced,20073,51
advanced,20074,75
advanced,20075,29
advanced,20076,32
advanced,20077,49
advanced,20078,30
advanced,20079,45
advanced,20080,37
advanced,20081,53
advanced,20082,24
advanced,20083,46
advanced,20084,26
advanced,20085,13
advanced,20086,77
advanced,20087,23
advanced,20088,20
advanced,20089,19
advanced,20090,13
advanced,20091,27
advanced,20092,26
advanced,20093,33
advanced,20094,27
advanced,20095,23
advanced,20096,59
advanced,20097,41
advanced,20098,42
advanced,20099,30
advanced,20100,52
advanced,20101,33
advanced,20102,55
advanced,20103,97
advanced,20104,51
advanced,20105,41
advanced,20106,28
advanced,20107,31
advanced,20108,28
advanced,20109,41
advanced,20110,34
advanced,20111,20
advanced,20112,46
advanced,20113,34
advanced,20114,30
advanced,20115,19
advanced,20116,37
advanced,20117,27
advanced,20118,37
advanced,20119,35
advanced,20120,30
advanced,20121,35
advanced,20122,41
advanced,20123,23
advanced,20124,18
advanced,20125,28
advanced,20126,8
advanced,20127,23
advanced,20128,19
advanced,20129,39
advanced,20130,52
advanced,20131,42
advanced,20132,46
advanced,20133,29
advanced,20134,22
advanced,20135,22
advanced,20136,27
advanced,20137,34
advanced,20138,54
advanced,20139,39
advanced,20140,12
advanced,20141,47
advanced,20142,80
advanced,20143,47
advanced,20144,17
advanced,20145,18
advanced,20146,55
advanced,20147,54
advanced,20148,78
advanced,20149,58
advanced,20150,32
advanced,20151,21
advanced,20152,30
advanced,20153,45
advanced,20154,34
advanced,20155,25
advanced,20156,57
advanced,20157,18
advanced,20158,12
advanced,20159,29
advanced,20160,37
advanced,20161,24
advanced,20162,41
advanced,20163,45
advanced,20164,29
advanced,20165,42
advanced,20166,35
advanced,20167,31
advanced,20168,26
advanced,20169,47
advanced,20170,20
advanced,20171,21
advanced,20172,40
advanced,20173,24
advanced,20174,15
advanced,20175,30
advanced,20176,33
advanced,20177,31
advanced,20178,11
advanced,20179,17
advanced,20180,86
advanced,20181,57
advanced,20182,27
advanced,20183,14
advanced,20184,13
advanced,20185,18
advanced,20186,33
advanced,20187,61
advanced,20188,25
advanced,20189,25
advanced,20190,51
advanced,20191,14
advanced,20192,24
advanced,20193,22
advanced,20194,37
advanced,20195,50
advanced,20196,15
advanced,20197,33
advanced,20198,28
advanced,20199,28
advanced,20200,19
advanced,20201,17
advanced,20202,56
advanced,20203,25
advanced,20204,47
advanced,20205,23
advanced,20206,28
advanced,20207,34
advanced,20208,35
advanced,20209,35
advanced,20210,42
advanced,20211,26
advanced,20212,36
advanced,20213,30
advanced,20214,44
advanced,20215,27
advanced,20216,24
advanced,20217,31
advanced,20218,51
advanced,20219,29
advanced,20220,39
advanced,20221,29
advanced,20222,50
advanced,20223,21
advanced,20224,38
advanced,20225,43
advanced,20226,35
advanced,20227,36
advanced,20228,27
advanced,20229,30
advanced,20230,31
advanced,20231,31
advanced,20232,28
advanced,20233,42
advanced,20234,29
advanced,20235,33
advanced,20236,37
advanced,20237,27
advanced,20238,54
advanced,20239,22
advanced,20240,44
advanced,20241,30
advanced,20242,40
advanced,20243,28
advanced,20244,35
advanced,20245,22
advanced,20246,49
advanced,20247,55
advanced,20248,63
advanced,20249,42
advanced,20250,17
advanced,20251,20
advanced,20252,27
advanced,20253,9
advanced,20254,28
advanced,20255,26
advanced,20256,14
advanced,20257,30
advanced,20258,17
advanced,20259,25
advanced,20260,36
advanced,20261,17
advanced,20262,21
advanced,20263,25
advanced,20264,35
advanced,20265,40
advanced,20266,38
advanced,20267,47
advanced,20268,15
advanced,20269,20
advanced,20270,68
advanced,20271,38
advanced,20272,43
advanced,20273,26
advanced,20274,29
advanced,20275,35
advanced,20276,40
advanced,20277,40
advanced,20278,50
advanced,20279,10
advanced,20280,15
advanced,20281,52
advanced,20282,23
advanced,20283,53
advanced,20284,10
advanced,20285,50
advanced,20286,32
advanced,20287,17
advanced,20288,22
advanced,20289,36
advanced,20290,32
advanced,20291,22
advanced,20292,5
advanced,20293,25
advanced,20294,34
advanced,20295,28
advanced,20296,39
advanced,20297,30
advanced,20298,31
advanced,20299,43
advanced,20300,36
advanced,20301,36
advanced,20302,25
advanced,20303,38
advanced,20304,51
advanced,20305,41
advanced,20306,55
advanced,20307,16
advanced,20308,22
advanced,20309,34
advanced,20310,47
advanced,20311,16
advanced,20312,41
advanced,20313,20
advanced,20314,19
advanced,20315,28
advanced,20316,24
advanced,20317,23
advanced,20318,13
advanced,20319,35
advanced,20320,51
advanced,20321,30
advanced,20322,17
advanced,20323,61
advanced,20324,55
advanced,20325,34
advanced,20326,29
advanced,20327,47
advanced,20328,22
advanced,20329,34
advanced,20330,31
advanced,20331,31
advanced,20332,23
advanced,20333,41
advanced,20334,35
advanced,20335,33
advanced,20336,54
advanced,20337,39
advanced,20338,33
advanced,20339,23
advanced,20340,31
advanced,20341,32
advanced,20342,33
advanced,20343,62
advanced,20344,31
advanced,20345,40
advanced,20346,19
advanced,20347,30
advanced,20348,49
advanced,20349,27
advanced,20350,30
advanced,20351,46
advanced,20352,47
advanced,20353,32
advanced,20354,22
advanced,20355,44
advanced,20356,35
advanced,20357,61
advanced,20358,34
advanced,20359,55
advanced,20360,32
advanced,20361,36
advanced,20362,46
advanced,20363,51
advanced,20364,28
advanced,20365,44
advanced,20366,55
advanced,20367,41
advanced,20368,28
advanced,20369,67
advanced,20370,65
advanced,20371,48
advanced,20372,41
advanced,20373,32
advanced,20374,43
advanced,20375,56
advanced,20376,44
advanced,20377,13
advanced,20378,33
advanced,20379,31
advanced,20380,28
advanced,20381,41
advanced,20382,16
advanced,20383,32
advanced,20384,36
advanced,20385,61
advanced,20386,29
advanced,20387,32
advanced,20388,24
advanced,20389,19
advanced,20390,53
advanced,20391,31
advanced,20392,35
advanced,20393,64
advanced,20394,26
advanced,20395,47
advanced,20396,44
advanced,20397,58
advanced,20398,43
advanced,20399,15
advanced,20400,33
advanced,20401,36
advanced,20402,48
advanced,20403,46
advanced,20404,34
advanced,20405,35
advanced,20406,22
advanced,20407,29
advanced,20408,13
advanced,20409,25
advanced,20410,20
advanced,20411,35
advanced,20412,32
advanced,20413,13
advanced,20414,15
advanced,20415,38
advanced,20416,44
advanced,20417,39
advanced,20418,21
advanced,20419,35
advanced,20420,68
advanced,20421,72
advanced,20422,30
advanced,20423,40
advanced,20424,42
advanced,20425,19
advanced,20426,70
advanced,20427,51
advanced,20428,33
advanced,20429,38
advanced,20430,47
advanced,20431,28
advanced,20432,6
advanced,20433,55
advanced,20434,16
advanced,20435,56
advanced,20436,31
advanced,20437,16
advanced,20438,44
advanced,20439,32
advanced,20440,21
advanced,20441,30
advanced,20442,33
advanced,20443,39
advanced,20444,40
advanced,20445,54
advanced,20446,41
advanced,20447,43
advanced,20448,43
advanced,20449,24
advanced,20450,8
advanced,20451,39
advanced,20452,15
advanced,20453,19
advanced,20454,48
advanced,20455,31
advanced,20456,18
advanced,20457,16
advanced,20458,76
advanced,20459,16
advanced,20460,70
advanced,20461,27
advanced,20462,36
advanced,20463,34
advanced,20464,24
advanced,20465,37
advanced,20466,29
advanced,20467,22
advanced,20468,18
advanced,20469,21
advanced,20470,54
advanced,20471,28
advanced,20472,22
advanced,20473,52
advanced,20474,40
advanced,20475,46
advanced,20476,33
advanced,20477,31
advanced,20478,66
advanced,20479,21
advanced,20480,22
advanced,20481,45
advanced,20482,42
advanced,20483,33
advanced,20484,46
advanced,20485,26
advanced,20486,30
advanced,20487,32
advanced,20488,28
advanced,20489,34
advanced,20490,27
advanced,20491,26
advanced,20492,28
advanced,20493,73
advanced,20494,46
advanced,20495,21
advanced,20496,40
advanced,20497,13
advanced,20498,30
advanced,20499,36
advanced,20500,34
advanced,20501,16
advanced,20502,27
advanced,20503,24
advanced,20504,32
advanced,20505,24
advanced,20506,40
advanced,20507,43
advanced,20508,24
advanced,20509,19
advanced,20510,35
advanced,20511,31
advanced,20512,28
advanced,20513,44
advanced,20514,31
advanced,20515,43
advanced,20516,35
advanced,20517,36
advanced,20518,57
advanced,20519,27
advanced,20520,32
advanced,20521,43
advanced,20522,41
advanced,20523,52
advanced,20524,86
advanced,20525,54
advanced,20526,23
advanced,20527,29
advanced,20528,66
advanced,20529,30
advanced,20530,49
advanced,20531,41
advanced,20532,52
advanced,20533,58
advanced,20534,23
advanced,20535,33
advanced,20536,29
advanced,20537,21
advanced,20538,70
advanced,20539,50
advanced,20540,34
advanced,20541,12
advanced,20542,36
advanced,20543,32
advanced,20544,42
advanced,20545,13
advanced,20546,32
advanced,20547,19
advanced,20548,24
advanced,20549,41
advanced,20550,26
advanced,20551,15
advanced,20552,27
advanced,20553,19
advanced,20554,26
advanced,20555,11
advanced,20556,42
advanced,20557,55
advanced,20558,42
advanced,20559,38
advanced,20560,39
advanced,20561,52
advanced,20562,17
advanced,20563,39
advanced,20564,22
advanced,20565,32
advanced,20566,57
advanced,20567,18
advanced,20568,26
advanced,20569,21
advanced,20570,25
advanced,20571,19
advanced,20572,28
advanced,20573,9
advanced,20574,26
advanced,20575,48
advanced,20576,50
advanced,20577,19
advanced,20578,48
advanced,20579,39
advanced,20580,17
advanced,20581,25
advanced,20582,17
advanced,20583,46
advanced,20584,32
advanced,20585,40
advanced,20586,23
advanced,20587,20
advanced,20588,36
advanced,20589,41
advanced,20590,54
advanced,20591,31
advanced,20592,38
advanced,20593,29
advanced,20594,34
advanced,20595,45
advanced,20596,23
advanced,20597,60
advanced,20598,26
advanced,20599,71
advanced,20600,31
advanced,20601,29
advanced,20602,50
advanced,20603,24
advanced,20604,48
advanced,20605,51
advanced,20606,28
advanced,20607,28
advanced,20608,40
advanced,20609,38
advanced,20610,54
advanced,20611,35
advanced,20612,42
advanced,20613,27
advanced,20614,31
advanced,20615,23
advanced,20616,42
advanced,20617,39
advanced,20618,28
advanced,20619,67
advanced,20620,18
advanced,20621,24
advanced,20622,20
advanced,20623,39
advanced,20624,34
advanced,20625,38
advanced,20626,18
advanced,20627,22
advanced,20628,36
advanced,20629,37
advanced,20630,57
advanced,20631,51
advanced,20632,45
advanced,20633,32
advanced,20634,58
advanced,20635,26
advanced,20636,40
advanced,20637,14
advanced,20638,30
advanced,20639,33
advanced,20640,20
advanced,20641,46
advanced,20642,27
advanced,20643,37
advanced,20644,44
advanced,20645,43
advanced,20646,38
advanced,20647,29
advanced,20648,31
advanced,20649,29
advanced,20650,34
advanced,20651,30
advanced,20652,37
advanced,20653,16
advanced,20654,26
advanced,20655,20
advanced,20656,60
advanced,20657,53
advanced,20658,34
advanced,20659,57
advanced,20660,40
advanced,20661,19
advanced,20662,53
advanced,20663,50
advanced,20664,22
advanced,20665,33
advanced,20666,62
advanced,20667,32
advanced,20668,17
advanced,20669,80
advanced,20670,31
advanced,20671,23
advanced,20672,39
advanced,20673,17
advanced,20674,40
advanced,20675,18
advanced,20676,38
advanced,20677,32
advanced,20678,34
advanced,20679,33
advanced,20680,25
advanced,20681,73
advanced,20682,25
advanced,20683,25
advanced,20684,33
advanced,20685,39
advanced,20686,23
advanced,20687,17
advanced,20688,28
advanced,20689,37
advanced,20690,24
advanced,20691,24
advanced,20692,31
advanced,20693,20
advanced,20694,33
advanced,20695,14
advanced,20696,12
advanced,20697,48
advanced,20698,40
advanced,20699,35
advanced,20700,34
advanced,20701,85
advanced,20702,30
advanced,20703,42
advanced,20704,18
advanced,20705,33
advanced,20706,34
advanced,20707,52
advanced,20708,24
advanced,20709,24
advanced,20710,38
advanced,20711,23
advanced,20712,41
advanced,20713,34
advanced,20714,26
advanced,20715,27
advanced,20716,39
advanced,20717,25
advanced,20718,42
advanced,20719,54
advanced,20720,50
advanced,20721,22
advanced,20722,53
advanced,20723,49
advanced,20724,11
advanced,20725,60
advanced,20726,34
advanced,20727,38
advanced,20728,34
advanced,20729,25
advanced,20730,24
advanced,20731,38
advanced,20732,19
advanced,20733,40
advanced,20734,43
advanced,20735,23
advanced,20736,42
advanced,20737,22
advanced,20738,27
advanced,20739,42
advanced,20740,46
advanced,20741,36
advanced,20742,24
advanced,20743,65
advanced,20744,30
advanced,20745,43
advanced,20746,36
advanced,20747,7
advanced,20748,34
advanced,20749,41
advanced,20750,14
advanced,20751,63
advanced,20752,34
advanced,20753,22
advanced,20754,14
advanced,20755,34
advanced,20756,33
advanced,20757,25
advanced,20758,19
advanced,20759,35
advanced,20760,22
advanced,20761,36
advanced,20762,30
advanced,20763,17
advanced,20764,36
advanced,20765,18
advanced,20766,25
advanced,20767,26
advanced,20768,26
advanced,20769,24
advanced,20770,32
advanced,20771,15
advanced,20772,30
advanced,20773,62
advanced,20774,10
advanced,20775,59
advanced,20776,29
advanced,20777,20
advanced,20778,28
advanced,20779,51
advanced,20780,26
advanced,20781,21
advanced,20782,35
advanced,20783,70
advanced,20784,10
advanced,20785,30
advanced,20786,21
advanced,20787,35
advanced,20788,54
advanced,20789,45
advanced,20790,34
advanced,20791,32
advanced,20792,23
advanced,20793,31
advanced,20794,32
advanced,20795,42
advanced,20796,31
advanced,20797,46
advanced,20798,32
advanced,20799,22
advanced,20800,59
advanced,20801,33
advanced,20802,15
advanced,20803,55
advanced,20804,33
advanced,20805,44
advanced,20806,42
advanced,20807,18
advanced,20808,40
advanced,20809,20
advanced,20810,45
advanced,20811,28
advanced,20812,40
advanced,20813,38
advanced,20814,46
advanced,20815,16
advanced,20816,42
advanced,20817,43
advanced,20818,55
advanced,20819,77
advanced,20820,10
advanced,20821,23
advanced,20822,69
advanced,20823,25
advanced,20824,34
advanced,20825,37
advanced,20826,60
advanced,20827,16
advanced,20828,20
advanced,20829,37
advanced,20830,22
advanced,20831,25
advanced,20832,42
advanced,20833,42
advanced,20834,23
advanced,20835,43
advanced,20836,36
advanced,20837,43
advanced,20838,48
advanced,20839,45
advanced,20840,22
advanced,20841,72
advanced,20842,25
advanced,20843,16
advanced,20844,63
advanced,20845,17
advanced,20846,26
advanced,20847,39
advanced,20848,30
advanced,20849,24
advanced,20850,31
advanced,20851,27
advanced,20852,40
advanced,20853,60
advanced,20854,58
advanced,20855,24
advanced,20856,15
advanced,20857,22
advanced,20858,34
advanced,20859,33
advanced,20860,35
advanced,20861,19
advanced,20862,27
advanced,20863,46
advanced,20864,59
advanced,20865,48
advanced,20866,50
advanced,20867,28
advanced,20868,38
advanced,20869,41
advanced,20870,68
advanced,20871,52
advanced,20872,29
advanced,20873,26
advanced,20874,59
advanced,20875,46
advanced,20876,32
advanced,20877,32
advanced,20878,15
advanced,20879,54
advanced,20880,30
advanced,20881,84
advanced,20882,34
advanced,20883,37
advanced,20884,33
advanced,20885,45
advanced,20886,23
advanced,20887,26
advanced,20888,24
advanced,20889,25
advanced,20890,28
advanced,20891,36
advanced,20892,22
advanced,20893,22
advanced,20894,46
advanced,20895,25
advanced,20896,26
advanced,20897,26
advanced,20898,41
advanced,20899,30
advanced,20900,82
advanced,20901,23
advanced,20902,41
advanced,20903,52
advanced,20904,40
advanced,20905,23
advanced,20906,54
advanced,20907,33
advanced,20908,22
advanced,20909,49
advanced,20910,35
advanced,20911,21
advanced,20912,25
advanced,20913,30
advanced,20914,19
advanced,20915,95
advanced,20916,33
advanced,20917,28
advanced,20918,33
advanced,20919,53
advanced,20920,45
advanced,20921,50
advanced,20922,33
advanced,20923,27
advanced,20924,42
advanced,20925,35
advanced,20926,50
advanced,20927,45
advanced,20928,38
advanced,20929,31
advanced,20930,51
advanced,20931,26
advanced,20932,54
advanced,20933,40
advanced,20934,59
advanced,20935,29
advanced,20936,25
advanced,20937,25
advanced,20938,33
advanced,20939,28
advanced,20940,14
advanced,20941,21
advanced,20942,49
advanced,20943,22
advanced,20944,48
advanced,20945,37
advanced,20946,34
advanced,20947,15
advanced,20948,43
advanced,20949,28
advanced,20950,21
advanced,20951,49
advanced,20952,22
advanced,20953,71
advanced,20954,18
advanced,20955,42
advanced,20956,49
advanced,20957,41
advanced,20958,30
advanced,20959,36
advanced,20960,41
advanced,20961,27
advanced,20962,62
advanced,20963,39
advanced,20964,55
advanced,20965,61
advanced,20966,28
advanced,20967,28
advanced,20968,49
advanced,20969,16
advanced,20970,35
advanced,20971,32
advanced,20972,32
advanced,20973,11
advanced,20974,39
advanced,20975,23
advanced,20976,36
advanced,20977,31
advanced,20978,50
advanced,20979,48
advanced,20980,36
advanced,20981,34
advanced,20982,39
advanced,20983,22
advanced,20984,29
advanced,20985,22
advanced,20986,52
advanced,20987,55
advanced,20988,38
advanced,20989,29
advanced,20990,56
advanced,20991,26
advanced,20992,27
advanced,20993,34
advanced,20994,44
advanced,20995,51
advanced,20996,15
advanced,20997,38
advanced,20998,36
advanced,20999,60
advanced,21000,22
advanced,21001,24
advanced,21002,38
advanced,21003,47
advanced,21004,25
advanced,21005,17
advanced,21006,20
advanced,21007,50
advanced,21008,27
advanced,21009,58
advanced,21010,32
advanced,21011,58
advanced,21012,44
advanced,21013,44
advanced,21014,36
advanced,21015,17
advanced,21016,25
advanced,21017,50
advanced,21018,43
advanced,21019,57
advanced,21020,15
advanced,21021,35
advanced,21022,47
advanced,21023,30
advanced,21024,26
advanced,21025,38
advanced,21026,26
advanced,21027,15
advanced,21028,35
advanced,21029,6
advanced,21030,57
advanced,21031,67
advanced,21032,18
advanced,21033,52
advanced,21034,19
advanced,21035,54
advanced,21036,34
advanced,21037,77
advanced,21038,32
advanced,21039,21
advanced,21040,38
advanced,21041,16
advanced,21042,33
advanced,21043,42
advanced,21044,63
advanced,21045,22
advanced,21046,29
advanced,21047,30
advanced,21048,51
advanced,21049,36
advanced,21050,56
advanced,21051,46
advanced,21052,15
advanced,21053,42
advanced,21054,28
advanced,21055,32
advanced,21056,21
advanced,21057,53
advanced,21058,20
advanced,21059,23
advanced,21060,21
advanced,21061,25
advanced,21062,54
advanced,21063,37
advanced,21064,24
advanced,21065,42
advanced,21066,48
advanced,21067,61
advanced,21068,22
advanced,21069,42
advanced,21070,18
advanced,21071,20
advanced,21072,34
advanced,21073,50
advanced,21074,38
advanced,21075,47
advanced,21076,21
advanced,21077,50
advanced,21078,36
advanced,21079,39
advanced,21080,41
advanced,21081,27
advanced,21082,35
advanced,21083,18
advanced,21084,61
advanced,21085,25
advanced,21086,29
advanced,21087,50
advanced,21088,40
advanced,21089,27
advanced,21090,39
advanced,21091,17
advanced,21092,23
advanced,21093,39
advanced,21094,46
advanced,21095,11
advanced,21096,36
advanced,21097,15
advanced,21098,29
advanced,21099,30
advanced,21100,27
advanced,21101,11
advanced,21102,25
advanced,21103,18
advanced,21104,38
advanced,21105,63
advanced,21106,29
advanced,21107,38
advanced,21108,22
advanced,21109,12
advanced,21110,46
advanced,21111,16
advanced,21112,18
advanced,21113,26
advanced,21114,39
advanced,21115,72
advanced,21116,48
advanced,21117,21
advanced,21118,28
advanced,21119,26
advanced,21120,31
advanced,21121,17
advanced,21122,62
advanced,21123,47
advanced,21124,52
advanced,21125,47
advanced,21126,41
advanced,21127,63
advanced,21128,24
advanced,21129,34
advanced,21130,35
advanced,21131,29
advanced,21132,28
advanced,21133,32
advanced,21134,43
advanced,21135,74
advanced,21136,21
advanced,21137,24
advanced,21138,62
advanced,21139,49
advanced,21140,63
advanced,21141,19
advanced,21142,35
advanced,21143,37
advanced,21144,54
advanced,21145,21
advanced,21146,47
advanced,21147,49
advanced,21148,45
advanced,21149,40
advanced,21150,48
advanced,21151,11
advanced,21152,28
advanced,21153,34
advanced,21154,40
advanced,21155,23
advanced,21156,33
advanced,21157,29
advanced,21158,57
advanced,21159,32
advanced,21160,43
advanced,21161,25
advanced,21162,50
advanced,21163,48
advanced,21164,32
advanced,21165,70
advanced,21166,26
advanced,21167,44
advanced,21168,11
advanced,21169,34
advanced,21170,15
advanced,21171,30
advanced,21172,37
advanced,21173,26
advanced,21174,48
advanced,21175,17
advanced,21176,63
advanced,21177,12
advanced,21178,36
advanced,21179,24
advanced,21180,27
advanced,21181,36
advanced,21182,43
advanced,21183,56
advanced,21184,46
advanced,21185,20
advanced,21186,41
advanced,21187,57
advanced,21188,50
advanced,21189,18
advanced,21190,57
advanced,21191,28
advanced,21192,15
advanced,21193,15
advanced,21194,61
advanced,21195,26
advanced,21196,19
advanced,21197,57
advanced,21198,47
advanced,21199,40
advanced,21200,27
advanced,21201,39
advanced,21202,52
advanced,21203,24
advanced,21204,48
advanced,21205,24
advanced,21206,30
advanced,21207,33
advanced,21208,38
advanced,21209,14
advanced,21210,35
advanced,21211,14
advanced,21212,34
advanced,21213,25
advanced,21214,39
advanced,21215,41
advanced,21216,49
advanced,21217,41
advanced,21218,25
advanced,21219,38
advanced,21220,50
advanced,21221,37
advanced,21222,31
advanced,21223,14
advanced,21224,44
advanced,21225,32
advanced,21226,22
advanced,21227,24
advanced,21228,44
advanced,21229,29
advanced,21230,20
advanced,21231,38
advanced,21232,72
advanced,21233,30
advanced,21234,22
advanced,21235,45
advanced,21236,32
advanced,21237,18
advanced,21238,37
advanced,21239,26
advanced,21240,24
advanced,21241,63
advanced,21242,21
advanced,21243,38
advanced,21244,30
advanced,21245,30
advanced,21246,44
advanced,21247,22
advanced,21248,22
advanced,21249,36
advanced,21250,25
advanced,21251,40
advanced,21252,53
advanced,21253,43
advanced,21254,37
advanced,21255,31
advanced,21256,43
advanced,21257,29
advanced,21258,29
advanced,21259,42
advanced,21260,26
advanced,21261,49
advanced,21262,32
advanced,21263,28
advanced,21264,30
advanced,21265,34
advanced,21266,32
advanced,21267,35
advanced,21268,45
advanced,21269,33
advanced,21270,24
advanced,21271,50
advanced,21272,26
advanced,21273,28
advanced,21274,14
advanced,21275,18
advanced,21276,30
advanced,21277,24
advanced,21278,65
advanced,21279,25
advanced,21280,30
advanced,21281,17
advanced,21282,26
advanced,21283,48
advanced,21284,16
advanced,21285,21
advanced,21286,33
advanced,21287,45
advanced,21288,26
advanced,21289,46
advanced,21290,33
advanced,21291,19
advanced,21292,18
advanced,21293,42
advanced,21294,66
advanced,21295,32
advanced,21296,54
advanced,21297,18
advanced,21298,23
advanced,21299,31
advanced,21300,53
advanced,21301,34
advanced,21302,39
advanced,21303,32
advanced,21304,48
advanced,21305,58
advanced,21306,57
advanced,21307,42
advanced,21308,35
advanced,21309,24
advanced,21310,32
advanced,21311,43
advanced,21312,46
advanced,21313,30
advanced,21314,13
advanced,21315,27
advanced,21316,43
advanced,21317,33
advanced,21318,39
advanced,21319,38
advanced,21320,43
advanced,21321,8
advanced,21322,56
advanced,21323,41
advanced,21324,56
advanced,21325,25
advanced,21326,38
advanced,21327,27
advanced,21328,26
advanced,21329,40
advanced,21330,22
advanced,21331,30
advanced,21332,47
advanced,21333,35
advanced,21334,36
advanced,21335,39
advanced,21336,25
advanced,21337,36
advanced,21338,31
advanced,21339,34
advanced,21340,54
advanced,21341,23
advanced,21342,27
advanced,21343,31
advanced,21344,21
advanced,21345,64
advanced,21346,41
advanced,21347,23
advanced,21348,16
advanced,21349,42
advanced,21350,28
advanced,21351,29
advanced,21352,28
advanced,21353,38
advanced,21354,34
advanced,21355,35
advanced,21356,22
advanced,21357,31
advanced,21358,28
advanced,21359,25
advanced,21360,33
advanced,21361,47
advanced,21362,46
advanced,21363,50
advanced,21364,31
advanced,21365,33
advanced,21366,43
advanced,21367,39
advanced,21368,35
advanced,21369,32
advanced,21370,34
advanced,21371,69
advanced,21372,44
advanced,21373,14
advanced,21374,24
advanced,21375,34
advanced,21376,31
advanced,21377,22
advanced,21378,39
advanced,21379,26
advanced,21380,33
advanced,21381,25
advanced,21382,26
advanced,21383,39
advanced,21384,19
advanced,21385,33
advanced,21386,50
advanced,21387,25
advanced,21388,12
advanced,21389,50
advanced,21390,62
advanced,21391,13
advanced,21392,22
advanced,21393,52
advanced,21394,22
advanced,21395,38
advanced,21396,22
advanced,21397,50
advanced,21398,32
advanced,21399,27
advanced,21400,24
advanced,21401,59
advanced,21402,22
advanced,21403,10
advanced,21404,46
advanced,21405,46
advanced,21406,29
advanced,21407,22
advanced,21408,22
advanced,21409,47
advanced,21410,34
advanced,21411,32
advanced,21412,40
advanced,21413,74
advanced,21414,35
advanced,21415,48
advanced,21416,37
advanced,21417,33
advanced,21418,54
advanced,21419,34
advanced,21420,12
advanced,21421,32
advanced,21422,15
advanced,21423,27
advanced,21424,26
advanced,21425,26
advanced,21426,48
advanced,21427,33
advanced,21428,39
advanced,21429,19
advanced,21430,43
advanced,21431,21
advanced,21432,45
advanced,21433,39
advanced,21434,32
advanced,21435,41
advanced,21436,20
advanced,21437,43
advanced,21438,50
advanced,21439,39
advanced,21440,31
advanced,21441,60
advanced,21442,52
advanced,21443,39
advanced,21444,39
advanced,21445,40
advanced,21446,37
advanced,21447,47
advanced,21448,19
advanced,21449,41
advanced,21450,21
advanced,21451,56
advanced,21452,18
advanced,21453,33
advanced,21454,16
advanced,21455,11
advanced,21456,42
advanced,21457,22
advanced,21458,42
advanced,21459,32
advanced,21460,38
advanced,21461,17
advanced,21462,46
advanced,21463,32
advanced,21464,37
advanced,21465,48
advanced,21466,68
advanced,21467,66
advanced,21468,24
advanced,21469,46
advanced,21470,10
advanced,21471,31
advanced,21472,30
advanced,21473,46
advanced,21474,48
advanced,21475,18
advanced,21476,56
advanced,21477,37
advanced,21478,30
advanced,21479,31
advanced,21480,50
advanced,21481,27
advanced,21482,30
advanced,21483,49
advanced,21484,46
advanced,21485,48
advanced,21486,25
advanced,21487,37
advanced,21488,26
advanced,21489,38
advanced,21490,37
advanced,21491,10
advanced,21492,20
advanced,21493,66
advanced,21494,70
advanced,21495,45
advanced,21496,26
advanced,21497,45
advanced,21498,83
advanced,21499,25
advanced,21500,54
advanced,21501,31
advanced,21502,45
advanced,21503,20
advanced,21504,36
advanced,21505,17
advanced,21506,19
advanced,21507,46
advanced,21508,30
advanced,21509,27
advanced,21510,31
advanced,21511,46
advanced,21512,40
advanced,21513,55
advanced,21514,41
advanced,21515,21
advanced,21516,41
advanced,21517,30
advanced,21518,48
advanced,21519,34
advanced,21520,25
advanced,21521,34
advanced,21522,39
advanced,21523,27
advanced,21524,69
advanced,21525,19
advanced,21526,45
advanced,21527,25
advanced,21528,26
advanced,21529,35
advanced,21530,29
advanced,21531,34
advanced,21532,16
advanced,21533,38
advanced,21534,19
advanced,21535,16
advanced,21536,40
advanced,21537,33
advanced,21538,35
advanced,21539,23
advanced,21540,28
advanced,21541,37
advanced,21542,38
advanced,21543,51
advanced,21544,40
advanced,21545,48
advanced,21546,95
advanced,21547,34
advanced,21548,40
advanced,21549,35
advanced,21550,24
advanced,21551,25
advanced,21552,48
advanced,21553,49
advanced,21554,41
advanced,21555,31
advanced,21556,67
advanced,21557,13
advanced,21558,47
advanced,21559,37
advanced,21560,21
advanced,21561,28
advanced,21562,62
advanced,21563,43
advanced,21564,29
advanced,21565,43
advanced,21566,35
advanced,21567,33
advanced,21568,14
advanced,21569,35
advanced,21570,35
advanced,21571,41
advanced,21572,13
advanced,21573,41
advanced,21574,41
advanced,21575,57
advanced,21576,21
advanced,21577,49
advanced,21578,34
advanced,21579,59
advanced,21580,40
advanced,21581,27
advanced,21582,43
advanced,21583,33
advanced,21584,38
advanced,21585,35
advanced,21586,39
advanced,21587,25
advanced,21588,54
advanced,21589,45
advanced,21590,46
advanced,21591,29
advanced,21592,27
advanced,21593,21
advanced,21594,27
advanced,21595,43
advanced,21596,42
advanced,21597,11
advanced,21598,38
advanced,21599,26
advanced,21600,38
advanced,21601,15
advanced,21602,25
advanced,21603,72
advanced,21604,56
advanced,21605,37
advanced,21606,43
advanced,21607,53
advanced,21608,39
advanced,21609,33
advanced,21610,22
advanced,21611,12
advanced,21612,74
advanced,21613,19
advanced,21614,30
advanced,21615,12
advanced,21616,59
advanced,21617,31
advanced,21618,32
advanced,21619,39
advanced,21620,61
advanced,21621,36
advanced,21622,29
advanced,21623,25
advanced,21624,24
advanced,21625,25
advanced,21626,45
advanced,21627,59
advanced,21628,10
advanced,21629,24
advanced,21630,37
advanced,21631,45
advanced,21632,54
advanced,21633,16
advanced,21634,13
advanced,21635,40
advanced,21636,27
advanced,21637,40
advanced,21638,38
advanced,21639,43
advanced,21640,49
advanced,21641,37
advanced,21642,29
advanced,21643,46
advanced,21644,36
advanced,21645,28
advanced,21646,36
advanced,21647,41
advanced,21648,51
advanced,21649,15
advanced,21650,28
advanced,21651,34
advanced,21652,20
advanced,21653,53
advanced,21654,43
advanced,21655,32
advanced,21656,19
advanced,21657,30
advanced,21658,55
advanced,21659,38
advanced,21660,52
advanced,21661,23
advanced,21662,45
advanced,21663,24
advanced,21664,38
advanced,21665,35
advanced,21666,33
advanced,21667,23
advanced,21668,25
advanced,21669,31
advanced,21670,12
advanced,21671,28
advanced,21672,27
advanced,21673,34
advanced,21674,60
advanced,21675,28
advanced,21676,55
advanced,21677,20
advanced,21678,21
advanced,21679,31
advanced,21680,32
advanced,21681,18
advanced,21682,23
advanced,21683,47
advanced,21684,16
advanced,21685,20
advanced,21686,37
advanced,21687,62
advanced,21688,32
advanced,21689,25
advanced,21690,17
advanced,21691,26
advanced,21692,34
advanced,21693,21
advanced,21694,45
advanced,21695,50
advanced,21696,28
advanced,21697,26
advanced,21698,29
advanced,21699,54
advanced,21700,17
advanced,21701,19
advanced,21702,26
advanced,21703,34
advanced,21704,15
advanced,21705,23
advanced,21706,34
advanced,21707,40
advanced,21708,38
advanced,21709,41
advanced,21710,9
advanced,21711,58
advanced,21712,14
advanced,21713,40
advanced,21714,63
advanced,21715,34
advanced,21716,31
advanced,21717,29
advanced,21718,24
advanced,21719,20
advanced,21720,49
advanced,21721,11
advanced,21722,17
advanced,21723,25
advanced,21724,54
advanced,21725,42
advanced,21726,27
advanced,21727,62
advanced,21728,25
advanced,21729,28
advanced,21730,26
advanced,21731,22
advanced,21732,18
advanced,21733,14
advanced,21734,32
advanced,21735,25
advanced,21736,25
advanced,21737,39
advanced,21738,28
advanced,21739,16
advanced,21740,41
advanced,21741,33
advanced,21742,24
advanced,21743,25
advanced,21744,64
advanced,21745,12
advanced,21746,51
advanced,21747,33
advanced,21748,29
advanced,21749,66
advanced,21750,27
advanced,21751,49
advanced,21752,38
advanced,21753,41
advanced,21754,47
advanced,21755,33
advanced,21756,23
advanced,21757,11
advanced,21758,6
advanced,21759,45
advanced,21760,13
advanced,21761,27
advanced,21762,39
advanced,21763,39
advanced,21764,34
advanced,21765,15
advanced,21766,45
advanced,21767,39
advanced,21768,30
advanced,21769,44
advanced,21770,62
advanced,21771,33
advanced,21772,15
advanced,21773,19
advanced,21774,45
advanced,21775,39
advanced,21776,51
advanced,21777,46
advanced,21778,39
advanced,21779,32
advanced,21780,33
advanced,21781,39
advanced,21782,21
advanced,21783,15
advanced,21784,26
advanced,21785,36
advanced,21786,40
advanced,21787,47
advanced,21788,26
advanced,21789,29
advanced,21790,51
advanced,21791,17
advanced,21792,39
advanced,21793,65
advanced,21794,20
advanced,21795,34
advanced,21796,65
advanced,21797,37
advanced,21798,42
advanced,21799,41
advanced,21800,10
advanced,21801,35
advanced,21802,11
advanced,21803,26
advanced,21804,28
advanced,21805,16
advanced,21806,44
advanced,21807,20
advanced,21808,11
advanced,21809,39
advanced,21810,25
advanced,21811,33
advanced,21812,29
advanced,21813,27
advanced,21814,15
advanced,21815,46
advanced,21816,20
advanced,21817,28
advanced,21818,23
advanced,21819,34
advanced,21820,42
advanced,21821,28
advanced,21822,22
advanced,21823,30
advanced,21824,28
advanced,21825,45
advanced,21826,25
advanced,21827,47
advanced,21828,33
advanced,21829,30
advanced,21830,62
advanced,21831,49
advanced,21832,21
advanced,21833,36
advanced,21834,12
advanced,21835,31
advanced,21836,37
advanced,21837,23
advanced,21838,45
advanced,21839,40
advanced,21840,47
advanced,21841,32
advanced,21842,41
advanced,21843,22
advanced,21844,48
advanced,21845,23
advanced,21846,39
advanced,21847,49
advanced,21848,55
advanced,21849,45
advanced,21850,18
advanced,21851,27
advanced,21852,43
advanced,21853,26
advanced,21854,45
advanced,21855,19
advanced,21856,32
advanced,21857,18
advanced,21858,50
advanced,21859,40
advanced,21860,34
advanced,21861,47
advanced,21862,42
advanced,21863,52
advanced,21864,52
advanced,21865,35
advanced,21866,24
advanced,21867,43
advanced,21868,16
advanced,21869,24
advanced,21870,21
advanced,21871,22
advanced,21872,20
advanced,21873,13
advanced,21874,53
advanced,21875,13
advanced,21876,35
advanced,21877,31
advanced,21878,23
advanced,21879,43
advanced,21880,35
advanced,21881,31
advanced,21882,58
advanced,21883,32
advanced,21884,35
advanced,21885,18
advanced,21886,21
advanced,21887,69
advanced,21888,36
advanced,21889,28
advanced,21890,24
advanced,21891,47
advanced,21892,18
advanced,21893,29
advanced,21894,27
advanced,21895,39
advanced,21896,27
advanced,21897,24
advanced,21898,33
advanced,21899,40
advanced,21900,35
advanced,21901,16
advanced,21902,29
advanced,21903,39
advanced,21904,35
advanced,21905,50
advanced,21906,19
advanced,21907,73
advanced,21908,42
advanced,21909,29
advanced,21910,21
advanced,21911,29
advanced,21912,47
advanced,21913,53
advanced,21914,30
advanced,21915,29
advanced,21916,84
advanced,21917,26
advanced,21918,19
advanced,21919,46
advanced,21920,55
advanced,21921,23
advanced,21922,53
advanced,21923,40
advanced,21924,35
advanced,21925,19
advanced,21926,37
advanced,21927,25
advanced,21928,20
advanced,21929,47
advanced,21930,57
advanced,21931,94
advanced,21932,33
advanced,21933,31
advanced,21934,51
advanced,21935,36
advanced,21936,33
advanced,21937,25
advanced,21938,18
advanced,21939,40
advanced,21940,29
advanced,21941,44
advanced,21942,57
advanced,21943,27
advanced,21944,18
advanced,21945,33
advanced,21946,31
advanced,21947,46
advanced,21948,35
advanced,21949,67
advanced,21950,31
advanced,21951,12
advanced,21952,31
advanced,21953,23
advanced,21954,36
advanced,21955,47
advanced,21956,43
advanced,21957,48
advanced,21958,102
advanced,21959,50
advanced,21960,35
advanced,21961,26
advanced,21962,31
advanced,21963,20
advanced,21964,29
advanced,21965,38
advanced,21966,30
advanced,21967,34
advanced,21968,35
advanced,21969,27
advanced,21970,34
advanced,21971,13
advanced,21972,14
advanced,21973,35
advanced,21974,31
advanced,21975,60
advanced,21976,22
advanced,21977,24
advanced,21978,24
advanced,21979,49
advanced,21980,20
advanced,21981,31
advanced,21982,28
advanced,21983,33
advanced,21984,19
advanced,21985,35
advanced,21986,33
advanced,21987,24
advanced,21988,67
advanced,21989,36
advanced,21990,39
advanced,21991,29
advanced,21992,25
advanced,21993,28
advanced,21994,34
advanced,21995,29
advanced,21996,51
advanced,21997,38
advanced,21998,46
advanced,21999,31
advanced,22000,28
advanced,22001,29
advanced,22002,46
advanced,22003,37
advanced,22004,36
advanced,22005,19
advanced,22006,36
advanced,22007,25
advanced,22008,25
advanced,22009,20
advanced,22010,36
advanced,22011,13
advanced,22012,32
advanced,22013,25
advanced,22014,25
advanced,22015,47
advanced,22016,48
advanced,22017,27
advanced,22018,36
advanced,22019,38
advanced,22020,58
advanced,22021,34
advanced,22022,19
advanced,22023,33
advanced,22024,20
advanced,22025,47
advanced,22026,32
advanced,22027,42
advanced,22028,22
advanced,22029,36
advanced,22030,32
advanced,22031,22
advanced,22032,35
advanced,22033,16
advanced,22034,14
advanced,22035,42
advanced,22036,47
advanced,22037,31
advanced,22038,12
advanced,22039,38
advanced,22040,43
advanced,22041,18
advanced,22042,19
advanced,22043,38
advanced,22044,28
advanced,22045,30
advanced,22046,38
advanced,22047,27
advanced,22048,29
advanced,22049,21
advanced,22050,31
advanced,22051,30
advanced,22052,36
advanced,22053,19
advanced,22054,42
advanced,22055,38
advanced,22056,28
advanced,22057,54
advanced,22058,24
advanced,22059,39
advanced,22060,29
advanced,22061,41
advanced,22062,18
advanced,22063,54
advanced,22064,26
advanced,22065,33
advanced,22066,49
advanced,22067,22
advanced,22068,32
advanced,22069,42
advanced,22070,66
advanced,22071,40
advanced,22072,26
advanced,22073,73
advanced,22074,60
advanced,22075,20
advanced,22076,24
advanced,22077,53
advanced,22078,34
advanced,22079,54
advanced,22080,32
advanced,22081,16
advanced,22082,39
advanced,22083,33
advanced,22084,25
advanced,22085,32
advanced,22086,25
advanced,22087,58
advanced,22088,25
advanced,22089,48
advanced,22090,38
advanced,22091,39
advanced,22092,13
advanced,22093,47
advanced,22094,36
advanced,22095,36
advanced,22096,46
advanced,22097,12
advanced,22098,63
advanced,22099,22
advanced,22100,27
advanced,22101,62
advanced,22102,33
advanced,22103,45
advanced,22104,11
advanced,22105,45
advanced,22106,27
advanced,22107,43
advanced,22108,15
advanced,22109,56
advanced,22110,13
advanced,22111,31
advanced,22112,47
advanced,22113,47
advanced,22114,30
advanced,22115,36
advanced,22116,24
advanced,22117,33
advanced,22118,47
advanced,22119,12
advanced,22120,40
advanced,22121,62
advanced,22122,30
advanced,22123,55
advanced,22124,31
advanced,22125,26
advanced,22126,57
advanced,22127,37
advanced,22128,35
advanced,22129,66
advanced,22130,25
advanced,22131,23
advanced,22132,49
advanced,22133,69
advanced,22134,42
advanced,22135,46
advanced,22136,38
advanced,22137,36
advanced,22138,48
advanced,22139,9
advanced,22140,67
advanced,22141,57
advanced,22142,35
advanced,22143,34
advanced,22144,44
advanced,22145,47
advanced,22146,45
advanced,22147,17
advanced,22148,38
advanced,22149,25
advanced,22150,30
advanced,22151,43
advanced,22152,42
advanced,22153,50
advanced,22154,63
advanced,22155,64
advanced,22156,12
advanced,22157,23
advanced,22158,33
advanced,22159,26
advanced,22160,29
advanced,22161,25
advanced,22162,28
advanced,22163,42
advanced,22164,41
advanced,22165,61
advanced,22166,19
advanced,22167,31
advanced,22168,27
advanced,22169,52
advanced,22170,53
advanced,22171,33
advanced,22172,54
advanced,22173,37
advanced,22174,55
advanced,22175,52
advanced,22176,26
advanced,22177,53
advanced,22178,28
advanced,22179,38
advanced,22180,79
advanced,22181,39
advanced,22182,48
advanced,22183,33
advanced,22184,52
advanced,22185,41
advanced,22186,31
advanced,22187,28
advanced,22188,31
advanced,22189,30
advanced,22190,27
advanced,22191,38
advanced,22192,86
advanced,22193,30
advanced,22194,35
advanced,22195,36
advanced,22196,21
advanced,22197,31
advanced,22198,31
advanced,22199,35
advanced,22200,18
advanced,22201,59
advanced,22202,50
advanced,22203,25
advanced,22204,21
advanced,22205,40
advanced,22206,69
advanced,22207,33
advanced,22208,22
advanced,22209,22
advanced,22210,23
advanced,22211,10
advanced,22212,30
advanced,22213,26
advanced,22214,34
advanced,22215,20
advanced,22216,23
advanced,22217,38
advanced,22218,38
advanced,22219,53
advanced,22220,36
advanced,22221,25
advanced,22222,23
advanced,22223,43
advanced,22224,46
advanced,22225,46
advanced,22226,41
advanced,22227,35
advanced,22228,17
advanced,22229,38
advanced,22230,23
advanced,22231,13
advanced,22232,50
advanced,22233,44
advanced,22234,26
advanced,22235,31
advanced,22236,59
advanced,22237,31
advanced,22238,57
advanced,22239,28
advanced,22240,36
advanced,22241,33
advanced,22242,37
advanced,22243,46
advanced,22244,35
advanced,22245,52
advanced,22246,30
advanced,22247,24
advanced,22248,32
advanced,22249,30
advanced,22250,20
advanced,22251,63
advanced,22252,77
advanced,22253,21
advanced,22254,65
advanced,22255,21
advanced,22256,32
advanced,22257,31
advanced,22258,42
advanced,22259,14
advanced,22260,26
advanced,22261,32
advanced,22262,39
advanced,22263,22
advanced,22264,15
advanced,22265,33
advanced,22266,47
advanced,22267,55
advanced,22268,37
advanced,22269,97
advanced,22270,53
advanced,22271,54
advanced,22272,23
advanced,22273,43
advanced,22274,50
advanced,22275,31
advanced,22276,17
advanced,22277,70
advanced,22278,46
advanced,22279,25
advanced,22280,19
advanced,22281,20
advanced,22282,29
advanced,22283,52
advanced,22284,38
advanced,22285,14
advanced,22286,23
advanced,22287,18
advanced,22288,30
advanced,22289,27
advanced,22290,29
advanced,22291,33
advanced,22292,27
advanced,22293,23
advanced,22294,33
advanced,22295,56
advanced,22296,32
advanced,22297,17
advanced,22298,37
advanced,22299,26
advanced,22300,26
advanced,22301,45
advanced,22302,31
advanced,22303,43
advanced,22304,34
advanced,22305,15
advanced,22306,53
advanced,22307,24
advanced,22308,65
advanced,22309,29
advanced,22310,58
advanced,22311,24
advanced,22312,28
advanced,22313,38
advanced,22314,35
advanced,22315,25
advanced,22316,34
advanced,22317,29
advanced,22318,38
advanced,22319,37
advanced,22320,47
advanced,22321,24
advanced,22322,66
advanced,22323,49
advanced,22324,14
advanced,22325,42
advanced,22326,40
advanced,22327,50
advanced,22328,23
advanced,22329,58
advanced,22330,31
advanced,22331,45
advanced,22332,21
advanced,22333,26
advanced,22334,36
advanced,22335,48
advanced,22336,33
advanced,22337,22
advanced,22338,9
advanced,22339,39
advanced,22340,40
advanced,22341,28
advanced,22342,27
advanced,22343,33
advanced,22344,17
advanced,22345,38
advanced,22346,26
advanced,22347,29
advanced,22348,34
advanced,22349,32
advanced,22350,17
advanced,22351,24
advanced,22352,28
advanced,22353,31
advanced,22354,17
advanced,22355,44
advanced,22356,24
advanced,22357,26
advanced,22358,39
advanced,22359,29
advanced,22360,24
advanced,22361,39
advanced,22362,28
advanced,22363,55
advanced,22364,30
advanced,22365,51
advanced,22366,19
advanced,22367,26
advanced,22368,45
advanced,22369,51
advanced,22370,30
advanced,22371,42
advanced,22372,81
advanced,22373,32
advanced,22374,44
advanced,22375,18
advanced,22376,25
advanced,22377,30
advanced,22378,29
advanced,22379,39
advanced,22380,38
advanced,22381,36
advanced,22382,64
advanced,22383,28
advanced,22384,29
advanced,22385,52
advanced,22386,30
advanced,22387,34
advanced,22388,13
advanced,22389,36
advanced,22390,37
advanced,22391,13
advanced,22392,25
advanced,22393,33
advanced,22394,38
advanced,22395,39
advanced,22396,55
advanced,22397,29
advanced,22398,39
advanced,22399,41
advanced,22400,54
advanced,22401,18
advanced,22402,33
advanced,22403,36
advanced,22404,35
advanced,22405,31
advanced,22406,42
advanced,22407,28
advanced,22408,29
advanced,22409,38
advanced,22410,32
advanced,22411,75
advanced,22412,30
advanced,22413,40
advanced,22414,47
advanced,22415,23
advanced,22416,22
advanced,22417,32
advanced,22418,45
advanced,22419,32
advanced,22420,14
advanced,22421,15
advanced,22422,48
advanced,22423,28
advanced,22424,33
advanced,22425,44
advanced,22426,27
advanced,22427,32
advanced,22428,25
advanced,22429,33
advanced,22430,59
advanced,22431,20
advanced,22432,39
advanced,22433,45
advanced,22434,66
advanced,22435,43
advanced,22436,41
advanced,22437,29
advanced,22438,48
advanced,22439,30
advanced,22440,32
advanced,22441,30
advanced,22442,24
advanced,22443,29
advanced,22444,37
advanced,22445,48
advanced,22446,40
advanced,22447,24
advanced,22448,30
advanced,22449,64
advanced,22450,40
advanced,22451,51
advanced,22452,30
advanced,22453,44
advanced,22454,28
advanced,22455,23
advanced,22456,28
advanced,22457,20
advanced,22458,22
advanced,22459,39
advanced,22460,52
advanced,22461,51
advanced,22462,46
advanced,22463,23
advanced,22464,19
advanced,22465,42
advanced,22466,40
advanced,22467,39
advanced,22468,37
advanced,22469,53
advanced,22470,15
advanced,22471,52
advanced,22472,46
advanced,22473,53
advanced,22474,18
advanced,22475,69
advanced,22476,35
advanced,22477,49
advanced,22478,41
advanced,22479,66
advanced,22480,34
advanced,22481,38
advanced,22482,60
advanced,22483,43
advanced,22484,29
advanced,22485,39
advanced,22486,35
advanced,22487,41
advanced,22488,25
advanced,22489,38
advanced,22490,66
advanced,22491,26
advanced,22492,26
advanced,22493,39
advanced,22494,25
advanced,22495,18
advanced,22496,19
advanced,22497,53
advanced,22498,36
advanced,22499,28
advanced,22500,44
advanced,22501,56
advanced,22502,27
advanced,22503,30
advanced,22504,38
advanced,22505,23
advanced,22506,21
advanced,22507,39
advanced,22508,41
advanced,22509,83
advanced,22510,21
advanced,22511,25
advanced,22512,46
advanced,22513,29
advanced,22514,40
advanced,22515,48
advanced,22516,34
advanced,22517,32
advanced,22518,13
advanced,22519,28
advanced,22520,44
advanced,22521,30
advanced,22522,53
advanced,22523,56
advanced,22524,40
advanced,22525,24
advanced,22526,29
advanced,22527,30
advanced,22528,34
advanced,22529,34
advanced,22530,38
advanced,22531,33
advanced,22532,25
advanced,22533,27
advanced,22534,9
advanced,22535,14
advanced,22536,34
advanced,22537,17
advanced,22538,44
advanced,22539,37
advanced,22540,33
advanced,22541,35
advanced,22542,33
advanced,22543,60
advanced,22544,27
advanced,22545,15
advanced,22546,44
advanced,22547,19
advanced,22548,29
advanced,22549,44
advanced,22550,56
advanced,22551,30
advanced,22552,37
advanced,22553,60
advanced,22554,26
advanced,22555,30
advanced,22556,40
advanced,22557,27
advanced,22558,56
advanced,22559,50
advanced,22560,26
advanced,22561,35
advanced,22562,19
advanced,22563,48
advanced,22564,43
advanced,22565,56
advanced,22566,36
advanced,22567,24
advanced,22568,50
advanced,22569,33
advanced,22570,62
advanced,22571,28
advanced,22572,74
advanced,22573,28
advanced,22574,36
advanced,22575,55
advanced,22576,29
advanced,22577,43
advanced,22578,24
advanced,22579,20
advanced,22580,41
advanced,22581,55
advanced,22582,20
advanced,22583,37
advanced,22584,49
advanced,22585,28
advanced,22586,27
advanced,22587,43
advanced,22588,38
advanced,22589,22
advanced,22590,36
advanced,22591,13
advanced,22592,33
advanced,22593,36
advanced,22594,55
advanced,22595,52
advanced,22596,24
advanced,22597,29
advanced,22598,30
advanced,22599,36
advanced,22600,43
advanced,22601,27
advanced,22602,36
advanced,22603,39
advanced,22604,44
advanced,22605,28
advanced,22606,44
advanced,22607,37
advanced,22608,40
advanced,22609,61
advanced,22610,16
advanced,22611,35
advanced,22612,43
advanced,22613,41
advanced,22614,46
advanced,22615,36
advanced,22616,31
advanced,22617,20
advanced,22618,44
advanced,22619,47
advanced,22620,25
advanced,22621,36
advanced,22622,29
advanced,22623,30
advanced,22624,19
advanced,22625,31
advanced,22626,18
advanced,22627,26
advanced,22628,18
advanced,22629,19
advanced,22630,37
advanced,22631,60
advanced,22632,33
advanced,22633,35
advanced,22634,38
advanced,22635,17
advanced,22636,18
advanced,22637,25
advanced,22638,52
advanced,22639,20
advanced,22640,38
advanced,22641,21
advanced,22642,34
advanced,22643,20
advanced,22644,45
advanced,22645,27
advanced,22646,64
advanced,22647,37
advanced,22648,21
advanced,22649,25
advanced,22650,62
advanced,22651,24
advanced,22652,29
advanced,22653,38
advanced,22654,33
advanced,22655,20
advanced,22656,32
advanced,22657,52
advanced,22658,32
advanced,22659,39
advanced,22660,27
advanced,22661,24
advanced,22662,39
advanced,22663,21
advanced,22664,68
advanced,22665,41
advanced,22666,44
advanced,22667,19
advanced,22668,20
advanced,22669,37
advanced,22670,46
advanced,22671,23
advanced,22672,45
advanced,22673,41
advanced,22674,17
advanced,22675,14
advanced,22676,44
advanced,22677,51
advanced,22678,54
advanced,22679,40
advanced,22680,46
advanced,22681,24
advanced,22682,33
advanced,22683,31
advanced,22684,23
advanced,22685,36
advanced,22686,34
advanced,22687,31
advanced,22688,16
advanced,22689,34
advanced,22690,53
advanced,22691,28
advanced,22692,41
advanced,22693,12
advanced,22694,41
advanced,22695,65
advanced,22696,35
advanced,22697,32
advanced,22698,73
advanced,22699,36
advanced,22700,7
advanced,22701,17
advanced,22702,25
advanced,22703,35
advanced,22704,63
advanced,22705,19
advanced,22706,36
advanced,22707,48
advanced,22708,14
advanced,22709,67
advanced,22710,29
advanced,22711,27
advanced,22712,51
advanced,22713,17
advanced,22714,25
advanced,22715,29
advanced,22716,25
advanced,22717,33
advanced,22718,44
advanced,22719,24
advanced,22720,39
advanced,22721,30
advanced,22722,31
advanced,22723,48
advanced,22724,37
advanced,22725,28
advanced,22726,28
advanced,22727,44
advanced,22728,61
advanced,22729,25
advanced,22730,26
advanced,22731,39
advanced,22732,36
advanced,22733,38
advanced,22734,31
advanced,22735,26
advanced,22736,43
advanced,22737,40
advanced,22738,25
advanced,22739,19
advanced,22740,52
advanced,22741,35
advanced,22742,38
advanced,22743,35
advanced,22744,15
advanced,22745,45
advanced,22746,36
advanced,22747,34
advanced,22748,32
advanced,22749,45
advanced,22750,38
advanced,22751,32
advanced,22752,54
advanced,22753,38
advanced,22754,40
advanced,22755,34
advanced,22756,25
advanced,22757,36
advanced,22758,40
advanced,22759,27
advanced,22760,34
advanced,22761,42
advanced,22762,54
advanced,22763,36
advanced,22764,33
advanced,22765,30
advanced,22766,29
advanced,22767,26
advanced,22768,48
advanced,22769,27
advanced,22770,41
advanced,22771,26
advanced,22772,34
advanced,22773,78
advanced,22774,26
advanced,22775,28
advanced,22776,34
advanced,22777,49
advanced,22778,49
advanced,22779,41
advanced,22780,72
advanced,22781,44
advanced,22782,38
advanced,22783,39
advanced,22784,36
advanced,22785,25
advanced,22786,48
advanced,22787,76
advanced,22788,41
advanced,22789,21
advanced,22790,50
advanced,22791,31
advanced,22792,12
advanced,22793,28
advanced,22794,42
advanced,22795,27
advanced,22796,24
advanced,22797,28
advanced,22798,9
advanced,22799,38
advanced,22800,45
advanced,22801,36
advanced,22802,22
advanced,22803,27
advanced,22804,24
advanced,22805,17
advanced,22806,36
advanced,22807,33
advanced,22808,31
advanced,22809,20
advanced,22810,39
advanced,22811,30
advanced,22812,36
advanced,22813,41
advanced,22814,48
advanced,22815,35
advanced,22816,44
advanced,22817,43
advanced,22818,39
advanced,22819,33
advanced,22820,32
advanced,22821,57
advanced,22822,49
advanced,22823,43
advanced,22824,38
advanced,22825,32
advanced,22826,43
advanced,22827,34
advanced,22828,32
advanced,22829,28
advanced,22830,17
advanced,22831,42
advanced,22832,32
advanced,22833,46
advanced,22834,20
advanced,22835,26
advanced,22836,29
advanced,22837,17
advanced,22838,34
advanced,22839,36
advanced,22840,19
advanced,22841,29
advanced,22842,28
advanced,22843,18
advanced,22844,26
advanced,22845,34
advanced,22846,27
advanced,22847,33
advanced,22848,43
advanced,22849,39
advanced,22850,43
advanced,22851,21
advanced,22852,55
advanced,22853,64
advanced,22854,42
advanced,22855,34
advanced,22856,31
advanced,22857,46
advanced,22858,50
advanced,22859,21
advanced,22860,21
advanced,22861,41
advanced,22862,19
advanced,22863,57
advanced,22864,61
advanced,22865,25
advanced,22866,30
advanced,22867,28
advanced,22868,54
advanced,22869,46
advanced,22870,35
advanced,22871,49
advanced,22872,60
advanced,22873,33
advanced,22874,26
advanced,22875,34
advanced,22876,36
advanced,22877,67
advanced,22878,46
advanced,22879,23
advanced,22880,29
advanced,22881,25
advanced,22882,33
advanced,22883,42
advanced,22884,34
advanced,22885,47
advanced,22886,22
advanced,22887,23
advanced,22888,31
advanced,22889,27
advanced,22890,18
advanced,22891,29
advanced,22892,18
advanced,22893,12
advanced,22894,34
advanced,22895,50
advanced,22896,22
advanced,22897,56
advanced,22898,74
advanced,22899,49
advanced,22900,26
advanced,22901,9
advanced,22902,24
advanced,22903,25
advanced,22904,25
advanced,22905,45
advanced,22906,37
advanced,22907,41
advanced,22908,48
advanced,22909,21
advanced,22910,64
advanced,22911,48
advanced,22912,25
advanced,22913,64
advanced,22914,28
advanced,22915,32
advanced,22916,32
advanced,22917,41
advanced,22918,52
advanced,22919,99
advanced,22920,34
advanced,22921,18
advanced,22922,29
advanced,22923,15
advanced,22924,34
advanced,22925,60
advanced,22926,20
advanced,22927,29
advanced,22928,44
advanced,22929,12
advanced,22930,24
advanced,22931,35
advanced,22932,59
advanced,22933,50
advanced,22934,30
advanced,22935,45
advanced,22936,25
advanced,22937,30
advanced,22938,26
advanced,22939,32
advanced,22940,33
advanced,22941,47
advanced,22942,77
advanced,22943,28
advanced,22944,73
advanced,22945,69
advanced,22946,44
advanced,22947,17
advanced,22948,12
advanced,22949,46
advanced,22950,44
advanced,22951,62
advanced,22952,22
advanced,22953,37
advanced,22954,35
advanced,22955,12
advanced,22956,93
advanced,22957,30
advanced,22958,17
advanced,22959,38
advanced,22960,20
advanced,22961,45
advanced,22962,27
advanced,22963,26
advanced,22964,28
advanced,22965,32
advanced,22966,41
advanced,22967,16
advanced,22968,27
advanced,22969,36
advanced,22970,40
advanced,22971,57
advanced,22972,22
advanced,22973,13
advanced,22974,25
advanced,22975,97
advanced,22976,28
advanced,22977,13
advanced,22978,30
advanced,22979,33
advanced,22980,37
advanced,22981,61
advanced,22982,29
advanced,22983,31
advanced,22984,28
advanced,22985,40
advanced,22986,43
advanced,22987,37
advanced,22988,29
advanced,22989,30
advanced,22990,21
advanced,22991,25
advanced,22992,37
advanced,22993,35
advanced,22994,19
advanced,22995,15
advanced,22996,10
advanced,22997,47
advanced,22998,27
advanced,22999,17
advanced,23000,44
advanced,23001,37
advanced,23002,20
advanced,23003,94
advanced,23004,39
advanced,23005,26
advanced,23006,40
advanced,23007,53
advanced,23008,42
advanced,23009,21
advanced,23010,51
advanced,23011,49
advanced,23012,32
advanced,23013,43
advanced,23014,49
advanced,23015,48
advanced,23016,41
advanced,23017,35
advanced,23018,33
advanced,23019,26
advanced,23020,41
advanced,23021,20
advanced,23022,44
advanced,23023,68
advanced,23024,56
advanced,23025,22
advanced,23026,38
advanced,23027,39
advanced,23028,57
advanced,23029,24
advanced,23030,14
advanced,23031,37
advanced,23032,37
advanced,23033,12
advanced,23034,43
advanced,23035,42
advanced,23036,18
advanced,23037,22
advanced,23038,67
advanced,23039,15
advanced,23040,25
advanced,23041,69
advanced,23042,9
advanced,23043,14
advanced,23044,18
advanced,23045,43
advanced,23046,10
advanced,23047,62
advanced,23048,30
advanced,23049,22
advanced,23050,47
advanced,23051,22
advanced,23052,27
advanced,23053,51
advanced,23054,22
advanced,23055,42
advanced,23056,28
advanced,23057,21
advanced,23058,37
advanced,23059,33
advanced,23060,46
advanced,23061,41
advanced,23062,41
advanced,23063,40
advanced,23064,31
advanced,23065,26
advanced,23066,44
advanced,23067,24
advanced,23068,11
advanced,23069,33
advanced,23070,60
advanced,23071,43
advanced,23072,34
advanced,23073,70
advanced,23074,17
advanced,23075,34
advanced,23076,35
advanced,23077,30
advanced,23078,39
advanced,23079,66
advanced,23080,23
advanced,23081,39
advanced,23082,43
advanced,23083,21
advanced,23084,24
advanced,23085,42
advanced,23086,46
advanced,23087,20
advanced,23088,38
advanced,23089,31
advanced,23090,9
advanced,23091,51
advanced,23092,12
advanced,23093,34
advanced,23094,29
advanced,23095,17
advanced,23096,13
advanced,23097,29
advanced,23098,28
advanced,23099,47
advanced,23100,20
advanced,23101,31
advanced,23102,51
advanced,23103,40
advanced,23104,23
advanced,23105,34
advanced,23106,22
advanced,23107,46
advanced,23108,47
advanced,23109,43
advanced,23110,65
advanced,23111,11
advanced,23112,11
advanced,23113,34
advanced,23114,40
advanced,23115,53
advanced,23116,27
advanced,23117,35
advanced,23118,45
advanced,23119,44
advanced,23120,13
advanced,23121,12
advanced,23122,32
advanced,23123,50
advanced,23124,17
advanced,23125,24
advanced,23126,44
advanced,23127,45
advanced,23128,28
advanced,23129,35
advanced,23130,34
advanced,23131,65
advanced,23132,32
advanced,23133,32
advanced,23134,32
advanced,23135,37
advanced,23136,60
advanced,23137,40
advanced,23138,24
advanced,23139,46
advanced,23140,28
advanced,23141,76
advanced,23142,33
advanced,23143,42
advanced,23144,30
advanced,23145,19
advanced,23146,29
advanced,23147,31
advanced,23148,16
advanced,23149,30
advanced,23150,19
advanced,23151,55
advanced,23152,19
advanced,23153,26
advanced,23154,23
advanced,23155,20
advanced,23156,43
advanced,23157,23
advanced,23158,26
advanced,23159,34
advanced,23160,31
advanced,23161,17
advanced,23162,62
advanced,23163,22
advanced,23164,28
advanced,23165,27
advanced,23166,33
advanced,23167,19
advanced,23168,49
advanced,23169,49
advanced,23170,55
advanced,23171,20
advanced,23172,30
advanced,23173,23
advanced,23174,19
advanced,23175,64
advanced,23176,28
advanced,23177,33
advanced,23178,36
advanced,23179,35
advanced,23180,36
advanced,23181,22
advanced,23182,45
advanced,23183,38
advanced,23184,28
advanced,23185,15
advanced,23186,33
advanced,23187,30
advanced,23188,19
advanced,23189,16
advanced,23190,43
advanced,23191,40
advanced,23192,27
advanced,23193,40
advanced,23194,35
advanced,23195,33
advanced,23196,34
advanced,23197,28
advanced,23198,28
advanced,23199,19
advanced,23200,27
advanced,23201,35
advanced,23202,37
advanced,23203,47
advanced,23204,28
advanced,23205,45
advanced,23206,40
advanced,23207,45
advanced,23208,31
advanced,23209,48
advanced,23210,18
advanced,23211,48
advanced,23212,26
advanced,23213,59
advanced,23214,49
advanced,23215,15
advanced,23216,24
advanced,23217,53
advanced,23218,45
advanced,23219,31
advanced,23220,34
advanced,23221,57
advanced,23222,29
advanced,23223,28
advanced,23224,28
advanced,23225,33
advanced,23226,43
advanced,23227,51
advanced,23228,34
advanced,23229,23
advanced,23230,44
advanced,23231,49
advanced,23232,87
advanced,23233,26
advanced,23234,64
advanced,23235,112
advanced,23236,31
advanced,23237,36
advanced,23238,25
advanced,23239,32
advanced,23240,45
advanced,23241,47
advanced,23242,48
advanced,23243,13
advanced,23244,28
advanced,23245,34
advanced,23246,25
advanced,23247,42
advanced,23248,18
advanced,23249,30
advanced,23250,67
advanced,23251,15
advanced,23252,45
advanced,23253,11
advanced,23254,38
advanced,23255,49
advanced,23256,14
advanced,23257,23
advanced,23258,26
advanced,23259,20
advanced,23260,59
advanced,23261,55
advanced,23262,22
advanced,23263,20
advanced,23264,46
advanced,23265,28
advanced,23266,55
advanced,23267,13
advanced,23268,32
advanced,23269,26
advanced,23270,37
advanced,23271,40
advanced,23272,50
advanced,23273,55
advanced,23274,57
advanced,23275,40
advanced,23276,45
advanced,23277,43
advanced,23278,41
advanced,23279,59
advanced,23280,21
advanced,23281,42
advanced,23282,19
advanced,23283,32
advanced,23284,59
advanced,23285,29
advanced,23286,47
advanced,23287,25
advanced,23288,36
advanced,23289,36
advanced,23290,43
advanced,23291,45
advanced,23292,14
advanced,23293,43
advanced,23294,19
advanced,23295,36
advanced,23296,20
advanced,23297,21
advanced,23298,26
advanced,23299,36
advanced,23300,53
advanced,23301,67
advanced,23302,47
advanced,23303,45
advanced,23304,47
advanced,23305,20
advanced,23306,31
advanced,23307,87
advanced,23308,27
advanced,23309,18
advanced,23310,51
advanced,23311,33
advanced,23312,10
advanced,23313,30
advanced,23314,14
advanced,23315,34
advanced,23316,25
advanced,23317,25
advanced,23318,95
advanced,23319,38
advanced,23320,33
advanced,23321,32
advanced,23322,15
advanced,23323,16
advanced,23324,26
advanced,23325,60
advanced,23326,34
advanced,23327,23
advanced,23328,26
advanced,23329,24
advanced,23330,14
advanced,23331,44
advanced,23332,43
advanced,23333,23
advanced,23334,22
advanced,23335,51
advanced,23336,50
advanced,23337,25
advanced,23338,28
advanced,23339,39
advanced,23340,14
advanced,23341,36
advanced,23342,32
advanced,23343,37
advanced,23344,27
advanced,23345,34
advanced,23346,33
advanced,23347,67
advanced,23348,39
advanced,23349,22
advanced,23350,18
advanced,23351,53
advanced,23352,53
advanced,23353,42
advanced,23354,23
advanced,23355,22
advanced,23356,24
advanced,23357,34
advanced,23358,10
advanced,23359,30
advanced,23360,19
advanced,23361,24
advanced,23362,47
advanced,23363,10
advanced,23364,29
advanced,23365,37
advanced,23366,32
advanced,23367,47
advanced,23368,20
advanced,23369,44
advanced,23370,27
advanced,23371,32
advanced,23372,37
advanced,23373,31
advanced,23374,25
advanced,23375,34
advanced,23376,38
advanced,23377,17
advanced,23378,33
advanced,23379,31
advanced,23380,28
advanced,23381,38
advanced,23382,30
advanced,23383,47
advanced,23384,33
advanced,23385,85
advanced,23386,18
advanced,23387,27
advanced,23388,51
advanced,23389,31
advanced,23390,29
advanced,23391,25
advanced,23392,47
advanced,23393,23
advanced,23394,69
advanced,23395,37
advanced,23396,43
advanced,23397,29
advanced,23398,35
advanced,23399,32
advanced,23400,26
advanced,23401,23
advanced,23402,47
advanced,23403,35
advanced,23404,27
advanced,23405,63
advanced,23406,38
advanced,23407,27
advanced,23408,29
advanced,23409,28
advanced,23410,29
advanced,23411,35
advanced,23412,13
advanced,23413,9
advanced,23414,23
advanced,23415,39
advanced,23416,45
advanced,23417,52
advanced,23418,42
advanced,23419,30
advanced,23420,18
advanced,23421,24
advanced,23422,42
advanced,23423,36
advanced,23424,56
advanced,23425,28
advanced,23426,45
advanced,23427,55
advanced,23428,44
advanced,23429,22
advanced,23430,35
advanced,23431,30
advanced,23432,27
advanced,23433,28
advanced,23434,51
advanced,23435,17
advanced,23436,36
advanced,23437,32
advanced,23438,36
advanced,23439,23
advanced,23440,14
advanced,23441,40
advanced,23442,13
advanced,23443,13
advanced,23444,55
advanced,23445,27
advanced,23446,22
advanced,23447,48
advanced,23448,30
advanced,23449,34
advanced,23450,9
advanced,23451,39
advanced,23452,42
advanced,23453,46
advanced,23454,39
advanced,23455,13
advanced,23456,22
advanced,23457,22
advanced,23458,41
advanced,23459,25
advanced,23460,37
advanced,23461,52
advanced,23462,27
advanced,23463,29
advanced,23464,34
advanced,23465,16
advanced,23466,37
advanced,23467,44
advanced,23468,33
advanced,23469,11
advanced,23470,14
advanced,23471,27
advanced,23472,40
advanced,23473,44
advanced,23474,43
advanced,23475,20
advanced,23476,13
advanced,23477,23
advanced,23478,48
advanced,23479,21
advanced,23480,23
advanced,23481,43
advanced,23482,48
advanced,23483,49
advanced,23484,31
advanced,23485,23
advanced,23486,47
advanced,23487,43
advanced,23488,28
advanced,23489,33
advanced,23490,40
advanced,23491,9
advanced,23492,23
advanced,23493,37
advanced,23494,43
advanced,23495,33
advanced,23496,30
advanced,23497,43
advanced,23498,24
advanced,23499,33
advanced,23500,38
advanced,23501,30
advanced,23502,33
advanced,23503,31
advanced,23504,39
advanced,23505,33
advanced,23506,46
advanced,23507,33
advanced,23508,26
advanced,23509,31
advanced,23510,17
advanced,23511,53
advanced,23512,44
advanced,23513,29
advanced,23514,28
advanced,23515,42
advanced,23516,57
advanced,23517,34
advanced,23518,18
advanced,23519,31
advanced,23520,30
advanced,23521,33
advanced,23522,43
advanced,23523,36
advanced,23524,26
advanced,23525,46
advanced,23526,32
advanced,23527,28
advanced,23528,34
advanced,23529,24
advanced,23530,32
advanced,23531,32
advanced,23532,28
advanced,23533,37
advanced,23534,39
advanced,23535,22
advanced,23536,27
advanced,23537,32
advanced,23538,23
advanced,23539,30
advanced,23540,38
advanced,23541,30
advanced,23542,20
advanced,23543,33
advanced,23544,15
advanced,23545,53
advanced,23546,55
advanced,23547,42
advanced,23548,55
advanced,23549,34
advanced,23550,37
advanced,23551,32
advanced,23552,37
advanced,23553,32
advanced,23554,32
advanced,23555,32
advanced,23556,18
advanced,23557,48
advanced,23558,23
advanced,23559,21
advanced,23560,41
advanced,23561,28
advanced,23562,32
advanced,23563,13
advanced,23564,27
advanced,23565,33
advanced,23566,29
advanced,23567,11
advanced,23568,47
advanced,23569,30
advanced,23570,27
advanced,23571,51
advanced,23572,16
advanced,23573,48
advanced,23574,40
advanced,23575,52
advanced,23576,25
advanced,23577,30
advanced,23578,43
advanced,23579,28
advanced,23580,28
advanced,23581,37
advanced,23582,43
advanced,23583,63
advanced,23584,43
advanced,23585,28
advanced,23586,36
advanced,23587,28
advanced,23588,58
advanced,23589,22
advanced,23590,31
advanced,23591,36
advanced,23592,29
advanced,23593,28
advanced,23594,39
advanced,23595,30
advanced,23596,35
advanced,23597,47
advanced,23598,14
advanced,23599,34
advanced,23600,26
advanced,23601,42
advanced,23602,34
advanced,23603,24
advanced,23604,32
advanced,23605,23
advanced,23606,40
advanced,23607,26
advanced,23608,50
advanced,23609,39
advanced,23610,42
advanced,23611,34
advanced,23612,18
advanced,23613,24
advanced,23614,29
advanced,23615,37
advanced,23616,55
advanced,23617,34
advanced,23618,20
advanced,23619,37
advanced,23620,29
advanced,23621,43
advanced,23622,48
advanced,23623,40
advanced,23624,52
advanced,23625,42
advanced,23626,26
advanced,23627,41
advanced,23628,55
advanced,23629,26
advanced,23630,22
advanced,23631,44
advanced,23632,12
advanced,23633,48
advanced,23634,11
advanced,23635,26
advanced,23636,19
advanced,23637,42
advanced,23638,28
advanced,23639,8
advanced,23640,36
advanced,23641,11
advanced,23642,57
advanced,23643,39
advanced,23644,31
advanced,23645,34
advanced,23646,24
advanced,23647,22
advanced,23648,18
advanced,23649,69
advanced,23650,40
advanced,23651,37
advanced,23652,76
advanced,23653,53
advanced,23654,37
advanced,23655,70
advanced,23656,56
advanced,23657,49
advanced,23658,27
advanced,23659,33
advanced,23660,41
advanced,23661,30
advanced,23662,40
advanced,23663,33
advanced,23664,33
advanced,23665,54
advanced,23666,52
advanced,23667,30
advanced,23668,57
advanced,23669,16
advanced,23670,28
advanced,23671,36
advanced,23672,30
advanced,23673,56
advanced,23674,46
advanced,23675,57
advanced,23676,65
advanced,23677,16
advanced,23678,54
advanced,23679,16
advanced,23680,39
advanced,23681,83
advanced,23682,41
advanced,23683,45
advanced,23684,27
advanced,23685,69
advanced,23686,25
advanced,23687,23
advanced,23688,53
advanced,23689,25
advanced,23690,20
advanced,23691,29
advanced,23692,36
advanced,23693,31
advanced,23694,68
advanced,23695,35
advanced,23696,35
advanced,23697,27
advanced,23698,12
advanced,23699,30
advanced,23700,46
advanced,23701,25
advanced,23702,26
advanced,23703,31
advanced,23704,72
advanced,23705,48
advanced,23706,46
advanced,23707,32
advanced,23708,25
advanced,23709,20
advanced,23710,42
advanced,23711,72
advanced,23712,52
advanced,23713,47
advanced,23714,23
advanced,23715,33
advanced,23716,27
advanced,23717,16
advanced,23718,46
advanced,23719,29
advanced,23720,46
advanced,23721,47
advanced,23722,13
advanced,23723,29
advanced,23724,38
advanced,23725,35
advanced,23726,9
advanced,23727,67
advanced,23728,54
advanced,23729,30
advanced,23730,33
advanced,23731,9
advanced,23732,9
advanced,23733,40
advanced,23734,39
advanced,23735,32
advanced,23736,51
advanced,23737,25
advanced,23738,38
advanced,23739,32
advanced,23740,38
advanced,23741,17
advanced,23742,42
advanced,23743,36
advanced,23744,48
advanced,23745,42
advanced,23746,47
advanced,23747,29
advanced,23748,57
advanced,23749,52
advanced,23750,36
advanced,23751,53
advanced,23752,33
advanced,23753,42
advanced,23754,45
advanced,23755,39
advanced,23756,21
advanced,23757,24
advanced,23758,48
advanced,23759,54
advanced,23760,29
advanced,23761,20
advanced,23762,34
advanced,23763,45
advanced,23764,14
advanced,23765,18
advanced,23766,37
advanced,23767,43
advanced,23768,61
advanced,23769,24
advanced,23770,23
advanced,23771,38
advanced,23772,41
advanced,23773,46
advanced,23774,38
advanced,23775,33
advanced,23776,40
advanced,23777,42
advanced,23778,23
advanced,23779,33
advanced,23780,45
advanced,23781,14
advanced,23782,37
advanced,23783,28
advanced,23784,22
advanced,23785,26
advanced,23786,20
advanced,23787,41
advanced,23788,11
advanced,23789,20
advanced,23790,35
advanced,23791,36
advanced,23792,29
advanced,23793,46
advanced,23794,63
advanced,23795,45
advanced,23796,32
advanced,23797,34
advanced,23798,42
advanced,23799,96
advanced,23800,38
advanced,23801,32
advanced,23802,56
advanced,23803,36
advanced,23804,48
advanced,23805,47
advanced,23806,38
advanced,23807,37
advanced,23808,36
advanced,23809,39
advanced,23810,26
advanced,23811,38
advanced,23812,66
advanced,23813,18
advanced,23814,64
advanced,23815,29
advanced,23816,39
advanced,23817,18
advanced,23818,35
advanced,23819,34
advanced,23820,46
advanced,23821,41
advanced,23822,27
advanced,23823,60
advanced,23824,44
advanced,23825,29
advanced,23826,41
advanced,23827,35
advanced,23828,41
advanced,23829,60
advanced,23830,41
advanced,23831,33
advanced,23832,18
advanced,23833,38
advanced,23834,44
advanced,23835,42
advanced,23836,27
advanced,23837,35
advanced,23838,47
advanced,23839,29
advanced,23840,66
advanced,23841,48
advanced,23842,30
advanced,23843,48
advanced,23844,35
advanced,23845,58
advanced,23846,30
advanced,23847,19
advanced,23848,41
advanced,23849,43
advanced,23850,42
advanced,23851,24
advanced,23852,32
advanced,23853,26
advanced,23854,56
advanced,23855,27
advanced,23856,12
advanced,23857,19
advanced,23858,31
advanced,23859,33
advanced,23860,31
advanced,23861,20
advanced,23862,45
advanced,23863,36
advanced,23864,10
advanced,23865,32
advanced,23866,32
advanced,23867,44
advanced,23868,20
advanced,23869,38
advanced,23870,15
advanced,23871,65
advanced,23872,55
advanced,23873,26
advanced,23874,35
advanced,23875,40
advanced,23876,43
advanced,23877,10
advanced,23878,32
advanced,23879,33
advanced,23880,46
advanced,23881,25
advanced,23882,36
advanced,23883,53
advanced,23884,46
advanced,23885,24
advanced,23886,21
advanced,23887,35
advanced,23888,41
advanced,23889,31
advanced,23890,17
advanced,23891,13
advanced,23892,44
advanced,23893,24
advanced,23894,21
advanced,23895,26
advanced,23896,28
advanced,23897,32
advanced,23898,44
advanced,23899,38
advanced,23900,39
advanced,23901,39
advanced,23902,19
advanced,23903,46
advanced,23904,28
advanced,23905,21
advanced,23906,13
advanced,23907,112
advanced,23908,45
advanced,23909,33
advanced,23910,52
advanced,23911,28
advanced,23912,11
advanced,23913,24
advanced,23914,29
advanced,23915,18
advanced,23916,60
advanced,23917,50
advanced,23918,28
advanced,23919,44
advanced,23920,19
advanced,23921,46
advanced,23922,34
advanced,23923,27
advanced,23924,35
advanced,23925,29
advanced,23926,44
advanced,23927,26
advanced,23928,51
advanced,23929,19
advanced,23930,30
advanced,23931,43
advanced,23932,18
advanced,23933,44
advanced,23934,33
advanced,23935,33
advanced,23936,21
advanced,23937,18
advanced,23938,23
advanced,23939,32
advanced,23940,52
advanced,23941,27
advanced,23942,45
advanced,23943,49
advanced,23944,83
advanced,23945,35
advanced,23946,48
advanced,23947,15
advanced,23948,22
advanced,23949,41
advanced,23950,52
advanced,23951,67
advanced,23952,38
advanced,23953,25
advanced,23954,53
advanced,23955,43
advanced,23956,23
advanced,23957,25
advanced,23958,25
advanced,23959,42
advanced,23960,46
advanced,23961,35
advanced,23962,12
advanced,23963,41
advanced,23964,46
advanced,23965,29
advanced,23966,36
advanced,23967,36
advanced,23968,29
advanced,23969,35
advanced,23970,10
advanced,23971,50
advanced,23972,29
advanced,23973,55
advanced,23974,15
advanced,23975,24
advanced,23976,9
advanced,23977,37
advanced,23978,44
advanced,23979,60
advanced,23980,36
advanced,23981,28
advanced,23982,21
advanced,23983,40
advanced,23984,54
advanced,23985,27
advanced,23986,44
advanced,23987,33
advanced,23988,59
advanced,23989,17
advanced,23990,48
advanced,23991,30
advanced,23992,35
advanced,23993,42
advanced,23994,48
advanced,23995,30
advanced,23996,29
advanced,23997,24
advanced,23998,28
advanced,23999,52
advanced,24000,36
advanced,24001,27
advanced,24002,31
advanced,24003,45
advanced,24004,53
advanced,24005,48
advanced,24006,20
advanced,24007,21
advanced,24008,18
advanced,24009,19
advanced,24010,29
advanced,24011,51
advanced,24012,67
advanced,24013,38
advanced,24014,38
advanced,24015,44
advanced,24016,28
advanced,24017,19
advanced,24018,35
advanced,24019,21
advanced,24020,47
advanced,24021,16
advanced,24022,37
advanced,24023,37
advanced,24024,20
advanced,24025,32
advanced,24026,30
advanced,24027,28
advanced,24028,28
advanced,24029,48
advanced,24030,16
advanced,24031,18
advanced,24032,32
advanced,24033,37
advanced,24034,23
advanced,24035,71
advanced,24036,33
advanced,24037,48
advanced,24038,27
advanced,24039,31
advanced,24040,37
advanced,24041,68
advanced,24042,25
advanced,24043,33
advanced,24044,37
advanced,24045,51
advanced,24046,44
advanced,24047,24
advanced,24048,35
advanced,24049,34
advanced,24050,23
advanced,24051,25
advanced,24052,54
advanced,24053,76
advanced,24054,33
advanced,24055,43
advanced,24056,35
advanced,24057,24
advanced,24058,30
advanced,24059,30
advanced,24060,31
advanced,24061,27
advanced,24062,30
advanced,24063,27
advanced,24064,14
advanced,24065,28
advanced,24066,61
advanced,24067,39
advanced,24068,77
advanced,24069,40
advanced,24070,42
advanced,24071,33
advanced,24072,46
advanced,24073,32
advanced,24074,18
advanced,24075,17
advanced,24076,37
advanced,24077,31
advanced,24078,48
advanced,24079,18
advanced,24080,16
advanced,24081,29
advanced,24082,63
advanced,24083,53
advanced,24084,32
advanced,24085,27
advanced,24086,29
advanced,24087,48
advanced,24088,36
advanced,24089,37
advanced,24090,66
advanced,24091,18
advanced,24092,23
advanced,24093,28
advanced,24094,30
advanced,24095,18
advanced,24096,39
advanced,24097,36
advanced,24098,21
advanced,24099,51
advanced,24100,25
advanced,24101,33
advanced,24102,21
advanced,24103,33
advanced,24104,51
advanced,24105,38
advanced,24106,20
advanced,24107,33
advanced,24108,23
advanced,24109,44
advanced,24110,21
advanced,24111,56
advanced,24112,26
advanced,24113,41
advanced,24114,18
advanced,24115,47
advanced,24116,38
advanced,24117,25
advanced,24118,41
advanced,24119,27
advanced,24120,78
advanced,24121,45
advanced,24122,23
advanced,24123,22
advanced,24124,36
advanced,24125,37
advanced,24126,40
advanced,24127,28
advanced,24128,14
advanced,24129,44
advanced,24130,27
advanced,24131,28
advanced,24132,22
advanced,24133,34
advanced,24134,12
advanced,24135,59
advanced,24136,18
advanced,24137,19
advanced,24138,32
advanced,24139,44
advanced,24140,13
advanced,24141,51
advanced,24142,22
advanced,24143,29
advanced,24144,49
advanced,24145,35
advanced,24146,33
advanced,24147,44
advanced,24148,43
advanced,24149,29
advanced,24150,18
advanced,24151,53
advanced,24152,34
advanced,24153,52
advanced,24154,40
advanced,24155,9
advanced,24156,34
advanced,24157,21
advanced,24158,41
advanced,24159,50
advanced,24160,28
advanced,24161,47
advanced,24162,32
advanced,24163,35
advanced,24164,25
advanced,24165,42
advanced,24166,28
advanced,24167,49
advanced,24168,42
advanced,24169,27
advanced,24170,26
advanced,24171,18
advanced,24172,10
advanced,24173,58
advanced,24174,39
advanced,24175,24
advanced,24176,29
advanced,24177,51
advanced,24178,58
advanced,24179,15
advanced,24180,34
advanced,24181,22
advanced,24182,41
advanced,24183,35
advanced,24184,25
advanced,24185,26
advanced,24186,28
advanced,24187,45
advanced,24188,58
advanced,24189,23
advanced,24190,33
advanced,24191,30
advanced,24192,66
advanced,24193,29
advanced,24194,23
advanced,24195,51
advanced,24196,20
advanced,24197,39
advanced,24198,39
advanced,24199,24
advanced,24200,35
advanced,24201,11
advanced,24202,33
advanced,24203,12
advanced,24204,16
advanced,24205,31
advanced,24206,24
advanced,24207,44
advanced,24208,49
advanced,24209,28
advanced,24210,47
advanced,24211,59
advanced,24212,83
advanced,24213,40
advanced,24214,26
advanced,24215,42
advanced,24216,28
advanced,24217,32
advanced,24218,27
advanced,24219,16
advanced,24220,46
advanced,24221,21
advanced,24222,32
advanced,24223,32
advanced,24224,32
advanced,24225,46
advanced,24226,37
advanced,24227,26
advanced,24228,55
advanced,24229,39
advanced,24230,73
advanced,24231,59
advanced,24232,48
advanced,24233,25
advanced,24234,41
advanced,24235,11
advanced,24236,33
advanced,24237,43
advanced,24238,18
advanced,24239,31
advanced,24240,40
advanced,24241,33
advanced,24242,39
advanced,24243,35
advanced,24244,35
advanced,24245,26
advanced,24246,43
advanced,24247,30
advanced,24248,40
advanced,24249,49
advanced,24250,42
advanced,24251,19
advanced,24252,40
advanced,24253,34
advanced,24254,43
advanced,24255,41
advanced,24256,36
advanced,24257,24
advanced,24258,25
advanced,24259,38
advanced,24260,37
advanced,24261,35
advanced,24262,63
advanced,24263,26
advanced,24264,38
advanced,24265,18
advanced,24266,34
advanced,24267,18
advanced,24268,35
advanced,24269,24
advanced,24270,72
advanced,24271,46
advanced,24272,57
advanced,24273,39
advanced,24274,16
advanced,24275,18
advanced,24276,59
advanced,24277,52
advanced,24278,27
advanced,24279,23
advanced,24280,25
advanced,24281,16
advanced,24282,49
advanced,24283,56
advanced,24284,29
advanced,24285,31
advanced,24286,34
advanced,24287,31
advanced,24288,33
advanced,24289,12
advanced,24290,35
advanced,24291,29
advanced,24292,79
advanced,24293,31
advanced,24294,28
advanced,24295,38
advanced,24296,37
advanced,24297,15
advanced,24298,20
advanced,24299,35
advanced,24300,34
advanced,24301,28
advanced,24302,30
advanced,24303,45
advanced,24304,26
advanced,24305,21
advanced,24306,42
advanced,24307,23
advanced,24308,45
advanced,24309,35
advanced,24310,23
advanced,24311,21
advanced,24312,26
advanced,24313,21
advanced,24314,71
advanced,24315,47
advanced,24316,46
advanced,24317,35
advanced,24318,42
advanced,24319,60
advanced,24320,7
advanced,24321,27
advanced,24322,40
advanced,24323,19
advanced,24324,47
advanced,24325,20
advanced,24326,36
advanced,24327,29
advanced,24328,23
advanced,24329,32
advanced,24330,13
advanced,24331,26
advanced,24332,38
advanced,24333,17
advanced,24334,23
advanced,24335,42
advanced,24336,18
advanced,24337,39
advanced,24338,40
advanced,24339,23
advanced,24340,38
advanced,24341,32
advanced,24342,36
advanced,24343,15
advanced,24344,28
advanced,24345,39
advanced,24346,47
advanced,24347,24
advanced,24348,57
advanced,24349,16
advanced,24350,37
advanced,24351,88
advanced,24352,28
advanced,24353,34
advanced,24354,41
advanced,24355,19
advanced,24356,27
advanced,24357,46
advanced,24358,32
advanced,24359,43
advanced,24360,40
advanced,24361,47
advanced,24362,32
advanced,24363,43
advanced,24364,35
advanced,24365,40
advanced,24366,52
advanced,24367,22
advanced,24368,29
advanced,24369,45
advanced,24370,93
advanced,24371,26
advanced,24372,37
advanced,24373,39
advanced,24374,26
advanced,24375,34
advanced,24376,31
advanced,24377,50
advanced,24378,85
advanced,24379,55
advanced,24380,52
advanced,24381,39
advanced,24382,12
advanced,24383,32
advanced,24384,28
advanced,24385,35
advanced,24386,34
advanced,24387,30
advanced,24388,63
advanced,24389,17
advanced,24390,47
advanced,24391,34
advanced,24392,36
advanced,24393,39
advanced,24394,31
advanced,24395,16
advanced,24396,27
advanced,24397,31
advanced,24398,31
advanced,24399,25
advanced,24400,25
advanced,24401,58
advanced,24402,27
advanced,24403,36
advanced,24404,38
advanced,24405,25
advanced,24406,46
advanced,24407,64
advanced,24408,58
advanced,24409,32
advanced,24410,44
advanced,24411,34
advanced,24412,88
advanced,24413,27
advanced,24414,24
advanced,24415,13
advanced,24416,34
advanced,24417,34
advanced,24418,35
advanced,24419,77
advanced,24420,30
advanced,24421,27
advanced,24422,35
advanced,24423,29
advanced,24424,24
advanced,24425,24
advanced,24426,18
advanced,24427,43
advanced,24428,23
advanced,24429,48
advanced,24430,21
advanced,24431,41
advanced,24432,41
advanced,24433,16
advanced,24434,31
advanced,24435,35
advanced,24436,66
advanced,24437,30
advanced,24438,25
advanced,24439,25
advanced,24440,36
advanced,24441,25
advanced,24442,31
advanced,24443,9
advanced,24444,34
advanced,24445,36
advanced,24446,26
advanced,24447,23
advanced,24448,58
advanced,24449,22
advanced,24450,50
advanced,24451,24
advanced,24452,38
advanced,24453,37
advanced,24454,37
advanced,24455,85
advanced,24456,24
advanced,24457,40
advanced,24458,24
advanced,24459,11
advanced,24460,17
advanced,24461,49
advanced,24462,32
advanced,24463,47
advanced,24464,13
advanced,24465,62
advanced,24466,10
advanced,24467,29
advanced,24468,62
advanced,24469,38
advanced,24470,34
advanced,24471,37
advanced,24472,46
advanced,24473,13
advanced,24474,36
advanced,24475,23
advanced,24476,32
advanced,24477,22
advanced,24478,15
advanced,24479,29
advanced,24480,32
advanced,24481,21
advanced,24482,92
advanced,24483,35
advanced,24484,14
advanced,24485,37
advanced,24486,29
advanced,24487,22
advanced,24488,23
advanced,24489,19
advanced,24490,33
advanced,24491,35
advanced,24492,47
advanced,24493,40
advanced,24494,15
advanced,24495,48
advanced,24496,37
advanced,24497,55
advanced,24498,38
advanced,24499,52
advanced,24500,27
advanced,24501,24
advanced,24502,59
advanced,24503,13
advanced,24504,34
advanced,24505,17
advanced,24506,19
advanced,24507,14
advanced,24508,51
advanced,24509,51
advanced,24510,19
advanced,24511,40
advanced,24512,22
advanced,24513,52
advanced,24514,21
advanced,24515,34
advanced,24516,15
advanced,24517,33
advanced,24518,33
advanced,24519,24
advanced,24520,28
advanced,24521,49
advanced,24522,29
advanced,24523,14
advanced,24524,7
advanced,24525,28
advanced,24526,48
advanced,24527,34
advanced,24528,47
advanced,24529,49
advanced,24530,38
advanced,24531,35
advanced,24532,65
advanced,24533,27
advanced,24534,26
advanced,24535,16
advanced,24536,36
advanced,24537,36
advanced,24538,11
advanced,24539,31
advanced,24540,38
advanced,24541,31
advanced,24542,39
advanced,24543,31
advanced,24544,21
advanced,24545,46
advanced,24546,67
advanced,24547,29
advanced,24548,47
advanced,24549,42
advanced,24550,52
advanced,24551,31
advanced,24552,29
advanced,24553,21
advanced,24554,20
advanced,24555,22
advanced,24556,32
advanced,24557,42
advanced,24558,27
advanced,24559,49
advanced,24560,45
advanced,24561,17
advanced,24562,48
advanced,24563,44
advanced,24564,39
advanced,24565,18
advanced,24566,24
advanced,24567,55
advanced,24568,35
advanced,24569,33
advanced,24570,34
advanced,24571,32
advanced,24572,22
advanced,24573,14
advanced,24574,28
advanced,24575,21
advanced,24576,54
advanced,24577,47
advanced,24578,29
advanced,24579,45
advanced,24580,17
advanced,24581,35
advanced,24582,49
advanced,24583,36
advanced,24584,27
advanced,24585,47
advanced,24586,35
advanced,24587,24
advanced,24588,36
advanced,24589,85
advanced,24590,25
advanced,24591,30
advanced,24592,41
advanced,24593,16
advanced,24594,40
advanced,24595,53
advanced,24596,50
advanced,24597,48
advanced,24598,27
advanced,24599,47
advanced,24600,27
advanced,24601,52
advanced,24602,30
advanced,24603,25
advanced,24604,41
advanced,24605,30
advanced,24606,27
advanced,24607,34
advanced,24608,26
advanced,24609,22
advanced,24610,40
advanced,24611,68
advanced,24612,29
advanced,24613,29
advanced,24614,27
advanced,24615,40
advanced,24616,38
advanced,24617,42
advanced,24618,17
advanced,24619,51
advanced,24620,65
advanced,24621,17
advanced,24622,32
advanced,24623,39
advanced,24624,29
advanced,24625,49
advanced,24626,21
advanced,24627,47
advanced,24628,13
advanced,24629,29
advanced,24630,29
advanced,24631,35
advanced,24632,35
advanced,24633,41
advanced,24634,24
advanced,24635,20
advanced,24636,28
advanced,24637,12
advanced,24638,46
advanced,24639,28
advanced,24640,35
advanced,24641,51
advanced,24642,50
advanced,24643,19
advanced,24644,43
advanced,24645,46
advanced,24646,39
advanced,24647,29
advanced,24648,24
advanced,24649,56
advanced,24650,53
advanced,24651,32
advanced,24652,21
advanced,24653,47
advanced,24654,38
advanced,24655,22
advanced,24656,47
advanced,24657,34
advanced,24658,20
advanced,24659,34
advanced,24660,17
advanced,24661,69
advanced,24662,29
advanced,24663,32
advanced,24664,18
advanced,24665,28
advanced,24666,21
advanced,24667,50
advanced,24668,37
advanced,24669,36
advanced,24670,47
advanced,24671,29
advanced,24672,36
advanced,24673,66
advanced,24674,20
advanced,24675,43
advanced,24676,51
advanced,24677,27
advanced,24678,59
advanced,24679,26
advanced,24680,12
advanced,24681,37
advanced,24682,18
advanced,24683,36
advanced,24684,31
advanced,24685,28
advanced,24686,35
advanced,24687,40
advanced,24688,33
advanced,24689,44
advanced,24690,36
advanced,24691,34
advanced,24692,29
advanced,24693,21
advanced,24694,25
advanced,24695,33
advanced,24696,32
advanced,24697,30
advanced,24698,29
advanced,24699,37
advanced,24700,25
advanced,24701,29
advanced,24702,35
advanced,24703,51
advanced,24704,29
advanced,24705,39
advanced,24706,27
advanced,24707,28
advanced,24708,51
advanced,24709,64
advanced,24710,36
advanced,24711,21
advanced,24712,25
advanced,24713,42
advanced,24714,30
advanced,24715,34
advanced,24716,34
advanced,24717,49
advanced,24718,31
advanced,24719,21
advanced,24720,33
advanced,24721,48
advanced,24722,19
advanced,24723,45
advanced,24724,59
advanced,24725,24
advanced,24726,50
advanced,24727,21
advanced,24728,24
advanced,24729,37
advanced,24730,22
advanced,24731,14
advanced,24732,39
advanced,24733,36
advanced,24734,24
advanced,24735,46
advanced,24736,48
advanced,24737,23
advanced,24738,67
advanced,24739,37
advanced,24740,11
advanced,24741,52
advanced,24742,49
advanced,24743,50
advanced,24744,13
advanced,24745,34
advanced,24746,45
advanced,24747,20
advanced,24748,24
advanced,24749,37
advanced,24750,28
advanced,24751,42
advanced,24752,71
advanced,24753,19
advanced,24754,19
advanced,24755,26
advanced,24756,50
advanced,24757,23
advanced,24758,47
advanced,24759,25
advanced,24760,37
advanced,24761,20
advanced,24762,40
advanced,24763,39
advanced,24764,34
advanced,24765,25
advanced,24766,34
advanced,24767,33
advanced,24768,70
advanced,24769,25
advanced,24770,34
advanced,24771,47
advanced,24772,42
advanced,24773,11
advanced,24774,26
advanced,24775,39
advanced,24776,71
advanced,24777,34
advanced,24778,33
advanced,24779,27
advanced,24780,45
advanced,24781,53
advanced,24782,38
advanced,24783,35
advanced,24784,40
advanced,24785,46
advanced,24786,52
advanced,24787,36
advanced,24788,42
advanced,24789,39
advanced,24790,27
advanced,24791,73
advanced,24792,32
advanced,24793,17
advanced,24794,59
advanced,24795,18
advanced,24796,47
advanced,24797,34
advanced,24798,40
advanced,24799,38
advanced,24800,19
advanced,24801,29
advanced,24802,47
advanced,24803,31
advanced,24804,82
advanced,24805,44
advanced,24806,36
advanced,24807,39
advanced,24808,43
advanced,24809,26
advanced,24810,48
advanced,24811,11
advanced,24812,46
advanced,24813,32
advanced,24814,55
advanced,24815,22
advanced,24816,53
advanced,24817,36
advanced,24818,23
advanced,24819,21
advanced,24820,79
advanced,24821,26
advanced,24822,52
advanced,24823,25
advanced,24824,40
advanced,24825,31
advanced,24826,51
advanced,24827,66
advanced,24828,29
advanced,24829,32
advanced,24830,25
advanced,24831,21
advanced,24832,25
advanced,24833,27
advanced,24834,33
advanced,24835,38
advanced,24836,36
advanced,24837,39
advanced,24838,45
advanced,24839,47
advanced,24840,32
advanced,24841,37
advanced,24842,32
advanced,24843,28
advanced,24844,11
advanced,24845,28
advanced,24846,42
advanced,24847,21
advanced,24848,39
advanced,24849,42
advanced,24850,16
advanced,24851,39
advanced,24852,35
advanced,24853,33
advanced,24854,60
advanced,24855,69
advanced,24856,44
advanced,24857,26
advanced,24858,28
advanced,24859,24
advanced,24860,52
advanced,24861,25
advanced,24862,23
advanced,24863,33
advanced,24864,16
advanced,24865,32
advanced,24866,13
advanced,24867,40
advanced,24868,37
advanced,24869,39
advanced,24870,46
advanced,24871,30
advanced,24872,18
advanced,24873,26
advanced,24874,59
advanced,24875,60
advanced,24876,52
advanced,24877,61
advanced,24878,23
advanced,24879,41
advanced,24880,50
advanced,24881,19
advanced,24882,27
advanced,24883,35
advanced,24884,56
advanced,24885,9
advanced,24886,17
advanced,24887,31
advanced,24888,16
advanced,24889,60
advanced,24890,44
advanced,24891,54
advanced,24892,27
advanced,24893,26
advanced,24894,43
advanced,24895,55
advanced,24896,14
advanced,24897,33
advanced,24898,16
advanced,24899,33
advanced,24900,25
advanced,24901,38
advanced,24902,30
advanced,24903,34
advanced,24904,19
advanced,24905,66
advanced,24906,27
advanced,24907,41
advanced,24908,18
advanced,24909,14
advanced,24910,37
advanced,24911,17
advanced,24912,35
advanced,24913,42
advanced,24914,35
advanced,24915,29
advanced,24916,36
advanced,24917,25
advanced,24918,20
advanced,24919,26
advanced,24920,27
advanced,24921,31
advanced,24922,28
advanced,24923,28
advanced,24924,19
advanced,24925,56
advanced,24926,51
advanced,24927,27
advanced,24928,18
advanced,24929,45
advanced,24930,44
advanced,24931,40
advanced,24932,44
advanced,24933,27
advanced,24934,62
advanced,24935,24
advanced,24936,16
advanced,24937,19
advanced,24938,60
advanced,24939,39
advanced,24940,27
advanced,24941,27
advanced,24942,13
advanced,24943,50
advanced,24944,34
advanced,24945,35
advanced,24946,22
advanced,24947,35
advanced,24948,47
advanced,24949,14
advanced,24950,25
advanced,24951,29
advanced,24952,58
advanced,24953,33
advanced,24954,20
advanced,24955,37
advanced,24956,29
advanced,24957,17
advanced,24958,44
advanced,24959,40
advanced,24960,22
advanced,24961,48
advanced,24962,37
advanced,24963,28
advanced,24964,26
advanced,24965,40
advanced,24966,40
advanced,24967,53
advanced,24968,33
advanced,24969,40
advanced,24970,40
advanced,24971,40
advanced,24972,30
advanced,24973,62
advanced,24974,47
advanced,24975,58
advanced,24976,57
advanced,24977,16
advanced,24978,31
advanced,24979,76
advanced,24980,23
advanced,24981,28
advanced,24982,10
advanced,24983,70
advanced,24984,25
advanced,24985,12
advanced,24986,35
advanced,24987,13
advanced,24988,66
advanced,24989,39
advanced,24990,41
advanced,24991,69
advanced,24992,29
advanced,24993,26
advanced,24994,31
advanced,24995,34
advanced,24996,41
advanced,24997,30
advanced,24998,57
advanced,24999,34
advanced,25000,30
advanced,25001,29
advanced,25002,51
advanced,25003,37
advanced,25004,13
advanced,25005,45
advanced,25006,58
advanced,25007,36
advanced,25008,21
advanced,25009,61
advanced,25010,29
advanced,25011,36
advanced,25012,41
advanced,25013,59
advanced,25014,31
advanced,25015,32
advanced,25016,28
advanced,25017,28
advanced,25018,45
advanced,25019,56
advanced,25020,25
advanced,25021,70
advanced,25022,28
advanced,25023,54
advanced,25024,62
advanced,25025,15
advanced,25026,34
advanced,25027,24
advanced,25028,23
advanced,25029,18
advanced,25030,44
advanced,25031,30
advanced,25032,29
advanced,25033,45
advanced,25034,22
advanced,25035,40
advanced,25036,22
advanced,25037,51
advanced,25038,17
advanced,25039,12
advanced,25040,31
advanced,25041,61
advanced,25042,42
advanced,25043,16
advanced,25044,42
advanced,25045,31
advanced,25046,11
advanced,25047,20
advanced,25048,19
advanced,25049,17
advanced,25050,26
advanced,25051,25
advanced,25052,43
advanced,25053,74
advanced,25054,31
advanced,25055,53
advanced,25056,18
advanced,25057,21
advanced,25058,36
advanced,25059,24
advanced,25060,47
advanced,25061,40
advanced,25062,23
advanced,25063,37
advanced,25064,34
advanced,25065,53
advanced,25066,37
advanced,25067,25
advanced,25068,71
advanced,25069,38
advanced,25070,27
advanced,25071,22
advanced,25072,25
advanced,25073,65
advanced,25074,55
advanced,25075,23
advanced,25076,24
advanced,25077,31
advanced,25078,79
advanced,25079,94
advanced,25080,50
advanced,25081,53
advanced,25082,62
advanced,25083,44
advanced,25084,22
advanced,25085,28
advanced,25086,21
advanced,25087,13
advanced,25088,29
advanced,25089,50
advanced,25090,18
advanced,25091,47
advanced,25092,23
advanced,25093,19
advanced,25094,29
advanced,25095,29
advanced,25096,20
advanced,25097,17
advanced,25098,44
advanced,25099,42
advanced,25100,23
advanced,25101,59
advanced,25102,48
advanced,25103,21
advanced,25104,33
advanced,25105,67
advanced,25106,31
advanced,25107,30
advanced,25108,34
advanced,25109,39
advanced,25110,21
advanced,25111,45
advanced,25112,46
advanced,25113,36
advanced,25114,21
advanced,25115,23
advanced,25116,34
advanced,25117,25
advanced,25118,33
advanced,25119,24
advanced,25120,36
advanced,25121,42
advanced,25122,32
advanced,25123,26
advanced,25124,36
advanced,25125,27
advanced,25126,46
advanced,25127,17
advanced,25128,62
advanced,25129,44
advanced,25130,14
advanced,25131,19
advanced,25132,60
advanced,25133,51
advanced,25134,7
advanced,25135,23
advanced,25136,28
advanced,25137,28
advanced,25138,43
advanced,25139,26
advanced,25140,66
advanced,25141,16
advanced,25142,26
advanced,25143,52
advanced,25144,35
advanced,25145,39
advanced,25146,58
advanced,25147,45
advanced,25148,14
advanced,25149,23
advanced,25150,32
advanced,25151,41
advanced,25152,32
advanced,25153,37
advanced,25154,30
advanced,25155,17
advanced,25156,35
advanced,25157,47
advanced,25158,20
advanced,25159,33
advanced,25160,17
advanced,25161,34
advanced,25162,30
advanced,25163,19
advanced,25164,29
advanced,25165,29
advanced,25166,31
advanced,25167,9
advanced,25168,37
advanced,25169,42
advanced,25170,51
advanced,25171,20
advanced,25172,26
advanced,25173,39
advanced,25174,23
advanced,25175,22
advanced,25176,32
advanced,25177,22
advanced,25178,31
advanced,25179,35
advanced,25180,20
advanced,25181,30
advanced,25182,31
advanced,25183,38
advanced,25184,59
advanced,25185,45
advanced,25186,29
advanced,25187,30
advanced,25188,70
advanced,25189,38
advanced,25190,55
advanced,25191,38
advanced,25192,19
advanced,25193,51
advanced,25194,43
advanced,25195,20
advanced,25196,16
advanced,25197,60
advanced,25198,20
advanced,25199,34
advanced,25200,24
advanced,25201,77
advanced,25202,24
advanced,25203,30
advanced,25204,27
advanced,25205,37
advanced,25206,38
advanced,25207,12
advanced,25208,21
advanced,25209,56
advanced,25210,33
advanced,25211,38
advanced,25212,26
advanced,25213,23
advanced,25214,54
advanced,25215,67
advanced,25216,65
advanced,25217,30
advanced,25218,37
advanced,25219,41
advanced,25220,38
advanced,25221,10
advanced,25222,36
advanced,25223,19
advanced,25224,45
advanced,25225,40
advanced,25226,54
advanced,25227,41
advanced,25228,28
advanced,25229,51
advanced,25230,21
advanced,25231,31
advanced,25232,45
advanced,25233,28
advanced,25234,32
advanced,25235,61
advanced,25236,29
advanced,25237,29
advanced,25238,39
advanced,25239,40
advanced,25240,41
advanced,25241,33
advanced,25242,18
advanced,25243,36
advanced,25244,45
advanced,25245,26
advanced,25246,26
advanced,25247,26
advanced,25248,32
advanced,25249,45
advanced,25250,30
advanced,25251,30
advanced,25252,29
advanced,25253,25
advanced,25254,36
advanced,25255,61
advanced,25256,47
advanced,25257,36
advanced,25258,34
advanced,25259,50
advanced,25260,20
advanced,25261,21
advanced,25262,46
advanced,25263,39
advanced,25264,27
advanced,25265,14
advanced,25266,43
advanced,25267,35
advanced,25268,13
advanced,25269,28
advanced,25270,52
advanced,25271,18
advanced,25272,34
advanced,25273,45
advanced,25274,13
advanced,25275,29
advanced,25276,27
advanced,25277,60
advanced,25278,31
advanced,25279,26
advanced,25280,43
advanced,25281,52
advanced,25282,36
advanced,25283,16
advanced,25284,24
advanced,25285,24
advanced,25286,40
advanced,25287,48
advanced,25288,39
advanced,25289,35
advanced,25290,63
advanced,25291,42
advanced,25292,37
advanced,25293,52
advanced,25294,45
advanced,25295,16
advanced,25296,34
advanced,25297,38
advanced,25298,17
advanced,25299,48
advanced,25300,33
advanced,25301,28
advanced,25302,38
advanced,25303,24
advanced,25304,19
advanced,25305,27
advanced,25306,53
advanced,25307,24
advanced,25308,42
advanced,25309,41
advanced,25310,26
advanced,25311,22
advanced,25312,24
advanced,25313,31
advanced,25314,35
advanced,25315,39
advanced,25316,25
advanced,25317,44
advanced,25318,29
advanced,25319,32
advanced,25320,31
advanced,25321,43
advanced,25322,56
advanced,25323,33
advanced,25324,48
advanced,25325,37
advanced,25326,24
advanced,25327,29
advanced,25328,64
advanced,25329,20
advanced,25330,27
advanced,25331,46
advanced,25332,29
advanced,25333,22
advanced,25334,47
advanced,25335,34
advanced,25336,37
advanced,25337,60
advanced,25338,28
advanced,25339,28
advanced,25340,15
advanced,25341,35
advanced,25342,37
advanced,25343,38
advanced,25344,38
advanced,25345,44
advanced,25346,42
advanced,25347,34
advanced,25348,36
advanced,25349,49
advanced,25350,40
advanced,25351,77
advanced,25352,61
advanced,25353,36
advanced,25354,44
advanced,25355,27
advanced,25356,22
advanced,25357,47
advanced,25358,15
advanced,25359,21
advanced,25360,38
advanced,25361,60
advanced,25362,28
advanced,25363,67
advanced,25364,30
advanced,25365,26
advanced,25366,58
advanced,25367,31
advanced,25368,29
advanced,25369,29
advanced,25370,26
advanced,25371,41
advanced,25372,44
advanced,25373,66
advanced,25374,41
advanced,25375,26
advanced,25376,31
advanced,25377,26
advanced,25378,70
advanced,25379,28
advanced,25380,30
advanced,25381,64
advanced,25382,66
advanced,25383,32
advanced,25384,33
advanced,25385,22
advanced,25386,12
advanced,25387,29
advanced,25388,28
advanced,25389,24
advanced,25390,31
advanced,25391,35
advanced,25392,33
advanced,25393,49
advanced,25394,41
advanced,25395,16
advanced,25396,26
advanced,25397,18
advanced,25398,30
advanced,25399,34
advanced,25400,50
advanced,25401,48
advanced,25402,38
advanced,25403,55
advanced,25404,42
advanced,25405,26
advanced,25406,21
advanced,25407,34
advanced,25408,54
advanced,25409,35
advanced,25410,44
advanced,25411,30
advanced,25412,26
advanced,25413,70
advanced,25414,19
advanced,25415,19
advanced,25416,25
advanced,25417,26
advanced,25418,20
advanced,25419,27
advanced,25420,51
advanced,25421,50
advanced,25422,34
advanced,25423,31
advanced,25424,24
advanced,25425,45
advanced,25426,54
advanced,25427,27
advanced,25428,44
advanced,25429,24
advanced,25430,30
advanced,25431,25
advanced,25432,19
advanced,25433,27
advanced,25434,18
advanced,25435,54
advanced,25436,29
advanced,25437,40
advanced,25438,51
advanced,25439,68
advanced,25440,34
advanced,25441,33
advanced,25442,36
advanced,25443,20
advanced,25444,44
advanced,25445,32
advanced,25446,67
advanced,25447,26
advanced,25448,28
advanced,25449,49
advanced,25450,51
advanced,25451,35
advanced,25452,33
advanced,25453,34
advanced,25454,33
advanced,25455,43
advanced,25456,28
advanced,25457,36
advanced,25458,45
advanced,25459,42
advanced,25460,20
advanced,25461,41
advanced,25462,29
advanced,25463,24
advanced,25464,33
advanced,25465,48
advanced,25466,30
advanced,25467,24
advanced,25468,27
advanced,25469,28
advanced,25470,27
advanced,25471,37
advanced,25472,35
advanced,25473,36
advanced,25474,32
advanced,25475,44
advanced,25476,55
advanced,25477,58
advanced,25478,46
advanced,25479,30
advanced,25480,35
advanced,25481,35
advanced,25482,18
advanced,25483,24
advanced,25484,57
advanced,25485,26
advanced,25486,53
advanced,25487,35
advanced,25488,26
advanced,25489,31
advanced,25490,84
advanced,25491,12
advanced,25492,27
advanced,25493,41
advanced,25494,22
advanced,25495,32
advanced,25496,19
advanced,25497,26
advanced,25498,26
advanced,25499,18
advanced,25500,25
advanced,25501,30
advanced,25502,29
advanced,25503,24
advanced,25504,36
advanced,25505,35
advanced,25506,51
advanced,25507,38
advanced,25508,23
advanced,25509,22
advanced,25510,25
advanced,25511,39
advanced,25512,35
advanced,25513,28
advanced,25514,40
advanced,25515,43
advanced,25516,13
advanced,25517,34
advanced,25518,57
advanced,25519,51
advanced,25520,87
advanced,25521,45
advanced,25522,49
advanced,25523,40
advanced,25524,81
advanced,25525,67
advanced,25526,41
advanced,25527,30
advanced,25528,24
advanced,25529,35
advanced,25530,40
advanced,25531,67
advanced,25532,42
advanced,25533,22
advanced,25534,33
advanced,25535,33
advanced,25536,24
advanced,25537,21
advanced,25538,57
advanced,25539,31
advanced,25540,21
advanced,25541,49
advanced,25542,50
advanced,25543,25
advanced,25544,35
advanced,25545,38
advanced,25546,23
advanced,25547,42
advanced,25548,50
advanced,25549,41
advanced,25550,33
advanced,25551,25
advanced,25552,30
advanced,25553,32
advanced,25554,22
advanced,25555,25
advanced,25556,45
advanced,25557,33
advanced,25558,30
advanced,25559,38
advanced,25560,34
advanced,25561,73
advanced,25562,61
advanced,25563,38
advanced,25564,32
advanced,25565,23
advanced,25566,19
advanced,25567,41
advanced,25568,38
advanced,25569,18
advanced,25570,16
advanced,25571,37
advanced,25572,25
advanced,25573,35
advanced,25574,42
advanced,25575,34
advanced,25576,39
advanced,25577,23
advanced,25578,28
advanced,25579,17
advanced,25580,32
advanced,25581,58
advanced,25582,32
advanced,25583,36
advanced,25584,46
advanced,25585,40
advanced,25586,26
advanced,25587,34
advanced,25588,34
advanced,25589,19
advanced,25590,31
advanced,25591,26
advanced,25592,60
advanced,25593,22
advanced,25594,32
advanced,25595,24
advanced,25596,31
advanced,25597,74
advanced,25598,22
advanced,25599,22
advanced,25600,40
advanced,25601,20
advanced,25602,35
advanced,25603,13
advanced,25604,35
advanced,25605,35
advanced,25606,34
advanced,25607,46
advanced,25608,8
advanced,25609,47
advanced,25610,42
advanced,25611,27
advanced,25612,19
advanced,25613,48
advanced,25614,33
advanced,25615,16
advanced,25616,40
advanced,25617,35
advanced,25618,26
advanced,25619,51
advanced,25620,22
advanced,25621,23
advanced,25622,66
advanced,25623,51
advanced,25624,27
advanced,25625,87
advanced,25626,31
advanced,25627,61
advanced,25628,23
advanced,25629,27
advanced,25630,25
advanced,25631,26
advanced,25632,33
advanced,25633,26
advanced,25634,20
advanced,25635,32
advanced,25636,24
advanced,25637,16
advanced,25638,29
advanced,25639,41
advanced,25640,38
advanced,25641,46
advanced,25642,33
advanced,25643,37
advanced,25644,19
advanced,25645,30
advanced,25646,22
advanced,25647,36
advanced,25648,26
advanced,25649,39
advanced,25650,12
advanced,25651,24
advanced,25652,37
advanced,25653,14
advanced,25654,21
advanced,25655,23
advanced,25656,36
advanced,25657,27
advanced,25658,30
advanced,25659,34
advanced,25660,39
advanced,25661,55
advanced,25662,20
advanced,25663,54
advanced,25664,67
advanced,25665,56
advanced,25666,36
advanced,25667,31
advanced,25668,35
advanced,25669,55
advanced,25670,26
advanced,25671,39
advanced,25672,27
advanced,25673,35
advanced,25674,49
advanced,25675,41
advanced,25676,53
advanced,25677,43
advanced,25678,24
advanced,25679,42
advanced,25680,38
advanced,25681,36
advanced,25682,26
advanced,25683,45
advanced,25684,31
advanced,25685,34
advanced,25686,28
advanced,25687,31
advanced,25688,57
advanced,25689,22
advanced,25690,35
advanced,25691,28
advanced,25692,22
advanced,25693,73
advanced,25694,59
advanced,25695,44
advanced,25696,17
advanced,25697,26
advanced,25698,26
advanced,25699,32
advanced,25700,46
advanced,25701,25
advanced,25702,41
advanced,25703,66
advanced,25704,49
advanced,25705,51
advanced,25706,18
advanced,25707,38
advanced,25708,32
advanced,25709,16
advanced,25710,25
advanced,25711,18
advanced,25712,38
advanced,25713,37
advanced,25714,53
advanced,25715,40
advanced,25716,26
advanced,25717,28
advanced,25718,30
advanced,25719,24
advanced,25720,46
advanced,25721,23
advanced,25722,33
advanced,25723,37
advanced,25724,44
advanced,25725,26
advanced,25726,32
advanced,25727,31
advanced,25728,32
advanced,25729,32
advanced,25730,39
advanced,25731,36
advanced,25732,33
advanced,25733,50
advanced,25734,24
advanced,25735,42
advanced,25736,36
advanced,25737,28
advanced,25738,14
advanced,25739,37
advanced,25740,36
advanced,25741,37
advanced,25742,27
advanced,25743,67
advanced,25744,22
advanced,25745,41
advanced,25746,22
advanced,25747,43
advanced,25748,40
advanced,25749,38
advanced,25750,54
advanced,25751,22
advanced,25752,31
advanced,25753,32
advanced,25754,48
advanced,25755,17
advanced,25756,39
advanced,25757,22
advanced,25758,19
advanced,25759,37
advanced,25760,40
advanced,25761,46
advanced,25762,22
advanced,25763,29
advanced,25764,12
advanced,25765,40
advanced,25766,27
advanced,25767,21
advanced,25768,28
advanced,25769,54
advanced,25770,40
advanced,25771,20
advanced,25772,20
advanced,25773,36
advanced,25774,28
advanced,25775,12
advanced,25776,32
advanced,25777,32
advanced,25778,46
advanced,25779,21
advanced,25780,33
advanced,25781,32
advanced,25782,30
advanced,25783,56
advanced,25784,53
advanced,25785,20
advanced,25786,18
advanced,25787,55
advanced,25788,36
advanced,25789,38
advanced,25790,49
advanced,25791,34
advanced,25792,31
advanced,25793,20
advanced,25794,46
advanced,25795,56
advanced,25796,23
advanced,25797,59
advanced,25798,58
advanced,25799,30
advanced,25800,34
advanced,25801,53
advanced,25802,13
advanced,25803,57
advanced,25804,24
advanced,25805,30
advanced,25806,30
advanced,25807,43
advanced,25808,19
advanced,25809,47
advanced,25810,30
advanced,25811,29
advanced,25812,35
advanced,25813,47
advanced,25814,44
advanced,25815,38
advanced,25816,20
advanced,25817,51
advanced,25818,38
advanced,25819,24
advanced,25820,18
advanced,25821,30
advanced,25822,34
advanced,25823,53
advanced,25824,33
advanced,25825,64
advanced,25826,36
advanced,25827,41
advanced,25828,60
advanced,25829,53
advanced,25830,57
advanced,25831,75
advanced,25832,9
advanced,25833,24
advanced,25834,54
advanced,25835,42
advanced,25836,22
advanced,25837,21
advanced,25838,23
advanced,25839,40
advanced,25840,27
advanced,25841,51
advanced,25842,11
advanced,25843,27
advanced,25844,48
advanced,25845,47
advanced,25846,32
advanced,25847,52
advanced,25848,25
advanced,25849,52
advanced,25850,26
advanced,25851,35
advanced,25852,32
advanced,25853,19
advanced,25854,22
advanced,25855,28
advanced,25856,43
advanced,25857,31
advanced,25858,41
advanced,25859,29
advanced,25860,47
advanced,25861,40
advanced,25862,19
advanced,25863,33
advanced,25864,29
advanced,25865,54
advanced,25866,52
advanced,25867,39
advanced,25868,31
advanced,25869,35
advanced,25870,25
advanced,25871,32
advanced,25872,18
advanced,25873,42
advanced,25874,45
advanced,25875,29
advanced,25876,28
advanced,25877,34
advanced,25878,20
advanced,25879,31
advanced,25880,20
advanced,25881,22
advanced,25882,61
advanced,25883,40
advanced,25884,30
advanced,25885,23
advanced,25886,31
advanced,25887,84
advanced,25888,35
advanced,25889,28
advanced,25890,48
advanced,25891,24
advanced,25892,24
advanced,25893,36
advanced,25894,33
advanced,25895,18
advanced,25896,18
advanced,25897,26
advanced,25898,35
advanced,25899,22
advanced,25900,24
advanced,25901,45
advanced,25902,45
advanced,25903,21
advanced,25904,38
advanced,25905,54
advanced,25906,11
advanced,25907,46
advanced,25908,33
advanced,25909,15
advanced,25910,51
advanced,25911,23
advanced,25912,38
advanced,25913,47
advanced,25914,23
advanced,25915,24
advanced,25916,33
advanced,25917,32
advanced,25918,45
advanced,25919,63
advanced,25920,29
advanced,25921,21
advanced,25922,40
advanced,25923,33
advanced,25924,63
advanced,25925,30
advanced,25926,34
advanced,25927,31
advanced,25928,35
advanced,25929,27
advanced,25930,18
advanced,25931,38
advanced,25932,30
advanced,25933,34
advanced,25934,29
advanced,25935,44
advanced,25936,46
advanced,25937,32
advanced,25938,43
advanced,25939,22
advanced,25940,24
advanced,25941,40
advanced,25942,20
advanced,25943,24
advanced,25944,85
advanced,25945,56
advanced,25946,41
advanced,25947,24
advanced,25948,32
advanced,25949,32
advanced,25950,25
advanced,25951,17
advanced,25952,30
advanced,25953,25
advanced,25954,28
advanced,25955,31
advanced,25956,14
advanced,25957,61
advanced,25958,15
advanced,25959,45
advanced,25960,57
advanced,25961,31
advanced,25962,47
advanced,25963,32
advanced,25964,26
advanced,25965,38
advanced,25966,22
advanced,25967,60
advanced,25968,34
advanced,25969,49
advanced,25970,12
advanced,25971,25
advanced,25972,29
advanced,25973,25
advanced,25974,18
advanced,25975,22
advanced,25976,28
advanced,25977,32
advanced,25978,49
advanced,25979,37
advanced,25980,36
advanced,25981,17
advanced,25982,36
advanced,25983,38
advanced,25984,17
advanced,25985,26
advanced,25986,34
advanced,25987,45
advanced,25988,20
advanced,25989,75
advanced,25990,51
advanced,25991,37
advanced,25992,21
advanced,25993,19
advanced,25994,34
advanced,25995,27
advanced,25996,23
advanced,25997,16
advanced,25998,23
advanced,25999,32
advanced,26000,50
advanced,26001,42
advanced,26002,25
advanced,26003,39
advanced,26004,24
advanced,26005,36
advanced,26006,50
advanced,26007,29
advanced,26008,24
advanced,26009,29
advanced,26010,67
advanced,26011,8
advanced,26012,37
advanced,26013,22
advanced,26014,41
advanced,26015,40
advanced,26016,42
advanced,26017,40
advanced,26018,46
advanced,26019,23
advanced,26020,14
advanced,26021,27
advanced,26022,31
advanced,26023,38
advanced,26024,57
advanced,26025,32
advanced,26026,26
advanced,26027,44
advanced,26028,45
advanced,26029,41
advanced,26030,28
advanced,26031,30
advanced,26032,18
advanced,26033,48
advanced,26034,34
advanced,26035,29
advanced,26036,37
advanced,26037,17
advanced,26038,8
advanced,26039,48
advanced,26040,36
advanced,26041,39
advanced,26042,28
advanced,26043,46
advanced,26044,39
advanced,26045,20
advanced,26046,37
advanced,26047,51
advanced,26048,45
advanced,26049,27
advanced,26050,49
advanced,26051,71
advanced,26052,37
advanced,26053,20
advanced,26054,24
advanced,26055,23
advanced,26056,50
advanced,26057,60
advanced,26058,18
advanced,26059,30
advanced,26060,47
advanced,26061,17
advanced,26062,34
advanced,26063,15
advanced,26064,29
advanced,26065,26
advanced,26066,44
advanced,26067,38
advanced,26068,22
advanced,26069,50
advanced,26070,50
advanced,26071,54
advanced,26072,60
advanced,26073,48
advanced,26074,20
advanced,26075,31
advanced,26076,35
advanced,26077,23
advanced,26078,37
advanced,26079,24
advanced,26080,35
advanced,26081,85
advanced,26082,27
advanced,26083,15
advanced,26084,23
advanced,26085,31
advanced,26086,32
advanced,26087,26
advanced,26088,55
advanced,26089,20
advanced,26090,81
advanced,26091,61
advanced,26092,34
advanced,26093,52
advanced,26094,26
advanced,26095,32
advanced,26096,42
advanced,26097,38
advanced,26098,55
advanced,26099,45
advanced,26100,54
advanced,26101,40
advanced,26102,17
advanced,26103,11
advanced,26104,37
advanced,26105,64
advanced,26106,44
advanced,26107,45
advanced,26108,43
advanced,26109,49
advanced,26110,33
advanced,26111,36
advanced,26112,55
advanced,26113,52
advanced,26114,43
advanced,26115,44
advanced,26116,43
advanced,26117,18
advanced,26118,107
advanced,26119,40
advanced,26120,49
advanced,26121,53
advanced,26122,29
advanced,26123,35
advanced,26124,32
advanced,26125,61
advanced,26126,32
advanced,26127,47
advanced,26128,47
advanced,26129,30
advanced,26130,19
advanced,26131,28
advanced,26132,22
advanced,26133,34
advanced,26134,20
advanced,26135,24
advanced,26136,35
advanced,26137,26
advanced,26138,54
advanced,26139,52
advanced,26140,43
advanced,26141,39
advanced,26142,56
advanced,26143,28
advanced,26144,35
advanced,26145,31
advanced,26146,42
advanced,26147,31
advanced,26148,59
advanced,26149,41
advanced,26150,30
advanced,26151,30
advanced,26152,41
advanced,26153,55
advanced,26154,27
advanced,26155,21
advanced,26156,51
advanced,26157,40
advanced,26158,48
advanced,26159,43
advanced,26160,34
advanced,26161,20
advanced,26162,36
advanced,26163,40
advanced,26164,35
advanced,26165,44
advanced,26166,39
advanced,26167,45
advanced,26168,38
advanced,26169,21
advanced,26170,8
advanced,26171,47
advanced,26172,17
advanced,26173,40
advanced,26174,49
advanced,26175,31
advanced,26176,44
advanced,26177,45
advanced,26178,43
advanced,26179,42
advanced,26180,15
advanced,26181,35
advanced,26182,64
advanced,26183,31
advanced,26184,51
advanced,26185,25
advanced,26186,53
advanced,26187,37
advanced,26188,40
advanced,26189,22
advanced,26190,55
advanced,26191,60
advanced,26192,45
advanced,26193,21
advanced,26194,50
advanced,26195,37
advanced,26196,40
advanced,26197,30
advanced,26198,24
advanced,26199,33
advanced,26200,26
advanced,26201,38
advanced,26202,35
advanced,26203,18
advanced,26204,46
advanced,26205,28
advanced,26206,39
advanced,26207,34
advanced,26208,34
advanced,26209,55
advanced,26210,53
advanced,26211,101
advanced,26212,26
advanced,26213,28
advanced,26214,24
advanced,26215,25
advanced,26216,20
advanced,26217,31
advanced,26218,40
advanced,26219,59
advanced,26220,22
advanced,26221,43
advanced,26222,22
advanced,26223,23
advanced,26224,44
advanced,26225,25
advanced,26226,48
advanced,26227,15
advanced,26228,21
advanced,26229,29
advanced,26230,38
advanced,26231,19
advanced,26232,27
advanced,26233,21
advanced,26234,48
advanced,26235,31
advanced,26236,19
advanced,26237,26
advanced,26238,13
advanced,26239,19
advanced,26240,13
advanced,26241,15
advanced,26242,43
advanced,26243,33
advanced,26244,69
advanced,26245,10
advanced,26246,38
advanced,26247,60
advanced,26248,58
advanced,26249,36
advanced,26250,29
advanced,26251,30
advanced,26252,22
advanced,26253,13
advanced,26254,25
advanced,26255,56
advanced,26256,31
advanced,26257,28
advanced,26258,33
advanced,26259,11
advanced,26260,41
advanced,26261,32
advanced,26262,32
advanced,26263,30
advanced,26264,21
advanced,26265,35
advanced,26266,28
advanced,26267,20
advanced,26268,42
advanced,26269,59
advanced,26270,21
advanced,26271,23
advanced,26272,40
advanced,26273,29
advanced,26274,41
advanced,26275,28
advanced,26276,25
advanced,26277,37
advanced,26278,32
advanced,26279,22
advanced,26280,40
advanced,26281,23
advanced,26282,39
advanced,26283,46
advanced,26284,46
advanced,26285,53
advanced,26286,18
advanced,26287,26
advanced,26288,30
advanced,26289,25
advanced,26290,22
advanced,26291,29
advanced,26292,17
advanced,26293,51
advanced,26294,37
advanced,26295,24
advanced,26296,15
advanced,26297,65
advanced,26298,48
advanced,26299,42
advanced,26300,23
advanced,26301,31
advanced,26302,27
advanced,26303,30
advanced,26304,25
advanced,26305,25
advanced,26306,22
advanced,26307,49
advanced,26308,41
advanced,26309,19
advanced,26310,47
advanced,26311,31
advanced,26312,53
advanced,26313,31
advanced,26314,27
advanced,26315,23
advanced,26316,43
advanced,26317,43
advanced,26318,35
advanced,26319,58
advanced,26320,13
advanced,26321,34
advanced,26322,47
advanced,26323,28
advanced,26324,43
advanced,26325,48
advanced,26326,52
advanced,26327,23
advanced,26328,52
advanced,26329,38
advanced,26330,50
advanced,26331,37
advanced,26332,31
advanced,26333,14
advanced,26334,30
advanced,26335,19
advanced,26336,18
advanced,26337,30
advanced,26338,24
advanced,26339,27
advanced,26340,48
advanced,26341,20
advanced,26342,31
advanced,26343,40
advanced,26344,24
advanced,26345,23
advanced,26346,20
advanced,26347,47
advanced,26348,28
advanced,26349,49
advanced,26350,53
advanced,26351,65
advanced,26352,50
advanced,26353,87
advanced,26354,45
advanced,26355,24
advanced,26356,42
advanced,26357,34
advanced,26358,75
advanced,26359,57
advanced,26360,56
advanced,26361,17
advanced,26362,19
advanced,26363,30
advanced,26364,29
advanced,26365,39
advanced,26366,39
advanced,26367,22
advanced,26368,45
advanced,26369,35
advanced,26370,56
advanced,26371,25
advanced,26372,35
advanced,26373,60
advanced,26374,25
advanced,26375,42
advanced,26376,29
advanced,26377,78
advanced,26378,33
advanced,26379,33
advanced,26380,12
advanced,26381,30
advanced,26382,24
advanced,26383,34
advanced,26384,55
advanced,26385,54
advanced,26386,20
advanced,26387,45
advanced,26388,31
advanced,26389,29
advanced,26390,26
advanced,26391,17
advanced,26392,45
advanced,26393,11
advanced,26394,30
advanced,26395,44
advanced,26396,26
advanced,26397,17
advanced,26398,35
advanced,26399,16
advanced,26400,11
advanced,26401,22
advanced,26402,41
advanced,26403,36
advanced,26404,9
advanced,26405,70
advanced,26406,53
advanced,26407,41
advanced,26408,65
advanced,26409,38
advanced,26410,37
advanced,26411,44
advanced,26412,46
advanced,26413,33
advanced,26414,26
advanced,26415,31
advanced,26416,30
advanced,26417,30
advanced,26418,42
advanced,26419,31
advanced,26420,49
advanced,26421,59
advanced,26422,30
advanced,26423,45
advanced,26424,83
advanced,26425,72
advanced,26426,47
advanced,26427,42
advanced,26428,25
advanced,26429,29
advanced,26430,64
advanced,26431,26
advanced,26432,15
advanced,26433,51
advanced,26434,28
advanced,26435,25
advanced,26436,28
advanced,26437,22
advanced,26438,31
advanced,26439,40
advanced,26440,49
advanced,26441,10
advanced,26442,46
advanced,26443,37
advanced,26444,42
advanced,26445,16
advanced,26446,72
advanced,26447,34
advanced,26448,14
advanced,26449,98
advanced,26450,30
advanced,26451,24
advanced,26452,73
advanced,26453,42
advanced,26454,27
advanced,26455,33
advanced,26456,35
advanced,26457,34
advanced,26458,17
advanced,26459,36
advanced,26460,43
advanced,26461,40
advanced,26462,31
advanced,26463,29
advanced,26464,28
advanced,26465,36
advanced,26466,34
advanced,26467,19
advanced,26468,31
advanced,26469,28
advanced,26470,33
advanced,26471,35
advanced,26472,27
advanced,26473,56
advanced,26474,17
advanced,26475,61
advanced,26476,21
advanced,26477,53
advanced,26478,31
advanced,26479,80
advanced,26480,33
advanced,26481,16
advanced,26482,26
advanced,26483,27
advanced,26484,37
advanced,26485,58
advanced,26486,23
advanced,26487,31
advanced,26488,48
advanced,26489,17
advanced,26490,63
advanced,26491,36
advanced,26492,29
advanced,26493,15
advanced,26494,33
advanced,26495,30
advanced,26496,53
advanced,26497,64
advanced,26498,12
advanced,26499,30
advanced,26500,48
advanced,26501,16
advanced,26502,61
advanced,26503,18
advanced,26504,42
advanced,26505,28
advanced,26506,69
advanced,26507,40
advanced,26508,43
advanced,26509,33
advanced,26510,44
advanced,26511,36
advanced,26512,36
advanced,26513,28
advanced,26514,30
advanced,26515,43
advanced,26516,20
advanced,26517,15
advanced,26518,36
advanced,26519,49
advanced,26520,50
advanced,26521,41
advanced,26522,28
advanced,26523,48
advanced,26524,14
advanced,26525,34
advanced,26526,40
advanced,26527,39
advanced,26528,56
advanced,26529,45
advanced,26530,49
advanced,26531,42
advanced,26532,36
advanced,26533,21
advanced,26534,42
advanced,26535,58
advanced,26536,50
advanced,26537,50
advanced,26538,22
advanced,26539,16
advanced,26540,49
advanced,26541,44
advanced,26542,27
advanced,26543,32
advanced,26544,44
advanced,26545,22
advanced,26546,22
advanced,26547,63
advanced,26548,35
advanced,26549,34
advanced,26550,33
advanced,26551,32
advanced,26552,9
advanced,26553,33
advanced,26554,27
advanced,26555,61
advanced,26556,31
advanced,26557,62
advanced,26558,49
advanced,26559,71
advanced,26560,34
advanced,26561,28
advanced,26562,45
advanced,26563,32
advanced,26564,82
advanced,26565,39
advanced,26566,46
advanced,26567,31
advanced,26568,19
advanced,26569,30
advanced,26570,30
advanced,26571,33
advanced,26572,38
advanced,26573,33
advanced,26574,38
advanced,26575,46
advanced,26576,50
advanced,26577,28
advanced,26578,53
advanced,26579,30
advanced,26580,20
advanced,26581,37
advanced,26582,60
advanced,26583,54
advanced,26584,38
advanced,26585,38
advanced,26586,18
advanced,26587,37
advanced,26588,49
advanced,26589,23
advanced,26590,29
advanced,26591,26
advanced,26592,15
advanced,26593,49
advanced,26594,30
advanced,26595,31
advanced,26596,38
advanced,26597,16
advanced,26598,29
advanced,26599,41
advanced,26600,23
advanced,26601,30
advanced,26602,57
advanced,26603,38
advanced,26604,60
advanced,26605,16
advanced,26606,37
advanced,26607,43
advanced,26608,33
advanced,26609,36
advanced,26610,43
advanced,26611,20
advanced,26612,27
advanced,26613,28
advanced,26614,46
advanced,26615,35
advanced,26616,36
advanced,26617,43
advanced,26618,47
advanced,26619,26
advanced,26620,36
advanced,26621,45
advanced,26622,48
advanced,26623,31
advanced,26624,30
advanced,26625,50
advanced,26626,48
advanced,26627,43
advanced,26628,44
advanced,26629,27
advanced,26630,41
advanced,26631,20
advanced,26632,32
advanced,26633,20
advanced,26634,24
advanced,26635,31
advanced,26636,44
advanced,26637,31
advanced,26638,27
advanced,26639,17
advanced,26640,48
advanced,26641,42
advanced,26642,24
advanced,26643,32
advanced,26644,28
advanced,26645,36
advanced,26646,42
advanced,26647,25
advanced,26648,72
advanced,26649,53
advanced,26650,48
advanced,26651,36
advanced,26652,29
advanced,26653,34
advanced,26654,27
advanced,26655,30
advanced,26656,42
advanced,26657,63
advanced,26658,30
advanced,26659,50
advanced,26660,55
advanced,26661,43
advanced,26662,66
advanced,26663,27
advanced,26664,27
advanced,26665,54
advanced,26666,7
advanced,26667,29
advanced,26668,54
advanced,26669,37
advanced,26670,59
advanced,26671,32
advanced,26672,25
advanced,26673,52
advanced,26674,16
advanced,26675,39
advanced,26676,33
advanced,26677,10
advanced,26678,21
advanced,26679,32
advanced,26680,46
advanced,26681,24
advanced,26682,18
advanced,26683,30
advanced,26684,47
advanced,26685,40
advanced,26686,53
advanced,26687,39
advanced,26688,16
advanced,26689,20
advanced,26690,26
advanced,26691,21
advanced,26692,42
advanced,26693,16
advanced,26694,29
advanced,26695,54
advanced,26696,23
advanced,26697,19
advanced,26698,64
advanced,26699,40
advanced,26700,23
advanced,26701,41
advanced,26702,34
advanced,26703,20
advanced,26704,38
advanced,26705,39
advanced,26706,21
advanced,26707,27
advanced,26708,66
advanced,26709,18
advanced,26710,33
advanced,26711,18
advanced,26712,55
advanced,26713,31
advanced,26714,35
advanced,26715,23
advanced,26716,22
advanced,26717,37
advanced,26718,44
advanced,26719,44
advanced,26720,47
advanced,26721,28
advanced,26722,8
advanced,26723,47
advanced,26724,43
advanced,26725,19
advanced,26726,28
advanced,26727,26
advanced,26728,40
advanced,26729,42
advanced,26730,58
advanced,26731,55
advanced,26732,40
advanced,26733,23
advanced,26734,29
advanced,26735,22
advanced,26736,30
advanced,26737,17
advanced,26738,22
advanced,26739,27
advanced,26740,52
advanced,26741,61
advanced,26742,56
advanced,26743,38
advanced,26744,38
advanced,26745,47
advanced,26746,31
advanced,26747,17
advanced,26748,24
advanced,26749,57
advanced,26750,13
advanced,26751,27
advanced,26752,62
advanced,26753,32
advanced,26754,36
advanced,26755,20
advanced,26756,23
advanced,26757,42
advanced,26758,24
advanced,26759,25
advanced,26760,35
advanced,26761,20
advanced,26762,21
advanced,26763,41
advanced,26764,48
advanced,26765,26
advanced,26766,23
advanced,26767,14
advanced,26768,49
advanced,26769,46
advanced,26770,34
advanced,26771,42
advanced,26772,49
advanced,26773,49
advanced,26774,39
advanced,26775,17
advanced,26776,32
advanced,26777,50
advanced,26778,58
advanced,26779,39
advanced,26780,40
advanced,26781,48
advanced,26782,21
advanced,26783,27
advanced,26784,30
advanced,26785,63
advanced,26786,25
advanced,26787,30
advanced,26788,32
advanced,26789,14
advanced,26790,22
advanced,26791,30
advanced,26792,37
advanced,26793,36
advanced,26794,33
advanced,26795,13
advanced,26796,17
advanced,26797,20
advanced,26798,35
advanced,26799,19
advanced,26800,26
advanced,26801,25
advanced,26802,61
advanced,26803,20
advanced,26804,26
advanced,26805,38
advanced,26806,37
advanced,26807,34
advanced,26808,23
advanced,26809,36
advanced,26810,28
advanced,26811,35
advanced,26812,9
advanced,26813,16
advanced,26814,16
advanced,26815,31
advanced,26816,21
advanced,26817,64
advanced,26818,30
advanced,26819,82
advanced,26820,53
advanced,26821,26
advanced,26822,50
advanced,26823,34
advanced,26824,19
advanced,26825,33
advanced,26826,44
advanced,26827,39
advanced,26828,48
advanced,26829,53
advanced,26830,32
advanced,26831,29
advanced,26832,35
advanced,26833,14
advanced,26834,29
advanced,26835,29
advanced,26836,44
advanced,26837,10
advanced,26838,43
advanced,26839,56
advanced,26840,23
advanced,26841,16
advanced,26842,47
advanced,26843,46
advanced,26844,16
advanced,26845,29
advanced,26846,39
advanced,26847,40
advanced,26848,28
advanced,26849,47
advanced,26850,32
advanced,26851,53
advanced,26852,25
advanced,26853,29
advanced,26854,30
advanced,26855,59
advanced,26856,34
advanced,26857,45
advanced,26858,43
advanced,26859,49
advanced,26860,14
advanced,26861,19
advanced,26862,33
advanced,26863,36
advanced,26864,29
advanced,26865,44
advanced,26866,22
advanced,26867,33
advanced,26868,16
advanced,26869,36
advanced,26870,19
advanced,26871,26
advanced,26872,36
advanced,26873,46
advanced,26874,20
advanced,26875,54
advanced,26876,28
advanced,26877,32
advanced,26878,20
advanced,26879,37
advanced,26880,37
advanced,26881,23
advanced,26882,30
advanced,26883,75
advanced,26884,45
advanced,26885,87
advanced,26886,33
advanced,26887,48
advanced,26888,18
advanced,26889,40
advanced,26890,16
advanced,26891,24
advanced,26892,35
advanced,26893,34
advanced,26894,11
advanced,26895,51
advanced,26896,32
advanced,26897,32
advanced,26898,38
advanced,26899,31
advanced,26900,60
advanced,26901,22
advanced,26902,22
advanced,26903,32
advanced,26904,26
advanced,26905,12
advanced,26906,38
advanced,26907,29
advanced,26908,35
advanced,26909,56
advanced,26910,32
advanced,26911,52
advanced,26912,35
advanced,26913,51
advanced,26914,30
advanced,26915,37
advanced,26916,47
advanced,26917,45
advanced,26918,55
advanced,26919,45
advanced,26920,19
advanced,26921,80
advanced,26922,29
advanced,26923,43
advanced,26924,21
advanced,26925,28
advanced,26926,29
advanced,26927,53
advanced,26928,23
advanced,26929,53
advanced,26930,22
advanced,26931,23
advanced,26932,77
advanced,26933,51
advanced,26934,25
advanced,26935,53
advanced,26936,28
advanced,26937,35
advanced,26938,56
advanced,26939,33
advanced,26940,54
advanced,26941,24
advanced,26942,74
advanced,26943,39
advanced,26944,23
advanced,26945,50
advanced,26946,23
advanced,26947,29
advanced,26948,30
advanced,26949,46
advanced,26950,42
advanced,26951,57
advanced,26952,28
advanced,26953,25
advanced,26954,49
advanced,26955,25
advanced,26956,28
advanced,26957,53
advanced,26958,33
advanced,26959,27
advanced,26960,20
advanced,26961,46
advanced,26962,50
advanced,26963,27
advanced,26964,23
advanced,26965,39
advanced,26966,44
advanced,26967,31
advanced,26968,33
advanced,26969,37
advanced,26970,28
advanced,26971,27
advanced,26972,35
advanced,26973,30
advanced,26974,71
advanced,26975,22
advanced,26976,34
advanced,26977,33
advanced,26978,54
advanced,26979,18
advanced,26980,61
advanced,26981,40
advanced,26982,42
advanced,26983,25
advanced,26984,28
advanced,26985,27
advanced,26986,39
advanced,26987,16
advanced,26988,23
advanced,26989,25
advanced,26990,22
advanced,26991,25
advanced,26992,56
advanced,26993,54
advanced,26994,10
advanced,26995,18
advanced,26996,43
advanced,26997,30
advanced,26998,26
advanced,26999,23
advanced,27000,14
advanced,27001,44
advanced,27002,51
advanced,27003,22
advanced,27004,30
advanced,27005,34
advanced,27006,47
advanced,27007,64
advanced,27008,30
advanced,27009,39
advanced,27010,42
advanced,27011,38
advanced,27012,34
advanced,27013,23
advanced,27014,24
advanced,27015,29
advanced,27016,24
advanced,27017,43
advanced,27018,45
advanced,27019,35
advanced,27020,43
advanced,27021,41
advanced,27022,21
advanced,27023,50
advanced,27024,45
advanced,27025,7
advanced,27026,47
advanced,27027,40
advanced,27028,28
advanced,27029,46
advanced,27030,36
advanced,27031,55
advanced,27032,34
advanced,27033,33
advanced,27034,31
advanced,27035,39
advanced,27036,51
advanced,27037,72
advanced,27038,36
advanced,27039,23
advanced,27040,37
advanced,27041,17
advanced,27042,64
advanced,27043,55
advanced,27044,20
advanced,27045,32
advanced,27046,48
advanced,27047,19
advanced,27048,43
advanced,27049,22
advanced,27050,15
advanced,27051,26
advanced,27052,35
advanced,27053,28
advanced,27054,42
advanced,27055,28
advanced,27056,16
advanced,27057,30
advanced,27058,17
advanced,27059,34
advanced,27060,26
advanced,27061,26
advanced,27062,39
advanced,27063,60
advanced,27064,52
advanced,27065,42
advanced,27066,32
advanced,27067,22
advanced,27068,54
advanced,27069,43
advanced,27070,74
advanced,27071,17
advanced,27072,38
advanced,27073,25
advanced,27074,27
advanced,27075,17
advanced,27076,40
advanced,27077,42
advanced,27078,17
advanced,27079,21
advanced,27080,41
advanced,27081,32
advanced,27082,26
advanced,27083,62
advanced,27084,24
advanced,27085,35
advanced,27086,35
advanced,27087,46
advanced,27088,38
advanced,27089,42
advanced,27090,40
advanced,27091,45
advanced,27092,44
advanced,27093,19
advanced,27094,42
advanced,27095,23
advanced,27096,17
advanced,27097,22
advanced,27098,24
advanced,27099,35
advanced,27100,23
advanced,27101,43
advanced,27102,77
advanced,27103,34
advanced,27104,41
advanced,27105,18
advanced,27106,12
advanced,27107,44
advanced,27108,25
advanced,27109,39
advanced,27110,16
advanced,27111,49
advanced,27112,18
advanced,27113,36
advanced,27114,12
advanced,27115,39
advanced,27116,32
advanced,27117,54
advanced,27118,30
advanced,27119,46
advanced,27120,32
advanced,27121,22
advanced,27122,78
advanced,27123,24
advanced,27124,32
advanced,27125,106
advanced,27126,70
advanced,27127,34
advanced,27128,35
advanced,27129,19
advanced,27130,26
advanced,27131,62
advanced,27132,23
advanced,27133,38
advanced,27134,42
advanced,27135,22
advanced,27136,40
advanced,27137,51
advanced,27138,10
advanced,27139,34
advanced,27140,35
advanced,27141,47
advanced,27142,66
advanced,27143,30
advanced,27144,49
advanced,27145,23
advanced,27146,21
advanced,27147,28
advanced,27148,31
advanced,27149,38
advanced,27150,13
advanced,27151,32
advanced,27152,22
advanced,27153,50
advanced,27154,39
advanced,27155,63
advanced,27156,38
advanced,27157,26
advanced,27158,24
advanced,27159,21
advanced,27160,46
advanced,27161,64
advanced,27162,36
advanced,27163,49
advanced,27164,35
advanced,27165,15
advanced,27166,24
advanced,27167,35
advanced,27168,16
advanced,27169,29
advanced,27170,29
advanced,27171,30
advanced,27172,20
advanced,27173,29
advanced,27174,54
advanced,27175,33
advanced,27176,42
advanced,27177,59
advanced,27178,33
advanced,27179,33
advanced,27180,66
advanced,27181,28
advanced,27182,25
advanced,27183,40
advanced,27184,42
advanced,27185,31
advanced,27186,25
advanced,27187,58
advanced,27188,32
advanced,27189,43
advanced,27190,32
advanced,27191,26
advanced,27192,25
advanced,27193,9
advanced,27194,47
advanced,27195,29
advanced,27196,18
advanced,27197,24
advanced,27198,56
advanced,27199,19
advanced,27200,97
advanced,27201,24
advanced,27202,51
advanced,27203,38
advanced,27204,50
advanced,27205,21
advanced,27206,41
advanced,27207,57
advanced,27208,19
advanced,27209,28
advanced,27210,40
advanced,27211,58
advanced,27212,17
advanced,27213,26
advanced,27214,35
advanced,27215,60
advanced,27216,44
advanced,27217,21
advanced,27218,32
advanced,27219,28
advanced,27220,22
advanced,27221,63
advanced,27222,26
advanced,27223,39
advanced,27224,16
advanced,27225,38
advanced,27226,40
advanced,27227,34
advanced,27228,33
advanced,27229,42
advanced,27230,48
advanced,27231,56
advanced,27232,40
advanced,27233,43
advanced,27234,51
advanced,27235,10
advanced,27236,25
advanced,27237,44
advanced,27238,22
advanced,27239,35
advanced,27240,47
advanced,27241,52
advanced,27242,41
advanced,27243,89
advanced,27244,22
advanced,27245,32
advanced,27246,19
advanced,27247,21
advanced,27248,26
advanced,27249,39
advanced,27250,46
advanced,27251,13
advanced,27252,36
advanced,27253,12
advanced,27254,36
advanced,27255,20
advanced,27256,34
advanced,27257,15
advanced,27258,10
advanced,27259,25
advanced,27260,64
advanced,27261,25
advanced,27262,43
advanced,27263,13
advanced,27264,26
advanced,27265,34
advanced,27266,37
advanced,27267,51
advanced,27268,61
advanced,27269,28
advanced,27270,31
advanced,27271,37
advanced,27272,18
advanced,27273,41
advanced,27274,43
advanced,27275,10
advanced,27276,40
advanced,27277,63
advanced,27278,38
advanced,27279,25
advanced,27280,61
advanced,27281,23
advanced,27282,49
advanced,27283,28
advanced,27284,32
advanced,27285,42
advanced,27286,19
advanced,27287,29
advanced,27288,26
advanced,27289,35
advanced,27290,45
advanced,27291,51
advanced,27292,30
advanced,27293,55
advanced,27294,45
advanced,27295,52
advanced,27296,34
advanced,27297,19
advanced,27298,72
advanced,27299,28
advanced,27300,13
advanced,27301,31
advanced,27302,36
advanced,27303,25
advanced,27304,56
advanced,27305,15
advanced,27306,29
advanced,27307,22
advanced,27308,37
advanced,27309,45
advanced,27310,21
advanced,27311,19
advanced,27312,47
advanced,27313,32
advanced,27314,35
advanced,27315,39
advanced,27316,34
advanced,27317,33
advanced,27318,20
advanced,27319,55
advanced,27320,41
advanced,27321,66
advanced,27322,32
advanced,27323,29
advanced,27324,37
advanced,27325,34
advanced,27326,49
advanced,27327,29
advanced,27328,14
advanced,27329,12
advanced,27330,44
advanced,27331,31
advanced,27332,38
advanced,27333,46
advanced,27334,39
advanced,27335,33
advanced,27336,30
advanced,27337,44
advanced,27338,30
advanced,27339,34
advanced,27340,34
advanced,27341,45
advanced,27342,15
advanced,27343,33
advanced,27344,24
advanced,27345,41
advanced,27346,31
advanced,27347,58
advanced,27348,34
advanced,27349,19
advanced,27350,51
advanced,27351,63
advanced,27352,44
advanced,27353,54
advanced,27354,34
advanced,27355,22
advanced,27356,32
advanced,27357,31
advanced,27358,32
advanced,27359,19
advanced,27360,44
advanced,27361,11
advanced,27362,32
advanced,27363,42
advanced,27364,27
advanced,27365,34
advanced,27366,38
advanced,27367,17
advanced,27368,93
advanced,27369,52
advanced,27370,74
advanced,27371,14
advanced,27372,27
advanced,27373,77
advanced,27374,51
advanced,27375,49
advanced,27376,38
advanced,27377,47
advanced,27378,40
advanced,27379,26
advanced,27380,43
advanced,27381,36
advanced,27382,49
advanced,27383,35
advanced,27384,29
advanced,27385,28
advanced,27386,34
advanced,27387,31
advanced,27388,47
advanced,27389,32
advanced,27390,40
advanced,27391,34
advanced,27392,29
advanced,27393,30
advanced,27394,27
advanced,27395,63
advanced,27396,36
advanced,27397,26
advanced,27398,22
advanced,27399,14
advanced,27400,33
advanced,27401,11
advanced,27402,41
advanced,27403,29
advanced,27404,36
advanced,27405,7
advanced,27406,39
advanced,27407,47
advanced,27408,45
advanced,27409,27
advanced,27410,30
advanced,27411,31
advanced,27412,34
advanced,27413,64
advanced,27414,47
advanced,27415,28
advanced,27416,19
advanced,27417,28
advanced,27418,42
advanced,27419,32
advanced,27420,11
advanced,27421,32
advanced,27422,24
advanced,27423,34
advanced,27424,45
advanced,27425,34
advanced,27426,25
advanced,27427,26
advanced,27428,37
advanced,27429,25
advanced,27430,40
advanced,27431,29
advanced,27432,59
advanced,27433,34
advanced,27434,37
advanced,27435,38
advanced,27436,55
advanced,27437,64
advanced,27438,46
advanced,27439,22
advanced,27440,30
advanced,27441,54
advanced,27442,42
advanced,27443,28
advanced,27444,18
advanced,27445,9
advanced,27446,31
advanced,27447,27
advanced,27448,23
advanced,27449,40
advanced,27450,25
advanced,27451,27
advanced,27452,64
advanced,27453,30
advanced,27454,38
advanced,27455,20
advanced,27456,48
advanced,27457,29
advanced,27458,22
advanced,27459,31
advanced,27460,58
advanced,27461,28
advanced,27462,26
advanced,27463,59
advanced,27464,56
advanced,27465,21
advanced,27466,24
advanced,27467,44
advanced,27468,41
advanced,27469,47
advanced,27470,25
advanced,27471,51
advanced,27472,34
advanced,27473,30
advanced,27474,38
advanced,27475,13
advanced,27476,29
advanced,27477,19
advanced,27478,13
advanced,27479,43
advanced,27480,23
advanced,27481,32
advanced,27482,13
advanced,27483,27
advanced,27484,21
advanced,27485,37
advanced,27486,39
advanced,27487,29
advanced,27488,26
advanced,27489,27
advanced,27490,16
advanced,27491,38
advanced,27492,46
advanced,27493,66
advanced,27494,45
advanced,27495,38
advanced,27496,25
advanced,27497,29
advanced,27498,27
advanced,27499,16
advanced,27500,44
advanced,27501,17
advanced,27502,32
advanced,27503,21
advanced,27504,31
advanced,27505,65
advanced,27506,35
advanced,27507,32
advanced,27508,43
advanced,27509,39
advanced,27510,37
advanced,27511,35
advanced,27512,53
advanced,27513,27
advanced,27514,28
advanced,27515,28
advanced,27516,30
advanced,27517,40
advanced,27518,22
advanced,27519,60
advanced,27520,39
advanced,27521,21
advanced,27522,31
advanced,27523,44
advanced,27524,18
advanced,27525,31
advanced,27526,40
advanced,27527,23
advanced,27528,34
advanced,27529,30
advanced,27530,28
advanced,27531,23
advanced,27532,29
advanced,27533,79
advanced,27534,32
advanced,27535,34
advanced,27536,37
advanced,27537,20
advanced,27538,40
advanced,27539,29
advanced,27540,28
advanced,27541,42
advanced,27542,33
advanced,27543,28
advanced,27544,30
advanced,27545,52
advanced,27546,25
advanced,27547,41
advanced,27548,53
advanced,27549,43
advanced,27550,36
advanced,27551,32
advanced,27552,49
advanced,27553,28
advanced,27554,36
advanced,27555,15
advanced,27556,24
advanced,27557,45
advanced,27558,35
advanced,27559,55
advanced,27560,35
advanced,27561,24
advanced,27562,65
advanced,27563,62
advanced,27564,25
advanced,27565,24
advanced,27566,59
advanced,27567,21
advanced,27568,37
advanced,27569,42
advanced,27570,26
advanced,27571,51
advanced,27572,30
advanced,27573,43
advanced,27574,55
advanced,27575,36
advanced,27576,30
advanced,27577,36
advanced,27578,42
advanced,27579,31
advanced,27580,53
advanced,27581,38
advanced,27582,30
advanced,27583,55
advanced,27584,26
advanced,27585,44
advanced,27586,41
advanced,27587,63
advanced,27588,38
advanced,27589,28
advanced,27590,26
advanced,27591,19
advanced,27592,17
advanced,27593,31
advanced,27594,34
advanced,27595,46
advanced,27596,12
advanced,27597,35
advanced,27598,34
advanced,27599,23
advanced,27600,30
advanced,27601,29
advanced,27602,55
advanced,27603,32
advanced,27604,31
advanced,27605,74
advanced,27606,41
advanced,27607,20
advanced,27608,27
advanced,27609,26
advanced,27610,19
advanced,27611,20
advanced,27612,26
advanced,27613,61
advanced,27614,22
advanced,27615,28
advanced,27616,42
advanced,27617,43
advanced,27618,53
advanced,27619,29
advanced,27620,41
advanced,27621,23
advanced,27622,37
advanced,27623,79
advanced,27624,37
advanced,27625,34
advanced,27626,16
advanced,27627,28
advanced,27628,21
advanced,27629,26
advanced,27630,39
advanced,27631,48
advanced,27632,7
advanced,27633,22
advanced,27634,24
advanced,27635,15
advanced,27636,21
advanced,27637,23
advanced,27638,31
advanced,27639,65
advanced,27640,34
advanced,27641,29
advanced,27642,52
advanced,27643,24
advanced,27644,44
advanced,27645,12
advanced,27646,32
advanced,27647,21
advanced,27648,16
advanced,27649,42
advanced,27650,72
advanced,27651,57
advanced,27652,38
advanced,27653,21
advanced,27654,21
advanced,27655,45
advanced,27656,36
advanced,27657,50
advanced,27658,71
advanced,27659,24
advanced,27660,18
advanced,27661,11
advanced,27662,90
advanced,27663,37
advanced,27664,62
advanced,27665,38
advanced,27666,17
advanced,27667,45
advanced,27668,83
advanced,27669,67
advanced,27670,70
advanced,27671,50
advanced,27672,35
advanced,27673,35
advanced,27674,53
advanced,27675,12
advanced,27676,12
advanced,27677,37
advanced,27678,52
advanced,27679,22
advanced,27680,49
advanced,27681,47
advanced,27682,38
advanced,27683,30
advanced,27684,28
advanced,27685,46
advanced,27686,38
advanced,27687,41
advanced,27688,45
advanced,27689,44
advanced,27690,39
advanced,27691,36
advanced,27692,22
advanced,27693,33
advanced,27694,13
advanced,27695,18
advanced,27696,50
advanced,27697,28
advanced,27698,20
advanced,27699,52
advanced,27700,38
advanced,27701,80
advanced,27702,50
advanced,27703,16
advanced,27704,33
advanced,27705,35
advanced,27706,28
advanced,27707,39
advanced,27708,36
advanced,27709,12
advanced,27710,32
advanced,27711,40
advanced,27712,9
advanced,27713,42
advanced,27714,47
advanced,27715,57
advanced,27716,38
advanced,27717,55
advanced,27718,48
advanced,27719,47
advanced,27720,28
advanced,27721,24
advanced,27722,39
advanced,27723,43
advanced,27724,41
advanced,27725,20
advanced,27726,26
advanced,27727,29
advanced,27728,33
advanced,27729,26
advanced,27730,43
advanced,27731,40
advanced,27732,23
advanced,27733,33
advanced,27734,19
advanced,27735,62
advanced,27736,31
advanced,27737,38
advanced,27738,32
advanced,27739,39
advanced,27740,50
advanced,27741,50
advanced,27742,35
advanced,27743,35
advanced,27744,29
advanced,27745,31
advanced,27746,19
advanced,27747,29
advanced,27748,15
advanced,27749,20
advanced,27750,35
advanced,27751,26
advanced,27752,47
advanced,27753,36
advanced,27754,54
advanced,27755,18
advanced,27756,20
advanced,27757,54
advanced,27758,36
advanced,27759,29
advanced,27760,29
advanced,27761,64
advanced,27762,35
advanced,27763,35
advanced,27764,42
advanced,27765,9
advanced,27766,52
advanced,27767,29
advanced,27768,39
advanced,27769,24
advanced,27770,27
advanced,27771,37
advanced,27772,24
advanced,27773,18
advanced,27774,17
advanced,27775,40
advanced,27776,31
advanced,27777,15
advanced,27778,30
advanced,27779,29
advanced,27780,45
advanced,27781,24
advanced,27782,25
advanced,27783,51
advanced,27784,13
advanced,27785,13
advanced,27786,42
advanced,27787,31
advanced,27788,33
advanced,27789,33
advanced,27790,54
advanced,27791,47
advanced,27792,30
advanced,27793,20
advanced,27794,36
advanced,27795,25
advanced,27796,34
advanced,27797,58
advanced,27798,24
advanced,27799,21
advanced,27800,39
advanced,27801,29
advanced,27802,40
advanced,27803,39
advanced,27804,25
advanced,27805,27
advanced,27806,19
advanced,27807,46
advanced,27808,35
advanced,27809,19
advanced,27810,28
advanced,27811,20
advanced,27812,53
advanced,27813,26
advanced,27814,22
advanced,27815,19
advanced,27816,24
advanced,27817,52
advanced,27818,38
advanced,27819,36
advanced,27820,34
advanced,27821,20
advanced,27822,23
advanced,27823,47
advanced,27824,25
advanced,27825,99
advanced,27826,49
advanced,27827,40
advanced,27828,67
advanced,27829,30
advanced,27830,22
advanced,27831,34
advanced,27832,21
advanced,27833,32
advanced,27834,28
advanced,27835,32
advanced,27836,42
advanced,27837,25
advanced,27838,53
advanced,27839,69
advanced,27840,47
advanced,27841,26
advanced,27842,31
advanced,27843,36
advanced,27844,39
advanced,27845,33
advanced,27846,33
advanced,27847,32
advanced,27848,56
advanced,27849,37
advanced,27850,38
advanced,27851,27
advanced,27852,64
advanced,27853,55
advanced,27854,55
advanced,27855,25
advanced,27856,54
advanced,27857,34
advanced,27858,40
advanced,27859,27
advanced,27860,37
advanced,27861,54
advanced,27862,17
advanced,27863,38
advanced,27864,37
advanced,27865,37
advanced,27866,10
advanced,27867,40
advanced,27868,28
advanced,27869,31
advanced,27870,36
advanced,27871,35
advanced,27872,14
advanced,27873,67
advanced,27874,38
advanced,27875,18
advanced,27876,33
advanced,27877,38
advanced,27878,42
advanced,27879,11
advanced,27880,47
advanced,27881,31
advanced,27882,27
advanced,27883,25
advanced,27884,13
advanced,27885,18
advanced,27886,26
advanced,27887,40
advanced,27888,50
advanced,27889,29
advanced,27890,39
advanced,27891,38
advanced,27892,30
advanced,27893,30
advanced,27894,51
advanced,27895,18
advanced,27896,31
advanced,27897,36
advanced,27898,32
advanced,27899,38
advanced,27900,16
advanced,27901,16
advanced,27902,32
advanced,27903,45
advanced,27904,22
advanced,27905,13
advanced,27906,55
advanced,27907,19
advanced,27908,56
advanced,27909,45
advanced,27910,31
advanced,27911,33
advanced,27912,33
advanced,27913,47
advanced,27914,45
advanced,27915,34
advanced,27916,33
advanced,27917,33
advanced,27918,22
advanced,27919,50
advanced,27920,23
advanced,27921,37
advanced,27922,27
advanced,27923,45
advanced,27924,50
advanced,27925,41
advanced,27926,36
advanced,27927,44
advanced,27928,63
advanced,27929,38
advanced,27930,25
advanced,27931,54
advanced,27932,60
advanced,27933,64
advanced,27934,39
advanced,27935,38
advanced,27936,56
advanced,27937,32
advanced,27938,27
advanced,27939,22
advanced,27940,35
advanced,27941,38
advanced,27942,32
advanced,27943,39
advanced,27944,17
advanced,27945,36
advanced,27946,30
advanced,27947,26
advanced,27948,28
advanced,27949,43
advanced,27950,42
advanced,27951,32
advanced,27952,78
advanced,27953,25
advanced,27954,14
advanced,27955,40
advanced,27956,39
advanced,27957,21
advanced,27958,14
advanced,27959,67
advanced,27960,19
advanced,27961,40
advanced,27962,28
advanced,27963,17
advanced,27964,45
advanced,27965,40
advanced,27966,34
advanced,27967,38
advanced,27968,38
advanced,27969,20
advanced,27970,49
advanced,27971,61
advanced,27972,9
advanced,27973,35
advanced,27974,62
advanced,27975,36
advanced,27976,42
advanced,27977,30
advanced,27978,20
advanced,27979,41
advanced,27980,25
advanced,27981,52
advanced,27982,23
advanced,27983,30
advanced,27984,38
advanced,27985,21
advanced,27986,23
advanced,27987,30
advanced,27988,22
advanced,27989,23
advanced,27990,26
advanced,27991,42
advanced,27992,9
advanced,27993,42
advanced,27994,47
advanced,27995,33
advanced,27996,17
advanced,27997,49
advanced,27998,15
advanced,27999,17
advanced,28000,32
advanced,28001,37
advanced,28002,26
advanced,28003,34
advanced,28004,71
advanced,28005,13
advanced,28006,38
advanced,28007,16
advanced,28008,19
advanced,28009,36
advanced,28010,41
advanced,28011,24
advanced,28012,43
advanced,28013,44
advanced,28014,43
advanced,28015,18
advanced,28016,29
advanced,28017,41
advanced,28018,18
advanced,28019,26
advanced,28020,26
advanced,28021,10
advanced,28022,34
advanced,28023,35
advanced,28024,28
advanced,28025,45
advanced,28026,39
advanced,28027,45
advanced,28028,16
advanced,28029,35
advanced,28030,22
advanced,28031,45
advanced,28032,50
advanced,28033,39
advanced,28034,33
advanced,28035,54
advanced,28036,62
advanced,28037,34
advanced,28038,47
advanced,28039,29
advanced,28040,66
advanced,28041,24
advanced,28042,17
advanced,28043,30
advanced,28044,47
advanced,28045,33
advanced,28046,31
advanced,28047,31
advanced,28048,19
advanced,28049,25
advanced,28050,41
advanced,28051,40
advanced,28052,28
advanced,28053,46
advanced,28054,22
advanced,28055,29
advanced,28056,42
advanced,28057,37
advanced,28058,110
advanced,28059,15
advanced,28060,38
advanced,28061,23
advanced,28062,23
advanced,28063,49
advanced,28064,38
advanced,28065,30
advanced,28066,45
advanced,28067,44
advanced,28068,50
advanced,28069,52
advanced,28070,68
advanced,28071,19
advanced,28072,58
advanced,28073,20
advanced,28074,34
advanced,28075,40
advanced,28076,52
advanced,28077,32
advanced,28078,43
advanced,28079,29
advanced,28080,54
advanced,28081,45
advanced,28082,35
advanced,28083,24
advanced,28084,75
advanced,28085,33
advanced,28086,53
advanced,28087,18
advanced,28088,26
advanced,28089,18
advanced,28090,18
advanced,28091,28
advanced,28092,41
advanced,28093,53
advanced,28094,35
advanced,28095,32
advanced,28096,29
advanced,28097,60
advanced,28098,46
advanced,28099,19
advanced,28100,22
advanced,28101,36
advanced,28102,36
advanced,28103,43
advanced,28104,51
advanced,28105,26
advanced,28106,39
advanced,28107,45
advanced,28108,83
advanced,28109,52
advanced,28110,11
advanced,28111,32
advanced,28112,32
advanced,28113,35
advanced,28114,14
advanced,28115,31
advanced,28116,23
advanced,28117,46
advanced,28118,23
advanced,28119,46
advanced,28120,52
advanced,28121,21
advanced,28122,22
advanced,28123,25
advanced,28124,34
advanced,28125,54
advanced,28126,29
advanced,28127,37
advanced,28128,30
advanced,28129,34
advanced,28130,20
advanced,28131,36
advanced,28132,37
advanced,28133,54
advanced,28134,32
advanced,28135,27
advanced,28136,41
advanced,28137,22
advanced,28138,28
advanced,28139,59
advanced,28140,29
advanced,28141,35
advanced,28142,9
advanced,28143,36
advanced,28144,30
advanced,28145,26
advanced,28146,85
advanced,28147,19
advanced,28148,30
advanced,28149,24
advanced,28150,25
advanced,28151,44
advanced,28152,23
advanced,28153,31
advanced,28154,67
advanced,28155,33
advanced,28156,38
advanced,28157,40
advanced,28158,48
advanced,28159,14
advanced,28160,25
advanced,28161,43
advanced,28162,27
advanced,28163,39
advanced,28164,18
advanced,28165,36
advanced,28166,35
advanced,28167,46
advanced,28168,19
advanced,28169,45
advanced,28170,12
advanced,28171,16
advanced,28172,16
advanced,28173,26
advanced,28174,29
advanced,28175,28
advanced,28176,49
advanced,28177,30
advanced,28178,20
advanced,28179,47
advanced,28180,12
advanced,28181,53
advanced,28182,57
advanced,28183,29
advanced,28184,37
advanced,28185,12
advanced,28186,23
advanced,28187,26
advanced,28188,27
advanced,28189,42
advanced,28190,20
advanced,28191,52
advanced,28192,39
advanced,28193,49
advanced,28194,35
advanced,28195,47
advanced,28196,53
advanced,28197,45
advanced,28198,25
advanced,28199,28
advanced,28200,44
advanced,28201,32
advanced,28202,11
advanced,28203,27
advanced,28204,48
advanced,28205,45
advanced,28206,56
advanced,28207,55
advanced,28208,51
advanced,28209,50
advanced,28210,46
advanced,28211,47
advanced,28212,48
advanced,28213,24
advanced,28214,28
advanced,28215,44
advanced,28216,34
advanced,28217,32
advanced,28218,34
advanced,28219,38
advanced,28220,44
advanced,28221,39
advanced,28222,35
advanced,28223,19
advanced,28224,13
advanced,28225,73
advanced,28226,47
advanced,28227,45
advanced,28228,37
advanced,28229,22
advanced,28230,32
advanced,28231,86
advanced,28232,18
advanced,28233,29
advanced,28234,27
advanced,28235,52
advanced,28236,42
advanced,28237,28
advanced,28238,42
advanced,28239,40
advanced,28240,21
advanced,28241,8
advanced,28242,36
advanced,28243,29
advanced,28244,45
advanced,28245,31
advanced,28246,47
advanced,28247,61
advanced,28248,43
advanced,28249,49
advanced,28250,40
advanced,28251,22
advanced,28252,40
advanced,28253,48
advanced,28254,17
advanced,28255,25
advanced,28256,27
advanced,28257,42
advanced,28258,43
advanced,28259,17
advanced,28260,34
advanced,28261,27
advanced,28262,17
advanced,28263,38
advanced,28264,52
advanced,28265,39
advanced,28266,41
advanced,28267,48
advanced,28268,54
advanced,28269,43
advanced,28270,37
advanced,28271,23
advanced,28272,44
advanced,28273,71
advanced,28274,23
advanced,28275,35
advanced,28276,24
advanced,28277,17
advanced,28278,32
advanced,28279,31
advanced,28280,35
advanced,28281,31
advanced,28282,28
advanced,28283,47
advanced,28284,27
advanced,28285,37
advanced,28286,42
advanced,28287,34
advanced,28288,53
advanced,28289,30
advanced,28290,24
advanced,28291,34
advanced,28292,30
advanced,28293,47
advanced,28294,21
advanced,28295,36
advanced,28296,20
advanced,28297,46
advanced,28298,46
advanced,28299,31
advanced,28300,41
advanced,28301,31
advanced,28302,29
advanced,28303,35
advanced,28304,49
advanced,28305,23
advanced,28306,67
advanced,28307,50
advanced,28308,25
advanced,28309,18
advanced,28310,14
advanced,28311,22
advanced,28312,20
advanced,28313,30
advanced,28314,24
advanced,28315,29
advanced,28316,58
advanced,28317,35
advanced,28318,61
advanced,28319,49
advanced,28320,29
advanced,28321,14
advanced,28322,20
advanced,28323,31
advanced,28324,21
advanced,28325,25
advanced,28326,14
advanced,28327,23
advanced,28328,32
advanced,28329,31
advanced,28330,56
advanced,28331,23
advanced,28332,35
advanced,28333,41
advanced,28334,42
advanced,28335,42
advanced,28336,13
advanced,28337,34
advanced,28338,32
advanced,28339,29
advanced,28340,29
advanced,28341,14
advanced,28342,34
advanced,28343,25
advanced,28344,41
advanced,28345,42
advanced,28346,26
advanced,28347,38
advanced,28348,31
advanced,28349,65
advanced,28350,45
advanced,28351,39
advanced,28352,32
advanced,28353,23
advanced,28354,31
advanced,28355,69
advanced,28356,46
advanced,28357,46
advanced,28358,58
advanced,28359,8
advanced,28360,34
advanced,28361,63
advanced,28362,26
advanced,28363,57
advanced,28364,41
advanced,28365,23
advanced,28366,24
advanced,28367,45
advanced,28368,49
advanced,28369,15
advanced,28370,57
advanced,28371,28
advanced,28372,24
advanced,28373,32
advanced,28374,42
advanced,28375,25
advanced,28376,21
advanced,28377,17
advanced,28378,67
advanced,28379,78
advanced,28380,117
advanced,28381,31
advanced,28382,30
advanced,28383,20
advanced,28384,59
advanced,28385,30
advanced,28386,19
advanced,28387,33
advanced,28388,32
advanced,28389,43
advanced,28390,45
advanced,28391,39
advanced,28392,24
advanced,28393,47
advanced,28394,12
advanced,28395,38
advanced,28396,22
advanced,28397,30
advanced,28398,45
advanced,28399,19
advanced,28400,43
advanced,28401,13
advanced,28402,8
advanced,28403,37
advanced,28404,43
advanced,28405,23
advanced,28406,9
advanced,28407,43
advanced,28408,26
advanced,28409,43
advanced,28410,45
advanced,28411,47
advanced,28412,27
advanced,28413,18
advanced,28414,21
advanced,28415,42
advanced,28416,33
advanced,28417,28
advanced,28418,12
advanced,28419,27
advanced,28420,16
advanced,28421,40
advanced,28422,34
advanced,28423,20
advanced,28424,33
advanced,28425,28
advanced,28426,74
advanced,28427,52
advanced,28428,24
advanced,28429,34
advanced,28430,19
advanced,28431,14
advanced,28432,20
advanced,28433,57
advanced,28434,19
advanced,28435,26
advanced,28436,42
advanced,28437,13
advanced,28438,63
advanced,28439,43
advanced,28440,26
advanced,28441,42
advanced,28442,28
advanced,28443,42
advanced,28444,27
advanced,28445,17
advanced,28446,25
advanced,28447,43
advanced,28448,19
advanced,28449,42
advanced,28450,40
advanced,28451,27
advanced,28452,18
advanced,28453,59
advanced,28454,38
advanced,28455,43
advanced,28456,31
advanced,28457,36
advanced,28458,42
advanced,28459,30
advanced,28460,31
advanced,28461,25
advanced,28462,62
advanced,28463,16
advanced,28464,47
advanced,28465,37
advanced,28466,44
advanced,28467,33
advanced,28468,36
advanced,28469,17
advanced,28470,23
advanced,28471,37
advanced,28472,26
advanced,28473,38
advanced,28474,31
advanced,28475,52
advanced,28476,57
advanced,28477,23
advanced,28478,46
advanced,28479,22
advanced,28480,24
advanced,28481,19
advanced,28482,25
advanced,28483,30
advanced,28484,16
advanced,28485,37
advanced,28486,45
advanced,28487,17
advanced,28488,24
advanced,28489,72
advanced,28490,26
advanced,28491,42
advanced,28492,63
advanced,28493,28
advanced,28494,56
advanced,28495,42
advanced,28496,42
advanced,28497,10
advanced,28498,27
advanced,28499,14
advanced,28500,54
advanced,28501,34
advanced,28502,19
advanced,28503,82
advanced,28504,27
advanced,28505,20
advanced,28506,35
advanced,28507,40
advanced,28508,52
advanced,28509,31
advanced,28510,42
advanced,28511,11
advanced,28512,30
advanced,28513,26
advanced,28514,29
advanced,28515,37
advanced,28516,23
advanced,28517,22
advanced,28518,21
advanced,28519,41
advanced,28520,36
advanced,28521,88
advanced,28522,41
advanced,28523,31
advanced,28524,32
advanced,28525,56
advanced,28526,42
advanced,28527,23
advanced,28528,36
advanced,28529,25
advanced,28530,27
advanced,28531,24
advanced,28532,56
advanced,28533,33
advanced,28534,42
advanced,28535,24
advanced,28536,22
advanced,28537,27
advanced,28538,23
advanced,28539,29
advanced,28540,27
advanced,28541,40
advanced,28542,49
advanced,28543,34
advanced,28544,43
advanced,28545,26
advanced,28546,43
advanced,28547,37
advanced,28548,28
advanced,28549,29
advanced,28550,67
advanced,28551,31
advanced,28552,22
advanced,28553,52
advanced,28554,42
advanced,28555,31
advanced,28556,46
advanced,28557,30
advanced,28558,38
advanced,28559,39
advanced,28560,34
advanced,28561,27
advanced,28562,17
advanced,28563,49
advanced,28564,30
advanced,28565,21
advanced,28566,69
advanced,28567,47
advanced,28568,30
advanced,28569,56
advanced,28570,41
advanced,28571,31
advanced,28572,53
advanced,28573,31
advanced,28574,66
advanced,28575,29
advanced,28576,61
advanced,28577,12
advanced,28578,71
advanced,28579,17
advanced,28580,21
advanced,28581,43
advanced,28582,49
advanced,28583,32
advanced,28584,33
advanced,28585,30
advanced,28586,39
advanced,28587,12
advanced,28588,38
advanced,28589,44
advanced,28590,32
advanced,28591,9
advanced,28592,43
advanced,28593,23
advanced,28594,25
advanced,28595,35
advanced,28596,29
advanced,28597,30
advanced,28598,43
advanced,28599,56
advanced,28600,22
advanced,28601,32
advanced,28602,22
advanced,28603,36
advanced,28604,45
advanced,28605,44
advanced,28606,40
advanced,28607,45
advanced,28608,46
advanced,28609,28
advanced,28610,76
advanced,28611,38
advanced,28612,18
advanced,28613,16
advanced,28614,28
advanced,28615,43
advanced,28616,27
advanced,28617,37
advanced,28618,41
advanced,28619,43
advanced,28620,27
advanced,28621,20
advanced,28622,26
advanced,28623,47
advanced,28624,21
advanced,28625,41
advanced,28626,25
advanced,28627,74
advanced,28628,11
advanced,28629,56
advanced,28630,27
advanced,28631,62
advanced,28632,43
advanced,28633,44
advanced,28634,48
advanced,28635,48
advanced,28636,44
advanced,28637,55
advanced,28638,36
advanced,28639,22
advanced,28640,31
advanced,28641,43
advanced,28642,29
advanced,28643,47
advanced,28644,36
advanced,28645,33
advanced,28646,41
advanced,28647,15
advanced,28648,63
advanced,28649,75
advanced,28650,46
advanced,28651,41
advanced,28652,42
advanced,28653,40
advanced,28654,36
advanced,28655,60
advanced,28656,27
advanced,28657,23
advanced,28658,32
advanced,28659,36
advanced,28660,26
advanced,28661,37
advanced,28662,36
advanced,28663,34
advanced,28664,64
advanced,28665,24
advanced,28666,74
advanced,28667,26
advanced,28668,12
advanced,28669,20
advanced,28670,76
advanced,28671,58
advanced,28672,22
advanced,28673,49
advanced,28674,19
advanced,28675,67
advanced,28676,31
advanced,28677,26
advanced,28678,21
advanced,28679,54
advanced,28680,47
advanced,28681,22
advanced,28682,23
advanced,28683,21
advanced,28684,19
advanced,28685,15
advanced,28686,39
advanced,28687,38
advanced,28688,23
advanced,28689,29
advanced,28690,67
advanced,28691,24
advanced,28692,29
advanced,28693,18
advanced,28694,20
advanced,28695,59
advanced,28696,21
advanced,28697,72
advanced,28698,53
advanced,28699,44
advanced,28700,30
advanced,28701,42
advanced,28702,46
advanced,28703,53
advanced,28704,15
advanced,28705,23
advanced,28706,46
advanced,28707,30
advanced,28708,23
advanced,28709,52
advanced,28710,26
advanced,28711,39
advanced,28712,57
advanced,28713,35
advanced,28714,14
advanced,28715,14
advanced,28716,31
advanced,28717,13
advanced,28718,42
advanced,28719,18
advanced,28720,37
advanced,28721,36
advanced,28722,16
advanced,28723,52
advanced,28724,12
advanced,28725,57
advanced,28726,14
advanced,28727,46
advanced,28728,48
advanced,28729,16
advanced,28730,23
advanced,28731,25
advanced,28732,42
advanced,28733,69
advanced,28734,23
advanced,28735,41
advanced,28736,29
advanced,28737,39
advanced,28738,42
advanced,28739,54
advanced,28740,17
advanced,28741,42
advanced,28742,98
advanced,28743,40
advanced,28744,36
advanced,28745,29
advanced,28746,50
advanced,28747,63
advanced,28748,41
advanced,28749,50
advanced,28750,39
advanced,28751,17
advanced,28752,15
advanced,28753,27
advanced,28754,38
advanced,28755,55
advanced,28756,19
advanced,28757,26
advanced,28758,44
advanced,28759,30
advanced,28760,38
advanced,28761,37
advanced,28762,56
advanced,28763,13
advanced,28764,45
advanced,28765,16
advanced,28766,38
advanced,28767,19
advanced,28768,73
advanced,28769,64
advanced,28770,30
advanced,28771,33
advanced,28772,18
advanced,28773,32
advanced,28774,95
advanced,28775,36
advanced,28776,18
advanced,28777,52
advanced,28778,32
advanced,28779,43
advanced,28780,43
advanced,28781,18
advanced,28782,56
advanced,28783,66
advanced,28784,20
advanced,28785,32
advanced,28786,34
advanced,28787,31
advanced,28788,43
advanced,28789,29
advanced,28790,26
advanced,28791,24
advanced,28792,34
advanced,28793,22
advanced,28794,34
advanced,28795,78
advanced,28796,20
advanced,28797,36
advanced,28798,49
advanced,28799,36
advanced,28800,49
advanced,28801,29
advanced,28802,63
advanced,28803,40
advanced,28804,29
advanced,28805,37
advanced,28806,50
advanced,28807,31
advanced,28808,26
advanced,28809,38
advanced,28810,21
advanced,28811,47
advanced,28812,35
advanced,28813,21
advanced,28814,38
advanced,28815,37
advanced,28816,25
advanced,28817,41
advanced,28818,46
advanced,28819,40
advanced,28820,20
advanced,28821,28
advanced,28822,56
advanced,28823,29
advanced,28824,20
advanced,28825,41
advanced,28826,36
advanced,28827,59
advanced,28828,47
advanced,28829,42
advanced,28830,32
advanced,28831,32
advanced,28832,40
advanced,28833,19
advanced,28834,37
advanced,28835,25
advanced,28836,25
advanced,28837,40
advanced,28838,25
advanced,28839,57
advanced,28840,23
advanced,28841,32
advanced,28842,25
advanced,28843,26
advanced,28844,25
advanced,28845,43
advanced,28846,62
advanced,28847,8
advanced,28848,17
advanced,28849,39
advanced,28850,21
advanced,28851,22
advanced,28852,32
advanced,28853,47
advanced,28854,41
advanced,28855,26
advanced,28856,16
advanced,28857,35
advanced,28858,22
advanced,28859,24
advanced,28860,36
advanced,28861,19
advanced,28862,18
advanced,28863,31
advanced,28864,36
advanced,28865,49
advanced,28866,21
advanced,28867,29
advanced,28868,14
advanced,28869,32
advanced,28870,39
advanced,28871,22
advanced,28872,30
advanced,28873,23
advanced,28874,44
advanced,28875,26
advanced,28876,28
advanced,28877,30
advanced,28878,35
advanced,28879,47
advanced,28880,41
advanced,28881,49
advanced,28882,35
advanced,28883,48
advanced,28884,36
advanced,28885,41
advanced,28886,39
advanced,28887,38
advanced,28888,17
advanced,28889,40
advanced,28890,25
advanced,28891,39
advanced,28892,28
advanced,28893,35
advanced,28894,55
advanced,28895,32
advanced,28896,35
advanced,28897,61
advanced,28898,24
advanced,28899,28
advanced,28900,35
advanced,28901,8
advanced,28902,55
advanced,28903,22
advanced,28904,20
advanced,28905,31
advanced,28906,31
advanced,28907,40
advanced,28908,29
advanced,28909,26
advanced,28910,32
advanced,28911,19
advanced,28912,35
advanced,28913,45
advanced,28914,22
advanced,28915,47
advanced,28916,52
advanced,28917,50
advanced,28918,23
advanced,28919,52
advanced,28920,46
advanced,28921,24
advanced,28922,37
advanced,28923,27
advanced,28924,18
advanced,28925,49
advanced,28926,28
advanced,28927,19
advanced,28928,61
advanced,28929,62
advanced,28930,20
advanced,28931,48
advanced,28932,25
advanced,28933,55
advanced,28934,14
advanced,28935,24
advanced,28936,26
advanced,28937,30
advanced,28938,23
advanced,28939,38
advanced,28940,24
advanced,28941,54
advanced,28942,65
advanced,28943,21
advanced,28944,27
advanced,28945,39
advanced,28946,31
advanced,28947,39
advanced,28948,20
advanced,28949,24
advanced,28950,39
advanced,28951,43
advanced,28952,9
advanced,28953,47
advanced,28954,53
advanced,28955,28
advanced,28956,25
advanced,28957,46
advanced,28958,32
advanced,28959,23
advanced,28960,38
advanced,28961,39
advanced,28962,30
advanced,28963,49
advanced,28964,40
advanced,28965,29
advanced,28966,27
advanced,28967,45
advanced,28968,37
advanced,28969,31
advanced,28970,38
advanced,28971,28
advanced,28972,27
advanced,28973,17
advanced,28974,44
advanced,28975,25
advanced,28976,56
advanced,28977,54
advanced,28978,18
advanced,28979,48
advanced,28980,33
advanced,28981,17
advanced,28982,26
advanced,28983,46
advanced,28984,29
advanced,28985,13
advanced,28986,36
advanced,28987,30
advanced,28988,33
advanced,28989,16
advanced,28990,41
advanced,28991,55
advanced,28992,48
advanced,28993,13
advanced,28994,25
advanced,28995,32
advanced,28996,34
advanced,28997,14
advanced,28998,13
advanced,28999,16
advanced,29000,33
advanced,29001,53
advanced,29002,12
advanced,29003,41
advanced,29004,57
advanced,29005,46
advanced,29006,50
advanced,29007,37
advanced,29008,37
advanced,29009,27
advanced,29010,50
advanced,29011,19
advanced,29012,39
advanced,29013,86
advanced,29014,67
advanced,29015,53
advanced,29016,37
advanced,29017,48
advanced,29018,15
advanced,29019,33
advanced,29020,37
advanced,29021,77
advanced,29022,49
advanced,29023,30
advanced,29024,67
advanced,29025,16
advanced,29026,29
advanced,29027,19
advanced,29028,37
advanced,29029,39
advanced,29030,42
advanced,29031,26
advanced,29032,18
advanced,29033,41
advanced,29034,27
advanced,29035,21
advanced,29036,67
advanced,29037,40
advanced,29038,42
advanced,29039,66
advanced,29040,54
advanced,29041,17
advanced,29042,21
advanced,29043,80
advanced,29044,44
advanced,29045,14
advanced,29046,55
advanced,29047,48
advanced,29048,53
advanced,29049,35
advanced,29050,15
advanced,29051,24
advanced,29052,18
advanced,29053,26
advanced,29054,51
advanced,29055,30
advanced,29056,25
advanced,29057,39
advanced,29058,53
advanced,29059,61
advanced,29060,46
advanced,29061,53
advanced,29062,30
advanced,29063,40
advanced,29064,31
advanced,29065,16
advanced,29066,30
advanced,29067,24
advanced,29068,46
advanced,29069,35
advanced,29070,44
advanced,29071,13
advanced,29072,29
advanced,29073,27
advanced,29074,17
advanced,29075,35
advanced,29076,31
advanced,29077,34
advanced,29078,56
advanced,29079,60
advanced,29080,35
advanced,29081,16
advanced,29082,19
advanced,29083,29
advanced,29084,57
advanced,29085,33
advanced,29086,38
advanced,29087,21
advanced,29088,28
advanced,29089,32
advanced,29090,54
advanced,29091,38
advanced,29092,52
advanced,29093,22
advanced,29094,16
advanced,29095,9
advanced,29096,24
advanced,29097,45
advanced,29098,31
advanced,29099,60
advanced,29100,55
advanced,29101,29
advanced,29102,47
advanced,29103,51
advanced,29104,62
advanced,29105,46
advanced,29106,41
advanced,29107,35
advanced,29108,24
advanced,29109,26
advanced,29110,46
advanced,29111,60
advanced,29112,19
advanced,29113,22
advanced,29114,17
advanced,29115,30
advanced,29116,41
advanced,29117,38
advanced,29118,55
advanced,29119,23
advanced,29120,52
advanced,29121,23
advanced,29122,22
advanced,29123,16
advanced,29124,14
advanced,29125,33
advanced,29126,21
advanced,29127,32
advanced,29128,55
advanced,29129,35
advanced,29130,29
advanced,29131,74
advanced,29132,35
advanced,29133,29
advanced,29134,28
advanced,29135,30
advanced,29136,39
advanced,29137,8
advanced,29138,44
advanced,29139,18
advanced,29140,36
advanced,29141,51
advanced,29142,44
advanced,29143,47
advanced,29144,20
advanced,29145,40
advanced,29146,28
advanced,29147,29
advanced,29148,27
advanced,29149,40
advanced,29150,33
advanced,29151,41
advanced,29152,46
advanced,29153,55
advanced,29154,26
advanced,29155,47
advanced,29156,51
advanced,29157,28
advanced,29158,49
advanced,29159,56
advanced,29160,29
advanced,29161,32
advanced,29162,31
advanced,29163,14
advanced,29164,39
advanced,29165,77
advanced,29166,26
advanced,29167,29
advanced,29168,37
advanced,29169,36
advanced,29170,18
advanced,29171,33
advanced,29172,18
advanced,29173,27
advanced,29174,59
advanced,29175,37
advanced,29176,19
advanced,29177,59
advanced,29178,26
advanced,29179,85
advanced,29180,28
advanced,29181,45
advanced,29182,17
advanced,29183,37
advanced,29184,37
advanced,29185,28
advanced,29186,44
advanced,29187,10
advanced,29188,59
advanced,29189,20
advanced,29190,37
advanced,29191,75
advanced,29192,32
advanced,29193,33
advanced,29194,60
advanced,29195,19
advanced,29196,31
advanced,29197,38
advanced,29198,32
advanced,29199,62
advanced,29200,16
advanced,29201,29
advanced,29202,36
advanced,29203,33
advanced,29204,26
advanced,29205,22
advanced,29206,41
advanced,29207,19
advanced,29208,34
advanced,29209,29
advanced,29210,51
advanced,29211,39
advanced,29212,16
advanced,29213,56
advanced,29214,31
advanced,29215,70
advanced,29216,40
advanced,29217,42
advanced,29218,43
advanced,29219,22
advanced,29220,28
advanced,29221,30
advanced,29222,30
advanced,29223,38
advanced,29224,45
advanced,29225,23
advanced,29226,35
advanced,29227,39
advanced,29228,24
advanced,29229,27
advanced,29230,22
advanced,29231,30
advanced,29232,11
advanced,29233,37
advanced,29234,34
advanced,29235,49
advanced,29236,31
advanced,29237,58
advanced,29238,35
advanced,29239,22
advanced,29240,43
advanced,29241,38
advanced,29242,46
advanced,29243,28
advanced,29244,59
advanced,29245,43
advanced,29246,22
advanced,29247,26
advanced,29248,25
advanced,29249,62
advanced,29250,57
advanced,29251,11
advanced,29252,21
advanced,29253,39
advanced,29254,46
advanced,29255,7
advanced,29256,18
advanced,29257,30
advanced,29258,58
advanced,29259,30
advanced,29260,18
advanced,29261,65
advanced,29262,44
advanced,29263,61
advanced,29264,41
advanced,29265,39
advanced,29266,23
advanced,29267,19
advanced,29268,43
advanced,29269,59
advanced,29270,51
advanced,29271,24
advanced,29272,12
advanced,29273,32
advanced,29274,31
advanced,29275,24
advanced,29276,39
advanced,29277,36
advanced,29278,33
advanced,29279,41
advanced,29280,28
advanced,29281,12
advanced,29282,23
advanced,29283,35
advanced,29284,55
advanced,29285,43
advanced,29286,25
advanced,29287,48
advanced,29288,42
advanced,29289,23
advanced,29290,31
advanced,29291,33
advanced,29292,31
advanced,29293,28
advanced,29294,29
advanced,29295,63
advanced,29296,44
advanced,29297,53
advanced,29298,27
advanced,29299,34
advanced,29300,29
advanced,29301,42
advanced,29302,12
advanced,29303,61
advanced,29304,36
advanced,29305,73
advanced,29306,19
advanced,29307,12
advanced,29308,47
advanced,29309,21
advanced,29310,50
advanced,29311,27
advanced,29312,48
advanced,29313,31
advanced,29314,22
advanced,29315,43
advanced,29316,33
advanced,29317,28
advanced,29318,67
advanced,29319,68
advanced,29320,39
advanced,29321,28
advanced,29322,43
advanced,29323,17
advanced,29324,21
advanced,29325,22
advanced,29326,38
advanced,29327,16
advanced,29328,27
advanced,29329,43
advanced,29330,42
advanced,29331,27
advanced,29332,27
advanced,29333,41
advanced,29334,45
advanced,29335,25
advanced,29336,32
advanced,29337,63
advanced,29338,44
advanced,29339,31
advanced,29340,39
advanced,29341,33
advanced,29342,32
advanced,29343,38
advanced,29344,53
advanced,29345,61
advanced,29346,30
advanced,29347,53
advanced,29348,47
advanced,29349,40
advanced,29350,38
advanced,29351,46
advanced,29352,28
advanced,29353,34
advanced,29354,50
advanced,29355,29
advanced,29356,30
advanced,29357,41
advanced,29358,37
advanced,29359,19
advanced,29360,22
advanced,29361,53
advanced,29362,56
advanced,29363,29
advanced,29364,79
advanced,29365,58
advanced,29366,11
advanced,29367,22
advanced,29368,20
advanced,29369,39
advanced,29370,22
advanced,29371,30
advanced,29372,33
advanced,29373,99
advanced,29374,26
advanced,29375,71
advanced,29376,38
advanced,29377,21
advanced,29378,18
advanced,29379,42
advanced,29380,51
advanced,29381,46
advanced,29382,40
advanced,29383,21
advanced,29384,24
advanced,29385,34
advanced,29386,50
advanced,29387,47
advanced,29388,18
advanced,29389,69
advanced,29390,27
advanced,29391,14
advanced,29392,64
advanced,29393,16
advanced,29394,60
advanced,29395,51
advanced,29396,50
advanced,29397,39
advanced,29398,12
advanced,29399,27
advanced,29400,53
advanced,29401,24
advanced,29402,38
advanced,29403,58
advanced,29404,28
advanced,29405,24
advanced,29406,32
advanced,29407,36
advanced,29408,36
advanced,29409,45
advanced,29410,30
advanced,29411,44
advanced,29412,58
advanced,29413,32
advanced,29414,61
advanced,29415,55
advanced,29416,34
advanced,29417,34
advanced,29418,38
advanced,29419,28
advanced,29420,44
advanced,29421,31
advanced,29422,29
advanced,29423,41
advanced,29424,40
advanced,29425,46
advanced,29426,43
advanced,29427,30
advanced,29428,32
advanced,29429,25
advanced,29430,25
advanced,29431,32
advanced,29432,45
advanced,29433,35
advanced,29434,17
advanced,29435,44
advanced,29436,29
advanced,29437,29
advanced,29438,27
advanced,29439,51
advanced,29440,22
advanced,29441,43
advanced,29442,26
advanced,29443,37
advanced,29444,43
advanced,29445,16
advanced,29446,20
advanced,29447,57
advanced,29448,24
advanced,29449,39
advanced,29450,56
advanced,29451,9
advanced,29452,95
advanced,29453,44
advanced,29454,35
advanced,29455,53
advanced,29456,25
advanced,29457,27
advanced,29458,44
advanced,29459,47
advanced,29460,41
advanced,29461,19
advanced,29462,27
advanced,29463,16
advanced,29464,43
advanced,29465,29
advanced,29466,56
advanced,29467,15
advanced,29468,38
advanced,29469,14
advanced,29470,42
advanced,29471,59
advanced,29472,33
advanced,29473,42
advanced,29474,28
advanced,29475,19
advanced,29476,22
advanced,29477,45
advanced,29478,26
advanced,29479,41
advanced,29480,40
advanced,29481,52
advanced,29482,43
advanced,29483,30
advanced,29484,29
advanced,29485,53
advanced,29486,22
advanced,29487,38
advanced,29488,51
advanced,29489,12
advanced,29490,12
advanced,29491,48
advanced,29492,54
advanced,29493,38
advanced,29494,29
advanced,29495,51
advanced,29496,27
advanced,29497,39
advanced,29498,16
advanced,29499,28
advanced,29500,38
advanced,29501,25
advanced,29502,12
advanced,29503,37
advanced,29504,40
advanced,29505,55
advanced,29506,41
advanced,29507,38
advanced,29508,43
advanced,29509,22
advanced,29510,26
advanced,29511,28
advanced,29512,40
advanced,29513,13
advanced,29514,71
advanced,29515,49
advanced,29516,38
advanced,29517,33
advanced,29518,61
advanced,29519,34
advanced,29520,32
advanced,29521,43
advanced,29522,13
advanced,29523,30
advanced,29524,28
advanced,29525,28
advanced,29526,30
advanced,29527,30
advanced,29528,26
advanced,29529,44
advanced,29530,30
advanced,29531,51
advanced,29532,52
advanced,29533,25
advanced,29534,35
advanced,29535,22
advanced,29536,47
advanced,29537,46
advanced,29538,21
advanced,29539,81
advanced,29540,27
advanced,29541,19
advanced,29542,42
advanced,29543,23
advanced,29544,38
advanced,29545,34
advanced,29546,54
advanced,29547,21
advanced,29548,15
advanced,29549,35
advanced,29550,35
advanced,29551,41
advanced,29552,28
advanced,29553,57
advanced,29554,22
advanced,29555,25
advanced,29556,29
advanced,29557,54
advanced,29558,29
advanced,29559,38
advanced,29560,25
advanced,29561,61
advanced,29562,40
advanced,29563,36
advanced,29564,41
advanced,29565,60
advanced,29566,22
advanced,29567,29
advanced,29568,23
advanced,29569,12
advanced,29570,25
advanced,29571,21
advanced,29572,29
advanced,29573,27
advanced,29574,24
advanced,29575,32
advanced,29576,28
advanced,29577,27
advanced,29578,15
advanced,29579,41
advanced,29580,65
advanced,29581,29
advanced,29582,23
advanced,29583,16
advanced,29584,54
advanced,29585,27
advanced,29586,23
advanced,29587,33
advanced,29588,39
advanced,29589,52
advanced,29590,28
advanced,29591,35
advanced,29592,43
advanced,29593,28
advanced,29594,10
advanced,29595,38
advanced,29596,60
advanced,29597,33
advanced,29598,57
advanced,29599,31
advanced,29600,13
advanced,29601,35
advanced,29602,33
advanced,29603,24
advanced,29604,34
advanced,29605,27
advanced,29606,51
advanced,29607,37
advanced,29608,35
advanced,29609,32
advanced,29610,35
advanced,29611,26
advanced,29612,48
advanced,29613,31
advanced,29614,18
advanced,29615,23
advanced,29616,27
advanced,29617,28
advanced,29618,20
advanced,29619,31
advanced,29620,25
advanced,29621,23
advanced,29622,30
advanced,29623,25
advanced,29624,35
advanced,29625,38
advanced,29626,22
advanced,29627,31
advanced,29628,62
advanced,29629,41
advanced,29630,47
advanced,29631,34
advanced,29632,59
advanced,29633,37
advanced,29634,28
advanced,29635,29
advanced,29636,21
advanced,29637,22
advanced,29638,24
advanced,29639,32
advanced,29640,35
advanced,29641,34
advanced,29642,9
advanced,29643,23
advanced,29644,23
advanced,29645,33
advanced,29646,65
advanced,29647,47
advanced,29648,60
advanced,29649,30
advanced,29650,41
advanced,29651,22
advanced,29652,16
advanced,29653,37
advanced,29654,17
advanced,29655,59
advanced,29656,39
advanced,29657,24
advanced,29658,20
advanced,29659,29
advanced,29660,40
advanced,29661,46
advanced,29662,42
advanced,29663,36
advanced,29664,45
advanced,29665,33
advanced,29666,8
advanced,29667,51
advanced,29668,39
advanced,29669,10
advanced,29670,24
advanced,29671,39
advanced,29672,68
advanced,29673,12
advanced,29674,23
advanced,29675,78
advanced,29676,33
advanced,29677,33
advanced,29678,25
advanced,29679,48
advanced,29680,43
advanced,29681,39
advanced,29682,26
advanced,29683,33
advanced,29684,37
advanced,29685,46
advanced,29686,32
advanced,29687,12
advanced,29688,42
advanced,29689,29
advanced,29690,14
advanced,29691,31
advanced,29692,31
advanced,29693,49
advanced,29694,14
advanced,29695,35
advanced,29696,35
advanced,29697,25
advanced,29698,28
advanced,29699,21
advanced,29700,44
advanced,29701,17
advanced,29702,52
advanced,29703,34
advanced,29704,47
advanced,29705,49
advanced,29706,15
advanced,29707,50
advanced,29708,46
advanced,29709,19
advanced,29710,20
advanced,29711,38
advanced,29712,32
advanced,29713,40
advanced,29714,26
advanced,29715,48
advanced,29716,42
advanced,29717,52
advanced,29718,42
advanced,29719,20
advanced,29720,36
advanced,29721,33
advanced,29722,46
advanced,29723,25
advanced,29724,29
advanced,29725,53
advanced,29726,30
advanced,29727,31
advanced,29728,45
advanced,29729,37
advanced,29730,40
advanced,29731,42
advanced,29732,38
advanced,29733,52
advanced,29734,47
advanced,29735,25
advanced,29736,22
advanced,29737,32
advanced,29738,66
advanced,29739,46
advanced,29740,39
advanced,29741,21
advanced,29742,12
advanced,29743,47
advanced,29744,63
advanced,29745,25
advanced,29746,52
advanced,29747,31
advanced,29748,71
advanced,29749,42
advanced,29750,40
advanced,29751,24
advanced,29752,42
advanced,29753,51
advanced,29754,38
advanced,29755,40
advanced,29756,23
advanced,29757,38
advanced,29758,24
advanced,29759,91
advanced,29760,67
advanced,29761,26
advanced,29762,16
advanced,29763,34
advanced,29764,18
advanced,29765,64
advanced,29766,34
advanced,29767,45
advanced,29768,22
advanced,29769,55
advanced,29770,103
advanced,29771,24
advanced,29772,49
advanced,29773,20
advanced,29774,47
advanced,29775,43
advanced,29776,38
advanced,29777,23
advanced,29778,42
advanced,29779,26
advanced,29780,29
advanced,29781,46
advanced,29782,39
advanced,29783,52
advanced,29784,21
advanced,29785,42
advanced,29786,61
advanced,29787,18
advanced,29788,46
advanced,29789,13
advanced,29790,34
advanced,29791,44
advanced,29792,35
advanced,29793,80
advanced,29794,27
advanced,29795,32
advanced,29796,31
advanced,29797,30
advanced,29798,13
advanced,29799,21
advanced,29800,35
advanced,29801,59
advanced,29802,38
advanced,29803,24
advanced,29804,40
advanced,29805,49
advanced,29806,45
advanced,29807,23
advanced,29808,23
advanced,29809,41
advanced,29810,21
advanced,29811,48
advanced,29812,31
advanced,29813,29
advanced,29814,82
advanced,29815,39
advanced,29816,34
advanced,29817,38
advanced,29818,51
advanced,29819,38
advanced,29820,12
advanced,29821,42
advanced,29822,42
advanced,29823,42
advanced,29824,54
advanced,29825,28
advanced,29826,41
advanced,29827,39
advanced,29828,44
advanced,29829,47
advanced,29830,27
advanced,29831,23
advanced,29832,24
advanced,29833,31
advanced,29834,57
advanced,29835,27
advanced,29836,26
advanced,29837,24
advanced,29838,23
advanced,29839,26
advanced,29840,32
advanced,29841,26
advanced,29842,22
advanced,29843,17
advanced,29844,17
advanced,29845,29
advanced,29846,66
advanced,29847,29
advanced,29848,38
advanced,29849,35
advanced,29850,20
advanced,29851,53
advanced,29852,37
advanced,29853,31
advanced,29854,51
advanced,29855,41
advanced,29856,29
advanced,29857,62
advanced,29858,19
advanced,29859,25
advanced,29860,23
advanced,29861,26
advanced,29862,37
advanced,29863,39
advanced,29864,37
advanced,29865,33
advanced,29866,23
advanced,29867,78
advanced,29868,44
advanced,29869,67
advanced,29870,39
advanced,29871,36
advanced,29872,44
advanced,29873,35
advanced,29874,14
advanced,29875,27
advanced,29876,25
advanced,29877,60
advanced,29878,40
advanced,29879,28
advanced,29880,14
advanced,29881,53
advanced,29882,34
advanced,29883,30
advanced,29884,35
advanced,29885,28
advanced,29886,57
advanced,29887,11
advanced,29888,29
advanced,29889,33
advanced,29890,19
advanced,29891,43
advanced,29892,10
advanced,29893,78
advanced,29894,21
advanced,29895,27
advanced,29896,35
advanced,29897,55
advanced,29898,49
advanced,29899,35
advanced,29900,41
advanced,29901,50
advanced,29902,30
advanced,29903,21
advanced,29904,35
advanced,29905,21
advanced,29906,29
advanced,29907,40
advanced,29908,17
advanced,29909,27
advanced,29910,45
advanced,29911,33
advanced,29912,32
advanced,29913,50
advanced,29914,40
advanced,29915,18
advanced,29916,40
advanced,29917,61
advanced,29918,32
advanced,29919,41
advanced,29920,32
advanced,29921,51
advanced,29922,16
advanced,29923,11
advanced,29924,21
advanced,29925,35
advanced,29926,14
advanced,29927,26
advanced,29928,54
advanced,29929,42
advanced,29930,29
advanced,29931,21
advanced,29932,38
advanced,29933,60
advanced,29934,59
advanced,29935,48
advanced,29936,38
advanced,29937,40
advanced,29938,20
advanced,29939,25
advanced,29940,21
advanced,29941,24
advanced,29942,26
advanced,29943,23
advanced,29944,64
advanced,29945,15
advanced,29946,39
advanced,29947,45
advanced,29948,55
advanced,29949,23
advanced,29950,23
advanced,29951,18
advanced,29952,25
advanced,29953,25
advanced,29954,70
advanced,29955,36
advanced,29956,27
advanced,29957,44
advanced,29958,47
advanced,29959,17
advanced,29960,65
advanced,29961,37
advanced,29962,18
advanced,29963,26
advanced,29964,25
advanced,29965,23
advanced,29966,21
advanced,29967,43
advanced,29968,26
advanced,29969,46
advanced,29970,61
advanced,29971,38
advanced,29972,41
advanced,29973,34
advanced,29974,26
advanced,29975,58
advanced,29976,44
advanced,29977,17
advanced,29978,41
advanced,29979,30
advanced,29980,27
advanced,29981,41
advanced,29982,56
advanced,29983,25
advanced,29984,57
advanced,29985,40
advanced,29986,40
advanced,29987,30
advanced,29988,18
advanced,29989,30
advanced,29990,90
advanced,29991,27
advanced,29992,43
advanced,29993,31
advanced,29994,24
advanced,29995,40
advanced,29996,47
advanced,29997,36
advanced,29998,29
advanced,29999,48
advanced,30000,42
advanced,30001,22
advanced,30002,30
advanced,30003,22
advanced,30004,42
advanced,30005,28
advanced,30006,32
advanced,30007,29
advanced,30008,29
advanced,30009,49
advanced,30010,9
advanced,30011,49
advanced,30012,36
advanced,30013,43
advanced,30014,41
advanced,30015,26
advanced,30016,20
advanced,30017,38
advanced,30018,26
advanced,30019,41
advanced,30020,48
advanced,30021,30
advanced,30022,24
advanced,30023,26
advanced,30024,28
advanced,30025,41
advanced,30026,35
advanced,30027,37
advanced,30028,34
advanced,30029,44
advanced,30030,86
advanced,30031,32
advanced,30032,24
advanced,30033,47
advanced,30034,19
advanced,30035,37
advanced,30036,41
advanced,30037,37
advanced,30038,36
advanced,30039,34
advanced,30040,38
advanced,30041,34
advanced,30042,31
advanced,30043,28
advanced,30044,37
advanced,30045,32
advanced,30046,37
advanced,30047,35
advanced,30048,48
advanced,30049,54
advanced,30050,37
advanced,30051,20
advanced,30052,32
advanced,30053,38
advanced,30054,51
advanced,30055,29
advanced,30056,56
advanced,30057,39
advanced,30058,90
advanced,30059,46
advanced,30060,33
advanced,30061,21
advanced,30062,41
advanced,30063,30
advanced,30064,34
advanced,30065,49
advanced,30066,55
advanced,30067,22
advanced,30068,24
advanced,30069,26
advanced,30070,32
advanced,30071,16
advanced,30072,21
advanced,30073,41
advanced,30074,41
advanced,30075,34
advanced,30076,36
advanced,30077,17
advanced,30078,30
advanced,30079,50
advanced,30080,37
advanced,30081,34
advanced,30082,22
advanced,30083,15
advanced,30084,17
advanced,30085,26
advanced,30086,30
advanced,30087,45
advanced,30088,30
advanced,30089,27
advanced,30090,15
advanced,30091,75
advanced,30092,46
advanced,30093,16
advanced,30094,23
advanced,30095,52
advanced,30096,36
advanced,30097,59
advanced,30098,62
advanced,30099,32
advanced,30100,31
advanced,30101,45
advanced,30102,28
advanced,30103,28
advanced,30104,26
advanced,30105,78
advanced,30106,65
advanced,30107,36
advanced,30108,18
advanced,30109,20
advanced,30110,35
advanced,30111,36
advanced,30112,46
advanced,30113,41
advanced,30114,71
advanced,30115,29
advanced,30116,23
advanced,30117,23
advanced,30118,36
advanced,30119,41
advanced,30120,17
advanced,30121,39
advanced,30122,41
advanced,30123,41
advanced,30124,30
advanced,30125,38
advanced,30126,46
advanced,30127,39
advanced,30128,28
advanced,30129,50
advanced,30130,45
advanced,30131,25
advanced,30132,44
advanced,30133,44
advanced,30134,45
advanced,30135,23
advanced,30136,44
advanced,30137,50
advanced,30138,16
advanced,30139,39
advanced,30140,45
advanced,30141,38
advanced,30142,17
advanced,30143,32
advanced,30144,28
advanced,30145,9
advanced,30146,27
advanced,30147,31
advanced,30148,40
advanced,30149,46
advanced,30150,24
advanced,30151,19
advanced,30152,36
advanced,30153,45
advanced,30154,34
advanced,30155,19
advanced,30156,52
advanced,30157,43
advanced,30158,38
advanced,30159,44
advanced,30160,24
advanced,30161,17
advanced,30162,28
advanced,30163,19
advanced,30164,19
advanced,30165,25
advanced,30166,27
advanced,30167,28
advanced,30168,40
advanced,30169,30
advanced,30170,36
advanced,30171,38
advanced,30172,22
advanced,30173,26
advanced,30174,13
advanced,30175,17
advanced,30176,23
advanced,30177,36
advanced,30178,46
advanced,30179,31
advanced,30180,63
advanced,30181,28
advanced,30182,27
advanced,30183,67
advanced,30184,26
advanced,30185,28
advanced,30186,47
advanced,30187,35
advanced,30188,14
advanced,30189,25
advanced,30190,34
advanced,30191,57
advanced,30192,37
advanced,30193,56
advanced,30194,20
advanced,30195,30
advanced,30196,28
advanced,30197,20
advanced,30198,36
advanced,30199,35
advanced,30200,31
advanced,30201,36
advanced,30202,32
advanced,30203,9
advanced,30204,43
advanced,30205,16
advanced,30206,37
advanced,30207,21
advanced,30208,20
advanced,30209,19
advanced,30210,22
advanced,30211,28
advanced,30212,27
advanced,30213,56
advanced,30214,27
advanced,30215,32
advanced,30216,66
advanced,30217,42
advanced,30218,22
advanced,30219,22
advanced,30220,57
advanced,30221,50
advanced,30222,22
advanced,30223,41
advanced,30224,26
advanced,30225,75
advanced,30226,29
advanced,30227,28
advanced,30228,52
advanced,30229,44
advanced,30230,37
advanced,30231,36
advanced,30232,40
advanced,30233,40
advanced,30234,65
advanced,30235,38
advanced,30236,38
advanced,30237,37
advanced,30238,47
advanced,30239,19
advanced,30240,86
advanced,30241,13
advanced,30242,48
advanced,30243,27
advanced,30244,69
advanced,30245,46
advanced,30246,25
advanced,30247,70
advanced,30248,40
advanced,30249,37
advanced,30250,29
advanced,30251,37
advanced,30252,37
advanced,30253,25
advanced,30254,55
advanced,30255,31
advanced,30256,40
advanced,30257,22
advanced,30258,47
advanced,30259,42
advanced,30260,39
advanced,30261,30
advanced,30262,57
advanced,30263,43
advanced,30264,39
advanced,30265,27
advanced,30266,13
advanced,30267,26
advanced,30268,39
advanced,30269,36
advanced,30270,21
advanced,30271,22
advanced,30272,22
advanced,30273,32
advanced,30274,52
advanced,30275,14
advanced,30276,37
advanced,30277,38
advanced,30278,48
advanced,30279,42
advanced,30280,40
advanced,30281,22
advanced,30282,25
advanced,30283,17
advanced,30284,16
advanced,30285,15
advanced,30286,39
advanced,30287,40
advanced,30288,23
advanced,30289,35
advanced,30290,19
advanced,30291,20
advanced,30292,11
advanced,30293,37
advanced,30294,43
advanced,30295,44
advanced,30296,34
advanced,30297,21
advanced,30298,32
advanced,30299,23
advanced,30300,46
advanced,30301,37
advanced,30302,23
advanced,30303,24
advanced,30304,30
advanced,30305,35
advanced,30306,28
advanced,30307,57
advanced,30308,31
advanced,30309,77
advanced,30310,31
advanced,30311,22
advanced,30312,27
advanced,30313,18
advanced,30314,31
advanced,30315,28
advanced,30316,31
advanced,30317,64
advanced,30318,19
advanced,30319,23
advanced,30320,38
advanced,30321,21
advanced,30322,33
advanced,30323,31
advanced,30324,24
advanced,30325,35
advanced,30326,30
advanced,30327,24
advanced,30328,49
advanced,30329,22
advanced,30330,32
advanced,30331,59
advanced,30332,40
advanced,30333,29
advanced,30334,47
advanced,30335,42
advanced,30336,45
advanced,30337,29
advanced,30338,30
advanced,30339,27
advanced,30340,55
advanced,30341,20
advanced,30342,78
advanced,30343,47
advanced,30344,32
advanced,30345,54
advanced,30346,13
advanced,30347,30
advanced,30348,41
advanced,30349,30
advanced,30350,9
advanced,30351,44
advanced,30352,33
advanced,30353,37
advanced,30354,41
advanced,30355,33
advanced,30356,36
advanced,30357,14
advanced,30358,22
advanced,30359,14
advanced,30360,34
advanced,30361,43
advanced,30362,49
advanced,30363,56
advanced,30364,42
advanced,30365,44
advanced,30366,28
advanced,30367,29
advanced,30368,40
advanced,30369,30
advanced,30370,25
advanced,30371,20
advanced,30372,37
advanced,30373,40
advanced,30374,25
advanced,30375,34
advanced,30376,35
advanced,30377,38
advanced,30378,34
advanced,30379,40
advanced,30380,37
advanced,30381,29
advanced,30382,16
advanced,30383,29
advanced,30384,39
advanced,30385,25
advanced,30386,33
advanced,30387,46
advanced,30388,39
advanced,30389,45
advanced,30390,38
advanced,30391,38
advanced,30392,22
advanced,30393,23
advanced,30394,30
advanced,30395,28
advanced,30396,20
advanced,30397,42
advanced,30398,44
advanced,30399,33
advanced,30400,74
advanced,30401,25
advanced,30402,27
advanced,30403,40
advanced,30404,31
advanced,30405,35
advanced,30406,47
advanced,30407,21
advanced,30408,25
advanced,30409,35
advanced,30410,22
advanced,30411,33
advanced,30412,43
advanced,30413,42
advanced,30414,22
advanced,30415,44
advanced,30416,35
advanced,30417,28
advanced,30418,36
advanced,30419,39
advanced,30420,40
advanced,30421,41
advanced,30422,47
advanced,30423,21
advanced,30424,30
advanced,30425,38
advanced,30426,33
advanced,30427,23
advanced,30428,29
advanced,30429,38
advanced,30430,25
advanced,30431,36
advanced,30432,37
advanced,30433,72
advanced,30434,13
advanced,30435,24
advanced,30436,41
advanced,30437,46
advanced,30438,76
advanced,30439,27
advanced,30440,43
advanced,30441,21
advanced,30442,24
advanced,30443,58
advanced,30444,36
advanced,30445,61
advanced,30446,9
advanced,30447,18
advanced,30448,37
advanced,30449,68
advanced,30450,48
advanced,30451,50
advanced,30452,27
advanced,30453,23
advanced,30454,37
advanced,30455,43
advanced,30456,28
advanced,30457,30
advanced,30458,38
advanced,30459,66
advanced,30460,33
advanced,30461,51
advanced,30462,33
advanced,30463,18
advanced,30464,25
advanced,30465,25
advanced,30466,16
advanced,30467,15
advanced,30468,69
advanced,30469,28
advanced,30470,57
advanced,30471,22
advanced,30472,10
advanced,30473,32
advanced,30474,14
advanced,30475,90
advanced,30476,18
advanced,30477,28
advanced,30478,25
advanced,30479,39
advanced,30480,48
advanced,30481,63
advanced,30482,44
advanced,30483,63
advanced,30484,48
advanced,30485,66
advanced,30486,18
advanced,30487,67
advanced,30488,28
advanced,30489,38
advanced,30490,31
advanced,30491,30
advanced,30492,26
advanced,30493,29
advanced,30494,30
advanced,30495,29
advanced,30496,37
advanced,30497,30
advanced,30498,27
advanced,30499,78
advanced,30500,17
advanced,30501,28
advanced,30502,23
advanced,30503,23
advanced,30504,52
advanced,30505,10
advanced,30506,45
advanced,30507,56
advanced,30508,66
advanced,30509,29
advanced,30510,42
advanced,30511,23
advanced,30512,20
advanced,30513,40
advanced,30514,10
advanced,30515,47
advanced,30516,44
advanced,30517,43
advanced,30518,37
advanced,30519,31
advanced,30520,28
advanced,30521,32
advanced,30522,20
advanced,30523,35
advanced,30524,50
advanced,30525,12
advanced,30526,21
advanced,30527,21
advanced,30528,43
advanced,30529,44
advanced,30530,34
advanced,30531,99
advanced,30532,32
advanced,30533,11
advanced,30534,54
advanced,30535,26
advanced,30536,19
advanced,30537,31
advanced,30538,26
advanced,30539,22
advanced,30540,13
advanced,30541,10
advanced,30542,42
advanced,30543,31
advanced,30544,17
advanced,30545,47
advanced,30546,30
advanced,30547,31
advanced,30548,42
advanced,30549,47
advanced,30550,52
advanced,30551,37
advanced,30552,34
advanced,30553,49
advanced,30554,35
advanced,30555,53
advanced,30556,26
advanced,30557,20
advanced,30558,39
advanced,30559,28
advanced,30560,37
advanced,30561,40
advanced,30562,65
advanced,30563,38
advanced,30564,16
advanced,30565,39
advanced,30566,45
advanced,30567,17
advanced,30568,32
advanced,30569,36
advanced,30570,71
advanced,30571,36
advanced,30572,34
advanced,30573,63
advanced,30574,46
advanced,30575,31
advanced,30576,34
advanced,30577,33
advanced,30578,36
advanced,30579,31
advanced,30580,36
advanced,30581,34
advanced,30582,44
advanced,30583,71
advanced,30584,18
advanced,30585,32
advanced,30586,25
advanced,30587,51
advanced,30588,40
advanced,30589,37
advanced,30590,44
advanced,30591,55
advanced,30592,31
advanced,30593,27
advanced,30594,35
advanced,30595,36
advanced,30596,35
advanced,30597,13
advanced,30598,22
advanced,30599,24
advanced,30600,29
advanced,30601,30
advanced,30602,43
advanced,30603,52
advanced,30604,65
advanced,30605,17
advanced,30606,42
advanced,30607,33
advanced,30608,21
advanced,30609,30
advanced,30610,13
advanced,30611,80
advanced,30612,24
advanced,30613,49
advanced,30614,29
advanced,30615,37
advanced,30616,56
advanced,30617,12
advanced,30618,24
advanced,30619,23
advanced,30620,38
advanced,30621,38
advanced,30622,22
advanced,30623,18
advanced,30624,61
advanced,30625,47
advanced,30626,26
advanced,30627,67
advanced,30628,16
advanced,30629,29
advanced,30630,35
advanced,30631,38
advanced,30632,34
advanced,30633,9
advanced,30634,13
advanced,30635,39
advanced,30636,54
advanced,30637,32
advanced,30638,37
advanced,30639,39
advanced,30640,76
advanced,30641,26
advanced,30642,34
advanced,30643,18
advanced,30644,21
advanced,30645,30
advanced,30646,36
advanced,30647,18
advanced,30648,19
advanced,30649,23
advanced,30650,33
advanced,30651,24
advanced,30652,42
advanced,30653,25
advanced,30654,27
advanced,30655,23
advanced,30656,33
advanced,30657,47
advanced,30658,39
advanced,30659,73
advanced,30660,45
advanced,30661,41
advanced,30662,45
advanced,30663,44
advanced,30664,73
advanced,30665,39
advanced,30666,43
advanced,30667,54
advanced,30668,27
advanced,30669,24
advanced,30670,42
advanced,30671,34
advanced,30672,39
advanced,30673,22
advanced,30674,37
advanced,30675,44
advanced,30676,41
advanced,30677,21
advanced,30678,37
advanced,30679,41
advanced,30680,30
advanced,30681,67
advanced,30682,58
advanced,30683,51
advanced,30684,48
advanced,30685,36
advanced,30686,29
advanced,30687,38
advanced,30688,27
advanced,30689,27
advanced,30690,77
advanced,30691,31
advanced,30692,45
advanced,30693,30
advanced,30694,35
advanced,30695,35
advanced,30696,17
advanced,30697,32
advanced,30698,40
advanced,30699,22
advanced,30700,31
advanced,30701,34
advanced,30702,35
advanced,30703,21
advanced,30704,16
advanced,30705,11
advanced,30706,22
advanced,30707,41
advanced,30708,49
advanced,30709,44
advanced,30710,25
advanced,30711,27
advanced,30712,36
advanced,30713,26
advanced,30714,39
advanced,30715,30
advanced,30716,46
advanced,30717,54
advanced,30718,45
advanced,30719,19
advanced,30720,51
advanced,30721,17
advanced,30722,35
advanced,30723,26
advanced,30724,32
advanced,30725,26
advanced,30726,37
advanced,30727,45
advanced,30728,21
advanced,30729,43
advanced,30730,33
advanced,30731,68
advanced,30732,41
advanced,30733,10
advanced,30734,24
advanced,30735,31
advanced,30736,33
advanced,30737,15
advanced,30738,30
advanced,30739,35
advanced,30740,53
advanced,30741,18
advanced,30742,39
advanced,30743,28
advanced,30744,47
advanced,30745,43
advanced,30746,36
advanced,30747,26
advanced,30748,23
advanced,30749,24
advanced,30750,41
advanced,30751,37
advanced,30752,26
advanced,30753,33
advanced,30754,22
advanced,30755,42
advanced,30756,72
advanced,30757,55
advanced,30758,47
advanced,30759,35
advanced,30760,46
advanced,30761,40
advanced,30762,62
advanced,30763,49
advanced,30764,31
advanced,30765,36
advanced,30766,38
advanced,30767,29
advanced,30768,29
advanced,30769,35
advanced,30770,38
advanced,30771,54
advanced,30772,39
advanced,30773,16
advanced,30774,30
advanced,30775,36
advanced,30776,21
advanced,30777,16
advanced,30778,52
advanced,30779,39
advanced,30780,42
advanced,30781,28
advanced,30782,35
advanced,30783,48
advanced,30784,29
advanced,30785,25
advanced,30786,66
advanced,30787,32
advanced,30788,20
advanced,30789,25
advanced,30790,21
advanced,30791,30
advanced,30792,51
advanced,30793,36
advanced,30794,46
advanced,30795,32
advanced,30796,26
advanced,30797,37
advanced,30798,54
advanced,30799,72
advanced,30800,9
advanced,30801,40
advanced,30802,57
advanced,30803,40
advanced,30804,42
advanced,30805,33
advanced,30806,17
advanced,30807,29
advanced,30808,34
advanced,30809,50
advanced,30810,36
advanced,30811,22
advanced,30812,29
advanced,30813,31
advanced,30814,30
advanced,30815,9
advanced,30816,42
advanced,30817,26
advanced,30818,27
advanced,30819,14
advanced,30820,26
advanced,30821,28
advanced,30822,53
advanced,30823,57
advanced,30824,41
advanced,30825,27
advanced,30826,19
advanced,30827,41
advanced,30828,48
advanced,30829,36
advanced,30830,29
advanced,30831,46
advanced,30832,28
advanced,30833,23
advanced,30834,32
advanced,30835,37
advanced,30836,57
advanced,30837,48
advanced,30838,40
advanced,30839,45
advanced,30840,48
advanced,30841,26
advanced,30842,51
advanced,30843,15
advanced,30844,30
advanced,30845,45
advanced,30846,21
advanced,30847,38
advanced,30848,27
advanced,30849,26
advanced,30850,43
advanced,30851,48
advanced,30852,44
advanced,30853,29
advanced,30854,18
advanced,30855,47
advanced,30856,15
advanced,30857,33
advanced,30858,60
advanced,30859,49
advanced,30860,20
advanced,30861,32
advanced,30862,35
advanced,30863,22
advanced,30864,13
advanced,30865,27
advanced,30866,34
advanced,30867,37
advanced,30868,24
advanced,30869,39
advanced,30870,13
advanced,30871,23
advanced,30872,30
advanced,30873,38
advanced,30874,9
advanced,30875,40
advanced,30876,36
advanced,30877,23
advanced,30878,26
advanced,30879,36
advanced,30880,43
advanced,30881,42
advanced,30882,23
advanced,30883,41
advanced,30884,46
advanced,30885,27
advanced,30886,33
advanced,30887,44
advanced,30888,32
advanced,30889,33
advanced,30890,25
advanced,30891,43
advanced,30892,36
advanced,30893,34
advanced,30894,35
advanced,30895,20
advanced,30896,62
advanced,30897,39
advanced,30898,27
advanced,30899,28
advanced,30900,36
advanced,30901,31
advanced,30902,39
advanced,30903,45
advanced,30904,46
advanced,30905,52
advanced,30906,24
advanced,30907,31
advanced,30908,44
advanced,30909,14
advanced,30910,115
advanced,30911,50
advanced,30912,36
advanced,30913,29
advanced,30914,21
advanced,30915,45
advanced,30916,37
advanced,30917,28
advanced,30918,41
advanced,30919,21
advanced,30920,33
advanced,30921,23
advanced,30922,41
advanced,30923,32
advanced,30924,36
advanced,30925,61
advanced,30926,28
advanced,30927,18
advanced,30928,8
advanced,30929,19
advanced,30930,53
advanced,30931,28
advanced,30932,19
advanced,30933,41
advanced,30934,33
advanced,30935,28
advanced,30936,31
advanced,30937,18
advanced,30938,29
advanced,30939,37
advanced,30940,31
advanced,30941,29
advanced,30942,32
advanced,30943,42
advanced,30944,28
advanced,30945,22
advanced,30946,20
advanced,30947,11
advanced,30948,85
advanced,30949,27
advanced,30950,57
advanced,30951,15
advanced,30952,18
advanced,30953,19
advanced,30954,21
advanced,30955,30
advanced,30956,47
advanced,30957,21
advanced,30958,38
advanced,30959,36
advanced,30960,34
advanced,30961,19
advanced,30962,34
advanced,30963,87
advanced,30964,29
advanced,30965,23
advanced,30966,16
advanced,30967,66
advanced,30968,34
advanced,30969,22
advanced,30970,26
advanced,30971,40
advanced,30972,53
advanced,30973,35
advanced,30974,32
advanced,30975,29
advanced,30976,22
advanced,30977,46
advanced,30978,44
advanced,30979,40
advanced,30980,27
advanced,30981,39
advanced,30982,20
advanced,30983,34
advanced,30984,45
advanced,30985,58
advanced,30986,22
advanced,30987,55
advanced,30988,83
advanced,30989,7
advanced,30990,14
advanced,30991,42
advanced,30992,38
advanced,30993,67
advanced,30994,34
advanced,30995,38
advanced,30996,44
advanced,30997,14
advanced,30998,36
advanced,30999,24
advanced,31000,39
advanced,31001,19
advanced,31002,30
advanced,31003,83
advanced,31004,18
advanced,31005,15
advanced,31006,15
advanced,31007,24
advanced,31008,45
advanced,31009,33
advanced,31010,39
advanced,31011,11
advanced,31012,20
advanced,31013,44
advanced,31014,40
advanced,31015,28
advanced,31016,44
advanced,31017,38
advanced,31018,39
advanced,31019,13
advanced,31020,42
advanced,31021,36
advanced,31022,63
advanced,31023,74
advanced,31024,28
advanced,31025,39
advanced,31026,44
advanced,31027,47
advanced,31028,30
advanced,31029,16
advanced,31030,34
advanced,31031,35
advanced,31032,49
advanced,31033,86
advanced,31034,41
advanced,31035,16
advanced,31036,13
advanced,31037,16
advanced,31038,27
advanced,31039,47
advanced,31040,39
advanced,31041,21
advanced,31042,55
advanced,31043,23
advanced,31044,22
advanced,31045,38
advanced,31046,45
advanced,31047,27
advanced,31048,32
advanced,31049,63
advanced,31050,31
advanced,31051,41
advanced,31052,33
advanced,31053,22
advanced,31054,35
advanced,31055,31
advanced,31056,29
advanced,31057,27
advanced,31058,7
advanced,31059,32
advanced,31060,43
advanced,31061,32
advanced,31062,32
advanced,31063,40
advanced,31064,37
advanced,31065,30
advanced,31066,29
advanced,31067,70
advanced,31068,32
advanced,31069,71
advanced,31070,22
advanced,31071,16
advanced,31072,32
advanced,31073,7
advanced,31074,41
advanced,31075,38
advanced,31076,32
advanced,31077,23
advanced,31078,47
advanced,31079,20
advanced,31080,41
advanced,31081,32
advanced,31082,23
advanced,31083,54
advanced,31084,23
advanced,31085,53
advanced,31086,26
advanced,31087,28
advanced,31088,33
advanced,31089,41
advanced,31090,21
advanced,31091,56
advanced,31092,45
advanced,31093,21
advanced,31094,56
advanced,31095,39
advanced,31096,30
advanced,31097,24
advanced,31098,22
advanced,31099,37
advanced,31100,34
advanced,31101,27
advanced,31102,64
advanced,31103,45
advanced,31104,29
advanced,31105,15
advanced,31106,73
advanced,31107,33
advanced,31108,32
advanced,31109,56
advanced,31110,42
advanced,31111,31
advanced,31112,31
advanced,31113,37
advanced,31114,27
advanced,31115,35
advanced,31116,39
advanced,31117,18
advanced,31118,35
advanced,31119,37
advanced,31120,36
advanced,31121,31
advanced,31122,26
advanced,31123,41
advanced,31124,31
advanced,31125,26
advanced,31126,30
advanced,31127,55
advanced,31128,24
advanced,31129,21
advanced,31130,58
advanced,31131,28
advanced,31132,49
advanced,31133,42
advanced,31134,38
advanced,31135,10
advanced,31136,53
advanced,31137,15
advanced,31138,32
advanced,31139,39
advanced,31140,37
advanced,31141,58
advanced,31142,18
advanced,31143,42
advanced,31144,30
advanced,31145,40
advanced,31146,27
advanced,31147,25
advanced,31148,29
advanced,31149,16
advanced,31150,23
advanced,31151,45
advanced,31152,48
advanced,31153,34
advanced,31154,12
advanced,31155,51
advanced,31156,26
advanced,31157,44
advanced,31158,47
advanced,31159,17
advanced,31160,14
advanced,31161,26
advanced,31162,35
advanced,31163,35
advanced,31164,52
advanced,31165,46
advanced,31166,57
advanced,31167,37
advanced,31168,17
advanced,31169,46
advanced,31170,31
advanced,31171,23
advanced,31172,40
advanced,31173,54
advanced,31174,21
advanced,31175,32
advanced,31176,16
advanced,31177,48
advanced,31178,13
advanced,31179,65
advanced,31180,43
advanced,31181,15
advanced,31182,43
advanced,31183,43
advanced,31184,31
advanced,31185,42
advanced,31186,21
advanced,31187,29
advanced,31188,40
advanced,31189,32
advanced,31190,28
advanced,31191,67
advanced,31192,22
advanced,31193,56
advanced,31194,32
advanced,31195,34
advanced,31196,68
advanced,31197,58
advanced,31198,47
advanced,31199,20
advanced,31200,46
advanced,31201,33
advanced,31202,47
advanced,31203,27
advanced,31204,56
advanced,31205,26
advanced,31206,62
advanced,31207,31
advanced,31208,22
advanced,31209,22
advanced,31210,20
advanced,31211,15
advanced,31212,22
advanced,31213,69
advanced,31214,45
advanced,31215,22
advanced,31216,43
advanced,31217,25
advanced,31218,61
advanced,31219,27
advanced,31220,43
advanced,31221,50
advanced,31222,27
advanced,31223,51
advanced,31224,11
advanced,31225,35
advanced,31226,24
advanced,31227,42
advanced,31228,37
advanced,31229,45
advanced,31230,19
advanced,31231,31
advanced,31232,44
advanced,31233,34
advanced,31234,42
advanced,31235,29
advanced,31236,36
advanced,31237,23
advanced,31238,43
advanced,31239,57
advanced,31240,31
advanced,31241,58
advanced,31242,42
advanced,31243,19
advanced,31244,28
advanced,31245,42
advanced,31246,30
advanced,31247,44
advanced,31248,27
advanced,31249,50
advanced,31250,29
advanced,31251,39
advanced,31252,46
advanced,31253,41
advanced,31254,62
advanced,31255,22
advanced,31256,37
advanced,31257,27
advanced,31258,20
advanced,31259,27
advanced,31260,29
advanced,31261,32
advanced,31262,12
advanced,31263,45
advanced,31264,46
advanced,31265,10
advanced,31266,59
advanced,31267,17
advanced,31268,42
advanced,31269,27
advanced,31270,31
advanced,31271,43
advanced,31272,27
advanced,31273,19
advanced,31274,20
advanced,31275,33
advanced,31276,54
advanced,31277,38
advanced,31278,43
advanced,31279,9
advanced,31280,67
advanced,31281,20
advanced,31282,47
advanced,31283,31
advanced,31284,22
advanced,31285,40
advanced,31286,34
advanced,31287,38
advanced,31288,33
advanced,31289,54
advanced,31290,15
advanced,31291,51
advanced,31292,48
advanced,31293,33
advanced,31294,41
advanced,31295,35
advanced,31296,22
advanced,31297,15
advanced,31298,49
advanced,31299,23
advanced,31300,34
advanced,31301,37
advanced,31302,31
advanced,31303,23
advanced,31304,39
advanced,31305,33
advanced,31306,18
advanced,31307,61
advanced,31308,21
advanced,31309,27
advanced,31310,39
advanced,31311,29
advanced,31312,35
advanced,31313,40
advanced,31314,37
advanced,31315,24
advanced,31316,30
advanced,31317,62
advanced,31318,43
advanced,31319,26
advanced,31320,44
advanced,31321,24
advanced,31322,55
advanced,31323,27
advanced,31324,51
advanced,31325,46
advanced,31326,52
advanced,31327,36
advanced,31328,27
advanced,31329,31
advanced,31330,40
advanced,31331,20
advanced,31332,41
advanced,31333,33
advanced,31334,29
advanced,31335,30
advanced,31336,41
advanced,31337,25
advanced,31338,45
advanced,31339,16
advanced,31340,20
advanced,31341,48
advanced,31342,41
advanced,31343,42
advanced,31344,34
advanced,31345,31
advanced,31346,31
advanced,31347,46
advanced,31348,21
advanced,31349,21
advanced,31350,35
advanced,31351,49
advanced,31352,22
advanced,31353,33
advanced,31354,36
advanced,31355,38
advanced,31356,61
advanced,31357,53
advanced,31358,39
advanced,31359,59
advanced,31360,29
advanced,31361,27
advanced,31362,20
advanced,31363,31
advanced,31364,35
advanced,31365,122
advanced,31366,47
advanced,31367,49
advanced,31368,29
advanced,31369,65
advanced,31370,44
advanced,31371,30
advanced,31372,25
advanced,31373,26
advanced,31374,39
advanced,31375,21
advanced,31376,20
advanced,31377,34
advanced,31378,57
advanced,31379,27
advanced,31380,32
advanced,31381,30
advanced,31382,22
advanced,31383,50
advanced,31384,34
advanced,31385,40
advanced,31386,28
advanced,31387,24
advanced,31388,46
advanced,31389,45
advanced,31390,23
advanced,31391,26
advanced,31392,48
advanced,31393,29
advanced,31394,24
advanced,31395,17
advanced,31396,30
advanced,31397,57
advanced,31398,44
advanced,31399,17
advanced,31400,32
advanced,31401,32
advanced,31402,23
advanced,31403,18
advanced,31404,29
advanced,31405,42
advanced,31406,23
advanced,31407,25
advanced,31408,57
advanced,31409,55
advanced,31410,35
advanced,31411,41
advanced,31412,29
advanced,31413,20
advanced,31414,27
advanced,31415,38
advanced,31416,24
advanced,31417,38
advanced,31418,41
advanced,31419,33
advanced,31420,45
advanced,31421,47
advanced,31422,20
advanced,31423,38
advanced,31424,23
advanced,31425,36
advanced,31426,26
advanced,31427,32
advanced,31428,34
advanced,31429,40
advanced,31430,22
advanced,31431,43
advanced,31432,26
advanced,31433,23
advanced,31434,41
advanced,31435,40
advanced,31436,51
advanced,31437,21
advanced,31438,50
advanced,31439,44
advanced,31440,47
advanced,31441,40
advanced,31442,26
advanced,31443,61
advanced,31444,73
advanced,31445,20
advanced,31446,19
advanced,31447,42
advanced,31448,42
advanced,31449,44
advanced,31450,30
advanced,31451,54
advanced,31452,28
advanced,31453,40
advanced,31454,29
advanced,31455,43
advanced,31456,64
advanced,31457,24
advanced,31458,50
advanced,31459,45
advanced,31460,34
advanced,31461,15
advanced,31462,33
advanced,31463,31
advanced,31464,30
advanced,31465,31
advanced,31466,49
advanced,31467,24
advanced,31468,39
advanced,31469,34
advanced,31470,27
advanced,31471,31
advanced,31472,12
advanced,31473,32
advanced,31474,23
advanced,31475,48
advanced,31476,56
advanced,31477,23
advanced,31478,18
advanced,31479,24
advanced,31480,23
advanced,31481,32
advanced,31482,39
advanced,31483,48
advanced,31484,41
advanced,31485,53
advanced,31486,44
advanced,31487,21
advanced,31488,27
advanced,31489,65
advanced,31490,22
advanced,31491,20
advanced,31492,29
advanced,31493,40
advanced,31494,29
advanced,31495,36
advanced,31496,17
advanced,31497,27
advanced,31498,73
advanced,31499,71
advanced,31500,24
advanced,31501,15
advanced,31502,30
advanced,31503,44
advanced,31504,38
advanced,31505,57
advanced,31506,34
advanced,31507,29
advanced,31508,24
advanced,31509,37
advanced,31510,36
advanced,31511,41
advanced,31512,68
advanced,31513,31
advanced,31514,25
advanced,31515,41
advanced,31516,22
advanced,31517,54
advanced,31518,48
advanced,31519,36
advanced,31520,27
advanced,31521,51
advanced,31522,39
advanced,31523,23
advanced,31524,19
advanced,31525,62
advanced,31526,27
advanced,31527,15
advanced,31528,30
advanced,31529,37
advanced,31530,9
advanced,31531,21
advanced,31532,22
advanced,31533,21
advanced,31534,23
advanced,31535,38
advanced,31536,49
advanced,31537,69
advanced,31538,30
advanced,31539,30
advanced,31540,49
advanced,31541,53
advanced,31542,12
advanced,31543,37
advanced,31544,41
advanced,31545,36
advanced,31546,30
advanced,31547,26
advanced,31548,39
advanced,31549,52
advanced,31550,47
advanced,31551,29
advanced,31552,26
advanced,31553,27
advanced,31554,26
advanced,31555,42
advanced,31556,34
advanced,31557,39
advanced,31558,30
advanced,31559,20
advanced,31560,51
advanced,31561,25
advanced,31562,26
advanced,31563,55
advanced,31564,59
advanced,31565,17
advanced,31566,15
advanced,31567,7
advanced,31568,27
advanced,31569,29
advanced,31570,41
advanced,31571,34
advanced,31572,32
advanced,31573,41
advanced,31574,29
advanced,31575,43
advanced,31576,40
advanced,31577,31
advanced,31578,34
advanced,31579,20
advanced,31580,30
advanced,31581,21
advanced,31582,30
advanced,31583,49
advanced,31584,32
advanced,31585,63
advanced,31586,45
advanced,31587,33
advanced,31588,81
advanced,31589,29
advanced,31590,20
advanced,31591,53
advanced,31592,32
advanced,31593,48
advanced,31594,49
advanced,31595,34
advanced,31596,46
advanced,31597,43
advanced,31598,26
advanced,31599,24
advanced,31600,24
advanced,31601,39
advanced,31602,52
advanced,31603,35
advanced,31604,51
advanced,31605,41
advanced,31606,24
advanced,31607,28
advanced,31608,24
advanced,31609,51
advanced,31610,32
advanced,31611,20
advanced,31612,40
advanced,31613,39
advanced,31614,28
advanced,31615,32
advanced,31616,64
advanced,31617,60
advanced,31618,27
advanced,31619,80
advanced,31620,49
advanced,31621,40
advanced,31622,39
advanced,31623,34
advanced,31624,38
advanced,31625,26
advanced,31626,39
advanced,31627,32
advanced,31628,33
advanced,31629,62
advanced,31630,26
advanced,31631,75
advanced,31632,51
advanced,31633,22
advanced,31634,29
advanced,31635,52
advanced,31636,19
advanced,31637,34
advanced,31638,36
advanced,31639,35
advanced,31640,19
advanced,31641,34
advanced,31642,16
advanced,31643,69
advanced,31644,52
advanced,31645,23
advanced,31646,31
advanced,31647,25
advanced,31648,7
advanced,31649,30
advanced,31650,45
advanced,31651,42
advanced,31652,44
advanced,31653,25
advanced,31654,39
advanced,31655,43
advanced,31656,34
advanced,31657,50
advanced,31658,34
advanced,31659,37
advanced,31660,38
advanced,31661,62
advanced,31662,32
advanced,31663,30
advanced,31664,32
advanced,31665,34
advanced,31666,36
advanced,31667,46
advanced,31668,22
advanced,31669,55
advanced,31670,26
advanced,31671,20
advanced,31672,35
advanced,31673,29
advanced,31674,52
advanced,31675,48
advanced,31676,38
advanced,31677,26
advanced,31678,31
advanced,31679,69
advanced,31680,30
advanced,31681,35
advanced,31682,33
advanced,31683,38
advanced,31684,30
advanced,31685,36
advanced,31686,25
advanced,31687,15
advanced,31688,16
advanced,31689,18
advanced,31690,23
advanced,31691,44
advanced,31692,24
advanced,31693,30
advanced,31694,38
advanced,31695,23
advanced,31696,38
advanced,31697,31
advanced,31698,29
advanced,31699,39
advanced,31700,39
advanced,31701,36
advanced,31702,31
advanced,31703,40
advanced,31704,48
advanced,31705,22
advanced,31706,37
advanced,31707,52
advanced,31708,54
advanced,31709,36
advanced,31710,15
advanced,31711,27
advanced,31712,37
advanced,31713,32
advanced,31714,85
advanced,31715,56
advanced,31716,24
advanced,31717,52
advanced,31718,57
advanced,31719,26
advanced,31720,8
advanced,31721,52
advanced,31722,42
advanced,31723,87
advanced,31724,54
advanced,31725,47
advanced,31726,27
advanced,31727,16
advanced,31728,37
advanced,31729,38
advanced,31730,33
advanced,31731,61
advanced,31732,45
advanced,31733,48
advanced,31734,38
advanced,31735,48
advanced,31736,44
advanced,31737,33
advanced,31738,31
advanced,31739,57
advanced,31740,38
advanced,31741,34
advanced,31742,61
advanced,31743,38
advanced,31744,27
advanced,31745,42
advanced,31746,75
advanced,31747,15
advanced,31748,29
advanced,31749,30
advanced,31750,31
advanced,31751,26
advanced,31752,39
advanced,31753,15
advanced,31754,64
advanced,31755,41
advanced,31756,60
advanced,31757,36
advanced,31758,48
advanced,31759,29
advanced,31760,20
advanced,31761,54
advanced,31762,26
advanced,31763,59
advanced,31764,30
advanced,31765,74
advanced,31766,57
advanced,31767,31
advanced,31768,26
advanced,31769,50
advanced,31770,22
advanced,31771,27
advanced,31772,32
advanced,31773,58
advanced,31774,34
advanced,31775,37
advanced,31776,35
advanced,31777,15
advanced,31778,30
advanced,31779,38
advanced,31780,50
advanced,31781,20
advanced,31782,22
advanced,31783,38
advanced,31784,51
advanced,31785,18
advanced,31786,16
advanced,31787,27
advanced,31788,15
advanced,31789,45
advanced,31790,30
advanced,31791,24
advanced,31792,36
advanced,31793,25
advanced,31794,27
advanced,31795,20
advanced,31796,42
advanced,31797,30
advanced,31798,51
advanced,31799,25
advanced,31800,37
advanced,31801,23
advanced,31802,29
advanced,31803,26
advanced,31804,46
advanced,31805,59
advanced,31806,38
advanced,31807,37
advanced,31808,58
advanced,31809,59
advanced,31810,32
advanced,31811,67
advanced,31812,24
advanced,31813,10
advanced,31814,30
advanced,31815,27
advanced,31816,30
advanced,31817,42
advanced,31818,25
advanced,31819,49
advanced,31820,30
advanced,31821,31
advanced,31822,25
advanced,31823,36
advanced,31824,36
advanced,31825,29
advanced,31826,19
advanced,31827,73
advanced,31828,29
advanced,31829,27
advanced,31830,23
advanced,31831,42
advanced,31832,30
advanced,31833,18
advanced,31834,24
advanced,31835,40
advanced,31836,40
advanced,31837,20
advanced,31838,45
advanced,31839,35
advanced,31840,68
advanced,31841,26
advanced,31842,23
advanced,31843,58
advanced,31844,38
advanced,31845,9
advanced,31846,38
advanced,31847,54
advanced,31848,34
advanced,31849,13
advanced,31850,14
advanced,31851,28
advanced,31852,46
advanced,31853,34
advanced,31854,15
advanced,31855,52
advanced,31856,37
advanced,31857,38
advanced,31858,51
advanced,31859,50
advanced,31860,40
advanced,31861,30
advanced,31862,23
advanced,31863,28
advanced,31864,59
advanced,31865,36
advanced,31866,39
advanced,31867,43
advanced,31868,44
advanced,31869,41
advanced,31870,34
advanced,31871,47
advanced,31872,20
advanced,31873,34
advanced,31874,44
advanced,31875,31
advanced,31876,16
advanced,31877,47
advanced,31878,50
advanced,31879,27
advanced,31880,16
advanced,31881,30
advanced,31882,65
advanced,31883,38
advanced,31884,34
advanced,31885,43
advanced,31886,38
advanced,31887,59
advanced,31888,39
advanced,31889,17
advanced,31890,56
advanced,31891,39
advanced,31892,56
advanced,31893,29
advanced,31894,50
advanced,31895,25
advanced,31896,44
advanced,31897,10
advanced,31898,52
advanced,31899,30
advanced,31900,22
advanced,31901,34
advanced,31902,27
advanced,31903,32
advanced,31904,38
advanced,31905,31
advanced,31906,50
advanced,31907,43
advanced,31908,46
advanced,31909,24
advanced,31910,38
advanced,31911,23
advanced,31912,12
advanced,31913,59
advanced,31914,27
advanced,31915,76
advanced,31916,17
advanced,31917,47
advanced,31918,72
advanced,31919,27
advanced,31920,28
advanced,31921,44
advanced,31922,26
advanced,31923,25
advanced,31924,17
advanced,31925,33
advanced,31926,34
advanced,31927,22
advanced,31928,50
advanced,31929,19
advanced,31930,27
advanced,31931,28
advanced,31932,35
advanced,31933,28
advanced,31934,26
advanced,31935,38
advanced,31936,42
advanced,31937,45
advanced,31938,33
advanced,31939,25
advanced,31940,54
advanced,31941,20
advanced,31942,38
advanced,31943,41
advanced,31944,30
advanced,31945,26
advanced,31946,41
advanced,31947,30
advanced,31948,8
advanced,31949,20
advanced,31950,43
advanced,31951,30
advanced,31952,23
advanced,31953,16
advanced,31954,59
advanced,31955,62
advanced,31956,37
advanced,31957,32
advanced,31958,48
advanced,31959,15
advanced,31960,28
advanced,31961,38
advanced,31962,41
advanced,31963,39
advanced,31964,35
advanced,31965,19
advanced,31966,28
advanced,31967,24
advanced,31968,19
advanced,31969,18
advanced,31970,33
advanced,31971,36
advanced,31972,47
advanced,31973,28
advanced,31974,49
advanced,31975,36
advanced,31976,40
advanced,31977,31
advanced,31978,37
advanced,31979,27
advanced,31980,70
advanced,31981,30
advanced,31982,17
advanced,31983,36
advanced,31984,20
advanced,31985,34
advanced,31986,73
advanced,31987,10
advanced,31988,22
advanced,31989,43
advanced,31990,15
advanced,31991,20
advanced,31992,14
advanced,31993,35
advanced,31994,22
advanced,31995,29
advanced,31996,28
advanced,31997,40
advanced,31998,60
advanced,31999,53
advanced,32000,31
advanced,32001,31
advanced,32002,23
advanced,32003,33
advanced,32004,32
advanced,32005,48
advanced,32006,65
advanced,32007,22
advanced,32008,49
advanced,32009,21
advanced,32010,29
advanced,32011,37
advanced,32012,48
advanced,32013,35
advanced,32014,60
advanced,32015,20
advanced,32016,25
advanced,32017,29
advanced,32018,45
advanced,32019,63
advanced,32020,52
advanced,32021,25
advanced,32022,34
advanced,32023,43
advanced,32024,44
advanced,32025,35
advanced,32026,47
advanced,32027,37
advanced,32028,36
advanced,32029,60
advanced,32030,17
advanced,32031,73
advanced,32032,58
advanced,32033,40
advanced,32034,37
advanced,32035,70
advanced,32036,34
advanced,32037,13
advanced,32038,26
advanced,32039,30
advanced,32040,22
advanced,32041,26
advanced,32042,40
advanced,32043,32
advanced,32044,40
advanced,32045,29
advanced,32046,39
advanced,32047,13
advanced,32048,29
advanced,32049,37
advanced,32050,44
advanced,32051,34
advanced,32052,42
advanced,32053,25
advanced,32054,36
advanced,32055,44
advanced,32056,31
advanced,32057,38
advanced,32058,22
advanced,32059,19
advanced,32060,45
advanced,32061,24
advanced,32062,53
advanced,32063,22
advanced,32064,21
advanced,32065,30
advanced,32066,46
advanced,32067,13
advanced,32068,36
advanced,32069,29
advanced,32070,23
advanced,32071,46
advanced,32072,19
advanced,32073,47
advanced,32074,49
advanced,32075,32
advanced,32076,22
advanced,32077,21
advanced,32078,49
advanced,32079,25
advanced,32080,45
advanced,32081,38
advanced,32082,49
advanced,32083,37
advanced,32084,45
advanced,32085,24
advanced,32086,14
advanced,32087,45
advanced,32088,30
advanced,32089,77
advanced,32090,24
advanced,32091,38
advanced,32092,15
advanced,32093,55
advanced,32094,34
advanced,32095,17
advanced,32096,43
advanced,32097,44
advanced,32098,42
advanced,32099,30
advanced,32100,66
advanced,32101,38
advanced,32102,6
advanced,32103,46
advanced,32104,31
advanced,32105,26
advanced,32106,33
advanced,32107,54
advanced,32108,24
advanced,32109,16
advanced,32110,39
advanced,32111,26
advanced,32112,57
advanced,32113,31
advanced,32114,29
advanced,32115,46
advanced,32116,49
advanced,32117,39
advanced,32118,21
advanced,32119,55
advanced,32120,32
advanced,32121,21
advanced,32122,51
advanced,32123,20
advanced,32124,29
advanced,32125,55
advanced,32126,39
advanced,32127,27
advanced,32128,52
advanced,32129,31
advanced,32130,36
advanced,32131,19
advanced,32132,43
advanced,32133,21
advanced,32134,55
advanced,32135,44
advanced,32136,34
advanced,32137,35
advanced,32138,52
advanced,32139,25
advanced,32140,36
advanced,32141,41
advanced,32142,25
advanced,32143,41
advanced,32144,22
advanced,32145,31
advanced,32146,55
advanced,32147,35
advanced,32148,31
advanced,32149,14
advanced,32150,24
advanced,32151,35
advanced,32152,35
advanced,32153,32
advanced,32154,29
advanced,32155,38
advanced,32156,16
advanced,32157,23
advanced,32158,60
advanced,32159,39
advanced,32160,39
advanced,32161,44
advanced,32162,34
advanced,32163,35
advanced,32164,26
advanced,32165,48
advanced,32166,33
advanced,32167,35
advanced,32168,23
advanced,32169,11
advanced,32170,49
advanced,32171,10
advanced,32172,18
advanced,32173,27
advanced,32174,70
advanced,32175,67
advanced,32176,20
advanced,32177,28
advanced,32178,37
advanced,32179,27
advanced,32180,38
advanced,32181,47
advanced,32182,43
advanced,32183,31
advanced,32184,59
advanced,32185,36
advanced,32186,37
advanced,32187,44
advanced,32188,52
advanced,32189,29
advanced,32190,38
advanced,32191,38
advanced,32192,57
advanced,32193,31
advanced,32194,34
advanced,32195,69
advanced,32196,32
advanced,32197,38
advanced,32198,22
advanced,32199,17
advanced,32200,35
advanced,32201,58
advanced,32202,48
advanced,32203,45
advanced,32204,26
advanced,32205,61
advanced,32206,17
advanced,32207,24
advanced,32208,32
advanced,32209,52
advanced,32210,39
advanced,32211,29
advanced,32212,28
advanced,32213,21
advanced,32214,29
advanced,32215,26
advanced,32216,17
advanced,32217,18
advanced,32218,23
advanced,32219,19
advanced,32220,57
advanced,32221,45
advanced,32222,20
advanced,32223,90
advanced,32224,38
advanced,32225,38
advanced,32226,27
advanced,32227,22
advanced,32228,43
advanced,32229,26
advanced,32230,32
advanced,32231,38
advanced,32232,43
advanced,32233,16
advanced,32234,25
advanced,32235,27
advanced,32236,27
advanced,32237,59
advanced,32238,48
advanced,32239,33
advanced,32240,44
advanced,32241,28
advanced,32242,37
advanced,32243,28
advanced,32244,10
advanced,32245,22
advanced,32246,20
advanced,32247,36
advanced,32248,13
advanced,32249,33
advanced,32250,17
advanced,32251,41
advanced,32252,22
advanced,32253,30
advanced,32254,38
advanced,32255,13
advanced,32256,88
advanced,32257,23
advanced,32258,31
advanced,32259,34
advanced,32260,39
advanced,32261,26
advanced,32262,21
advanced,32263,44
advanced,32264,41
advanced,32265,15
advanced,32266,26
advanced,32267,37
advanced,32268,22
advanced,32269,52
advanced,32270,26
advanced,32271,27
advanced,32272,40
advanced,32273,28
advanced,32274,56
advanced,32275,30
advanced,32276,17
advanced,32277,52
advanced,32278,36
advanced,32279,29
advanced,32280,21
advanced,32281,48
advanced,32282,18
advanced,32283,55
advanced,32284,21
advanced,32285,26
advanced,32286,33
advanced,32287,20
advanced,32288,49
advanced,32289,18
advanced,32290,46
advanced,32291,26
advanced,32292,59
advanced,32293,53
advanced,32294,46
advanced,32295,30
advanced,32296,33
advanced,32297,30
advanced,32298,53
advanced,32299,45
advanced,32300,41
advanced,32301,31
advanced,32302,46
advanced,32303,26
advanced,32304,49
advanced,32305,62
advanced,32306,22
advanced,32307,39
advanced,32308,31
advanced,32309,25
advanced,32310,31
advanced,32311,47
advanced,32312,22
advanced,32313,27
advanced,32314,24
advanced,32315,53
advanced,32316,27
advanced,32317,19
advanced,32318,26
advanced,32319,34
advanced,32320,21
advanced,32321,40
advanced,32322,23
advanced,32323,55
advanced,32324,37
advanced,32325,34
advanced,32326,40
advanced,32327,35
advanced,32328,27
advanced,32329,28
advanced,32330,62
advanced,32331,54
advanced,32332,33
advanced,32333,41
advanced,32334,23
advanced,32335,55
advanced,32336,49
advanced,32337,26
advanced,32338,66
advanced,32339,41
advanced,32340,27
advanced,32341,27
advanced,32342,34
advanced,32343,28
advanced,32344,21
advanced,32345,47
advanced,32346,40
advanced,32347,20
advanced,32348,24
advanced,32349,16
advanced,32350,32
advanced,32351,68
advanced,32352,13
advanced,32353,26
advanced,32354,23
advanced,32355,31
advanced,32356,25
advanced,32357,34
advanced,32358,33
advanced,32359,24
advanced,32360,47
advanced,32361,22
advanced,32362,25
advanced,32363,35
advanced,32364,25
advanced,32365,21
advanced,32366,36
advanced,32367,37
advanced,32368,35
advanced,32369,31
advanced,32370,32
advanced,32371,35
advanced,32372,29
advanced,32373,28
advanced,32374,67
advanced,32375,22
advanced,32376,34
advanced,32377,31
advanced,32378,32
advanced,32379,32
advanced,32380,18
advanced,32381,17
advanced,32382,35
advanced,32383,35
advanced,32384,33
advanced,32385,30
advanced,32386,42
advanced,32387,21
advanced,32388,36
advanced,32389,33
advanced,32390,28
advanced,32391,24
advanced,32392,40
advanced,32393,19
advanced,32394,40
advanced,32395,19
advanced,32396,26
advanced,32397,22
advanced,32398,40
advanced,32399,45
advanced,32400,28
advanced,32401,38
advanced,32402,24
advanced,32403,30
advanced,32404,51
advanced,32405,25
advanced,32406,22
advanced,32407,33
advanced,32408,46
advanced,32409,48
advanced,32410,16
advanced,32411,53
advanced,32412,55
advanced,32413,31
advanced,32414,32
advanced,32415,31
advanced,32416,41
advanced,32417,38
advanced,32418,12
advanced,32419,13
advanced,32420,27
advanced,32421,44
advanced,32422,41
advanced,32423,23
advanced,32424,12
advanced,32425,29
advanced,32426,24
advanced,32427,33
advanced,32428,35
advanced,32429,66
advanced,32430,29
advanced,32431,43
advanced,32432,50
advanced,32433,43
advanced,32434,38
advanced,32435,39
advanced,32436,25
advanced,32437,29
advanced,32438,32
advanced,32439,36
advanced,32440,23
advanced,32441,33
advanced,32442,37
advanced,32443,29
advanced,32444,65
advanced,32445,18
advanced,32446,45
advanced,32447,66
advanced,32448,30
advanced,32449,34
advanced,32450,35
advanced,32451,24
advanced,32452,46
advanced,32453,65
advanced,32454,19
advanced,32455,34
advanced,32456,55
advanced,32457,45
advanced,32458,10
advanced,32459,26
advanced,32460,23
advanced,32461,59
advanced,32462,31
advanced,32463,57
advanced,32464,21
advanced,32465,32
advanced,32466,88
advanced,32467,61
advanced,32468,26
advanced,32469,24
advanced,32470,53
advanced,32471,27
advanced,32472,19
advanced,32473,25
advanced,32474,56
advanced,32475,18
advanced,32476,20
advanced,32477,64
advanced,32478,55
advanced,32479,32
advanced,32480,40
advanced,32481,36
advanced,32482,24
advanced,32483,37
advanced,32484,30
advanced,32485,23
advanced,32486,47
advanced,32487,25
advanced,32488,31
advanced,32489,41
advanced,32490,43
advanced,32491,58
advanced,32492,44
advanced,32493,57
advanced,32494,42
advanced,32495,25
advanced,32496,33
advanced,32497,15
advanced,32498,39
advanced,32499,43
advanced,32500,20
advanced,32501,30
advanced,32502,56
advanced,32503,10
advanced,32504,27
advanced,32505,39
advanced,32506,49
advanced,32507,31
advanced,32508,35
advanced,32509,18
advanced,32510,27
advanced,32511,54
advanced,32512,34
advanced,32513,38
advanced,32514,44
advanced,32515,17
advanced,32516,26
advanced,32517,24
advanced,32518,32
advanced,32519,25
advanced,32520,20
advanced,32521,37
advanced,32522,24
advanced,32523,29
advanced,32524,55
advanced,32525,27
advanced,32526,26
advanced,32527,19
advanced,32528,53
advanced,32529,36
advanced,32530,45
advanced,32531,48
advanced,32532,76
advanced,32533,35
advanced,32534,37
advanced,32535,48
advanced,32536,60
advanced,32537,45
advanced,32538,22
advanced,32539,50
advanced,32540,20
advanced,32541,20
advanced,32542,44
advanced,32543,25
advanced,32544,13
advanced,32545,35
advanced,32546,17
advanced,32547,53
advanced,32548,22
advanced,32549,12
advanced,32550,35
advanced,32551,21
advanced,32552,35
advanced,32553,38
advanced,32554,48
advanced,32555,31
advanced,32556,24
advanced,32557,37
advanced,32558,36
advanced,32559,50
advanced,32560,66
advanced,32561,31
advanced,32562,21
advanced,32563,35
advanced,32564,31
advanced,32565,43
advanced,32566,32
advanced,32567,22
advanced,32568,39
advanced,32569,78
advanced,32570,25
advanced,32571,32
advanced,32572,52
advanced,32573,77
advanced,32574,64
advanced,32575,38
advanced,32576,30
advanced,32577,33
advanced,32578,56
advanced,32579,34
advanced,32580,44
advanced,32581,23
advanced,32582,16
advanced,32583,34
advanced,32584,41
advanced,32585,20
advanced,32586,65
advanced,32587,28
advanced,32588,16
advanced,32589,23
advanced,32590,35
advanced,32591,39
advanced,32592,13
advanced,32593,33
advanced,32594,17
advanced,32595,19
advanced,32596,59
advanced,32597,38
advanced,32598,37
advanced,32599,27
advanced,32600,104
advanced,32601,50
advanced,32602,44
advanced,32603,41
advanced,32604,15
advanced,32605,28
advanced,32606,38
advanced,32607,27
advanced,32608,29
advanced,32609,13
advanced,32610,43
advanced,32611,30
advanced,32612,13
advanced,32613,23
advanced,32614,43
advanced,32615,48
advanced,32616,46
advanced,32617,16
advanced,32618,35
advanced,32619,14
advanced,32620,34
advanced,32621,30
advanced,32622,29
advanced,32623,19
advanced,32624,22
advanced,32625,14
advanced,32626,36
advanced,32627,31
advanced,32628,34
advanced,32629,31
advanced,32630,34
advanced,32631,19
advanced,32632,53
advanced,32633,47
advanced,32634,53
advanced,32635,22
advanced,32636,23
advanced,32637,30
advanced,32638,91
advanced,32639,50
advanced,32640,23
advanced,32641,50
advanced,32642,23
advanced,32643,49
advanced,32644,30
advanced,32645,44
advanced,32646,26
advanced,32647,23
advanced,32648,30
advanced,32649,106
advanced,32650,47
advanced,32651,17
advanced,32652,24
advanced,32653,8
advanced,32654,31
advanced,32655,29
advanced,32656,15
advanced,32657,48
advanced,32658,17
advanced,32659,47
advanced,32660,15
advanced,32661,40
advanced,32662,42
advanced,32663,38
advanced,32664,39
advanced,32665,23
advanced,32666,20
advanced,32667,51
advanced,32668,26
advanced,32669,27
advanced,32670,18
advanced,32671,42
advanced,32672,49
advanced,32673,36
advanced,32674,11
advanced,32675,11
advanced,32676,34
advanced,32677,26
advanced,32678,48
advanced,32679,24
advanced,32680,57
advanced,32681,29
advanced,32682,10
advanced,32683,30
advanced,32684,17
advanced,32685,20
advanced,32686,36
advanced,32687,51
advanced,32688,43
advanced,32689,64
advanced,32690,29
advanced,32691,40
advanced,32692,12
advanced,32693,34
advanced,32694,26
advanced,32695,53
advanced,32696,36
advanced,32697,28
advanced,32698,38
advanced,32699,43
advanced,32700,30
advanced,32701,40
advanced,32702,23
advanced,32703,28
advanced,32704,26
advanced,32705,29
advanced,32706,23
advanced,32707,49
advanced,32708,28
advanced,32709,35
advanced,32710,27
advanced,32711,27
advanced,32712,32
advanced,32713,38
advanced,32714,19
advanced,32715,45
advanced,32716,36
advanced,32717,51
advanced,32718,39
advanced,32719,64
advanced,32720,30
advanced,32721,38
advanced,32722,38
advanced,32723,27
advanced,32724,28
advanced,32725,21
advanced,32726,26
advanced,32727,35
advanced,32728,45
advanced,32729,35
advanced,32730,42
advanced,32731,39
advanced,32732,37
advanced,32733,48
advanced,32734,37
advanced,32735,108
advanced,32736,33
advanced,32737,39
advanced,32738,17
advanced,32739,24
advanced,32740,41
advanced,32741,38
advanced,32742,33
advanced,32743,21
advanced,32744,34
advanced,32745,50
advanced,32746,25
advanced,32747,46
advanced,32748,36
advanced,32749,45
advanced,32750,42
advanced,32751,73
advanced,32752,65
advanced,32753,33
advanced,32754,27
advanced,32755,47
advanced,32756,36
advanced,32757,60
advanced,32758,19
advanced,32759,17
advanced,32760,28
advanced,32761,29
advanced,32762,26
advanced,32763,45
advanced,32764,39
advanced,32765,27
advanced,32766,31
advanced,32767,28
advanced,32768,36
advanced,32769,39
advanced,32770,50
advanced,32771,25
advanced,32772,21
advanced,32773,42
advanced,32774,18
advanced,32775,16
advanced,32776,26
advanced,32777,21
advanced,32778,67
advanced,32779,19
advanced,32780,37
advanced,32781,20
advanced,32782,15
advanced,32783,10
advanced,32784,52
advanced,32785,34
advanced,32786,34
advanced,32787,78
advanced,32788,19
advanced,32789,29
advanced,32790,34
advanced,32791,40
advanced,32792,47
advanced,32793,33
advanced,32794,44
advanced,32795,42
advanced,32796,27
advanced,32797,28
advanced,32798,39
advanced,32799,31
advanced,32800,58
advanced,32801,36
advanced,32802,76
advanced,32803,51
advanced,32804,44
advanced,32805,49
advanced,32806,32
advanced,32807,19
advanced,32808,17
advanced,32809,28
advanced,32810,19
advanced,32811,13
advanced,32812,29
advanced,32813,26
advanced,32814,74
advanced,32815,24
advanced,32816,35
advanced,32817,20
advanced,32818,60
advanced,32819,37
advanced,32820,25
advanced,32821,29
advanced,32822,27
advanced,32823,30
advanced,32824,19
advanced,32825,18
advanced,32826,30
advanced,32827,49
advanced,32828,40
advanced,32829,36
advanced,32830,36
advanced,32831,51
advanced,32832,37
advanced,32833,48
advanced,32834,25
advanced,32835,22
advanced,32836,60
advanced,32837,21
advanced,32838,34
advanced,32839,53
advanced,32840,23
advanced,32841,46
advanced,32842,44
advanced,32843,71
advanced,32844,20
advanced,32845,31
advanced,32846,35
advanced,32847,48
advanced,32848,20
advanced,32849,33
advanced,32850,35
advanced,32851,16
advanced,32852,45
advanced,32853,39
advanced,32854,26
advanced,32855,42
advanced,32856,7
advanced,32857,50
advanced,32858,49
advanced,32859,23
advanced,32860,58
advanced,32861,25
advanced,32862,35
advanced,32863,17
advanced,32864,52
advanced,32865,79
advanced,32866,52
advanced,32867,16
advanced,32868,50
advanced,32869,36
advanced,32870,29
advanced,32871,26
advanced,32872,25
advanced,32873,41
advanced,32874,18
advanced,32875,18
advanced,32876,15
advanced,32877,51
advanced,32878,20
advanced,32879,38
advanced,32880,36
advanced,32881,52
advanced,32882,20
advanced,32883,38
advanced,32884,36
advanced,32885,31
advanced,32886,44
advanced,32887,29
advanced,32888,60
advanced,32889,25
advanced,32890,44
advanced,32891,27
advanced,32892,34
advanced,32893,57
advanced,32894,17
advanced,32895,47
advanced,32896,9
advanced,32897,16
advanced,32898,15
advanced,32899,42
advanced,32900,48
advanced,32901,42
advanced,32902,30
advanced,32903,54
advanced,32904,49
advanced,32905,41
advanced,32906,46
advanced,32907,30
advanced,32908,17
advanced,32909,23
advanced,32910,25
advanced,32911,21
advanced,32912,60
advanced,32913,36
advanced,32914,39
advanced,32915,39
advanced,32916,62
advanced,32917,24
advanced,32918,32
advanced,32919,53
advanced,32920,29
advanced,32921,76
advanced,32922,52
advanced,32923,29
advanced,32924,14
advanced,32925,22
advanced,32926,55
advanced,32927,35
advanced,32928,69
advanced,32929,39
advanced,32930,32
advanced,32931,17
advanced,32932,15
advanced,32933,54
advanced,32934,35
advanced,32935,38
advanced,32936,26
advanced,32937,60
advanced,32938,27
advanced,32939,17
advanced,32940,27
advanced,32941,50
advanced,32942,35
advanced,32943,57
advanced,32944,30
advanced,32945,20
advanced,32946,24
advanced,32947,34
advanced,32948,26
advanced,32949,32
advanced,32950,14
advanced,32951,24
advanced,32952,47
advanced,32953,63
advanced,32954,43
advanced,32955,40
advanced,32956,46
advanced,32957,35
advanced,32958,50
advanced,32959,39
advanced,32960,49
advanced,32961,20
advanced,32962,67
advanced,32963,26
advanced,32964,24
advanced,32965,24
advanced,32966,15
advanced,32967,49
advanced,32968,87
advanced,32969,39
advanced,32970,48
advanced,32971,24
advanced,32972,47
advanced,32973,51
advanced,32974,33
advanced,32975,38
advanced,32976,40
advanced,32977,72
advanced,32978,39
advanced,32979,39
advanced,32980,16
advanced,32981,20
advanced,32982,30
advanced,32983,41
advanced,32984,15
advanced,32985,24
advanced,32986,28
advanced,32987,46
advanced,32988,31
advanced,32989,26
advanced,32990,66
advanced,32991,50
advanced,32992,45
advanced,32993,22
advanced,32994,31
advanced,32995,24
advanced,32996,13
advanced,32997,57
advanced,32998,50
advanced,32999,39
advanced,33000,20
advanced,33001,35
advanced,33002,15
advanced,33003,10
advanced,33004,44
advanced,33005,56
advanced,33006,63
advanced,33007,53
advanced,33008,38
advanced,33009,46
advanced,33010,47
advanced,33011,48
advanced,33012,42
advanced,33013,42
advanced,33014,53
advanced,33015,13
advanced,33016,30
advanced,33017,40
advanced,33018,13
advanced,33019,24
advanced,33020,35
advanced,33021,31
advanced,33022,35
advanced,33023,50
advanced,33024,52
advanced,33025,65
advanced,33026,33
advanced,33027,80
advanced,33028,34
advanced,33029,19
advanced,33030,22
advanced,33031,85
advanced,33032,22
advanced,33033,35
advanced,33034,33
advanced,33035,26
advanced,33036,14
advanced,33037,35
advanced,33038,54
advanced,33039,35
advanced,33040,19
advanced,33041,29
advanced,33042,16
advanced,33043,41
advanced,33044,35
advanced,33045,53
advanced,33046,20
advanced,33047,15
advanced,33048,27
advanced,33049,25
advanced,33050,12
advanced,33051,61
advanced,33052,17
advanced,33053,22
advanced,33054,47
advanced,33055,32
advanced,33056,25
advanced,33057,29
advanced,33058,29
advanced,33059,52
advanced,33060,37
advanced,33061,55
advanced,33062,29
advanced,33063,36
advanced,33064,50
advanced,33065,35
advanced,33066,37
advanced,33067,90
advanced,33068,38
advanced,33069,34
advanced,33070,31
advanced,33071,20
advanced,33072,50
advanced,33073,30
advanced,33074,31
advanced,33075,32
advanced,33076,104
advanced,33077,44
advanced,33078,48
advanced,33079,18
advanced,33080,26
advanced,33081,28
advanced,33082,39
advanced,33083,26
advanced,33084,14
advanced,33085,33
advanced,33086,28
advanced,33087,70
advanced,33088,36
advanced,33089,42
advanced,33090,38
advanced,33091,17
advanced,33092,22
advanced,33093,44
advanced,33094,20
advanced,33095,29
advanced,33096,31
advanced,33097,37
advanced,33098,62
advanced,33099,119
advanced,33100,51
advanced,33101,29
advanced,33102,26
advanced,33103,36
advanced,33104,58
advanced,33105,54
advanced,33106,43
advanced,33107,38
advanced,33108,44
advanced,33109,24
advanced,33110,40
advanced,33111,47
advanced,33112,21
advanced,33113,37
advanced,33114,30
advanced,33115,50
advanced,33116,34
advanced,33117,24
advanced,33118,29
advanced,33119,38
advanced,33120,38
advanced,33121,35
advanced,33122,31
advanced,33123,48
advanced,33124,30
advanced,33125,25
advanced,33126,52
advanced,33127,39
advanced,33128,19
advanced,33129,39
advanced,33130,20
advanced,33131,51
advanced,33132,34
advanced,33133,25
advanced,33134,76
advanced,33135,19
advanced,33136,38
advanced,33137,17
advanced,33138,46
advanced,33139,40
advanced,33140,35
advanced,33141,42
advanced,33142,28
advanced,33143,38
advanced,33144,24
advanced,33145,18
advanced,33146,12
advanced,33147,15
advanced,33148,24
advanced,33149,24
advanced,33150,33
advanced,33151,29
advanced,33152,33
advanced,33153,59
advanced,33154,19
advanced,33155,24
advanced,33156,49
advanced,33157,27
advanced,33158,23
advanced,33159,35
advanced,33160,21
advanced,33161,30
advanced,33162,12
advanced,33163,49
advanced,33164,34
advanced,33165,32
advanced,33166,16
advanced,33167,41
advanced,33168,46
advanced,33169,23
advanced,33170,40
advanced,33171,35
advanced,33172,16
advanced,33173,41
advanced,33174,24
advanced,33175,44
advanced,33176,42
advanced,33177,49
advanced,33178,25
advanced,33179,46
advanced,33180,26
advanced,33181,33
advanced,33182,19
advanced,33183,40
advanced,33184,28
advanced,33185,59
advanced,33186,53
advanced,33187,47
advanced,33188,28
advanced,33189,45
advanced,33190,44
advanced,33191,24
advanced,33192,18
advanced,33193,66
advanced,33194,40
advanced,33195,40
advanced,33196,44
advanced,33197,28
advanced,33198,32
advanced,33199,33
advanced,33200,38
advanced,33201,32
advanced,33202,45
advanced,33203,55
advanced,33204,26
advanced,33205,48
advanced,33206,41
advanced,33207,29
advanced,33208,21
advanced,33209,23
advanced,33210,38
advanced,33211,26
advanced,33212,28
advanced,33213,61
advanced,33214,11
advanced,33215,34
advanced,33216,49
advanced,33217,13
advanced,33218,58
advanced,33219,32
advanced,33220,58
advanced,33221,30
advanced,33222,27
advanced,33223,58
advanced,33224,8
advanced,33225,31
advanced,33226,39
advanced,33227,22
advanced,33228,20
advanced,33229,31
advanced,33230,19
advanced,33231,30
advanced,33232,66
advanced,33233,50
advanced,33234,44
advanced,33235,35
advanced,33236,37
advanced,33237,12
advanced,33238,49
advanced,33239,36
advanced,33240,58
advanced,33241,19
advanced,33242,48
advanced,33243,24
advanced,33244,40
advanced,33245,45
advanced,33246,83
advanced,33247,17
advanced,33248,25
advanced,33249,67
advanced,33250,27
advanced,33251,28
advanced,33252,41
advanced,33253,14
advanced,33254,33
advanced,33255,19
advanced,33256,41
advanced,33257,26
advanced,33258,37
advanced,33259,26
advanced,33260,38
advanced,33261,55
advanced,33262,49
advanced,33263,25
advanced,33264,33
advanced,33265,68
advanced,33266,33
advanced,33267,58
advanced,33268,35
advanced,33269,53
advanced,33270,59
advanced,33271,44
advanced,33272,21
advanced,33273,41
advanced,33274,17
advanced,33275,18
advanced,33276,22
advanced,33277,33
advanced,33278,26
advanced,33279,17
advanced,33280,47
advanced,33281,38
advanced,33282,35
advanced,33283,19
advanced,33284,39
advanced,33285,50
advanced,33286,26
advanced,33287,29
advanced,33288,26
advanced,33289,28
advanced,33290,28
advanced,33291,21
advanced,33292,42
advanced,33293,35
advanced,33294,14
advanced,33295,52
advanced,33296,32
advanced,33297,58
advanced,33298,35
advanced,33299,39
advanced,33300,42
advanced,33301,63
advanced,33302,37
advanced,33303,32
advanced,33304,20
advanced,33305,33
advanced,33306,31
advanced,33307,28
advanced,33308,20
advanced,33309,20
advanced,33310,21
advanced,33311,20
advanced,33312,49
advanced,33313,14
advanced,33314,28
advanced,33315,31
advanced,33316,47
advanced,33317,51
advanced,33318,23
advanced,33319,44
advanced,33320,39
advanced,33321,37
advanced,33322,22
advanced,33323,41
advanced,33324,34
advanced,33325,30
advanced,33326,20
advanced,33327,14
advanced,33328,30
advanced,33329,27
advanced,33330,43
advanced,33331,37
advanced,33332,19
advanced,33333,44
advanced,33334,41
advanced,33335,24
advanced,33336,31
advanced,33337,48
advanced,33338,42
advanced,33339,33
advanced,33340,12
advanced,33341,51
advanced,33342,23
advanced,33343,35
advanced,33344,34
advanced,33345,26
advanced,33346,31
advanced,33347,38
advanced,33348,27
advanced,33349,29
advanced,33350,36
advanced,33351,36
advanced,33352,51
advanced,33353,54
advanced,33354,42
advanced,33355,45
advanced,33356,49
advanced,33357,17
advanced,33358,13
advanced,33359,25
advanced,33360,50
advanced,33361,37
advanced,33362,31
advanced,33363,14
advanced,33364,61
advanced,33365,44
advanced,33366,48
advanced,33367,38
advanced,33368,30
advanced,33369,56
advanced,33370,26
advanced,33371,30
advanced,33372,27
advanced,33373,26
advanced,33374,63
advanced,33375,27
advanced,33376,17
advanced,33377,37
advanced,33378,19
advanced,33379,29
advanced,33380,32
advanced,33381,31
advanced,33382,17
advanced,33383,22
advanced,33384,48
advanced,33385,45
advanced,33386,92
advanced,33387,109
advanced,33388,33
advanced,33389,30
advanced,33390,25
advanced,33391,31
advanced,33392,38
advanced,33393,24
advanced,33394,41
advanced,33395,21
advanced,33396,23
advanced,33397,33
advanced,33398,32
advanced,33399,31
advanced,33400,32
advanced,33401,38
advanced,33402,22
advanced,33403,44
advanced,33404,26
advanced,33405,29
advanced,33406,43
advanced,33407,33
advanced,33408,36
advanced,33409,58
advanced,33410,7
advanced,33411,17
advanced,33412,43
advanced,33413,36
advanced,33414,69
advanced,33415,64
advanced,33416,35
advanced,33417,18
advanced,33418,37
advanced,33419,43
advanced,33420,21
advanced,33421,25
advanced,33422,27
advanced,33423,47
advanced,33424,36
advanced,33425,64
advanced,33426,67
advanced,33427,28
advanced,33428,33
advanced,33429,30
advanced,33430,47
advanced,33431,87
advanced,33432,26
advanced,33433,12
advanced,33434,24
advanced,33435,35
advanced,33436,24
advanced,33437,40
advanced,33438,31
advanced,33439,31
advanced,33440,57
advanced,33441,13
advanced,33442,37
advanced,33443,60
advanced,33444,53
advanced,33445,27
advanced,33446,44
advanced,33447,25
advanced,33448,28
advanced,33449,43
advanced,33450,49
advanced,33451,55
advanced,33452,40
advanced,33453,22
advanced,33454,74
advanced,33455,36
advanced,33456,18
advanced,33457,41
advanced,33458,32
advanced,33459,31
advanced,33460,22
advanced,33461,33
advanced,33462,16
advanced,33463,29
advanced,33464,37
advanced,33465,37
advanced,33466,28
advanced,33467,37
advanced,33468,31
advanced,33469,31
advanced,33470,21
advanced,33471,35
advanced,33472,22
advanced,33473,32
advanced,33474,34
advanced,33475,26
advanced,33476,30
advanced,33477,10
advanced,33478,13
advanced,33479,36
advanced,33480,25
advanced,33481,84
advanced,33482,39
advanced,33483,37
advanced,33484,35
advanced,33485,29
advanced,33486,28
advanced,33487,25
advanced,33488,34
advanced,33489,32
advanced,33490,26
advanced,33491,31
advanced,33492,49
advanced,33493,64
advanced,33494,16
advanced,33495,33
advanced,33496,19
advanced,33497,32
advanced,33498,35
advanced,33499,38
advanced,33500,31
advanced,33501,30
advanced,33502,37
advanced,33503,22
advanced,33504,54
advanced,33505,28
advanced,33506,26
advanced,33507,12
advanced,33508,62
advanced,33509,49
advanced,33510,34
advanced,33511,10
advanced,33512,44
advanced,33513,30
advanced,33514,50
advanced,33515,34
advanced,33516,30
advanced,33517,34
advanced,33518,27
advanced,33519,34
advanced,33520,33
advanced,33521,31
advanced,33522,38
advanced,33523,21
advanced,33524,24
advanced,33525,23
advanced,33526,46
advanced,33527,32
advanced,33528,33
advanced,33529,18
advanced,33530,66
advanced,33531,24
advanced,33532,21
advanced,33533,33
advanced,33534,43
advanced,33535,92
advanced,33536,43
advanced,33537,34
advanced,33538,41
advanced,33539,25
advanced,33540,28
advanced,33541,40
advanced,33542,30
advanced,33543,42
advanced,33544,32
advanced,33545,38
advanced,33546,16
advanced,33547,41
advanced,33548,20
advanced,33549,39
advanced,33550,32
advanced,33551,30
advanced,33552,45
advanced,33553,33
advanced,33554,33
advanced,33555,55
advanced,33556,35
advanced,33557,38
advanced,33558,24
advanced,33559,16
advanced,33560,27
advanced,33561,60
advanced,33562,29
advanced,33563,23
advanced,33564,48
advanced,33565,42
advanced,33566,33
advanced,33567,43
advanced,33568,30
advanced,33569,71
advanced,33570,34
advanced,33571,59
advanced,33572,43
advanced,33573,39
advanced,33574,38
advanced,33575,37
advanced,33576,10
advanced,33577,29
advanced,33578,41
advanced,33579,43
advanced,33580,19
advanced,33581,19
advanced,33582,21
advanced,33583,45
advanced,33584,36
advanced,33585,52
advanced,33586,45
advanced,33587,32
advanced,33588,52
advanced,33589,26
advanced,33590,49
advanced,33591,32
advanced,33592,45
advanced,33593,18
advanced,33594,33
advanced,33595,55
advanced,33596,41
advanced,33597,23
advanced,33598,44
advanced,33599,31
advanced,33600,20
advanced,33601,20
advanced,33602,39
advanced,33603,47
advanced,33604,11
advanced,33605,39
advanced,33606,45
advanced,33607,21
advanced,33608,33
advanced,33609,14
advanced,33610,34
advanced,33611,19
advanced,33612,45
advanced,33613,21
advanced,33614,32
advanced,33615,10
advanced,33616,35
advanced,33617,23
advanced,33618,48
advanced,33619,22
advanced,33620,28
advanced,33621,43
advanced,33622,29
advanced,33623,33
advanced,33624,40
advanced,33625,40
advanced,33626,46
advanced,33627,47
advanced,33628,29
advanced,33629,27
advanced,33630,30
advanced,33631,39
advanced,33632,33
advanced,33633,27
advanced,33634,23
advanced,33635,59
advanced,33636,40
advanced,33637,29
advanced,33638,49
advanced,33639,40
advanced,33640,24
advanced,33641,36
advanced,33642,25
advanced,33643,27
advanced,33644,31
advanced,33645,43
advanced,33646,38
advanced,33647,36
advanced,33648,37
advanced,33649,24
advanced,33650,11
advanced,33651,19
advanced,33652,20
advanced,33653,38
advanced,33654,30
advanced,33655,55
advanced,33656,20
advanced,33657,35
advanced,33658,31
advanced,33659,12
advanced,33660,27
advanced,33661,58
advanced,33662,33
advanced,33663,23
advanced,33664,23
advanced,33665,35
advanced,33666,27
advanced,33667,12
advanced,33668,23
advanced,33669,23
advanced,33670,53
advanced,33671,31
advanced,33672,48
advanced,33673,27
advanced,33674,14
advanced,33675,39
advanced,33676,37
advanced,33677,37
advanced,33678,31
advanced,33679,38
advanced,33680,45
advanced,33681,42
advanced,33682,32
advanced,33683,41
advanced,33684,51
advanced,33685,38
advanced,33686,81
advanced,33687,45
advanced,33688,43
advanced,33689,22
advanced,33690,28
advanced,33691,60
advanced,33692,38
advanced,33693,39
advanced,33694,31
advanced,33695,38
advanced,33696,45
advanced,33697,8
advanced,33698,20
advanced,33699,52
advanced,33700,13
advanced,33701,14
advanced,33702,12
advanced,33703,21
advanced,33704,86
advanced,33705,41
advanced,33706,26
advanced,33707,58
advanced,33708,26
advanced,33709,33
advanced,33710,16
advanced,33711,23
advanced,33712,42
advanced,33713,40
advanced,33714,36
advanced,33715,32
advanced,33716,38
advanced,33717,43
advanced,33718,61
advanced,33719,35
advanced,33720,31
advanced,33721,42
advanced,33722,38
advanced,33723,27
advanced,33724,46
advanced,33725,23
advanced,33726,27
advanced,33727,45
advanced,33728,62
advanced,33729,23
advanced,33730,48
advanced,33731,20
advanced,33732,47
advanced,33733,42
advanced,33734,58
advanced,33735,32
advanced,33736,30
advanced,33737,27
advanced,33738,27
advanced,33739,15
advanced,33740,34
advanced,33741,31
advanced,33742,22
advanced,33743,13
advanced,33744,23
advanced,33745,52
advanced,33746,36
advanced,33747,35
advanced,33748,24
advanced,33749,45
advanced,33750,18
advanced,33751,51
advanced,33752,53
advanced,33753,27
advanced,33754,30
advanced,33755,33
advanced,33756,28
advanced,33757,28
advanced,33758,53
advanced,33759,26
advanced,33760,34
advanced,33761,32
advanced,33762,22
advanced,33763,57
advanced,33764,35
advanced,33765,30
advanced,33766,10
advanced,33767,31
advanced,33768,53
advanced,33769,22
advanced,33770,35
advanced,33771,29
advanced,33772,33
advanced,33773,30
advanced,33774,28
advanced,33775,31
advanced,33776,47
advanced,33777,33
advanced,33778,46
advanced,33779,47
advanced,33780,16
advanced,33781,21
advanced,33782,23
advanced,33783,21
advanced,33784,29
advanced,33785,25
advanced,33786,27
advanced,33787,25
advanced,33788,29
advanced,33789,42
advanced,33790,42
advanced,33791,30
advanced,33792,20
advanced,33793,31
advanced,33794,33
advanced,33795,28
advanced,33796,49
advanced,33797,59
advanced,33798,27
advanced,33799,16
advanced,33800,38
advanced,33801,72
advanced,33802,22
advanced,33803,42
advanced,33804,37
advanced,33805,39
advanced,33806,50
advanced,33807,56
advanced,33808,51
advanced,33809,14
advanced,33810,13
advanced,33811,57
advanced,33812,40
advanced,33813,25
advanced,33814,49
advanced,33815,16
advanced,33816,17
advanced,33817,35
advanced,33818,23
advanced,33819,19
advanced,33820,34
advanced,33821,41
advanced,33822,22
advanced,33823,51
advanced,33824,28
advanced,33825,19
advanced,33826,53
advanced,33827,24
advanced,33828,39
advanced,33829,15
advanced,33830,40
advanced,33831,41
advanced,33832,31
advanced,33833,38
advanced,33834,21
advanced,33835,29
advanced,33836,20
advanced,33837,26
advanced,33838,31
advanced,33839,37
advanced,33840,29
advanced,33841,48
advanced,33842,22
advanced,33843,37
advanced,33844,25
advanced,33845,23
advanced,33846,28
advanced,33847,18
advanced,33848,83
advanced,33849,40
advanced,33850,25
advanced,33851,41
advanced,33852,29
advanced,33853,37
advanced,33854,36
advanced,33855,23
advanced,33856,52
advanced,33857,40
advanced,33858,56
advanced,33859,70
advanced,33860,33
advanced,33861,29
advanced,33862,20
advanced,33863,10
advanced,33864,70
advanced,33865,36
advanced,33866,48
advanced,33867,47
advanced,33868,45
advanced,33869,34
advanced,33870,47
advanced,33871,36
advanced,33872,50
advanced,33873,48
advanced,33874,18
advanced,33875,50
advanced,33876,36
advanced,33877,32
advanced,33878,48
advanced,33879,54
advanced,33880,46
advanced,33881,47
advanced,33882,33
advanced,33883,50
advanced,33884,20
advanced,33885,30
advanced,33886,43
advanced,33887,47
advanced,33888,30
advanced,33889,45
advanced,33890,30
advanced,33891,29
advanced,33892,41
advanced,33893,32
advanced,33894,22
advanced,33895,19
advanced,33896,72
advanced,33897,12
advanced,33898,37
advanced,33899,30
advanced,33900,47
advanced,33901,39
advanced,33902,63
advanced,33903,31
advanced,33904,28
advanced,33905,43
advanced,33906,36
advanced,33907,26
advanced,33908,31
advanced,33909,50
advanced,33910,47
advanced,33911,37
advanced,33912,38
advanced,33913,24
advanced,33914,35
advanced,33915,71
advanced,33916,15
advanced,33917,43
advanced,33918,13
advanced,33919,45
advanced,33920,44
advanced,33921,36
advanced,33922,78
advanced,33923,41
advanced,33924,37
advanced,33925,27
advanced,33926,52
advanced,33927,63
advanced,33928,34
advanced,33929,55
advanced,33930,34
advanced,33931,58
advanced,33932,37
advanced,33933,35
advanced,33934,23
advanced,33935,37
advanced,33936,52
advanced,33937,63
advanced,33938,35
advanced,33939,34
advanced,33940,30
advanced,33941,72
advanced,33942,33
advanced,33943,45
advanced,33944,51
advanced,33945,39
advanced,33946,40
advanced,33947,30
advanced,33948,52
advanced,33949,53
advanced,33950,68
advanced,33951,24
advanced,33952,32
advanced,33953,21
advanced,33954,32
advanced,33955,21
advanced,33956,28
advanced,33957,15
advanced,33958,42
advanced,33959,56
advanced,33960,43
advanced,33961,53
advanced,33962,35
advanced,33963,66
advanced,33964,46
advanced,33965,16
advanced,33966,26
advanced,33967,42
advanced,33968,64
advanced,33969,31
advanced,33970,59
advanced,33971,34
advanced,33972,46
advanced,33973,70
advanced,33974,36
advanced,33975,35
advanced,33976,60
advanced,33977,34
advanced,33978,17
advanced,33979,27
advanced,33980,28
advanced,33981,54
advanced,33982,29
advanced,33983,36
advanced,33984,34
advanced,33985,42
advanced,33986,42
advanced,33987,51
advanced,33988,18
advanced,33989,45
advanced,33990,19
advanced,33991,29
advanced,33992,27
advanced,33993,22
advanced,33994,33
advanced,33995,35
advanced,33996,12
advanced,33997,52
advanced,33998,31
advanced,33999,30
advanced,34000,20
advanced,34001,30
advanced,34002,23
advanced,34003,28
advanced,34004,18
advanced,34005,30
advanced,34006,14
advanced,34007,27
advanced,34008,33
advanced,34009,33
advanced,34010,38
advanced,34011,45
advanced,34012,15
advanced,34013,77
advanced,34014,44
advanced,34015,28
advanced,34016,38
advanced,34017,57
advanced,34018,53
advanced,34019,15
advanced,34020,14
advanced,34021,42
advanced,34022,37
advanced,34023,14
advanced,34024,47
advanced,34025,24
advanced,34026,30
advanced,34027,63
advanced,34028,18
advanced,34029,26
advanced,34030,56
advanced,34031,29
advanced,34032,22
advanced,34033,34
advanced,34034,39
advanced,34035,26
advanced,34036,59
advanced,34037,40
advanced,34038,31
advanced,34039,35
advanced,34040,21
advanced,34041,31
advanced,34042,32
advanced,34043,31
advanced,34044,73
advanced,34045,43
advanced,34046,42
advanced,34047,49
advanced,34048,26
advanced,34049,33
advanced,34050,40
advanced,34051,20
advanced,34052,29
advanced,34053,58
advanced,34054,19
advanced,34055,45
advanced,34056,32
advanced,34057,28
advanced,34058,26
advanced,34059,8
advanced,34060,28
advanced,34061,41
advanced,34062,27
advanced,34063,21
advanced,34064,55
advanced,34065,21
advanced,34066,21
advanced,34067,23
advanced,34068,24
advanced,34069,38
advanced,34070,35
advanced,34071,14
advanced,34072,30
advanced,34073,20
advanced,34074,37
advanced,34075,23
advanced,34076,66
advanced,34077,35
advanced,34078,25
advanced,34079,28
advanced,34080,19
advanced,34081,30
advanced,34082,43
advanced,34083,31
advanced,34084,11
advanced,34085,36
advanced,34086,31
advanced,34087,30
advanced,34088,31
advanced,34089,27
advanced,34090,22
advanced,34091,37
advanced,34092,41
advanced,34093,56
advanced,34094,40
advanced,34095,36
advanced,34096,33
advanced,34097,33
advanced,34098,12
advanced,34099,43
advanced,34100,41
advanced,34101,36
advanced,34102,48
advanced,34103,24
advanced,34104,18
advanced,34105,122
advanced,34106,20
advanced,34107,33
advanced,34108,45
advanced,34109,46
advanced,34110,39
advanced,34111,34
advanced,34112,44
advanced,34113,26
advanced,34114,33
advanced,34115,41
advanced,34116,53
advanced,34117,12
advanced,34118,29
advanced,34119,47
advanced,34120,29
advanced,34121,39
advanced,34122,35
advanced,34123,43
advanced,34124,34
advanced,34125,23
advanced,34126,20
advanced,34127,30
advanced,34128,21
advanced,34129,25
advanced,34130,19
advanced,34131,58
advanced,34132,59
advanced,34133,26
advanced,34134,54
advanced,34135,61
advanced,34136,23
advanced,34137,40
advanced,34138,34
advanced,34139,8
advanced,34140,37
advanced,34141,38
advanced,34142,34
advanced,34143,31
advanced,34144,23
advanced,34145,26
advanced,34146,35
advanced,34147,45
advanced,34148,60
advanced,34149,48
advanced,34150,38
advanced,34151,37
advanced,34152,24
advanced,34153,35
advanced,34154,26
advanced,34155,44
advanced,34156,46
advanced,34157,20
advanced,34158,112
advanced,34159,36
advanced,34160,35
advanced,34161,22
advanced,34162,45
advanced,34163,50
advanced,34164,55
advanced,34165,14
advanced,34166,42
advanced,34167,41
advanced,34168,34
advanced,34169,35
advanced,34170,32
advanced,34171,23
advanced,34172,33
advanced,34173,49
advanced,34174,57
advanced,34175,30
advanced,34176,27
advanced,34177,62
advanced,34178,12
advanced,34179,49
advanced,34180,50
advanced,34181,49
advanced,34182,31
advanced,34183,67
advanced,34184,73
advanced,34185,53
advanced,34186,43
advanced,34187,32
advanced,34188,14
advanced,34189,38
advanced,34190,32
advanced,34191,61
advanced,34192,38
advanced,34193,33
advanced,34194,27
advanced,34195,38
advanced,34196,34
advanced,34197,9
advanced,34198,43
advanced,34199,46
advanced,34200,31
advanced,34201,41
advanced,34202,13
advanced,34203,26
advanced,34204,37
advanced,34205,42
advanced,34206,47
advanced,34207,13
advanced,34208,56
advanced,34209,51
advanced,34210,67
advanced,34211,41
advanced,34212,19
advanced,34213,37
advanced,34214,32
advanced,34215,27
advanced,34216,39
advanced,34217,32
advanced,34218,11
advanced,34219,47
advanced,34220,34
advanced,34221,43
advanced,34222,27
advanced,34223,33
advanced,34224,22
advanced,34225,45
advanced,34226,27
advanced,34227,28
advanced,34228,42
advanced,34229,54
advanced,34230,26
advanced,34231,28
advanced,34232,68
advanced,34233,39
advanced,34234,43
advanced,34235,18
advanced,34236,16
advanced,34237,41
advanced,34238,25
advanced,34239,44
advanced,34240,36
advanced,34241,38
advanced,34242,19
advanced,34243,51
advanced,34244,31
advanced,34245,28
advanced,34246,26
advanced,34247,40
advanced,34248,24
advanced,34249,30
advanced,34250,44
advanced,34251,24
advanced,34252,26
advanced,34253,35
advanced,34254,32
advanced,34255,24
advanced,34256,25
advanced,34257,41
advanced,34258,50
advanced,34259,34
advanced,34260,50
advanced,34261,47
advanced,34262,14
advanced,34263,35
advanced,34264,38
advanced,34265,19
advanced,34266,39
advanced,34267,63
advanced,34268,29
advanced,34269,26
advanced,34270,23
advanced,34271,30
advanced,34272,16
advanced,34273,19
advanced,34274,25
advanced,34275,35
advanced,34276,48
advanced,34277,47
advanced,34278,47
advanced,34279,59
advanced,34280,65
advanced,34281,45
advanced,34282,19
advanced,34283,33
advanced,34284,35
advanced,34285,35
advanced,34286,27
advanced,34287,30
advanced,34288,38
advanced,34289,88
advanced,34290,34
advanced,34291,32
advanced,34292,16
advanced,34293,14
advanced,34294,30
advanced,34295,24
advanced,34296,25
advanced,34297,52
advanced,34298,50
advanced,34299,31
advanced,34300,39
advanced,34301,36
advanced,34302,44
advanced,34303,15
advanced,34304,40
advanced,34305,13
advanced,34306,50
advanced,34307,29
advanced,34308,23
advanced,34309,27
advanced,34310,37
advanced,34311,28
advanced,34312,33
advanced,34313,80
advanced,34314,14
advanced,34315,42
advanced,34316,28
advanced,34317,40
advanced,34318,30
advanced,34319,37
advanced,34320,28
advanced,34321,46
advanced,34322,22
advanced,34323,69
advanced,34324,34
advanced,34325,28
advanced,34326,41
advanced,34327,48
advanced,34328,29
advanced,34329,20
advanced,34330,31
advanced,34331,42
advanced,34332,33
advanced,34333,11
advanced,34334,31
advanced,34335,31
advanced,34336,39
advanced,34337,37
advanced,34338,47
advanced,34339,21
advanced,34340,14
advanced,34341,26
advanced,34342,23
advanced,34343,23
advanced,34344,27
advanced,34345,20
advanced,34346,18
advanced,34347,50
advanced,34348,39
advanced,34349,44
advanced,34350,27
advanced,34351,32
advanced,34352,34
advanced,34353,8
advanced,34354,30
advanced,34355,25
advanced,34356,39
advanced,34357,30
advanced,34358,26
advanced,34359,27
advanced,34360,50
advanced,34361,18
advanced,34362,26
advanced,34363,31
advanced,34364,113
advanced,34365,24
advanced,34366,46
advanced,34367,28
advanced,34368,43
advanced,34369,39
advanced,34370,31
advanced,34371,47
advanced,34372,65
advanced,34373,41
advanced,34374,30
advanced,34375,37
advanced,34376,44
advanced,34377,83
advanced,34378,49
advanced,34379,53
advanced,34380,23
advanced,34381,21
advanced,34382,25
advanced,34383,35
advanced,34384,19
advanced,34385,46
advanced,34386,34
advanced,34387,24
advanced,34388,30
advanced,34389,54
advanced,34390,41
advanced,34391,45
advanced,34392,30
advanced,34393,21
advanced,34394,51
advanced,34395,32
advanced,34396,51
advanced,34397,64
advanced,34398,36
advanced,34399,55
advanced,34400,24
advanced,34401,17
advanced,34402,13
advanced,34403,61
advanced,34404,59
advanced,34405,20
advanced,34406,38
advanced,34407,32
advanced,34408,65
advanced,34409,39
advanced,34410,39
advanced,34411,38
advanced,34412,20
advanced,34413,42
advanced,34414,13
advanced,34415,21
advanced,34416,32
advanced,34417,42
advanced,34418,20
advanced,34419,83
advanced,34420,31
advanced,34421,30
advanced,34422,32
advanced,34423,67
advanced,34424,37
advanced,34425,50
advanced,34426,20
advanced,34427,21
advanced,34428,36
advanced,34429,42
advanced,34430,59
advanced,34431,15
advanced,34432,35
advanced,34433,25
advanced,34434,49
advanced,34435,25
advanced,34436,25
advanced,34437,22
advanced,34438,33
advanced,34439,33
advanced,34440,41
advanced,34441,41
advanced,34442,20
advanced,34443,24
advanced,34444,24
advanced,34445,18
advanced,34446,15
advanced,34447,46
advanced,34448,34
advanced,34449,30
advanced,34450,56
advanced,34451,37
advanced,34452,29
advanced,34453,25
advanced,34454,24
advanced,34455,19
advanced,34456,25
advanced,34457,64
advanced,34458,28
advanced,34459,36
advanced,34460,42
advanced,34461,24
advanced,34462,12
advanced,34463,37
advanced,34464,38
advanced,34465,32
advanced,34466,40
advanced,34467,51
advanced,34468,16
advanced,34469,49
advanced,34470,33
advanced,34471,59
advanced,34472,39
advanced,34473,9
advanced,34474,28
advanced,34475,33
advanced,34476,35
advanced,34477,39
advanced,34478,20
advanced,34479,44
advanced,34480,30
advanced,34481,47
advanced,34482,41
advanced,34483,19
advanced,34484,36
advanced,34485,36
advanced,34486,34
advanced,34487,15
advanced,34488,23
advanced,34489,20
advanced,34490,27
advanced,34491,27
advanced,34492,21
advanced,34493,56
advanced,34494,26
advanced,34495,83
advanced,34496,43
advanced,34497,44
advanced,34498,33
advanced,34499,24
advanced,34500,36
advanced,34501,35
advanced,34502,42
advanced,34503,33
advanced,34504,30
advanced,34505,22
advanced,34506,33
advanced,34507,33
advanced,34508,28
advanced,34509,61
advanced,34510,49
advanced,34511,29
advanced,34512,18
advanced,34513,41
advanced,34514,39
advanced,34515,35
advanced,34516,37
advanced,34517,31
advanced,34518,40
advanced,34519,26
advanced,34520,22
advanced,34521,32
advanced,34522,56
advanced,34523,56
advanced,34524,47
advanced,34525,29
advanced,34526,25
advanced,34527,21
advanced,34528,38
advanced,34529,94
advanced,34530,22
advanced,34531,34
advanced,34532,32
advanced,34533,26
advanced,34534,34
advanced,34535,48
advanced,34536,11
advanced,34537,72
advanced,34538,49
advanced,34539,62
advanced,34540,25
advanced,34541,33
advanced,34542,52
advanced,34543,50
advanced,34544,35
advanced,34545,32
advanced,34546,40
advanced,34547,29
advanced,34548,18
advanced,34549,48
advanced,34550,29
advanced,34551,58
advanced,34552,28
advanced,34553,21
advanced,34554,32
advanced,34555,25
advanced,34556,10
advanced,34557,17
advanced,34558,13
advanced,34559,37
advanced,34560,34
advanced,34561,56
advanced,34562,33
advanced,34563,47
advanced,34564,47
advanced,34565,65
advanced,34566,30
advanced,34567,40
advanced,34568,31
advanced,34569,21
advanced,34570,25
advanced,34571,37
advanced,34572,36
advanced,34573,36
advanced,34574,62
advanced,34575,29
advanced,34576,64
advanced,34577,51
advanced,34578,40
advanced,34579,25
advanced,34580,85
advanced,34581,36
advanced,34582,29
advanced,34583,33
advanced,34584,31
advanced,34585,15
advanced,34586,36
advanced,34587,55
advanced,34588,17
advanced,34589,46
advanced,34590,11
advanced,34591,32
advanced,34592,39
advanced,34593,35
advanced,34594,11
advanced,34595,26
advanced,34596,36
advanced,34597,27
advanced,34598,25
advanced,34599,32
advanced,34600,44
advanced,34601,24
advanced,34602,12
advanced,34603,42
advanced,34604,30
advanced,34605,48
advanced,34606,59
advanced,34607,21
advanced,34608,14
advanced,34609,43
advanced,34610,37
advanced,34611,40
advanced,34612,39
advanced,34613,24
advanced,34614,31
advanced,34615,33
advanced,34616,32
advanced,34617,34
advanced,34618,30
advanced,34619,22
advanced,34620,22
advanced,34621,40
advanced,34622,35
advanced,34623,38
advanced,34624,17
advanced,34625,30
advanced,34626,28
advanced,34627,29
advanced,34628,32
advanced,34629,51
advanced,34630,21
advanced,34631,57
advanced,34632,28
advanced,34633,55
advanced,34634,23
advanced,34635,38
advanced,34636,32
advanced,34637,23
advanced,34638,30
advanced,34639,30
advanced,34640,18
advanced,34641,24
advanced,34642,34
advanced,34643,38
advanced,34644,48
advanced,34645,37
advanced,34646,53
advanced,34647,19
advanced,34648,58
advanced,34649,48
advanced,34650,11
advanced,34651,21
advanced,34652,36
advanced,34653,47
advanced,34654,32
advanced,34655,13
advanced,34656,20
advanced,34657,35
advanced,34658,29
advanced,34659,14
advanced,34660,24
advanced,34661,23
advanced,34662,21
advanced,34663,34
advanced,34664,34
advanced,34665,38
advanced,34666,38
advanced,34667,37
advanced,34668,20
advanced,34669,13
advanced,34670,23
advanced,34671,42
advanced,34672,13
advanced,34673,30
advanced,34674,65
advanced,34675,16
advanced,34676,44
advanced,34677,27
advanced,34678,36
advanced,34679,27
advanced,34680,45
advanced,34681,28
advanced,34682,8
advanced,34683,42
advanced,34684,36
advanced,34685,13
advanced,34686,17
advanced,34687,24
advanced,34688,48
advanced,34689,48
advanced,34690,31
advanced,34691,26
advanced,34692,39
advanced,34693,28
advanced,34694,16
advanced,34695,40
advanced,34696,37
advanced,34697,25
advanced,34698,20
advanced,34699,27
advanced,34700,37
advanced,34701,20
advanced,34702,25
advanced,34703,41
advanced,34704,23
advanced,34705,64
advanced,34706,34
advanced,34707,23
advanced,34708,25
advanced,34709,32
advanced,34710,25
advanced,34711,40
advanced,34712,34
advanced,34713,39
advanced,34714,19
advanced,34715,45
advanced,34716,19
advanced,34717,34
advanced,34718,18
advanced,34719,44
advanced,34720,56
advanced,34721,25
advanced,34722,25
advanced,34723,22
advanced,34724,22
advanced,34725,25
advanced,34726,25
advanced,34727,36
advanced,34728,9
advanced,34729,23
advanced,34730,28
advanced,34731,27
advanced,34732,46
advanced,34733,37
advanced,34734,22
advanced,34735,46
advanced,34736,21
advanced,34737,9
advanced,34738,28
advanced,34739,29
advanced,34740,36
advanced,34741,56
advanced,34742,23
advanced,34743,39
advanced,34744,14
advanced,34745,31
advanced,34746,33
advanced,34747,40
advanced,34748,71
advanced,34749,52
advanced,34750,12
advanced,34751,27
advanced,34752,36
advanced,34753,49
advanced,34754,23
advanced,34755,29
advanced,34756,38
advanced,34757,47
advanced,34758,46
advanced,34759,34
advanced,34760,48
advanced,34761,52
advanced,34762,34
advanced,34763,11
advanced,34764,25
advanced,34765,58
advanced,34766,43
advanced,34767,19
advanced,34768,24
advanced,34769,34
advanced,34770,30
advanced,34771,35
advanced,34772,41
advanced,34773,40
advanced,34774,14
advanced,34775,40
advanced,34776,27
advanced,34777,25
advanced,34778,29
advanced,34779,13
advanced,34780,57
advanced,34781,77
advanced,34782,50
advanced,34783,12
advanced,34784,26
advanced,34785,18
advanced,34786,24
advanced,34787,31
advanced,34788,35
advanced,34789,23
advanced,34790,51
advanced,34791,28
advanced,34792,31
advanced,34793,32
advanced,34794,29
advanced,34795,28
advanced,34796,27
advanced,34797,70
advanced,34798,41
advanced,34799,19
advanced,34800,34
advanced,34801,62
advanced,34802,41
advanced,34803,20
advanced,34804,42
advanced,34805,32
advanced,34806,29
advanced,34807,49
advanced,34808,18
advanced,34809,38
advanced,34810,22
advanced,34811,76
advanced,34812,26
advanced,34813,27
advanced,34814,39
advanced,34815,22
advanced,34816,43
advanced,34817,30
advanced,34818,33
advanced,34819,19
advanced,34820,53
advanced,34821,37
advanced,34822,31
advanced,34823,37
advanced,34824,24
advanced,34825,40
advanced,34826,47
advanced,34827,27
advanced,34828,25
advanced,34829,24
advanced,34830,41
advanced,34831,42
advanced,34832,24
advanced,34833,24
advanced,34834,26
advanced,34835,19
advanced,34836,38
advanced,34837,30
advanced,34838,25
advanced,34839,50
advanced,34840,12
advanced,34841,54
advanced,34842,31
advanced,34843,33
advanced,34844,64
advanced,34845,33
advanced,34846,27
advanced,34847,27
advanced,34848,24
advanced,34849,41
advanced,34850,34
advanced,34851,21
advanced,34852,35
advanced,34853,60
advanced,34854,26
advanced,34855,53
advanced,34856,21
advanced,34857,29
advanced,34858,14
advanced,34859,32
advanced,34860,22
advanced,34861,13
advanced,34862,33
advanced,34863,28
advanced,34864,22
advanced,34865,57
advanced,34866,45
advanced,34867,27
advanced,34868,52
advanced,34869,59
advanced,34870,28
advanced,34871,15
advanced,34872,18
advanced,34873,25
advanced,34874,35
advanced,34875,39
advanced,34876,30
advanced,34877,30
advanced,34878,38
advanced,34879,27
advanced,34880,40
advanced,34881,56
advanced,34882,35
advanced,34883,29
advanced,34884,48
advanced,34885,64
advanced,34886,43
advanced,34887,38
advanced,34888,17
advanced,34889,15
advanced,34890,51
advanced,34891,41
advanced,34892,37
advanced,34893,71
advanced,34894,21
advanced,34895,49
advanced,34896,24
advanced,34897,36
advanced,34898,42
advanced,34899,25
advanced,34900,56
advanced,34901,58
advanced,34902,45
advanced,34903,23
advanced,34904,71
advanced,34905,22
advanced,34906,28
advanced,34907,25
advanced,34908,29
advanced,34909,31
advanced,34910,35
advanced,34911,42
advanced,34912,19
advanced,34913,19
advanced,34914,21
advanced,34915,21
advanced,34916,38
advanced,34917,26
advanced,34918,47
advanced,34919,54
advanced,34920,25
advanced,34921,27
advanced,34922,30
advanced,34923,14
advanced,34924,75
advanced,34925,23
advanced,34926,30
advanced,34927,29
advanced,34928,16
advanced,34929,49
advanced,34930,19
advanced,34931,38
advanced,34932,55
advanced,34933,49
advanced,34934,38
advanced,34935,33
advanced,34936,34
advanced,34937,33
advanced,34938,43
advanced,34939,57
advanced,34940,18
advanced,34941,31
advanced,34942,41
advanced,34943,41
advanced,34944,33
advanced,34945,37
advanced,34946,43
advanced,34947,39
advanced,34948,85
advanced,34949,41
advanced,34950,19
advanced,34951,28
advanced,34952,27
advanced,34953,51
advanced,34954,36
advanced,34955,32
advanced,34956,20
advanced,34957,38
advanced,34958,47
advanced,34959,32
advanced,34960,31
advanced,34961,27
advanced,34962,48
advanced,34963,42
advanced,34964,32
advanced,34965,39
advanced,34966,36
advanced,34967,35
advanced,34968,72
advanced,34969,46
advanced,34970,53
advanced,34971,18
advanced,34972,30
advanced,34973,37
advanced,34974,32
advanced,34975,33
advanced,34976,24
advanced,34977,18
advanced,34978,32
advanced,34979,34
advanced,34980,34
advanced,34981,56
advanced,34982,23
advanced,34983,50
advanced,34984,78
advanced,34985,41
advanced,34986,36
advanced,34987,33
advanced,34988,47
advanced,34989,40
advanced,34990,13
advanced,34991,34
advanced,34992,43
advanced,34993,53
advanced,34994,42
advanced,34995,44
advanced,34996,40
advanced,34997,45
advanced,34998,30
advanced,34999,20
advanced,35000,23
advanced,35001,38
advanced,35002,33
advanced,35003,21
advanced,35004,42
advanced,35005,42
advanced,35006,53
advanced,35007,53
advanced,35008,15
advanced,35009,60
advanced,35010,35
advanced,35011,36
advanced,35012,9
advanced,35013,28
advanced,35014,20
advanced,35015,59
advanced,35016,29
advanced,35017,28
advanced,35018,22
advanced,35019,36
advanced,35020,10
advanced,35021,25
advanced,35022,62
advanced,35023,32
advanced,35024,21
advanced,35025,40
advanced,35026,40
advanced,35027,26
advanced,35028,21
advanced,35029,42
advanced,35030,27
advanced,35031,21
advanced,35032,30
advanced,35033,40
advanced,35034,23
advanced,35035,48
advanced,35036,39
advanced,35037,29
advanced,35038,27
advanced,35039,56
advanced,35040,24
advanced,35041,50
advanced,35042,32
advanced,35043,39
advanced,35044,24
advanced,35045,28
advanced,35046,38
advanced,35047,40
advanced,35048,27
advanced,35049,84
advanced,35050,40
advanced,35051,21
advanced,35052,56
advanced,35053,26
advanced,35054,25
advanced,35055,18
advanced,35056,22
advanced,35057,33
advanced,35058,39
advanced,35059,38
advanced,35060,26
advanced,35061,37
advanced,35062,61
advanced,35063,32
advanced,35064,23
advanced,35065,45
advanced,35066,38
advanced,35067,38
advanced,35068,27
advanced,35069,20
advanced,35070,35
advanced,35071,30
advanced,35072,32
advanced,35073,21
advanced,35074,35
advanced,35075,48
advanced,35076,13
advanced,35077,25
advanced,35078,39
advanced,35079,27
advanced,35080,41
advanced,35081,54
advanced,35082,30
advanced,35083,40
advanced,35084,22
advanced,35085,37
advanced,35086,37
advanced,35087,26
advanced,35088,29
advanced,35089,38
advanced,35090,27
advanced,35091,35
advanced,35092,28
advanced,35093,109
advanced,35094,28
advanced,35095,10
advanced,35096,58
advanced,35097,39
advanced,35098,34
advanced,35099,52
advanced,35100,84
advanced,35101,57
advanced,35102,33
advanced,35103,20
advanced,35104,23
advanced,35105,29
advanced,35106,35
advanced,35107,24
advanced,35108,21
advanced,35109,34
advanced,35110,35
advanced,35111,25
advanced,35112,54
advanced,35113,36
advanced,35114,42
advanced,35115,26
advanced,35116,39
advanced,35117,31
advanced,35118,18
advanced,35119,48
advanced,35120,57
advanced,35121,60
advanced,35122,47
advanced,35123,11
advanced,35124,39
advanced,35125,29
advanced,35126,63
advanced,35127,20
advanced,35128,37
advanced,35129,41
advanced,35130,32
advanced,35131,44
advanced,35132,10
advanced,35133,23
advanced,35134,35
advanced,35135,27
advanced,35136,39
advanced,35137,14
advanced,35138,42
advanced,35139,34
advanced,35140,32
advanced,35141,17
advanced,35142,27
advanced,35143,21
advanced,35144,20
advanced,35145,19
advanced,35146,39
advanced,35147,48
advanced,35148,42
advanced,35149,31
advanced,35150,38
advanced,35151,34
advanced,35152,15
advanced,35153,36
advanced,35154,29
advanced,35155,18
advanced,35156,50
advanced,35157,33
advanced,35158,23
advanced,35159,34
advanced,35160,34
advanced,35161,51
advanced,35162,35
advanced,35163,38
advanced,35164,36
advanced,35165,37
advanced,35166,14
advanced,35167,30
advanced,35168,25
advanced,35169,44
advanced,35170,28
advanced,35171,26
advanced,35172,39
advanced,35173,23
advanced,35174,24
advanced,35175,46
advanced,35176,36
advanced,35177,19
advanced,35178,30
advanced,35179,42
advanced,35180,52
advanced,35181,54
advanced,35182,43
advanced,35183,52
advanced,35184,59
advanced,35185,59
advanced,35186,57
advanced,35187,37
advanced,35188,44
advanced,35189,25
advanced,35190,39
advanced,35191,45
advanced,35192,25
advanced,35193,63
advanced,35194,35
advanced,35195,13
advanced,35196,29
advanced,35197,20
advanced,35198,40
advanced,35199,83
advanced,35200,39
advanced,35201,30
advanced,35202,29
advanced,35203,26
advanced,35204,49
advanced,35205,41
advanced,35206,38
advanced,35207,18
advanced,35208,39
advanced,35209,33
advanced,35210,46
advanced,35211,20
advanced,35212,67
advanced,35213,34
advanced,35214,38
advanced,35215,63
advanced,35216,23
advanced,35217,40
advanced,35218,27
advanced,35219,17
advanced,35220,23
advanced,35221,24
advanced,35222,38
advanced,35223,12
advanced,35224,21
advanced,35225,25
advanced,35226,14
advanced,35227,11
advanced,35228,58
advanced,35229,28
advanced,35230,74
advanced,35231,41
advanced,35232,31
advanced,35233,53
advanced,35234,35
advanced,35235,25
advanced,35236,29
advanced,35237,45
advanced,35238,35
advanced,35239,24
advanced,35240,34
advanced,35241,48
advanced,35242,31
advanced,35243,29
advanced,35244,53
advanced,35245,13
advanced,35246,47
advanced,35247,8
advanced,35248,23
advanced,35249,45
advanced,35250,54
advanced,35251,13
advanced,35252,40
advanced,35253,35
advanced,35254,55
advanced,35255,14
advanced,35256,73
advanced,35257,46
advanced,35258,38
advanced,35259,13
advanced,35260,26
advanced,35261,45
advanced,35262,22
advanced,35263,21
advanced,35264,31
advanced,35265,25
advanced,35266,23
advanced,35267,61
advanced,35268,20
advanced,35269,38
advanced,35270,29
advanced,35271,26
advanced,35272,51
advanced,35273,19
advanced,35274,41
advanced,35275,28
advanced,35276,54
advanced,35277,28
advanced,35278,45
advanced,35279,30
advanced,35280,24
advanced,35281,34
advanced,35282,33
advanced,35283,32
advanced,35284,36
advanced,35285,41
advanced,35286,17
advanced,35287,30
advanced,35288,32
advanced,35289,37
advanced,35290,32
advanced,35291,36
advanced,35292,52
advanced,35293,78
advanced,35294,36
advanced,35295,52
advanced,35296,26
advanced,35297,49
advanced,35298,40
advanced,35299,36
advanced,35300,25
advanced,35301,32
advanced,35302,36
advanced,35303,49
advanced,35304,35
advanced,35305,31
advanced,35306,65
advanced,35307,12
advanced,35308,32
advanced,35309,44
advanced,35310,27
advanced,35311,35
advanced,35312,15
advanced,35313,22
advanced,35314,14
advanced,35315,47
advanced,35316,39
advanced,35317,32
advanced,35318,20
advanced,35319,39
advanced,35320,46
advanced,35321,64
advanced,35322,37
advanced,35323,27
advanced,35324,24
advanced,35325,32
advanced,35326,17
advanced,35327,42
advanced,35328,29
advanced,35329,66
advanced,35330,40
advanced,35331,30
advanced,35332,27
advanced,35333,12
advanced,35334,36
advanced,35335,23
advanced,35336,23
advanced,35337,30
advanced,35338,30
advanced,35339,31
advanced,35340,36
advanced,35341,24
advanced,35342,19
advanced,35343,24
advanced,35344,53
advanced,35345,28
advanced,35346,47
advanced,35347,39
advanced,35348,37
advanced,35349,50
advanced,35350,28
advanced,35351,35
advanced,35352,53
advanced,35353,60
advanced,35354,51
advanced,35355,50
advanced,35356,29
advanced,35357,33
advanced,35358,27
advanced,35359,62
advanced,35360,51
advanced,35361,14
advanced,35362,41
advanced,35363,11
advanced,35364,35
advanced,35365,37
advanced,35366,31
advanced,35367,30
advanced,35368,48
advanced,35369,42
advanced,35370,10
advanced,35371,39
advanced,35372,47
advanced,35373,46
advanced,35374,15
advanced,35375,38
advanced,35376,53
advanced,35377,41
advanced,35378,26
advanced,35379,42
advanced,35380,35
advanced,35381,32
advanced,35382,29
advanced,35383,55
advanced,35384,44
advanced,35385,26
advanced,35386,14
advanced,35387,24
advanced,35388,38
advanced,35389,71
advanced,35390,33
advanced,35391,67
advanced,35392,35
advanced,35393,21
advanced,35394,24
advanced,35395,22
advanced,35396,25
advanced,35397,54
advanced,35398,30
advanced,35399,58
advanced,35400,24
advanced,35401,30
advanced,35402,23
advanced,35403,29
advanced,35404,23
advanced,35405,56
advanced,35406,48
advanced,35407,37
advanced,35408,45
advanced,35409,60
advanced,35410,27
advanced,35411,12
advanced,35412,13
advanced,35413,22
advanced,35414,50
advanced,35415,43
advanced,35416,54
advanced,35417,62
advanced,35418,60
advanced,35419,46
advanced,35420,22
advanced,35421,42
advanced,35422,43
advanced,35423,37
advanced,35424,45
advanced,35425,29
advanced,35426,35
advanced,35427,26
advanced,35428,37
advanced,35429,33
advanced,35430,36
advanced,35431,31
advanced,35432,40
advanced,35433,29
advanced,35434,26
advanced,35435,34
advanced,35436,28
advanced,35437,29
advanced,35438,50
advanced,35439,49
advanced,35440,29
advanced,35441,51
advanced,35442,38
advanced,35443,22
advanced,35444,49
advanced,35445,31
advanced,35446,39
advanced,35447,72
advanced,35448,53
advanced,35449,20
advanced,35450,33
advanced,35451,40
advanced,35452,34
advanced,35453,50
advanced,35454,22
advanced,35455,30
advanced,35456,50
advanced,35457,95
advanced,35458,21
advanced,35459,38
advanced,35460,27
advanced,35461,31
advanced,35462,23
advanced,35463,43
advanced,35464,30
advanced,35465,28
advanced,35466,22
advanced,35467,39
advanced,35468,34
advanced,35469,24
advanced,35470,28
advanced,35471,31
advanced,35472,31
advanced,35473,42
advanced,35474,44
advanced,35475,26
advanced,35476,39
advanced,35477,29
advanced,35478,41
advanced,35479,32
advanced,35480,30
advanced,35481,44
advanced,35482,27
advanced,35483,17
advanced,35484,37
advanced,35485,17
advanced,35486,13
advanced,35487,32
advanced,35488,22
advanced,35489,40
advanced,35490,35
advanced,35491,37
advanced,35492,72
advanced,35493,22
advanced,35494,34
advanced,35495,35
advanced,35496,31
advanced,35497,53
advanced,35498,37
advanced,35499,95
advanced,35500,31
advanced,35501,27
advanced,35502,38
advanced,35503,12
advanced,35504,21
advanced,35505,41
advanced,35506,35
advanced,35507,39
advanced,35508,25
advanced,35509,41
advanced,35510,51
advanced,35511,39
advanced,35512,39
advanced,35513,33
advanced,35514,13
advanced,35515,44
advanced,35516,44
advanced,35517,53
advanced,35518,29
advanced,35519,38
advanced,35520,34
advanced,35521,38
advanced,35522,30
advanced,35523,21
advanced,35524,21
advanced,35525,13
advanced,35526,45
advanced,35527,28
advanced,35528,42
advanced,35529,23
advanced,35530,34
advanced,35531,28
advanced,35532,38
advanced,35533,39
advanced,35534,45
advanced,35535,10
advanced,35536,41
advanced,35537,34
advanced,35538,12
advanced,35539,62
advanced,35540,17
advanced,35541,19
advanced,35542,31
advanced,35543,54
advanced,35544,27
advanced,35545,32
advanced,35546,31
advanced,35547,47
advanced,35548,24
advanced,35549,30
advanced,35550,28
advanced,35551,30
advanced,35552,41
advanced,35553,7
advanced,35554,57
advanced,35555,22
advanced,35556,24
advanced,35557,35
advanced,35558,35
advanced,35559,32
advanced,35560,34
advanced,35561,24
advanced,35562,28
advanced,35563,59
advanced,35564,34
advanced,35565,32
advanced,35566,36
advanced,35567,21
advanced,35568,27
advanced,35569,60
advanced,35570,31
advanced,35571,12
advanced,35572,23
advanced,35573,40
advanced,35574,28
advanced,35575,39
advanced,35576,34
advanced,35577,27
advanced,35578,46
advanced,35579,35
advanced,35580,12
advanced,35581,29
advanced,35582,22
advanced,35583,36
advanced,35584,74
advanced,35585,27
advanced,35586,36
advanced,35587,42
advanced,35588,30
advanced,35589,27
advanced,35590,46
advanced,35591,36
advanced,35592,18
advanced,35593,29
advanced,35594,10
advanced,35595,51
advanced,35596,28
advanced,35597,63
advanced,35598,41
advanced,35599,18
advanced,35600,18
advanced,35601,43
advanced,35602,34
advanced,35603,36
advanced,35604,24
advanced,35605,45
advanced,35606,28
advanced,35607,23
advanced,35608,40
advanced,35609,43
advanced,35610,19
advanced,35611,44
advanced,35612,28
advanced,35613,32
advanced,35614,34
advanced,35615,21
advanced,35616,67
advanced,35617,46
advanced,35618,50
advanced,35619,37
advanced,35620,14
advanced,35621,30
advanced,35622,22
advanced,35623,57
advanced,35624,39
advanced,35625,23
advanced,35626,57
advanced,35627,40
advanced,35628,41
advanced,35629,29
advanced,35630,13
advanced,35631,18
advanced,35632,63
advanced,35633,35
advanced,35634,19
advanced,35635,24
advanced,35636,22
advanced,35637,15
advanced,35638,41
advanced,35639,50
advanced,35640,24
advanced,35641,37
advanced,35642,35
advanced,35643,65
advanced,35644,35
advanced,35645,40
advanced,35646,24
advanced,35647,33
advanced,35648,18
advanced,35649,39
advanced,35650,36
advanced,35651,50
advanced,35652,27
advanced,35653,34
advanced,35654,33
advanced,35655,23
advanced,35656,14
advanced,35657,25
advanced,35658,42
advanced,35659,34
advanced,35660,40
advanced,35661,35
advanced,35662,43
advanced,35663,25
advanced,35664,20
advanced,35665,38
advanced,35666,30
advanced,35667,7
advanced,35668,32
advanced,35669,11
advanced,35670,36
advanced,35671,50
advanced,35672,65
advanced,35673,41
advanced,35674,33
advanced,35675,44
advanced,35676,24
advanced,35677,36
advanced,35678,50
advanced,35679,30
advanced,35680,28
advanced,35681,42
advanced,35682,47
advanced,35683,46
advanced,35684,25
advanced,35685,23
advanced,35686,42
advanced,35687,58
advanced,35688,26
advanced,35689,45
advanced,35690,30
advanced,35691,30
advanced,35692,30
advanced,35693,33
advanced,35694,13
advanced,35695,45
advanced,35696,28
advanced,35697,41
advanced,35698,39
advanced,35699,41
advanced,35700,32
advanced,35701,49
advanced,35702,29
advanced,35703,37
advanced,35704,22
advanced,35705,26
advanced,35706,36
advanced,35707,28
advanced,35708,34
advanced,35709,49
advanced,35710,31
advanced,35711,47
advanced,35712,40
advanced,35713,26
advanced,35714,40
advanced,35715,36
advanced,35716,63
advanced,35717,22
advanced,35718,60
advanced,35719,16
advanced,35720,57
advanced,35721,29
advanced,35722,55
advanced,35723,40
advanced,35724,63
advanced,35725,28
advanced,35726,44
advanced,35727,36
advanced,35728,58
advanced,35729,34
advanced,35730,23
advanced,35731,22
advanced,35732,67
advanced,35733,48
advanced,35734,12
advanced,35735,15
advanced,35736,28
advanced,35737,44
advanced,35738,34
advanced,35739,36
advanced,35740,21
advanced,35741,43
advanced,35742,35
advanced,35743,51
advanced,35744,37
advanced,35745,25
advanced,35746,29
advanced,35747,16
advanced,35748,28
advanced,35749,43
advanced,35750,39
advanced,35751,28
advanced,35752,13
advanced,35753,33
advanced,35754,48
advanced,35755,49
advanced,35756,20
advanced,35757,22
advanced,35758,39
advanced,35759,38
advanced,35760,14
advanced,35761,32
advanced,35762,28
advanced,35763,31
advanced,35764,31
advanced,35765,45
advanced,35766,13
advanced,35767,33
advanced,35768,74
advanced,35769,24
advanced,35770,36
advanced,35771,57
advanced,35772,34
advanced,35773,54
advanced,35774,36
advanced,35775,27
advanced,35776,22
advanced,35777,36
advanced,35778,22
advanced,35779,26
advanced,35780,44
advanced,35781,29
advanced,35782,44
advanced,35783,20
advanced,35784,18
advanced,35785,39
advanced,35786,16
advanced,35787,26
advanced,35788,34
advanced,35789,41
advanced,35790,16
advanced,35791,45
advanced,35792,17
advanced,35793,65
advanced,35794,29
advanced,35795,30
advanced,35796,23
advanced,35797,33
advanced,35798,37
advanced,35799,78
advanced,35800,23
advanced,35801,25
advanced,35802,29
advanced,35803,14
advanced,35804,65
advanced,35805,34
advanced,35806,21
advanced,35807,30
advanced,35808,30
advanced,35809,58
advanced,35810,32
advanced,35811,23
advanced,35812,37
advanced,35813,49
advanced,35814,15
advanced,35815,20
advanced,35816,13
advanced,35817,44
advanced,35818,60
advanced,35819,42
advanced,35820,49
advanced,35821,23
advanced,35822,26
advanced,35823,28
advanced,35824,38
advanced,35825,32
advanced,35826,56
advanced,35827,32
advanced,35828,25
advanced,35829,28
advanced,35830,33
advanced,35831,59
advanced,35832,42
advanced,35833,31
advanced,35834,15
advanced,35835,9
advanced,35836,43
advanced,35837,17
advanced,35838,46
advanced,35839,30
advanced,35840,23
advanced,35841,66
advanced,35842,42
advanced,35843,31
advanced,35844,40
advanced,35845,22
advanced,35846,33
advanced,35847,20
advanced,35848,44
advanced,35849,34
advanced,35850,22
advanced,35851,37
advanced,35852,33
advanced,35853,33
advanced,35854,24
advanced,35855,60
advanced,35856,36
advanced,35857,54
advanced,35858,32
advanced,35859,51
advanced,35860,28
advanced,35861,73
advanced,35862,21
advanced,35863,28
advanced,35864,57
advanced,35865,28
advanced,35866,69
advanced,35867,51
advanced,35868,41
advanced,35869,28
advanced,35870,32
advanced,35871,16
advanced,35872,26
advanced,35873,37
advanced,35874,47
advanced,35875,53
advanced,35876,29
advanced,35877,57
advanced,35878,60
advanced,35879,56
advanced,35880,42
advanced,35881,17
advanced,35882,33
advanced,35883,11
advanced,35884,59
advanced,35885,47
advanced,35886,24
advanced,35887,33
advanced,35888,22
advanced,35889,9
advanced,35890,58
advanced,35891,21
advanced,35892,47
advanced,35893,35
advanced,35894,70
advanced,35895,32
advanced,35896,56
advanced,35897,43
advanced,35898,62
advanced,35899,59
advanced,35900,22
advanced,35901,16
advanced,35902,49
advanced,35903,54
advanced,35904,34
advanced,35905,31
advanced,35906,37
advanced,35907,53
advanced,35908,30
advanced,35909,34
advanced,35910,37
advanced,35911,44
advanced,35912,22
advanced,35913,28
advanced,35914,41
advanced,35915,62
advanced,35916,19
advanced,35917,19
advanced,35918,51
advanced,35919,50
advanced,35920,71
advanced,35921,12
advanced,35922,41
advanced,35923,24
advanced,35924,32
advanced,35925,24
advanced,35926,26
advanced,35927,35
advanced,35928,32
advanced,35929,21
advanced,35930,18
advanced,35931,12
advanced,35932,32
advanced,35933,27
advanced,35934,28
advanced,35935,24
advanced,35936,23
advanced,35937,31
advanced,35938,30
advanced,35939,38
advanced,35940,29
advanced,35941,54
advanced,35942,29
advanced,35943,32
advanced,35944,52
advanced,35945,38
advanced,35946,52
advanced,35947,59
advanced,35948,35
advanced,35949,10
advanced,35950,34
advanced,35951,30
advanced,35952,29
advanced,35953,38
advanced,35954,36
advanced,35955,41
advanced,35956,31
advanced,35957,36
advanced,35958,58
advanced,35959,33
advanced,35960,61
advanced,35961,34
advanced,35962,17
advanced,35963,11
advanced,35964,33
advanced,35965,32
advanced,35966,32
advanced,35967,38
advanced,35968,49
advanced,35969,28
advanced,35970,21
advanced,35971,27
advanced,35972,59
advanced,35973,28
advanced,35974,47
advanced,35975,52
advanced,35976,60
advanced,35977,33
advanced,35978,37
advanced,35979,27
advanced,35980,30
advanced,35981,39
advanced,35982,26
advanced,35983,50
advanced,35984,19
advanced,35985,24
advanced,35986,24
advanced,35987,38
advanced,35988,19
advanced,35989,62
advanced,35990,18
advanced,35991,51
advanced,35992,45
advanced,35993,37
advanced,35994,19
advanced,35995,41
advanced,35996,55
advanced,35997,39
advanced,35998,40
advanced,35999,25
advanced,36000,44
advanced,36001,38
advanced,36002,37
advanced,36003,42
advanced,36004,33
advanced,36005,33
advanced,36006,31
advanced,36007,48
advanced,36008,34
advanced,36009,26
advanced,36010,41
advanced,36011,30
advanced,36012,19
advanced,36013,23
advanced,36014,43
advanced,36015,41
advanced,36016,59
advanced,36017,54
advanced,36018,43
advanced,36019,24
advanced,36020,49
advanced,36021,47
advanced,36022,38
advanced,36023,21
advanced,36024,46
advanced,36025,50
advanced,36026,31
advanced,36027,24
advanced,36028,25
advanced,36029,20
advanced,36030,18
advanced,36031,31
advanced,36032,7
advanced,36033,33
advanced,36034,43
advanced,36035,63
advanced,36036,25
advanced,36037,37
advanced,36038,59
advanced,36039,46
advanced,36040,45
advanced,36041,89
advanced,36042,16
advanced,36043,28
advanced,36044,17
advanced,36045,20
advanced,36046,22
advanced,36047,13
advanced,36048,40
advanced,36049,36
advanced,36050,56
advanced,36051,45
advanced,36052,41
advanced,36053,14
advanced,36054,53
advanced,36055,37
advanced,36056,32
advanced,36057,45
advanced,36058,22
advanced,36059,26
advanced,36060,37
advanced,36061,80
advanced,36062,34
advanced,36063,83
advanced,36064,26
advanced,36065,43
advanced,36066,35
advanced,36067,28
advanced,36068,36
advanced,36069,31
advanced,36070,21
advanced,36071,55
advanced,36072,28
advanced,36073,30
advanced,36074,29
advanced,36075,24
advanced,36076,35
advanced,36077,20
advanced,36078,79
advanced,36079,49
advanced,36080,35
advanced,36081,36
advanced,36082,38
advanced,36083,27
advanced,36084,22
advanced,36085,24
advanced,36086,27
advanced,36087,47
advanced,36088,44
advanced,36089,32
advanced,36090,33
advanced,36091,41
advanced,36092,32
advanced,36093,29
advanced,36094,35
advanced,36095,43
advanced,36096,15
advanced,36097,66
advanced,36098,19
advanced,36099,25
advanced,36100,34
advanced,36101,41
advanced,36102,61
advanced,36103,45
advanced,36104,19
advanced,36105,34
advanced,36106,31
advanced,36107,44
advanced,36108,21
advanced,36109,20
advanced,36110,27
advanced,36111,30
advanced,36112,26
advanced,36113,30
advanced,36114,32
advanced,36115,34
advanced,36116,19
advanced,36117,45
advanced,36118,44
advanced,36119,27
advanced,36120,16
advanced,36121,33
advanced,36122,39
advanced,36123,25
advanced,36124,41
advanced,36125,12
advanced,36126,27
advanced,36127,33
advanced,36128,36
advanced,36129,15
advanced,36130,17
advanced,36131,60
advanced,36132,51
advanced,36133,29
advanced,36134,33
advanced,36135,33
advanced,36136,10
advanced,36137,31
advanced,36138,38
advanced,36139,42
advanced,36140,27
advanced,36141,17
advanced,36142,30
advanced,36143,28
advanced,36144,44
advanced,36145,51
advanced,36146,30
advanced,36147,50
advanced,36148,48
advanced,36149,46
advanced,36150,29
advanced,36151,43
advanced,36152,17
advanced,36153,18
advanced,36154,12
advanced,36155,39
advanced,36156,58
advanced,36157,31
advanced,36158,29
advanced,36159,62
advanced,36160,28
advanced,36161,14
advanced,36162,24
advanced,36163,68
advanced,36164,36
advanced,36165,62
advanced,36166,24
advanced,36167,30
advanced,36168,29
advanced,36169,17
advanced,36170,34
advanced,36171,29
advanced,36172,30
advanced,36173,38
advanced,36174,32
advanced,36175,24
advanced,36176,57
advanced,36177,32
advanced,36178,49
advanced,36179,30
advanced,36180,18
advanced,36181,49
advanced,36182,35
advanced,36183,41
advanced,36184,59
advanced,36185,34
advanced,36186,25
advanced,36187,25
advanced,36188,37
advanced,36189,37
advanced,36190,34
advanced,36191,28
advanced,36192,26
advanced,36193,64
advanced,36194,32
advanced,36195,47
advanced,36196,40
advanced,36197,34
advanced,36198,41
advanced,36199,16
advanced,36200,34
advanced,36201,27
advanced,36202,50
advanced,36203,40
advanced,36204,41
advanced,36205,29
advanced,36206,58
advanced,36207,40
advanced,36208,43
advanced,36209,28
advanced,36210,26
advanced,36211,41
advanced,36212,28
advanced,36213,28
advanced,36214,21
advanced,36215,39
advanced,36216,32
advanced,36217,28
advanced,36218,43
advanced,36219,56
advanced,36220,21
advanced,36221,44
advanced,36222,25
advanced,36223,21
advanced,36224,83
advanced,36225,22
advanced,36226,29
advanced,36227,15
advanced,36228,17
advanced,36229,31
advanced,36230,16
advanced,36231,30
advanced,36232,22
advanced,36233,48
advanced,36234,47
advanced,36235,46
advanced,36236,28
advanced,36237,16
advanced,36238,53
advanced,36239,32
advanced,36240,14
advanced,36241,27
advanced,36242,32
advanced,36243,21
advanced,36244,31
advanced,36245,31
advanced,36246,28
advanced,36247,58
advanced,36248,63
advanced,36249,56
advanced,36250,37
advanced,36251,32
advanced,36252,30
advanced,36253,11
advanced,36254,42
advanced,36255,41
advanced,36256,18
advanced,36257,15
advanced,36258,35
advanced,36259,17
advanced,36260,21
advanced,36261,49
advanced,36262,18
advanced,36263,29
advanced,36264,23
advanced,36265,14
advanced,36266,28
advanced,36267,33
advanced,36268,39
advanced,36269,68
advanced,36270,22
advanced,36271,33
advanced,36272,40
advanced,36273,39
advanced,36274,51
advanced,36275,26
advanced,36276,17
advanced,36277,13
advanced,36278,26
advanced,36279,37
advanced,36280,43
advanced,36281,31
advanced,36282,40
advanced,36283,42
advanced,36284,26
advanced,36285,34
advanced,36286,21
advanced,36287,29
advanced,36288,45
advanced,36289,52
advanced,36290,48
advanced,36291,54
advanced,36292,32
advanced,36293,31
advanced,36294,47
advanced,36295,32
advanced,36296,45
advanced,36297,38
advanced,36298,20
advanced,36299,41
advanced,36300,16
advanced,36301,42
advanced,36302,37
advanced,36303,42
advanced,36304,68
advanced,36305,30
advanced,36306,57
advanced,36307,60
advanced,36308,29
advanced,36309,27
advanced,36310,17
advanced,36311,42
advanced,36312,31
advanced,36313,33
advanced,36314,49
advanced,36315,7
advanced,36316,31
advanced,36317,40
advanced,36318,25
advanced,36319,33
advanced,36320,50
advanced,36321,58
advanced,36322,36
advanced,36323,39
advanced,36324,14
advanced,36325,47
advanced,36326,39
advanced,36327,55
advanced,36328,38
advanced,36329,40
advanced,36330,18
advanced,36331,36
advanced,36332,12
advanced,36333,22
advanced,36334,13
advanced,36335,39
advanced,36336,32
advanced,36337,56
advanced,36338,18
advanced,36339,38
advanced,36340,71
advanced,36341,32
advanced,36342,20
advanced,36343,33
advanced,36344,31
advanced,36345,27
advanced,36346,35
advanced,36347,46
advanced,36348,17
advanced,36349,53
advanced,36350,50
advanced,36351,9
advanced,36352,13
advanced,36353,28
advanced,36354,39
advanced,36355,20
advanced,36356,27
advanced,36357,27
advanced,36358,25
advanced,36359,35
advanced,36360,20
advanced,36361,29
advanced,36362,25
advanced,36363,40
advanced,36364,51
advanced,36365,27
advanced,36366,13
advanced,36367,35
advanced,36368,29
advanced,36369,13
advanced,36370,66
advanced,36371,26
advanced,36372,23
advanced,36373,48
advanced,36374,23
advanced,36375,37
advanced,36376,41
advanced,36377,28
advanced,36378,54
advanced,36379,36
advanced,36380,36
advanced,36381,46
advanced,36382,22
advanced,36383,28
advanced,36384,24
advanced,36385,32
advanced,36386,31
advanced,36387,40
advanced,36388,16
advanced,36389,30
advanced,36390,23
advanced,36391,38
advanced,36392,22
advanced,36393,23
advanced,36394,24
advanced,36395,37
advanced,36396,28
advanced,36397,24
advanced,36398,41
advanced,36399,22
advanced,36400,103
advanced,36401,37
advanced,36402,34
advanced,36403,35
advanced,36404,22
advanced,36405,25
advanced,36406,35
advanced,36407,50
advanced,36408,42
advanced,36409,53
advanced,36410,23
advanced,36411,31
advanced,36412,25
advanced,36413,53
advanced,36414,82
advanced,36415,23
advanced,36416,33
advanced,36417,35
advanced,36418,17
advanced,36419,52
advanced,36420,34
advanced,36421,32
advanced,36422,41
advanced,36423,17
advanced,36424,27
advanced,36425,24
advanced,36426,8
advanced,36427,17
advanced,36428,12
advanced,36429,24
advanced,36430,35
advanced,36431,61
advanced,36432,28
advanced,36433,34
advanced,36434,50
advanced,36435,49
advanced,36436,32
advanced,36437,32
advanced,36438,25
advanced,36439,24
advanced,36440,20
advanced,36441,30
advanced,36442,33
advanced,36443,38
advanced,36444,44
advanced,36445,5
advanced,36446,20
advanced,36447,27
advanced,36448,36
advanced,36449,28
advanced,36450,49
advanced,36451,14
advanced,36452,31
advanced,36453,28
advanced,36454,35
advanced,36455,31
advanced,36456,43
advanced,36457,37
advanced,36458,22
advanced,36459,60
advanced,36460,9
advanced,36461,35
advanced,36462,26
advanced,36463,45
advanced,36464,50
advanced,36465,29
advanced,36466,33
advanced,36467,17
advanced,36468,35
advanced,36469,25
advanced,36470,43
advanced,36471,18
advanced,36472,42
advanced,36473,39
advanced,36474,36
advanced,36475,35
advanced,36476,40
advanced,36477,18
advanced,36478,60
advanced,36479,14
advanced,36480,23
advanced,36481,43
advanced,36482,54
advanced,36483,22
advanced,36484,51
advanced,36485,30
advanced,36486,45
advanced,36487,20
advanced,36488,29
advanced,36489,45
advanced,36490,43
advanced,36491,42
advanced,36492,49
advanced,36493,26
advanced,36494,35
advanced,36495,55
advanced,36496,21
advanced,36497,41
advanced,36498,18
advanced,36499,28
advanced,36500,16
advanced,36501,28
advanced,36502,51
advanced,36503,9
advanced,36504,32
advanced,36505,30
advanced,36506,27
advanced,36507,34
advanced,36508,41
advanced,36509,30
advanced,36510,36
advanced,36511,19
advanced,36512,43
advanced,36513,13
advanced,36514,40
advanced,36515,28
advanced,36516,40
advanced,36517,34
advanced,36518,25
advanced,36519,35
advanced,36520,26
advanced,36521,34
advanced,36522,38
advanced,36523,33
advanced,36524,30
advanced,36525,18
advanced,36526,24
advanced,36527,36
advanced,36528,19
advanced,36529,44
advanced,36530,77
advanced,36531,38
advanced,36532,29
advanced,36533,32
advanced,36534,38
advanced,36535,29
advanced,36536,31
advanced,36537,26
advanced,36538,48
advanced,36539,59
advanced,36540,44
advanced,36541,43
advanced,36542,12
advanced,36543,33
advanced,36544,31
advanced,36545,40
advanced,36546,17
advanced,36547,29
advanced,36548,27
advanced,36549,68
advanced,36550,27
advanced,36551,21
advanced,36552,30
advanced,36553,24
advanced,36554,37
advanced,36555,42
advanced,36556,47
advanced,36557,51
advanced,36558,88
advanced,36559,25
advanced,36560,35
advanced,36561,33
advanced,36562,19
advanced,36563,89
advanced,36564,28
advanced,36565,70
advanced,36566,40
advanced,36567,37
advanced,36568,57
advanced,36569,47
advanced,36570,38
advanced,36571,42
advanced,36572,65
advanced,36573,43
advanced,36574,25
advanced,36575,31
advanced,36576,44
advanced,36577,36
advanced,36578,45
advanced,36579,21
advanced,36580,29
advanced,36581,18
advanced,36582,42
advanced,36583,31
advanced,36584,48
advanced,36585,27
advanced,36586,27
advanced,36587,51
advanced,36588,43
advanced,36589,56
advanced,36590,35
advanced,36591,76
advanced,36592,32
advanced,36593,42
advanced,36594,31
advanced,36595,38
advanced,36596,28
advanced,36597,31
advanced,36598,48
advanced,36599,21
advanced,36600,28
advanced,36601,30
advanced,36602,27
advanced,36603,16
advanced,36604,63
advanced,36605,51
advanced,36606,23
advanced,36607,23
advanced,36608,37
advanced,36609,34
advanced,36610,16
advanced,36611,35
advanced,36612,33
advanced,36613,33
advanced,36614,48
advanced,36615,31
advanced,36616,20
advanced,36617,18
advanced,36618,33
advanced,36619,77
advanced,36620,50
advanced,36621,35
advanced,36622,46
advanced,36623,46
advanced,36624,22
advanced,36625,15
advanced,36626,29
advanced,36627,53
advanced,36628,60
advanced,36629,30
advanced,36630,24
advanced,36631,41
advanced,36632,38
advanced,36633,64
advanced,36634,30
advanced,36635,40
advanced,36636,28
advanced,36637,30
advanced,36638,26
advanced,36639,20
advanced,36640,32
advanced,36641,39
advanced,36642,42
advanced,36643,32
advanced,36644,14
advanced,36645,21
advanced,36646,19
advanced,36647,27
advanced,36648,22
advanced,36649,24
advanced,36650,37
advanced,36651,30
advanced,36652,22
advanced,36653,32
advanced,36654,23
advanced,36655,39
advanced,36656,37
advanced,36657,22
advanced,36658,38
advanced,36659,46
advanced,36660,16
advanced,36661,64
advanced,36662,43
advanced,36663,44
advanced,36664,19
advanced,36665,44
advanced,36666,31
advanced,36667,20
advanced,36668,8
advanced,36669,43
advanced,36670,13
advanced,36671,30
advanced,36672,44
advanced,36673,41
advanced,36674,39
advanced,36675,52
advanced,36676,14
advanced,36677,28
advanced,36678,25
advanced,36679,17
advanced,36680,23
advanced,36681,29
advanced,36682,68
advanced,36683,31
advanced,36684,18
advanced,36685,71
advanced,36686,50
advanced,36687,33
advanced,36688,49
advanced,36689,51
advanced,36690,16
advanced,36691,18
advanced,36692,37
advanced,36693,32
advanced,36694,16
advanced,36695,47
advanced,36696,57
advanced,36697,41
advanced,36698,42
advanced,36699,31
advanced,36700,35
advanced,36701,31
advanced,36702,15
advanced,36703,34
advanced,36704,22
advanced,36705,29
advanced,36706,44
advanced,36707,31
advanced,36708,58
advanced,36709,27
advanced,36710,20
advanced,36711,31
advanced,36712,46
advanced,36713,20
advanced,36714,42
advanced,36715,21
advanced,36716,41
advanced,36717,22
advanced,36718,15
advanced,36719,25
advanced,36720,31
advanced,36721,46
advanced,36722,36
advanced,36723,31
advanced,36724,49
advanced,36725,20
advanced,36726,30
advanced,36727,33
advanced,36728,46
advanced,36729,29
advanced,36730,38
advanced,36731,25
advanced,36732,12
advanced,36733,44
advanced,36734,45
advanced,36735,53
advanced,36736,39
advanced,36737,27
advanced,36738,37
advanced,36739,36
advanced,36740,54
advanced,36741,31
advanced,36742,25
advanced,36743,43
advanced,36744,23
advanced,36745,63
advanced,36746,33
advanced,36747,37
advanced,36748,51
advanced,36749,20
advanced,36750,22
advanced,36751,26
advanced,36752,37
advanced,36753,26
advanced,36754,41
advanced,36755,23
advanced,36756,45
advanced,36757,32
advanced,36758,35
advanced,36759,15
advanced,36760,26
advanced,36761,47
advanced,36762,43
advanced,36763,42
advanced,36764,36
advanced,36765,33
advanced,36766,17
advanced,36767,21
advanced,36768,27
advanced,36769,42
advanced,36770,19
advanced,36771,34
advanced,36772,23
advanced,36773,69
advanced,36774,15
advanced,36775,36
advanced,36776,79
advanced,36777,35
advanced,36778,46
advanced,36779,59
advanced,36780,60
advanced,36781,41
advanced,36782,26
advanced,36783,47
advanced,36784,31
advanced,36785,42
advanced,36786,32
advanced,36787,35
advanced,36788,56
advanced,36789,23
advanced,36790,21
advanced,36791,21
advanced,36792,23
advanced,36793,42
advanced,36794,32
advanced,36795,42
advanced,36796,41
advanced,36797,27
advanced,36798,34
advanced,36799,46
advanced,36800,46
advanced,36801,17
advanced,36802,48
advanced,36803,23
advanced,36804,22
advanced,36805,31
advanced,36806,31
advanced,36807,28
advanced,36808,29
advanced,36809,28
advanced,36810,19
advanced,36811,44
advanced,36812,33
advanced,36813,45
advanced,36814,45
advanced,36815,22
advanced,36816,37
advanced,36817,9
advanced,36818,25
advanced,36819,35
advanced,36820,37
advanced,36821,24
advanced,36822,39
advanced,36823,23
advanced,36824,25
advanced,36825,36
advanced,36826,36
advanced,36827,14
advanced,36828,33
advanced,36829,10
advanced,36830,15
advanced,36831,25
advanced,36832,39
advanced,36833,28
advanced,36834,23
advanced,36835,20
advanced,36836,24
advanced,36837,32
advanced,36838,20
advanced,36839,18
advanced,36840,23
advanced,36841,58
advanced,36842,26
advanced,36843,32
advanced,36844,11
advanced,36845,28
advanced,36846,30
advanced,36847,43
advanced,36848,30
advanced,36849,33
advanced,36850,49
advanced,36851,36
advanced,36852,40
advanced,36853,42
advanced,36854,67
advanced,36855,37
advanced,36856,21
advanced,36857,28
advanced,36858,48
advanced,36859,23
advanced,36860,26
advanced,36861,59
advanced,36862,23
advanced,36863,71
advanced,36864,41
advanced,36865,19
advanced,36866,43
advanced,36867,27
advanced,36868,23
advanced,36869,51
advanced,36870,33
advanced,36871,40
advanced,36872,44
advanced,36873,14
advanced,36874,22
advanced,36875,32
advanced,36876,46
advanced,36877,33
advanced,36878,46
advanced,36879,53
advanced,36880,23
advanced,36881,56
advanced,36882,36
advanced,36883,41
advanced,36884,20
advanced,36885,42
advanced,36886,18
advanced,36887,45
advanced,36888,20
advanced,36889,36
advanced,36890,16
advanced,36891,29
advanced,36892,69
advanced,36893,24
advanced,36894,25
advanced,36895,25
advanced,36896,36
advanced,36897,35
advanced,36898,32
advanced,36899,21
advanced,36900,15
advanced,36901,46
advanced,36902,23
advanced,36903,26
advanced,36904,23
advanced,36905,19
advanced,36906,26
advanced,36907,39
advanced,36908,52
advanced,36909,66
advanced,36910,25
advanced,36911,27
advanced,36912,35
advanced,36913,45
advanced,36914,25
advanced,36915,24
advanced,36916,29
advanced,36917,18
advanced,36918,38
advanced,36919,33
advanced,36920,29
advanced,36921,43
advanced,36922,34
advanced,36923,67
advanced,36924,43
advanced,36925,32
advanced,36926,11
advanced,36927,67
advanced,36928,45
advanced,36929,7
advanced,36930,26
advanced,36931,51
advanced,36932,54
advanced,36933,25
advanced,36934,22
advanced,36935,45
advanced,36936,22
advanced,36937,53
advanced,36938,26
advanced,36939,33
advanced,36940,47
advanced,36941,26
advanced,36942,36
advanced,36943,41
advanced,36944,32
advanced,36945,35
advanced,36946,54
advanced,36947,25
advanced,36948,39
advanced,36949,36
advanced,36950,43
advanced,36951,37
advanced,36952,32
advanced,36953,22
advanced,36954,45
advanced,36955,38
advanced,36956,50
advanced,36957,25
advanced,36958,48
advanced,36959,28
advanced,36960,18
advanced,36961,28
advanced,36962,65
advanced,36963,61
advanced,36964,19
advanced,36965,36
advanced,36966,98
advanced,36967,24
advanced,36968,31
advanced,36969,23
advanced,36970,29
advanced,36971,22
advanced,36972,37
advanced,36973,21
advanced,36974,33
advanced,36975,25
advanced,36976,23
advanced,36977,38
advanced,36978,27
advanced,36979,18
advanced,36980,38
advanced,36981,41
advanced,36982,17
advanced,36983,47
advanced,36984,27
advanced,36985,35
advanced,36986,29
advanced,36987,38
advanced,36988,13
advanced,36989,44
advanced,36990,42
advanced,36991,14
advanced,36992,18
advanced,36993,51
advanced,36994,43
advanced,36995,55
advanced,36996,20
advanced,36997,38
advanced,36998,45
advanced,36999,34
advanced,37000,33
advanced,37001,33
advanced,37002,29
advanced,37003,37
advanced,37004,41
advanced,37005,34
advanced,37006,38
advanced,37007,24
advanced,37008,43
advanced,37009,38
advanced,37010,41
advanced,37011,34
advanced,37012,7
advanced,37013,26
advanced,37014,27
advanced,37015,25
advanced,37016,45
advanced,37017,65
advanced,37018,10
advanced,37019,28
advanced,37020,93
advanced,37021,40
advanced,37022,80
advanced,37023,42
advanced,37024,35
advanced,37025,31
advanced,37026,20
advanced,37027,37
advanced,37028,24
advanced,37029,43
advanced,37030,41
advanced,37031,48
advanced,37032,17
advanced,37033,23
advanced,37034,17
advanced,37035,58
advanced,37036,34
advanced,37037,39
advanced,37038,33
advanced,37039,55
advanced,37040,44
advanced,37041,19
advanced,37042,54
advanced,37043,21
advanced,37044,43
advanced,37045,12
advanced,37046,38
advanced,37047,63
advanced,37048,41
advanced,37049,38
advanced,37050,44
advanced,37051,11
advanced,37052,26
advanced,37053,23
advanced,37054,51
advanced,37055,38
advanced,37056,59
advanced,37057,34
advanced,37058,45
advanced,37059,23
advanced,37060,56
advanced,37061,49
advanced,37062,12
advanced,37063,41
advanced,37064,21
advanced,37065,23
advanced,37066,25
advanced,37067,61
advanced,37068,28
advanced,37069,22
advanced,37070,39
advanced,37071,31
advanced,37072,23
advanced,37073,34
advanced,37074,39
advanced,37075,54
advanced,37076,34
advanced,37077,17
advanced,37078,51
advanced,37079,20
advanced,37080,24
advanced,37081,51
advanced,37082,41
advanced,37083,27
advanced,37084,24
advanced,37085,29
advanced,37086,9
advanced,37087,27
advanced,37088,38
advanced,37089,50
advanced,37090,25
advanced,37091,43
advanced,37092,28
advanced,37093,53
advanced,37094,33
advanced,37095,21
advanced,37096,36
advanced,37097,35
advanced,37098,35
advanced,37099,59
advanced,37100,17
advanced,37101,40
advanced,37102,14
advanced,37103,38
advanced,37104,40
advanced,37105,36
advanced,37106,33
advanced,37107,64
advanced,37108,27
advanced,37109,34
advanced,37110,45
advanced,37111,21
advanced,37112,34
advanced,37113,55
advanced,37114,26
advanced,37115,19
advanced,37116,32
advanced,37117,50
advanced,37118,32
advanced,37119,41
advanced,37120,26
advanced,37121,42
advanced,37122,55
advanced,37123,47
advanced,37124,26
advanced,37125,57
advanced,37126,29
advanced,37127,56
advanced,37128,25
advanced,37129,44
advanced,37130,40
advanced,37131,43
advanced,37132,29
advanced,37133,42
advanced,37134,33
advanced,37135,37
advanced,37136,38
advanced,37137,26
advanced,37138,39
advanced,37139,32
advanced,37140,32
advanced,37141,23
advanced,37142,35
advanced,37143,40
advanced,37144,30
advanced,37145,33
advanced,37146,36
advanced,37147,41
advanced,37148,33
advanced,37149,60
advanced,37150,52
advanced,37151,42
advanced,37152,16
advanced,37153,32
advanced,37154,33
advanced,37155,18
advanced,37156,50
advanced,37157,20
advanced,37158,46
advanced,37159,54
advanced,37160,40
advanced,37161,44
advanced,37162,41
advanced,37163,32
advanced,37164,31
advanced,37165,14
advanced,37166,32
advanced,37167,18
advanced,37168,41
advanced,37169,74
advanced,37170,13
advanced,37171,24
advanced,37172,30
advanced,37173,19
advanced,37174,56
advanced,37175,47
advanced,37176,42
advanced,37177,49
advanced,37178,33
advanced,37179,33
advanced,37180,19
advanced,37181,21
advanced,37182,38
advanced,37183,31
advanced,37184,25
advanced,37185,14
advanced,37186,37
advanced,37187,55
advanced,37188,30
advanced,37189,22
advanced,37190,29
advanced,37191,12
advanced,37192,24
advanced,37193,28
advanced,37194,56
advanced,37195,24
advanced,37196,24
advanced,37197,35
advanced,37198,63
advanced,37199,39
advanced,37200,44
advanced,37201,49
advanced,37202,47
advanced,37203,30
advanced,37204,71
advanced,37205,20
advanced,37206,15
advanced,37207,40
advanced,37208,27
advanced,37209,41
advanced,37210,24
advanced,37211,35
advanced,37212,19
advanced,37213,34
advanced,37214,16
advanced,37215,52
advanced,37216,31
advanced,37217,27
advanced,37218,42
advanced,37219,21
advanced,37220,16
advanced,37221,58
advanced,37222,52
advanced,37223,26
advanced,37224,55
advanced,37225,18
advanced,37226,28
advanced,37227,29
advanced,37228,32
advanced,37229,23
advanced,37230,35
advanced,37231,37
advanced,37232,38
advanced,37233,24
advanced,37234,25
advanced,37235,37
advanced,37236,32
advanced,37237,20
advanced,37238,68
advanced,37239,25
advanced,37240,24
advanced,37241,12
advanced,37242,54
advanced,37243,64
advanced,37244,17
advanced,37245,9
advanced,37246,23
advanced,37247,31
advanced,37248,28
advanced,37249,21
advanced,37250,12
advanced,37251,36
advanced,37252,28
advanced,37253,49
advanced,37254,29
advanced,37255,16
advanced,37256,20
advanced,37257,30
advanced,37258,22
advanced,37259,35
advanced,37260,27
advanced,37261,53
advanced,37262,36
advanced,37263,26
advanced,37264,50
advanced,37265,52
advanced,37266,41
advanced,37267,49
advanced,37268,49
advanced,37269,41
advanced,37270,27
advanced,37271,30
advanced,37272,63
advanced,37273,52
advanced,37274,43
advanced,37275,29
advanced,37276,43
advanced,37277,32
advanced,37278,30
advanced,37279,23
advanced,37280,59
advanced,37281,56
advanced,37282,57
advanced,37283,34
advanced,37284,41
advanced,37285,30
advanced,37286,59
advanced,37287,45
advanced,37288,47
advanced,37289,51
advanced,37290,72
advanced,37291,29
advanced,37292,39
advanced,37293,79
advanced,37294,33
advanced,37295,33
advanced,37296,29
advanced,37297,46
advanced,37298,41
advanced,37299,57
advanced,37300,25
advanced,37301,19
advanced,37302,19
advanced,37303,35
advanced,37304,14
advanced,37305,28
advanced,37306,35
advanced,37307,27
advanced,37308,32
advanced,37309,38
advanced,37310,33
advanced,37311,36
advanced,37312,32
advanced,37313,28
advanced,37314,32
advanced,37315,55
advanced,37316,15
advanced,37317,51
advanced,37318,48
advanced,37319,43
advanced,37320,33
advanced,37321,43
advanced,37322,21
advanced,37323,31
advanced,37324,49
advanced,37325,19
advanced,37326,31
advanced,37327,46
advanced,37328,27
advanced,37329,34
advanced,37330,39
advanced,37331,55
advanced,37332,32
advanced,37333,30
advanced,37334,33
advanced,37335,16
advanced,37336,27
advanced,37337,42
advanced,37338,46
advanced,37339,23
advanced,37340,45
advanced,37341,28
advanced,37342,22
advanced,37343,60
advanced,37344,47
advanced,37345,26
advanced,37346,37
advanced,37347,32
advanced,37348,55
advanced,37349,19
advanced,37350,20
advanced,37351,21
advanced,37352,29
advanced,37353,26
advanced,37354,35
advanced,37355,38
advanced,37356,27
advanced,37357,46
advanced,37358,5
advanced,37359,26
advanced,37360,56
advanced,37361,19
advanced,37362,27
advanced,37363,34
advanced,37364,10
advanced,37365,61
advanced,37366,48
advanced,37367,24
advanced,37368,23
advanced,37369,55
advanced,37370,50
advanced,37371,26
advanced,37372,20
advanced,37373,34
advanced,37374,44
advanced,37375,36
advanced,37376,35
advanced,37377,46
advanced,37378,38
advanced,37379,35
advanced,37380,32
advanced,37381,85
advanced,37382,23
advanced,37383,32
advanced,37384,31
advanced,37385,36
advanced,37386,31
advanced,37387,59
advanced,37388,20
advanced,37389,87
advanced,37390,35
advanced,37391,44
advanced,37392,46
advanced,37393,33
advanced,37394,47
advanced,37395,23
advanced,37396,51
advanced,37397,24
advanced,37398,22
advanced,37399,23
advanced,37400,36
advanced,37401,28
advanced,37402,59
advanced,37403,14
advanced,37404,26
advanced,37405,25
advanced,37406,30
advanced,37407,43
advanced,37408,15
advanced,37409,43
advanced,37410,42
advanced,37411,48
advanced,37412,21
advanced,37413,20
advanced,37414,30
advanced,37415,33
advanced,37416,37
advanced,37417,34
advanced,37418,26
advanced,37419,31
advanced,37420,56
advanced,37421,49
advanced,37422,33
advanced,37423,38
advanced,37424,38
advanced,37425,35
advanced,37426,36
advanced,37427,59
advanced,37428,24
advanced,37429,41
advanced,37430,30
advanced,37431,17
advanced,37432,45
advanced,37433,60
advanced,37434,29
advanced,37435,66
advanced,37436,35
advanced,37437,24
advanced,37438,29
advanced,37439,16
advanced,37440,25
advanced,37441,36
advanced,37442,24
advanced,37443,17
advanced,37444,38
advanced,37445,29
advanced,37446,48
advanced,37447,19
advanced,37448,31
advanced,37449,22
advanced,37450,29
advanced,37451,13
advanced,37452,32
advanced,37453,61
advanced,37454,33
advanced,37455,25
advanced,37456,26
advanced,37457,19
advanced,37458,51
advanced,37459,33
advanced,37460,36
advanced,37461,48
advanced,37462,31
advanced,37463,23
advanced,37464,32
advanced,37465,31
advanced,37466,30
advanced,37467,30
advanced,37468,29
advanced,37469,37
advanced,37470,24
advanced,37471,24
advanced,37472,25
advanced,37473,48
advanced,37474,48
advanced,37475,36
advanced,37476,63
advanced,37477,16
advanced,37478,39
advanced,37479,35
advanced,37480,27
advanced,37481,31
advanced,37482,42
advanced,37483,44
advanced,37484,32
advanced,37485,21
advanced,37486,16
advanced,37487,22
advanced,37488,51
advanced,37489,27
advanced,37490,21
advanced,37491,45
advanced,37492,16
advanced,37493,58
advanced,37494,55
advanced,37495,29
advanced,37496,17
advanced,37497,49
advanced,37498,61
advanced,37499,53
advanced,37500,25
advanced,37501,24
advanced,37502,33
advanced,37503,51
advanced,37504,31
advanced,37505,59
advanced,37506,28
advanced,37507,43
advanced,37508,64
advanced,37509,41
advanced,37510,50
advanced,37511,43
advanced,37512,42
advanced,37513,52
advanced,37514,36
advanced,37515,55
advanced,37516,63
advanced,37517,24
advanced,37518,46
advanced,37519,37
advanced,37520,41
advanced,37521,35
advanced,37522,65
advanced,37523,37
advanced,37524,29
advanced,37525,47
advanced,37526,33
advanced,37527,58
advanced,37528,47
advanced,37529,31
advanced,37530,30
advanced,37531,29
advanced,37532,22
advanced,37533,28
advanced,37534,26
advanced,37535,7
advanced,37536,41
advanced,37537,41
advanced,37538,46
advanced,37539,28
advanced,37540,56
advanced,37541,27
advanced,37542,42
advanced,37543,11
advanced,37544,46
advanced,37545,40
advanced,37546,60
advanced,37547,52
advanced,37548,29
advanced,37549,32
advanced,37550,58
advanced,37551,18
advanced,37552,50
advanced,37553,65
advanced,37554,54
advanced,37555,26
advanced,37556,20
advanced,37557,31
advanced,37558,38
advanced,37559,58
advanced,37560,12
advanced,37561,51
advanced,37562,27
advanced,37563,33
advanced,37564,28
advanced,37565,27
advanced,37566,33
advanced,37567,33
advanced,37568,22
advanced,37569,63
advanced,37570,50
advanced,37571,40
advanced,37572,36
advanced,37573,22
advanced,37574,24
advanced,37575,55
advanced,37576,38
advanced,37577,32
advanced,37578,36
advanced,37579,38
advanced,37580,36
advanced,37581,47
advanced,37582,28
advanced,37583,37
advanced,37584,43
advanced,37585,27
advanced,37586,42
advanced,37587,14
advanced,37588,47
advanced,37589,36
advanced,37590,35
advanced,37591,40
advanced,37592,31
advanced,37593,49
advanced,37594,31
advanced,37595,27
advanced,37596,59
advanced,37597,35
advanced,37598,45
advanced,37599,16
advanced,37600,28
advanced,37601,55
advanced,37602,31
advanced,37603,56
advanced,37604,55
advanced,37605,14
advanced,37606,39
advanced,37607,41
advanced,37608,79
advanced,37609,34
advanced,37610,40
advanced,37611,41
advanced,37612,28
advanced,37613,30
advanced,37614,19
advanced,37615,26
advanced,37616,36
advanced,37617,49
advanced,37618,18
advanced,37619,18
advanced,37620,39
advanced,37621,33
advanced,37622,46
advanced,37623,33
advanced,37624,44
advanced,37625,47
advanced,37626,24
advanced,37627,20
advanced,37628,30
advanced,37629,30
advanced,37630,13
advanced,37631,72
advanced,37632,64
advanced,37633,35
advanced,37634,38
advanced,37635,29
advanced,37636,26
advanced,37637,45
advanced,37638,23
advanced,37639,30
advanced,37640,41
advanced,37641,30
advanced,37642,14
advanced,37643,51
advanced,37644,34
advanced,37645,37
advanced,37646,23
advanced,37647,30
advanced,37648,24
advanced,37649,55
advanced,37650,22
advanced,37651,13
advanced,37652,11
advanced,37653,44
advanced,37654,31
advanced,37655,19
advanced,37656,28
advanced,37657,32
advanced,37658,26
advanced,37659,30
advanced,37660,57
advanced,37661,35
advanced,37662,20
advanced,37663,43
advanced,37664,57
advanced,37665,33
advanced,37666,29
advanced,37667,65
advanced,37668,48
advanced,37669,53
advanced,37670,28
advanced,37671,32
advanced,37672,37
advanced,37673,36
advanced,37674,28
advanced,37675,38
advanced,37676,36
advanced,37677,47
advanced,37678,31
advanced,37679,21
advanced,37680,46
advanced,37681,45
advanced,37682,16
advanced,37683,63
advanced,37684,42
advanced,37685,47
advanced,37686,16
advanced,37687,30
advanced,37688,20
advanced,37689,19
advanced,37690,25
advanced,37691,50
advanced,37692,27
advanced,37693,12
advanced,37694,37
advanced,37695,31
advanced,37696,35
advanced,37697,64
advanced,37698,54
advanced,37699,36
advanced,37700,29
advanced,37701,27
advanced,37702,38
advanced,37703,51
advanced,37704,37
advanced,37705,39
advanced,37706,32
advanced,37707,32
advanced,37708,23
advanced,37709,26
advanced,37710,31
advanced,37711,49
advanced,37712,22
advanced,37713,38
advanced,37714,37
advanced,37715,36
advanced,37716,46
advanced,37717,36
advanced,37718,32
advanced,37719,45
advanced,37720,25
advanced,37721,25
advanced,37722,46
advanced,37723,60
advanced,37724,36
advanced,37725,18
advanced,37726,17
advanced,37727,42
advanced,37728,35
advanced,37729,16
advanced,37730,40
advanced,37731,41
advanced,37732,33
advanced,37733,20
advanced,37734,27
advanced,37735,52
advanced,37736,47
advanced,37737,28
advanced,37738,26
advanced,37739,20
advanced,37740,32
advanced,37741,41
advanced,37742,18
advanced,37743,40
advanced,37744,31
advanced,37745,20
advanced,37746,34
advanced,37747,62
advanced,37748,23
advanced,37749,22
advanced,37750,7
advanced,37751,39
advanced,37752,89
advanced,37753,31
advanced,37754,60
advanced,37755,17
advanced,37756,24
advanced,37757,50
advanced,37758,33
advanced,37759,123
advanced,37760,32
advanced,37761,31
advanced,37762,22
advanced,37763,17
advanced,37764,19
advanced,37765,47
advanced,37766,38
advanced,37767,17
advanced,37768,36
advanced,37769,27
advanced,37770,20
advanced,37771,34
advanced,37772,58
advanced,37773,26
advanced,37774,25
advanced,37775,31
advanced,37776,47
advanced,37777,54
advanced,37778,37
advanced,37779,39
advanced,37780,65
advanced,37781,31
advanced,37782,23
advanced,37783,33
advanced,37784,43
advanced,37785,55
advanced,37786,40
advanced,37787,16
advanced,37788,53
advanced,37789,16
advanced,37790,48
advanced,37791,25
advanced,37792,38
advanced,37793,20
advanced,37794,27
advanced,37795,36
advanced,37796,38
advanced,37797,42
advanced,37798,55
advanced,37799,46
advanced,37800,36
advanced,37801,52
advanced,37802,21
advanced,37803,33
advanced,37804,48
advanced,37805,24
advanced,37806,20
advanced,37807,12
advanced,37808,53
advanced,37809,30
advanced,37810,53
advanced,37811,15
advanced,37812,51
advanced,37813,26
advanced,37814,30
advanced,37815,39
advanced,37816,45
advanced,37817,39
advanced,37818,25
advanced,37819,22
advanced,37820,29
advanced,37821,43
advanced,37822,25
advanced,37823,28
advanced,37824,39
advanced,37825,7
advanced,37826,29
advanced,37827,45
advanced,37828,49
advanced,37829,10
advanced,37830,27
advanced,37831,18
advanced,37832,41
advanced,37833,41
advanced,37834,26
advanced,37835,37
advanced,37836,25
advanced,37837,26
advanced,37838,38
advanced,37839,33
advanced,37840,25
advanced,37841,51
advanced,37842,40
advanced,37843,23
advanced,37844,59
advanced,37845,26
advanced,37846,28
advanced,37847,14
advanced,37848,27
advanced,37849,25
advanced,37850,25
advanced,37851,45
advanced,37852,41
advanced,37853,48
advanced,37854,35
advanced,37855,37
advanced,37856,8
advanced,37857,51
advanced,37858,36
advanced,37859,39
advanced,37860,39
advanced,37861,25
advanced,37862,64
advanced,37863,19
advanced,37864,42
advanced,37865,31
advanced,37866,29
advanced,37867,30
advanced,37868,16
advanced,37869,48
advanced,37870,31
advanced,37871,49
advanced,37872,10
advanced,37873,50
advanced,37874,21
advanced,37875,56
advanced,37876,42
advanced,37877,35
advanced,37878,32
advanced,37879,30
advanced,37880,35
advanced,37881,27
advanced,37882,22
advanced,37883,27
advanced,37884,48
advanced,37885,32
advanced,37886,34
advanced,37887,22
advanced,37888,34
advanced,37889,28
advanced,37890,37
advanced,37891,25
advanced,37892,50
advanced,37893,20
advanced,37894,27
advanced,37895,30
advanced,37896,32
advanced,37897,37
advanced,37898,42
advanced,37899,32
advanced,37900,34
advanced,37901,40
advanced,37902,23
advanced,37903,16
advanced,37904,22
advanced,37905,55
advanced,37906,34
advanced,37907,34
advanced,37908,26
advanced,37909,41
advanced,37910,31
advanced,37911,45
advanced,37912,39
advanced,37913,37
advanced,37914,14
advanced,37915,24
advanced,37916,53
advanced,37917,76
advanced,37918,13
advanced,37919,19
advanced,37920,23
advanced,37921,49
advanced,37922,48
advanced,37923,27
advanced,37924,60
advanced,37925,38
advanced,37926,36
advanced,37927,18
advanced,37928,49
advanced,37929,14
advanced,37930,44
advanced,37931,67
advanced,37932,49
advanced,37933,29
advanced,37934,45
advanced,37935,18
advanced,37936,25
advanced,37937,43
advanced,37938,19
advanced,37939,43
advanced,37940,62
advanced,37941,33
advanced,37942,39
advanced,37943,42
advanced,37944,20
advanced,37945,19
advanced,37946,31
advanced,37947,38
advanced,37948,11
advanced,37949,37
advanced,37950,35
advanced,37951,61
advanced,37952,46
advanced,37953,20
advanced,37954,41
advanced,37955,51
advanced,37956,36
advanced,37957,23
advanced,37958,34
advanced,37959,56
advanced,37960,49
advanced,37961,65
advanced,37962,22
advanced,37963,49
advanced,37964,26
advanced,37965,38
advanced,37966,34
advanced,37967,23
advanced,37968,44
advanced,37969,44
advanced,37970,15
advanced,37971,30
advanced,37972,60
advanced,37973,30
advanced,37974,24
advanced,37975,25
advanced,37976,27
advanced,37977,20
advanced,37978,38
advanced,37979,34
advanced,37980,46
advanced,37981,47
advanced,37982,22
advanced,37983,36
advanced,37984,68
advanced,37985,36
advanced,37986,19
advanced,37987,22
advanced,37988,33
advanced,37989,46
advanced,37990,70
advanced,37991,28
advanced,37992,15
advanced,37993,37
advanced,37994,42
advanced,37995,26
advanced,37996,38
advanced,37997,23
advanced,37998,15
advanced,37999,33
advanced,38000,25
advanced,38001,12
advanced,38002,42
advanced,38003,32
advanced,38004,27
advanced,38005,56
advanced,38006,39
advanced,38007,32
advanced,38008,23
advanced,38009,36
advanced,38010,37
advanced,38011,26
advanced,38012,39
advanced,38013,27
advanced,38014,43
advanced,38015,54
advanced,38016,33
advanced,38017,38
advanced,38018,24
advanced,38019,17
advanced,38020,30
advanced,38021,21
advanced,38022,31
advanced,38023,33
advanced,38024,47
advanced,38025,40
advanced,38026,49
advanced,38027,20
advanced,38028,43
advanced,38029,30
advanced,38030,33
advanced,38031,22
advanced,38032,45
advanced,38033,31
advanced,38034,25
advanced,38035,16
advanced,38036,27
advanced,38037,8
advanced,38038,10
advanced,38039,24
advanced,38040,62
advanced,38041,21
advanced,38042,21
advanced,38043,44
advanced,38044,42
advanced,38045,27
advanced,38046,17
advanced,38047,12
advanced,38048,31
advanced,38049,15
advanced,38050,59
advanced,38051,20
advanced,38052,38
advanced,38053,40
advanced,38054,39
advanced,38055,50
advanced,38056,86
advanced,38057,21
advanced,38058,18
advanced,38059,25
advanced,38060,34
advanced,38061,71
advanced,38062,31
advanced,38063,81
advanced,38064,63
advanced,38065,32
advanced,38066,40
advanced,38067,40
advanced,38068,31
advanced,38069,23
advanced,38070,33
advanced,38071,21
advanced,38072,50
advanced,38073,32
advanced,38074,38
advanced,38075,43
advanced,38076,47
advanced,38077,21
advanced,38078,12
advanced,38079,37
advanced,38080,42
advanced,38081,43
advanced,38082,28
advanced,38083,42
advanced,38084,59
advanced,38085,30
advanced,38086,52
advanced,38087,32
advanced,38088,35
advanced,38089,53
advanced,38090,17
advanced,38091,33
advanced,38092,52
advanced,38093,25
advanced,38094,28
advanced,38095,55
advanced,38096,35
advanced,38097,18
advanced,38098,32
advanced,38099,38
advanced,38100,44
advanced,38101,31
advanced,38102,31
advanced,38103,32
advanced,38104,11
advanced,38105,39
advanced,38106,29
advanced,38107,25
advanced,38108,54
advanced,38109,58
advanced,38110,19
advanced,38111,11
advanced,38112,47
advanced,38113,22
advanced,38114,26
advanced,38115,45
advanced,38116,34
advanced,38117,37
advanced,38118,55
advanced,38119,34
advanced,38120,42
advanced,38121,37
advanced,38122,32
advanced,38123,26
advanced,38124,40
advanced,38125,30
advanced,38126,19
advanced,38127,26
advanced,38128,17
advanced,38129,40
advanced,38130,26
advanced,38131,38
advanced,38132,41
advanced,38133,38
advanced,38134,54
advanced,38135,30
advanced,38136,21
advanced,38137,36
advanced,38138,35
advanced,38139,17
advanced,38140,27
advanced,38141,35
advanced,38142,61
advanced,38143,31
advanced,38144,34
advanced,38145,29
advanced,38146,49
advanced,38147,70
advanced,38148,31
advanced,38149,30
advanced,38150,31
advanced,38151,67
advanced,38152,48
advanced,38153,45
advanced,38154,40
advanced,38155,46
advanced,38156,43
advanced,38157,23
advanced,38158,50
advanced,38159,38
advanced,38160,35
advanced,38161,25
advanced,38162,56
advanced,38163,23
advanced,38164,36
advanced,38165,42
advanced,38166,29
advanced,38167,42
advanced,38168,25
advanced,38169,26
advanced,38170,29
advanced,38171,63
advanced,38172,73
advanced,38173,32
advanced,38174,41
advanced,38175,23
advanced,38176,29
advanced,38177,30
advanced,38178,83
advanced,38179,21
advanced,38180,51
advanced,38181,31
advanced,38182,48
advanced,38183,60
advanced,38184,31
advanced,38185,18
advanced,38186,29
advanced,38187,30
advanced,38188,47
advanced,38189,41
advanced,38190,48
advanced,38191,35
advanced,38192,42
advanced,38193,28
advanced,38194,19
advanced,38195,24
advanced,38196,28
advanced,38197,27
advanced,38198,25
advanced,38199,28
advanced,38200,16
advanced,38201,67
advanced,38202,20
advanced,38203,42
advanced,38204,24
advanced,38205,10
advanced,38206,37
advanced,38207,24
advanced,38208,25
advanced,38209,20
advanced,38210,25
advanced,38211,75
advanced,38212,30
advanced,38213,15
advanced,38214,47
advanced,38215,49
advanced,38216,44
advanced,38217,24
advanced,38218,42
advanced,38219,14
advanced,38220,41
advanced,38221,51
advanced,38222,32
advanced,38223,35
advanced,38224,23
advanced,38225,37
advanced,38226,24
advanced,38227,39
advanced,38228,27
advanced,38229,32
advanced,38230,42
advanced,38231,13
advanced,38232,39
advanced,38233,22
advanced,38234,42
advanced,38235,34
advanced,38236,36
advanced,38237,57
advanced,38238,36
advanced,38239,44
advanced,38240,14
advanced,38241,21
advanced,38242,26
advanced,38243,36
advanced,38244,37
advanced,38245,13
advanced,38246,18
advanced,38247,13
advanced,38248,41
advanced,38249,30
advanced,38250,23
advanced,38251,34
advanced,38252,53
advanced,38253,24
advanced,38254,36
advanced,38255,53
advanced,38256,31
advanced,38257,33
advanced,38258,42
advanced,38259,66
advanced,38260,70
advanced,38261,36
advanced,38262,42
advanced,38263,26
advanced,38264,52
advanced,38265,53
advanced,38266,41
advanced,38267,72
advanced,38268,45
advanced,38269,46
advanced,38270,17
advanced,38271,13
advanced,38272,71
advanced,38273,23
advanced,38274,18
advanced,38275,24
advanced,38276,53
advanced,38277,17
advanced,38278,31
advanced,38279,29
advanced,38280,33
advanced,38281,27
advanced,38282,27
advanced,38283,29
advanced,38284,51
advanced,38285,17
advanced,38286,40
advanced,38287,21
advanced,38288,22
advanced,38289,28
advanced,38290,18
advanced,38291,61
advanced,38292,71
advanced,38293,39
advanced,38294,15
advanced,38295,12
advanced,38296,35
advanced,38297,16
advanced,38298,65
advanced,38299,42
advanced,38300,33
advanced,38301,22
advanced,38302,32
advanced,38303,26
advanced,38304,28
advanced,38305,21
advanced,38306,30
advanced,38307,29
advanced,38308,24
advanced,38309,47
advanced,38310,33
advanced,38311,43
advanced,38312,39
advanced,38313,38
advanced,38314,54
advanced,38315,26
advanced,38316,29
advanced,38317,24
advanced,38318,46
advanced,38319,26
advanced,38320,18
advanced,38321,46
advanced,38322,22
advanced,38323,10
advanced,38324,28
advanced,38325,30
advanced,38326,54
advanced,38327,37
advanced,38328,30
advanced,38329,30
advanced,38330,77
advanced,38331,29
advanced,38332,59
advanced,38333,63
advanced,38334,19
advanced,38335,22
advanced,38336,36
advanced,38337,26
advanced,38338,19
advanced,38339,29
advanced,38340,30
advanced,38341,31
advanced,38342,25
advanced,38343,49
advanced,38344,56
advanced,38345,37
advanced,38346,29
advanced,38347,38
advanced,38348,24
advanced,38349,31
advanced,38350,24
advanced,38351,22
advanced,38352,12
advanced,38353,30
advanced,38354,75
advanced,38355,65
advanced,38356,49
advanced,38357,31
advanced,38358,37
advanced,38359,27
advanced,38360,41
advanced,38361,25
advanced,38362,20
advanced,38363,24
advanced,38364,24
advanced,38365,46
advanced,38366,33
advanced,38367,38
advanced,38368,36
advanced,38369,48
advanced,38370,32
advanced,38371,25
advanced,38372,38
advanced,38373,39
advanced,38374,35
advanced,38375,22
advanced,38376,26
advanced,38377,32
advanced,38378,22
advanced,38379,32
advanced,38380,19
advanced,38381,38
advanced,38382,33
advanced,38383,32
advanced,38384,23
advanced,38385,30
advanced,38386,45
advanced,38387,21
advanced,38388,24
advanced,38389,31
advanced,38390,38
advanced,38391,32
advanced,38392,35
advanced,38393,13
advanced,38394,41
advanced,38395,16
advanced,38396,32
advanced,38397,65
advanced,38398,37
advanced,38399,37
advanced,38400,30
advanced,38401,19
advanced,38402,49
advanced,38403,53
advanced,38404,14
advanced,38405,27
advanced,38406,39
advanced,38407,46
advanced,38408,19
advanced,38409,29
advanced,38410,43
advanced,38411,55
advanced,38412,49
advanced,38413,27
advanced,38414,62
advanced,38415,14
advanced,38416,56
advanced,38417,24
advanced,38418,32
advanced,38419,35
advanced,38420,15
advanced,38421,45
advanced,38422,48
advanced,38423,31
advanced,38424,9
advanced,38425,21
advanced,38426,106
advanced,38427,44
advanced,38428,34
advanced,38429,40
advanced,38430,27
advanced,38431,48
advanced,38432,32
advanced,38433,20
advanced,38434,33
advanced,38435,29
advanced,38436,37
advanced,38437,13
advanced,38438,38
advanced,38439,40
advanced,38440,40
advanced,38441,46
advanced,38442,32
advanced,38443,46
advanced,38444,20
advanced,38445,7
advanced,38446,41
advanced,38447,55
advanced,38448,9
advanced,38449,36
advanced,38450,20
advanced,38451,52
advanced,38452,30
advanced,38453,38
advanced,38454,15
advanced,38455,46
advanced,38456,22
advanced,38457,32
advanced,38458,17
advanced,38459,25
advanced,38460,14
advanced,38461,40
advanced,38462,26
advanced,38463,28
advanced,38464,39
advanced,38465,24
advanced,38466,22
advanced,38467,38
advanced,38468,18
advanced,38469,41
advanced,38470,29
advanced,38471,30
advanced,38472,18
advanced,38473,19
advanced,38474,47
advanced,38475,47
advanced,38476,25
advanced,38477,52
advanced,38478,49
advanced,38479,29
advanced,38480,45
advanced,38481,29
advanced,38482,18
advanced,38483,43
advanced,38484,43
advanced,38485,35
advanced,38486,14
advanced,38487,17
advanced,38488,43
advanced,38489,41
advanced,38490,27
advanced,38491,28
advanced,38492,34
advanced,38493,21
advanced,38494,40
advanced,38495,25
advanced,38496,36
advanced,38497,58
advanced,38498,25
advanced,38499,24
advanced,38500,24
advanced,38501,35
advanced,38502,30
advanced,38503,41
advanced,38504,57
advanced,38505,58
advanced,38506,30
advanced,38507,43
advanced,38508,30
advanced,38509,30
advanced,38510,36
advanced,38511,23
advanced,38512,29
advanced,38513,10
advanced,38514,44
advanced,38515,28
advanced,38516,37
advanced,38517,41
advanced,38518,35
advanced,38519,18
advanced,38520,31
advanced,38521,28
advanced,38522,28
advanced,38523,26
advanced,38524,10
advanced,38525,37
advanced,38526,43
advanced,38527,29
advanced,38528,24
advanced,38529,57
advanced,38530,33
advanced,38531,51
advanced,38532,43
advanced,38533,25
advanced,38534,42
advanced,38535,36
advanced,38536,20
advanced,38537,18
advanced,38538,32
advanced,38539,25
advanced,38540,26
advanced,38541,32
advanced,38542,45
advanced,38543,38
advanced,38544,29
advanced,38545,37
advanced,38546,48
advanced,38547,60
advanced,38548,40
advanced,38549,16
advanced,38550,40
advanced,38551,48
advanced,38552,26
advanced,38553,28
advanced,38554,45
advanced,38555,59
advanced,38556,10
advanced,38557,22
advanced,38558,39
advanced,38559,31
advanced,38560,18
advanced,38561,43
advanced,38562,37
advanced,38563,22
advanced,38564,28
advanced,38565,16
advanced,38566,41
advanced,38567,29
advanced,38568,16
advanced,38569,20
advanced,38570,39
advanced,38571,31
advanced,38572,25
advanced,38573,34
advanced,38574,18
advanced,38575,23
advanced,38576,31
advanced,38577,19
advanced,38578,53
advanced,38579,41
advanced,38580,40
advanced,38581,30
advanced,38582,26
advanced,38583,25
advanced,38584,31
advanced,38585,58
advanced,38586,14
advanced,38587,29
advanced,38588,21
advanced,38589,14
advanced,38590,17
advanced,38591,35
advanced,38592,38
advanced,38593,25
advanced,38594,24
advanced,38595,26
advanced,38596,51
advanced,38597,27
advanced,38598,47
advanced,38599,33
advanced,38600,38
advanced,38601,50
advanced,38602,17
advanced,38603,15
advanced,38604,22
advanced,38605,14
advanced,38606,23
advanced,38607,29
advanced,38608,23
advanced,38609,23
advanced,38610,21
advanced,38611,36
advanced,38612,61
advanced,38613,40
advanced,38614,47
advanced,38615,20
advanced,38616,32
advanced,38617,28
advanced,38618,46
advanced,38619,68
advanced,38620,51
advanced,38621,36
advanced,38622,34
advanced,38623,44
advanced,38624,40
advanced,38625,37
advanced,38626,61
advanced,38627,25
advanced,38628,33
advanced,38629,40
advanced,38630,25
advanced,38631,31
advanced,38632,37
advanced,38633,40
advanced,38634,32
advanced,38635,36
advanced,38636,36
advanced,38637,32
advanced,38638,21
advanced,38639,30
advanced,38640,16
advanced,38641,47
advanced,38642,41
advanced,38643,16
advanced,38644,41
advanced,38645,40
advanced,38646,13
advanced,38647,19
advanced,38648,26
advanced,38649,38
advanced,38650,28
advanced,38651,63
advanced,38652,43
advanced,38653,49
advanced,38654,25
advanced,38655,10
advanced,38656,50
advanced,38657,28
advanced,38658,39
advanced,38659,39
advanced,38660,17
advanced,38661,19
advanced,38662,28
advanced,38663,68
advanced,38664,51
advanced,38665,30
advanced,38666,34
advanced,38667,60
advanced,38668,43
advanced,38669,47
advanced,38670,41
advanced,38671,21
advanced,38672,54
advanced,38673,38
advanced,38674,25
advanced,38675,53
advanced,38676,11
advanced,38677,36
advanced,38678,37
advanced,38679,63
advanced,38680,45
advanced,38681,23
advanced,38682,47
advanced,38683,38
advanced,38684,36
advanced,38685,42
advanced,38686,52
advanced,38687,14
advanced,38688,37
advanced,38689,44
advanced,38690,38
advanced,38691,28
advanced,38692,17
advanced,38693,34
advanced,38694,34
advanced,38695,44
advanced,38696,16
advanced,38697,36
advanced,38698,50
advanced,38699,25
advanced,38700,28
advanced,38701,50
advanced,38702,19
advanced,38703,36
advanced,38704,43
advanced,38705,16
advanced,38706,29
advanced,38707,16
advanced,38708,52
advanced,38709,32
advanced,38710,15
advanced,38711,31
advanced,38712,35
advanced,38713,24
advanced,38714,49
advanced,38715,39
advanced,38716,31
advanced,38717,21
advanced,38718,28
advanced,38719,29
advanced,38720,52
advanced,38721,27
advanced,38722,24
advanced,38723,63
advanced,38724,37
advanced,38725,52
advanced,38726,57
advanced,38727,45
advanced,38728,30
advanced,38729,50
advanced,38730,25
advanced,38731,28
advanced,38732,27
advanced,38733,19
advanced,38734,32
advanced,38735,23
advanced,38736,68
advanced,38737,41
advanced,38738,31
advanced,38739,17
advanced,38740,40
advanced,38741,28
advanced,38742,26
advanced,38743,24
advanced,38744,48
advanced,38745,27
advanced,38746,70
advanced,38747,36
advanced,38748,38
advanced,38749,26
advanced,38750,36
advanced,38751,38
advanced,38752,36
advanced,38753,38
advanced,38754,48
advanced,38755,38
advanced,38756,21
advanced,38757,20
advanced,38758,27
advanced,38759,48
advanced,38760,13
advanced,38761,39
advanced,38762,39
advanced,38763,26
advanced,38764,84
advanced,38765,33
advanced,38766,31
advanced,38767,42
advanced,38768,17
advanced,38769,24
advanced,38770,43
advanced,38771,31
advanced,38772,8
advanced,38773,19
advanced,38774,38
advanced,38775,34
advanced,38776,31
advanced,38777,34
advanced,38778,38
advanced,38779,55
advanced,38780,32
advanced,38781,16
advanced,38782,31
advanced,38783,41
advanced,38784,48
advanced,38785,15
advanced,38786,86
advanced,38787,29
advanced,38788,28
advanced,38789,29
advanced,38790,44
advanced,38791,16
advanced,38792,19
advanced,38793,29
advanced,38794,24
advanced,38795,37
advanced,38796,32
advanced,38797,26
advanced,38798,34
advanced,38799,75
advanced,38800,36
advanced,38801,18
advanced,38802,48
advanced,38803,39
advanced,38804,59
advanced,38805,48
advanced,38806,42
advanced,38807,39
advanced,38808,9
advanced,38809,26
advanced,38810,22
advanced,38811,33
advanced,38812,54
advanced,38813,46
advanced,38814,36
advanced,38815,45
advanced,38816,36
advanced,38817,54
advanced,38818,8
advanced,38819,46
advanced,38820,24
advanced,38821,25
advanced,38822,33
advanced,38823,35
advanced,38824,21
advanced,38825,21
advanced,38826,40
advanced,38827,27
advanced,38828,34
advanced,38829,19
advanced,38830,20
advanced,38831,32
advanced,38832,35
advanced,38833,37
advanced,38834,39
advanced,38835,36
advanced,38836,24
advanced,38837,73
advanced,38838,41
advanced,38839,51
advanced,38840,26
advanced,38841,14
advanced,38842,37
advanced,38843,34
advanced,38844,41
advanced,38845,19
advanced,38846,38
advanced,38847,34
advanced,38848,39
advanced,38849,36
advanced,38850,36
advanced,38851,55
advanced,38852,35
advanced,38853,46
advanced,38854,43
advanced,38855,27
advanced,38856,58
advanced,38857,23
advanced,38858,43
advanced,38859,33
advanced,38860,56
advanced,38861,24
advanced,38862,15
advanced,38863,54
advanced,38864,37
advanced,38865,17
advanced,38866,78
advanced,38867,51
advanced,38868,18
advanced,38869,66
advanced,38870,34
advanced,38871,48
advanced,38872,38
advanced,38873,32
advanced,38874,37
advanced,38875,30
advanced,38876,77
advanced,38877,50
advanced,38878,25
advanced,38879,17
advanced,38880,44
advanced,38881,20
advanced,38882,34
advanced,38883,30
advanced,38884,53
advanced,38885,33
advanced,38886,57
advanced,38887,45
advanced,38888,36
advanced,38889,36
advanced,38890,27
advanced,38891,36
advanced,38892,23
advanced,38893,51
advanced,38894,35
advanced,38895,49
advanced,38896,23
advanced,38897,25
advanced,38898,45
advanced,38899,42
advanced,38900,20
advanced,38901,38
advanced,38902,52
advanced,38903,48
advanced,38904,23
advanced,38905,48
advanced,38906,56
advanced,38907,30
advanced,38908,50
advanced,38909,17
advanced,38910,47
advanced,38911,25
advanced,38912,44
advanced,38913,26
advanced,38914,51
advanced,38915,24
advanced,38916,23
advanced,38917,19
advanced,38918,41
advanced,38919,27
advanced,38920,48
advanced,38921,22
advanced,38922,43
advanced,38923,19
advanced,38924,28
advanced,38925,30
advanced,38926,31
advanced,38927,37
advanced,38928,15
advanced,38929,44
advanced,38930,48
advanced,38931,54
advanced,38932,7
advanced,38933,39
advanced,38934,26
advanced,38935,44
advanced,38936,33
advanced,38937,36
advanced,38938,44
advanced,38939,52
advanced,38940,42
advanced,38941,22
advanced,38942,20
advanced,38943,37
advanced,38944,22
advanced,38945,20
advanced,38946,55
advanced,38947,51
advanced,38948,33
advanced,38949,25
advanced,38950,24
advanced,38951,33
advanced,38952,33
advanced,38953,63
advanced,38954,22
advanced,38955,38
advanced,38956,22
advanced,38957,47
advanced,38958,26
advanced,38959,13
advanced,38960,18
advanced,38961,40
advanced,38962,62
advanced,38963,28
advanced,38964,28
advanced,38965,31
advanced,38966,35
advanced,38967,49
advanced,38968,66
advanced,38969,30
advanced,38970,35
advanced,38971,62
advanced,38972,44
advanced,38973,31
advanced,38974,27
advanced,38975,61
advanced,38976,32
advanced,38977,28
advanced,38978,19
advanced,38979,22
advanced,38980,33
advanced,38981,43
advanced,38982,23
advanced,38983,28
advanced,38984,57
advanced,38985,44
advanced,38986,24
advanced,38987,57
advanced,38988,31
advanced,38989,15
advanced,38990,24
advanced,38991,47
advanced,38992,30
advanced,38993,45
advanced,38994,29
advanced,38995,48
advanced,38996,26
advanced,38997,58
advanced,38998,65
advanced,38999,27
advanced,39000,19
advanced,39001,60
advanced,39002,17
advanced,39003,47
advanced,39004,23
advanced,39005,28
advanced,39006,34
advanced,39007,48
advanced,39008,36
advanced,39009,57
advanced,39010,32
advanced,39011,20
advanced,39012,34
advanced,39013,66
advanced,39014,43
advanced,39015,20
advanced,39016,56
advanced,39017,26
advanced,39018,20
advanced,39019,16
advanced,39020,34
advanced,39021,25
advanced,39022,32
advanced,39023,27
advanced,39024,54
advanced,39025,19
advanced,39026,10
advanced,39027,36
advanced,39028,25
advanced,39029,26
advanced,39030,43
advanced,39031,50
advanced,39032,52
advanced,39033,30
advanced,39034,30
advanced,39035,45
advanced,39036,39
advanced,39037,52
advanced,39038,35
advanced,39039,58
advanced,39040,35
advanced,39041,44
advanced,39042,34
advanced,39043,25
advanced,39044,35
advanced,39045,18
advanced,39046,85
advanced,39047,26
advanced,39048,35
advanced,39049,46
advanced,39050,47
advanced,39051,31
advanced,39052,43
advanced,39053,22
advanced,39054,58
advanced,39055,28
advanced,39056,68
advanced,39057,19
advanced,39058,27
advanced,39059,32
advanced,39060,23
advanced,39061,22
advanced,39062,61
advanced,39063,23
advanced,39064,20
advanced,39065,106
advanced,39066,23
advanced,39067,40
advanced,39068,40
advanced,39069,54
advanced,39070,16
advanced,39071,32
advanced,39072,32
advanced,39073,59
advanced,39074,72
advanced,39075,18
advanced,39076,30
advanced,39077,32
advanced,39078,29
advanced,39079,27
advanced,39080,34
advanced,39081,38
advanced,39082,30
advanced,39083,57
advanced,39084,27
advanced,39085,59
advanced,39086,55
advanced,39087,20
advanced,39088,38
advanced,39089,40
advanced,39090,61
advanced,39091,24
advanced,39092,15
advanced,39093,41
advanced,39094,30
advanced,39095,25
advanced,39096,64
advanced,39097,25
advanced,39098,27
advanced,39099,32
advanced,39100,36
advanced,39101,21
advanced,39102,54
advanced,39103,41
advanced,39104,39
advanced,39105,54
advanced,39106,14
advanced,39107,17
advanced,39108,41
advanced,39109,44
advanced,39110,34
advanced,39111,34
advanced,39112,37
advanced,39113,38
advanced,39114,13
advanced,39115,10
advanced,39116,53
advanced,39117,37
advanced,39118,39
advanced,39119,31
advanced,39120,34
advanced,39121,15
advanced,39122,33
advanced,39123,36
advanced,39124,63
advanced,39125,49
advanced,39126,18
advanced,39127,32
advanced,39128,32
advanced,39129,47
advanced,39130,17
advanced,39131,30
advanced,39132,40
advanced,39133,48
advanced,39134,34
advanced,39135,53
advanced,39136,33
advanced,39137,21
advanced,39138,41
advanced,39139,51
advanced,39140,15
advanced,39141,14
advanced,39142,31
advanced,39143,39
advanced,39144,16
advanced,39145,50
advanced,39146,11
advanced,39147,36
advanced,39148,32
advanced,39149,50
advanced,39150,27
advanced,39151,34
advanced,39152,17
advanced,39153,44
advanced,39154,34
advanced,39155,63
advanced,39156,23
advanced,39157,51
advanced,39158,42
advanced,39159,30
advanced,39160,51
advanced,39161,19
advanced,39162,52
advanced,39163,15
advanced,39164,29
advanced,39165,29
advanced,39166,23
advanced,39167,33
advanced,39168,43
advanced,39169,17
advanced,39170,29
advanced,39171,43
advanced,39172,31
advanced,39173,33
advanced,39174,34
advanced,39175,40
advanced,39176,55
advanced,39177,52
advanced,39178,25
advanced,39179,40
advanced,39180,49
advanced,39181,27
advanced,39182,31
advanced,39183,26
advanced,39184,36
advanced,39185,50
advanced,39186,35
advanced,39187,32
advanced,39188,16
advanced,39189,38
advanced,39190,62
advanced,39191,27
advanced,39192,79
advanced,39193,31
advanced,39194,25
advanced,39195,12
advanced,39196,17
advanced,39197,38
advanced,39198,25
advanced,39199,27
advanced,39200,12
advanced,39201,27
advanced,39202,23
advanced,39203,21
advanced,39204,16
advanced,39205,25
advanced,39206,52
advanced,39207,31
advanced,39208,41
advanced,39209,16
advanced,39210,43
advanced,39211,47
advanced,39212,17
advanced,39213,41
advanced,39214,28
advanced,39215,33
advanced,39216,17
advanced,39217,26
advanced,39218,47
advanced,39219,28
advanced,39220,23
advanced,39221,36
advanced,39222,17
advanced,39223,29
advanced,39224,40
advanced,39225,25
advanced,39226,35
advanced,39227,30
advanced,39228,19
advanced,39229,45
advanced,39230,25
advanced,39231,28
advanced,39232,32
advanced,39233,15
advanced,39234,32
advanced,39235,33
advanced,39236,30
advanced,39237,33
advanced,39238,31
advanced,39239,31
advanced,39240,14
advanced,39241,34
advanced,39242,34
advanced,39243,10
advanced,39244,34
advanced,39245,20
advanced,39246,34
advanced,39247,19
advanced,39248,40
advanced,39249,39
advanced,39250,19
advanced,39251,56
advanced,39252,57
advanced,39253,26
advanced,39254,35
advanced,39255,31
advanced,39256,26
advanced,39257,39
advanced,39258,38
advanced,39259,35
advanced,39260,38
advanced,39261,30
advanced,39262,30
advanced,39263,31
advanced,39264,44
advanced,39265,40
advanced,39266,34
advanced,39267,35
advanced,39268,30
advanced,39269,42
advanced,39270,18
advanced,39271,39
advanced,39272,57
advanced,39273,37
advanced,39274,36
advanced,39275,23
advanced,39276,30
advanced,39277,41
advanced,39278,42
advanced,39279,37
advanced,39280,41
advanced,39281,44
advanced,39282,25
advanced,39283,48
advanced,39284,55
advanced,39285,47
advanced,39286,41
advanced,39287,30
advanced,39288,51
advanced,39289,24
advanced,39290,46
advanced,39291,40
advanced,39292,28
advanced,39293,17
advanced,39294,34
advanced,39295,57
advanced,39296,12
advanced,39297,18
advanced,39298,52
advanced,39299,36
advanced,39300,62
advanced,39301,32
advanced,39302,75
advanced,39303,40
advanced,39304,32
advanced,39305,43
advanced,39306,31
advanced,39307,23
advanced,39308,52
advanced,39309,39
advanced,39310,38
advanced,39311,27
advanced,39312,26
advanced,39313,24
advanced,39314,35
advanced,39315,34
advanced,39316,25
advanced,39317,31
advanced,39318,77
advanced,39319,66
advanced,39320,29
advanced,39321,37
advanced,39322,17
advanced,39323,49
advanced,39324,21
advanced,39325,35
advanced,39326,64
advanced,39327,17
advanced,39328,40
advanced,39329,19
advanced,39330,18
advanced,39331,29
advanced,39332,84
advanced,39333,46
advanced,39334,77
advanced,39335,29
advanced,39336,34
advanced,39337,37
advanced,39338,59
advanced,39339,17
advanced,39340,33
advanced,39341,23
advanced,39342,48
advanced,39343,28
advanced,39344,31
advanced,39345,30
advanced,39346,36
advanced,39347,46
advanced,39348,32
advanced,39349,60
advanced,39350,19
advanced,39351,21
advanced,39352,45
advanced,39353,51
advanced,39354,22
advanced,39355,54
advanced,39356,38
advanced,39357,29
advanced,39358,35
advanced,39359,32
advanced,39360,45
advanced,39361,23
advanced,39362,31
advanced,39363,39
advanced,39364,31
advanced,39365,40
advanced,39366,58
advanced,39367,12
advanced,39368,26
advanced,39369,33
advanced,39370,23
advanced,39371,41
advanced,39372,47
advanced,39373,27
advanced,39374,51
advanced,39375,17
advanced,39376,53
advanced,39377,28
advanced,39378,27
advanced,39379,25
advanced,39380,30
advanced,39381,29
advanced,39382,35
advanced,39383,19
advanced,39384,37
advanced,39385,25
advanced,39386,47
advanced,39387,24
advanced,39388,31
advanced,39389,41
advanced,39390,20
advanced,39391,28
advanced,39392,55
advanced,39393,32
advanced,39394,46
advanced,39395,54
advanced,39396,39
advanced,39397,37
advanced,39398,24
advanced,39399,38
advanced,39400,38
advanced,39401,38
advanced,39402,42
advanced,39403,45
advanced,39404,28
advanced,39405,60
advanced,39406,38
advanced,39407,44
advanced,39408,43
advanced,39409,28
advanced,39410,46
advanced,39411,49
advanced,39412,43
advanced,39413,23
advanced,39414,41
advanced,39415,18
advanced,39416,40
advanced,39417,62
advanced,39418,25
advanced,39419,24
advanced,39420,39
advanced,39421,27
advanced,39422,55
advanced,39423,47
advanced,39424,26
advanced,39425,49
advanced,39426,24
advanced,39427,49
advanced,39428,30
advanced,39429,104
advanced,39430,30
advanced,39431,37
advanced,39432,43
advanced,39433,33
advanced,39434,14
advanced,39435,14
advanced,39436,37
advanced,39437,28
advanced,39438,24
advanced,39439,16
advanced,39440,41
advanced,39441,35
advanced,39442,17
advanced,39443,21
advanced,39444,21
advanced,39445,48
advanced,39446,26
advanced,39447,13
advanced,39448,25
advanced,39449,33
advanced,39450,27
advanced,39451,28
advanced,39452,30
advanced,39453,25
advanced,39454,35
advanced,39455,45
advanced,39456,31
advanced,39457,28
advanced,39458,47
advanced,39459,23
advanced,39460,37
advanced,39461,30
advanced,39462,28
advanced,39463,37
advanced,39464,31
advanced,39465,29
advanced,39466,50
advanced,39467,30
advanced,39468,27
advanced,39469,18
advanced,39470,105
advanced,39471,32
advanced,39472,25
advanced,39473,36
advanced,39474,31
advanced,39475,40
advanced,39476,48
advanced,39477,25
advanced,39478,44
advanced,39479,11
advanced,39480,55
advanced,39481,16
advanced,39482,51
advanced,39483,23
advanced,39484,19
advanced,39485,44
advanced,39486,29
advanced,39487,51
advanced,39488,46
advanced,39489,29
advanced,39490,21
advanced,39491,16
advanced,39492,57
advanced,39493,36
advanced,39494,28
advanced,39495,21
advanced,39496,49
advanced,39497,42
advanced,39498,58
advanced,39499,37
advanced,39500,31
advanced,39501,45
advanced,39502,20
advanced,39503,32
advanced,39504,49
advanced,39505,64
advanced,39506,39
advanced,39507,47
advanced,39508,21
advanced,39509,45
advanced,39510,38
advanced,39511,51
advanced,39512,28
advanced,39513,27
advanced,39514,30
advanced,39515,21
advanced,39516,11
advanced,39517,61
advanced,39518,28
advanced,39519,31
advanced,39520,28
advanced,39521,47
advanced,39522,15
advanced,39523,15
advanced,39524,74
advanced,39525,26
advanced,39526,51
advanced,39527,28
advanced,39528,61
advanced,39529,20
advanced,39530,15
advanced,39531,22
advanced,39532,74
advanced,39533,25
advanced,39534,43
advanced,39535,26
advanced,39536,39
advanced,39537,15
advanced,39538,28
advanced,39539,50
advanced,39540,40
advanced,39541,53
advanced,39542,45
advanced,39543,38
advanced,39544,16
advanced,39545,15
advanced,39546,31
advanced,39547,36
advanced,39548,22
advanced,39549,35
advanced,39550,63
advanced,39551,24
advanced,39552,37
advanced,39553,41
advanced,39554,18
advanced,39555,24
advanced,39556,35
advanced,39557,68
advanced,39558,36
advanced,39559,22
advanced,39560,47
advanced,39561,29
advanced,39562,34
advanced,39563,29
advanced,39564,19
advanced,39565,23
advanced,39566,30
advanced,39567,44
advanced,39568,46
advanced,39569,52
advanced,39570,37
advanced,39571,24
advanced,39572,13
advanced,39573,54
advanced,39574,29
advanced,39575,36
advanced,39576,27
advanced,39577,47
advanced,39578,37
advanced,39579,36
advanced,39580,41
advanced,39581,32
advanced,39582,47
advanced,39583,27
advanced,39584,29
advanced,39585,26
advanced,39586,21
advanced,39587,23
advanced,39588,50
advanced,39589,14
advanced,39590,39
advanced,39591,70
advanced,39592,50
advanced,39593,34
advanced,39594,34
advanced,39595,84
advanced,39596,40
advanced,39597,21
advanced,39598,16
advanced,39599,20
advanced,39600,37
advanced,39601,51
advanced,39602,64
advanced,39603,30
advanced,39604,40
advanced,39605,25
advanced,39606,47
advanced,39607,39
advanced,39608,32
advanced,39609,31
advanced,39610,47
advanced,39611,45
advanced,39612,50
advanced,39613,44
advanced,39614,36
advanced,39615,39
advanced,39616,63
advanced,39617,27
advanced,39618,49
advanced,39619,32
advanced,39620,28
advanced,39621,67
advanced,39622,46
advanced,39623,31
advanced,39624,17
advanced,39625,45
advanced,39626,43
advanced,39627,30
advanced,39628,33
advanced,39629,31
advanced,39630,89
advanced,39631,20
advanced,39632,36
advanced,39633,24
advanced,39634,22
advanced,39635,34
advanced,39636,35
advanced,39637,29
advanced,39638,20
advanced,39639,34
advanced,39640,29
advanced,39641,35
advanced,39642,33
advanced,39643,46
advanced,39644,54
advanced,39645,33
advanced,39646,72
advanced,39647,27
advanced,39648,17
advanced,39649,22
advanced,39650,24
advanced,39651,36
advanced,39652,43
advanced,39653,34
advanced,39654,27
advanced,39655,15
advanced,39656,22
advanced,39657,42
advanced,39658,26
advanced,39659,45
advanced,39660,33
advanced,39661,26
advanced,39662,57
advanced,39663,33
advanced,39664,53
advanced,39665,34
advanced,39666,18
advanced,39667,31
advanced,39668,35
advanced,39669,53
advanced,39670,22
advanced,39671,55
advanced,39672,23
advanced,39673,14
advanced,39674,24
advanced,39675,31
advanced,39676,38
advanced,39677,43
advanced,39678,27
advanced,39679,34
advanced,39680,24
advanced,39681,24
advanced,39682,45
advanced,39683,31
advanced,39684,37
advanced,39685,55
advanced,39686,41
advanced,39687,28
advanced,39688,37
advanced,39689,48
advanced,39690,40
advanced,39691,31
advanced,39692,34
advanced,39693,57
advanced,39694,36
advanced,39695,39
advanced,39696,35
advanced,39697,21
advanced,39698,39
advanced,39699,47
advanced,39700,34
advanced,39701,74
advanced,39702,33
advanced,39703,19
advanced,39704,26
advanced,39705,25
advanced,39706,20
advanced,39707,34
advanced,39708,26
advanced,39709,11
advanced,39710,38
advanced,39711,43
advanced,39712,57
advanced,39713,46
advanced,39714,36
advanced,39715,41
advanced,39716,25
advanced,39717,19
advanced,39718,10
advanced,39719,33
advanced,39720,14
advanced,39721,27
advanced,39722,26
advanced,39723,19
advanced,39724,23
advanced,39725,20
advanced,39726,23
advanced,39727,25
advanced,39728,70
advanced,39729,49
advanced,39730,49
advanced,39731,49
advanced,39732,34
advanced,39733,42
advanced,39734,13
advanced,39735,18
advanced,39736,30
advanced,39737,57
advanced,39738,40
advanced,39739,11
advanced,39740,29
advanced,39741,30
advanced,39742,49
advanced,39743,47
advanced,39744,15
advanced,39745,47
advanced,39746,59
advanced,39747,39
advanced,39748,39
advanced,39749,18
advanced,39750,73
advanced,39751,13
advanced,39752,53
advanced,39753,36
advanced,39754,26
advanced,39755,17
advanced,39756,80
advanced,39757,57
advanced,39758,39
advanced,39759,35
advanced,39760,24
advanced,39761,54
advanced,39762,29
advanced,39763,17
advanced,39764,28
advanced,39765,27
advanced,39766,51
advanced,39767,27
advanced,39768,14
advanced,39769,32
advanced,39770,39
advanced,39771,24
advanced,39772,49
advanced,39773,37
advanced,39774,72
advanced,39775,11
advanced,39776,28
advanced,39777,43
advanced,39778,34
advanced,39779,28
advanced,39780,25
advanced,39781,8
advanced,39782,53
advanced,39783,24
advanced,39784,51
advanced,39785,20
advanced,39786,47
advanced,39787,55
advanced,39788,26
advanced,39789,35
advanced,39790,62
advanced,39791,26
advanced,39792,17
advanced,39793,33
advanced,39794,38
advanced,39795,12
advanced,39796,16
advanced,39797,20
advanced,39798,54
advanced,39799,33
advanced,39800,38
advanced,39801,10
advanced,39802,38
advanced,39803,17
advanced,39804,47
advanced,39805,34
advanced,39806,25
advanced,39807,24
advanced,39808,56
advanced,39809,43
advanced,39810,40
advanced,39811,36
advanced,39812,31
advanced,39813,19
advanced,39814,23
advanced,39815,25
advanced,39816,28
advanced,39817,39
advanced,39818,43
advanced,39819,47
advanced,39820,36
advanced,39821,35
advanced,39822,15
advanced,39823,38
advanced,39824,53
advanced,39825,40
advanced,39826,33
advanced,39827,47
advanced,39828,53
advanced,39829,19
advanced,39830,24
advanced,39831,31
advanced,39832,14
advanced,39833,31
advanced,39834,36
advanced,39835,48
advanced,39836,32
advanced,39837,34
advanced,39838,60
advanced,39839,33
advanced,39840,25
advanced,39841,64
advanced,39842,31
advanced,39843,28
advanced,39844,36
advanced,39845,21
advanced,39846,12
advanced,39847,21
advanced,39848,39
advanced,39849,26
advanced,39850,28
advanced,39851,45
advanced,39852,24
advanced,39853,51
advanced,39854,32
advanced,39855,25
advanced,39856,42
advanced,39857,37
advanced,39858,28
advanced,39859,13
advanced,39860,34
advanced,39861,12
advanced,39862,11
advanced,39863,13
advanced,39864,15
advanced,39865,17
advanced,39866,28
advanced,39867,31
advanced,39868,22
advanced,39869,28
advanced,39870,37
advanced,39871,35
advanced,39872,26
advanced,39873,29
advanced,39874,30
advanced,39875,57
advanced,39876,32
advanced,39877,39
advanced,39878,30
advanced,39879,42
advanced,39880,37
advanced,39881,25
advanced,39882,39
advanced,39883,31
advanced,39884,39
advanced,39885,28
advanced,39886,29
advanced,39887,49
advanced,39888,29
advanced,39889,32
advanced,39890,81
advanced,39891,27
advanced,39892,33
advanced,39893,32
advanced,39894,26
advanced,39895,31
advanced,39896,34
advanced,39897,79
advanced,39898,60
advanced,39899,21
advanced,39900,43
advanced,39901,24
advanced,39902,41
advanced,39903,72
advanced,39904,21
advanced,39905,56
advanced,39906,47
advanced,39907,40
advanced,39908,11
advanced,39909,40
advanced,39910,44
advanced,39911,29
advanced,39912,32
advanced,39913,18
advanced,39914,24
advanced,39915,40
advanced,39916,23
advanced,39917,51
advanced,39918,17
advanced,39919,34
advanced,39920,36
advanced,39921,16
advanced,39922,32
advanced,39923,19
advanced,39924,17
advanced,39925,26
advanced,39926,14
advanced,39927,21
advanced,39928,21
advanced,39929,22
advanced,39930,33
advanced,39931,49
advanced,39932,61
advanced,39933,62
advanced,39934,28
advanced,39935,14
advanced,39936,44
advanced,39937,44
advanced,39938,21
advanced,39939,25
advanced,39940,77
advanced,39941,42
advanced,39942,15
advanced,39943,44
advanced,39944,44
advanced,39945,29
advanced,39946,43
advanced,39947,24
advanced,39948,11
advanced,39949,26
advanced,39950,26
advanced,39951,42
advanced,39952,13
advanced,39953,38
advanced,39954,48
advanced,39955,39
advanced,39956,32
advanced,39957,13
advanced,39958,28
advanced,39959,31
advanced,39960,60
advanced,39961,30
advanced,39962,25
advanced,39963,27
advanced,39964,27
advanced,39965,38
advanced,39966,54
advanced,39967,60
advanced,39968,32
advanced,39969,43
advanced,39970,28
advanced,39971,25
advanced,39972,18
advanced,39973,40
advanced,39974,13
advanced,39975,31
advanced,39976,23
advanced,39977,22
advanced,39978,32
advanced,39979,34
advanced,39980,29
advanced,39981,37
advanced,39982,59
advanced,39983,34
advanced,39984,39
advanced,39985,33
advanced,39986,28
advanced,39987,23
advanced,39988,42
advanced,39989,40
advanced,39990,84
advanced,39991,24
advanced,39992,58
advanced,39993,39
advanced,39994,20
advanced,39995,58
advanced,39996,23
advanced,39997,19
advanced,39998,36
advanced,39999,20
advanced,40000,28
advanced,40001,20
advanced,40002,31
advanced,40003,27
advanced,40004,39
advanced,40005,63
advanced,40006,33
advanced,40007,26
advanced,40008,39
advanced,40009,29
advanced,40010,49
advanced,40011,37
advanced,40012,21
advanced,40013,15
advanced,40014,39
advanced,40015,72
advanced,40016,36
advanced,40017,36
advanced,40018,13
advanced,40019,44
advanced,40020,40
advanced,40021,24
advanced,40022,12
advanced,40023,39
advanced,40024,21
advanced,40025,48
advanced,40026,33
advanced,40027,26
advanced,40028,45
advanced,40029,14
advanced,40030,61
advanced,40031,22
advanced,40032,62
advanced,40033,36
advanced,40034,28
advanced,40035,27
advanced,40036,48
advanced,40037,12
advanced,40038,18
advanced,40039,15
advanced,40040,40
advanced,40041,21
advanced,40042,25
advanced,40043,35
advanced,40044,34
advanced,40045,47
advanced,40046,41
advanced,40047,45
advanced,40048,27
advanced,40049,49
advanced,40050,31
advanced,40051,47
advanced,40052,15
advanced,40053,41
advanced,40054,39
advanced,40055,18
advanced,40056,40
advanced,40057,22
advanced,40058,38
advanced,40059,42
advanced,40060,15
advanced,40061,37
advanced,40062,22
advanced,40063,58
advanced,40064,63
advanced,40065,60
advanced,40066,47
advanced,40067,20
advanced,40068,44
advanced,40069,35
advanced,40070,13
advanced,40071,67
advanced,40072,26
advanced,40073,28
advanced,40074,28
advanced,40075,20
advanced,40076,43
advanced,40077,30
advanced,40078,46
advanced,40079,40
advanced,40080,43
advanced,40081,61
advanced,40082,45
advanced,40083,15
advanced,40084,34
advanced,40085,43
advanced,40086,40
advanced,40087,26
advanced,40088,29
advanced,40089,43
advanced,40090,55
advanced,40091,52
advanced,40092,39
advanced,40093,30
advanced,40094,26
advanced,40095,26
advanced,40096,20
advanced,40097,31
advanced,40098,78
advanced,40099,34
advanced,40100,35
advanced,40101,16
advanced,40102,36
advanced,40103,12
advanced,40104,43
advanced,40105,39
advanced,40106,48
advanced,40107,38
advanced,40108,36
advanced,40109,35
advanced,40110,33
advanced,40111,72
advanced,40112,40
advanced,40113,30
advanced,40114,54
advanced,40115,47
advanced,40116,21
advanced,40117,27
advanced,40118,42
advanced,40119,36
advanced,40120,44
advanced,40121,45
advanced,40122,22
advanced,40123,51
advanced,40124,66
advanced,40125,31
advanced,40126,52
advanced,40127,30
advanced,40128,56
advanced,40129,27
advanced,40130,61
advanced,40131,41
advanced,40132,58
advanced,40133,12
advanced,40134,35
advanced,40135,39
advanced,40136,23
advanced,40137,25
advanced,40138,23
advanced,40139,22
advanced,40140,21
advanced,40141,35
advanced,40142,35
advanced,40143,41
advanced,40144,28
advanced,40145,18
advanced,40146,17
advanced,40147,47
advanced,40148,81
advanced,40149,34
advanced,40150,27
advanced,40151,19
advanced,40152,39
advanced,40153,55
advanced,40154,49
advanced,40155,33
advanced,40156,52
advanced,40157,42
advanced,40158,40
advanced,40159,42
advanced,40160,43
advanced,40161,39
advanced,40162,60
advanced,40163,20
advanced,40164,20
advanced,40165,29
advanced,40166,25
advanced,40167,47
advanced,40168,34
advanced,40169,18
advanced,40170,41
advanced,40171,53
advanced,40172,41
advanced,40173,42
advanced,40174,43
advanced,40175,14
advanced,40176,57
advanced,40177,31
advanced,40178,46
advanced,40179,30
advanced,40180,23
advanced,40181,33
advanced,40182,18
advanced,40183,72
advanced,40184,49
advanced,40185,37
advanced,40186,21
advanced,40187,58
advanced,40188,17
advanced,40189,37
advanced,40190,12
advanced,40191,32
advanced,40192,17
advanced,40193,26
advanced,40194,36
advanced,40195,63
advanced,40196,33
advanced,40197,18
advanced,40198,47
advanced,40199,36
advanced,40200,45
advanced,40201,12
advanced,40202,20
advanced,40203,28
advanced,40204,43
advanced,40205,49
advanced,40206,21
advanced,40207,25
advanced,40208,39
advanced,40209,34
advanced,40210,36
advanced,40211,39
advanced,40212,53
advanced,40213,45
advanced,40214,15
advanced,40215,28
advanced,40216,28
advanced,40217,25
advanced,40218,37
advanced,40219,27
advanced,40220,32
advanced,40221,49
advanced,40222,34
advanced,40223,27
advanced,40224,40
advanced,40225,32
advanced,40226,29
advanced,40227,27
advanced,40228,23
advanced,40229,29
advanced,40230,26
advanced,40231,27
advanced,40232,53
advanced,40233,22
advanced,40234,18
advanced,40235,28
advanced,40236,23
advanced,40237,37
advanced,40238,34
advanced,40239,64
advanced,40240,38
advanced,40241,48
advanced,40242,47
advanced,40243,34
advanced,40244,31
advanced,40245,25
advanced,40246,61
advanced,40247,21
advanced,40248,57
advanced,40249,63
advanced,40250,36
advanced,40251,27
advanced,40252,52
advanced,40253,25
advanced,40254,39
advanced,40255,20
advanced,40256,27
advanced,40257,45
advanced,40258,23
advanced,40259,21
advanced,40260,29
advanced,40261,36
advanced,40262,37
advanced,40263,49
advanced,40264,28
advanced,40265,13
advanced,40266,27
advanced,40267,24
advanced,40268,29
advanced,40269,49
advanced,40270,14
advanced,40271,27
advanced,40272,34
advanced,40273,23
advanced,40274,39
advanced,40275,45
advanced,40276,60
advanced,40277,47
advanced,40278,28
advanced,40279,22
advanced,40280,36
advanced,40281,32
advanced,40282,25
advanced,40283,36
advanced,40284,27
advanced,40285,27
advanced,40286,38
advanced,40287,32
advanced,40288,27
advanced,40289,87
advanced,40290,71
advanced,40291,29
advanced,40292,45
advanced,40293,37
advanced,40294,60
advanced,40295,27
advanced,40296,51
advanced,40297,56
advanced,40298,17
advanced,40299,54
advanced,40300,53
advanced,40301,22
advanced,40302,34
advanced,40303,36
advanced,40304,24
advanced,40305,58
advanced,40306,38
advanced,40307,46
advanced,40308,14
advanced,40309,30
advanced,40310,25
advanced,40311,23
advanced,40312,24
advanced,40313,27
advanced,40314,40
advanced,40315,26
advanced,40316,20
advanced,40317,33
advanced,40318,30
advanced,40319,21
advanced,40320,41
advanced,40321,21
advanced,40322,27
advanced,40323,26
advanced,40324,40
advanced,40325,38
advanced,40326,33
advanced,40327,21
advanced,40328,45
advanced,40329,60
advanced,40330,61
advanced,40331,23
advanced,40332,46
advanced,40333,30
advanced,40334,23
advanced,40335,47
advanced,40336,38
advanced,40337,13
advanced,40338,29
advanced,40339,50
advanced,40340,17
advanced,40341,26
advanced,40342,34
advanced,40343,40
advanced,40344,27
advanced,40345,34
advanced,40346,23
advanced,40347,27
advanced,40348,68
advanced,40349,8
advanced,40350,45
advanced,40351,53
advanced,40352,25
advanced,40353,31
advanced,40354,37
advanced,40355,67
advanced,40356,35
advanced,40357,30
advanced,40358,36
advanced,40359,40
advanced,40360,37
advanced,40361,47
advanced,40362,46
advanced,40363,34
advanced,40364,28
advanced,40365,24
advanced,40366,76
advanced,40367,48
advanced,40368,37
advanced,40369,41
advanced,40370,33
advanced,40371,24
advanced,40372,37
advanced,40373,31
advanced,40374,30
advanced,40375,17
advanced,40376,19
advanced,40377,24
advanced,40378,32
advanced,40379,35
advanced,40380,63
advanced,40381,52
advanced,40382,31
advanced,40383,17
advanced,40384,33
advanced,40385,20
advanced,40386,56
advanced,40387,33
advanced,40388,45
advanced,40389,14
advanced,40390,42
advanced,40391,41
advanced,40392,43
advanced,40393,21
advanced,40394,16
advanced,40395,35
advanced,40396,35
advanced,40397,24
advanced,40398,31
advanced,40399,39
advanced,40400,31
advanced,40401,29
advanced,40402,26
advanced,40403,23
advanced,40404,37
advanced,40405,26
advanced,40406,21
advanced,40407,19
advanced,40408,34
advanced,40409,8
advanced,40410,27
advanced,40411,58
advanced,40412,13
advanced,40413,41
advanced,40414,81
advanced,40415,31
advanced,40416,18
advanced,40417,42
advanced,40418,29
advanced,40419,15
advanced,40420,45
advanced,40421,22
advanced,40422,26
advanced,40423,20
advanced,40424,25
advanced,40425,40
advanced,40426,38
advanced,40427,38
advanced,40428,21
advanced,40429,29
advanced,40430,64
advanced,40431,43
advanced,40432,16
advanced,40433,60
advanced,40434,34
advanced,40435,16
advanced,40436,29
advanced,40437,23
advanced,40438,49
advanced,40439,34
advanced,40440,28
advanced,40441,36
advanced,40442,32
advanced,40443,31
advanced,40444,21
advanced,40445,69
advanced,40446,63
advanced,40447,33
advanced,40448,42
advanced,40449,35
advanced,40450,24
advanced,40451,16
advanced,40452,45
advanced,40453,74
advanced,40454,53
advanced,40455,19
advanced,40456,25
advanced,40457,43
advanced,40458,64
advanced,40459,12
advanced,40460,24
advanced,40461,34
advanced,40462,25
advanced,40463,34
advanced,40464,27
advanced,40465,41
advanced,40466,16
advanced,40467,39
advanced,40468,22
advanced,40469,37
advanced,40470,16
advanced,40471,37
advanced,40472,39
advanced,40473,40
advanced,40474,56
advanced,40475,45
advanced,40476,19
advanced,40477,38
advanced,40478,27
advanced,40479,61
advanced,40480,29
advanced,40481,38
advanced,40482,43
advanced,40483,36
advanced,40484,23
advanced,40485,35
advanced,40486,31
advanced,40487,25
advanced,40488,33
advanced,40489,39
advanced,40490,25
advanced,40491,55
advanced,40492,44
advanced,40493,13
advanced,40494,39
advanced,40495,46
advanced,40496,27
advanced,40497,36
advanced,40498,54
advanced,40499,30
advanced,40500,19
advanced,40501,25
advanced,40502,27
advanced,40503,44
